    0.0000000000E+00    0.6693357601E-05    0.9084871204E-05    0.1000000000E+01    0.4892328123E-05    0.3775286057E-05    0.1000000000E+01    0.3541127784E-05    0.5224294201E-05    0.1000000000E+01    0.0000000000E+00    0.0000000000E+00    0.0000000000E+00    0.0000000000E+00
    0.5000000000E-03    0.7025576843E-05    0.8913253361E-05    0.1000000000E+01    0.5041400356E-05    0.3634894609E-05    0.1000000000E+01    0.3601096905E-05    0.5227277698E-05    0.9996878813E+00   -0.2498279525E-01    0.2890283034E-06    0.4345221121E-06    0.4122590138E-01
    0.1000000000E-02    0.7353913933E-05    0.8729868530E-05    0.1000000000E+01    0.5186656472E-05    0.3488892336E-05    0.1000000000E+01    0.3661431876E-05    0.5229822501E-05    0.9987517199E+00   -0.4994999531E-01    0.5720583922E-06    0.8765430117E-06    0.8245180276E-01
    0.1500000000E-02    0.7677963556E-05    0.8534782341E-05    0.1000000000E+01    0.5327892949E-05    0.3337374832E-05    0.1000000000E+01    0.3722131457E-05    0.5231923318E-05    0.9971921002E+00   -0.7488601471E-01    0.8489252458E-06    0.1325999544E-05    0.1236777041E+00
    0.2000000000E-02    0.7997320428E-05    0.8328074025E-05    0.1000000000E+01    0.5464908334E-05    0.3180444851E-05    0.1000000000E+01    0.3783194360E-05    0.5233574837E-05    0.9950099959E+00   -0.9977528745E-01    0.1119464027E-05    0.1782825306E-05    0.1649036055E+00
    0.2500000000E-02    0.8311579742E-05    0.8109836494E-05    0.1000000000E+01    0.5597503481E-05    0.3018212276E-05    0.1000000000E+01    0.3844619249E-05    0.5234771726E-05    0.9922067691E+00   -0.1246022767E+00    0.1383510140E-05    0.2246950638E-05    0.2061295069E+00
    0.3000000000E-02    0.8620337620E-05    0.7880176389E-05    0.1000000000E+01    0.5725481804E-05    0.2850794079E-05    0.1000000000E+01    0.3906404741E-05    0.5235508632E-05    0.9887841696E+00   -0.1493514846E+00    0.1640899287E-05    0.2718302600E-05    0.2473554083E+00
    0.3500000000E-02    0.8923191565E-05    0.7639214124E-05    0.1000000000E+01    0.5848649518E-05    0.2678314275E-05    0.1000000000E+01    0.3968549404E-05    0.5235780183E-05    0.9847443340E+00   -0.1740074616E+00    0.1891467531E-05    0.3196804968E-05    0.2885813097E+00
    0.4000000000E-02    0.9219740921E-05    0.7387083912E-05    0.1000000000E+01    0.5966815883E-05    0.2500903870E-05    0.1000000000E+01    0.4031051756E-05    0.5235580986E-05    0.9800897840E+00   -0.1985548167E+00    0.2135051351E-05    0.3682378217E-05    0.3298072111E+00
    0.4500000000E-02    0.9509587331E-05    0.7123933779E-05    0.1000000000E+01    0.6079793453E-05    0.2318700791E-05    0.1000000000E+01    0.4093910266E-05    0.5234905628E-05    0.9748234253E+00   -0.2229782264E+00    0.2371487707E-05    0.4174939507E-05    0.3710331124E+00
    0.5000000000E-02    0.9792335206E-05    0.6849925557E-05    0.1000000000E+01    0.6187398316E-05    0.2131849824E-05    0.1000000000E+01    0.4157123354E-05    0.5233748677E-05    0.9689485453E+00   -0.2472624448E+00    0.2600614097E-05    0.4674402682E-05    0.4122590138E+00
    0.5500000000E-02    0.1006759219E-04    0.6565234869E-05    0.1000000000E+01    0.6289450339E-05    0.1940502525E-05    0.1000000000E+01    0.4220689388E-05    0.5232104683E-05    0.9624688112E+00   -0.2713923127E+00    0.2822268617E-05    0.5180678251E-05    0.4534849152E+00
    0.6000000000E-02    0.1033496961E-04    0.6270051095E-05    0.1000000000E+01    0.6385773405E-05    0.1744817137E-05    0.1000000000E+01    0.4284606687E-05    0.5229968177E-05    0.9553882681E+00   -0.2953527673E+00    0.3036290030E-05    0.5693673386E-05    0.4947108166E+00
    0.6500000000E-02    0.1059408299E-04    0.5964577318E-05    0.1000000000E+01    0.6476195662E-05    0.1544958491E-05    0.1000000000E+01    0.4348873517E-05    0.5227333671E-05    0.9477113358E+00   -0.3191288517E+00    0.3242517820E-05    0.6213291913E-05    0.5359367180E+00
    0.7000000000E-02    0.1084455246E-04    0.5649030265E-05    0.1000000000E+01    0.6560549749E-05    0.1341097904E-05    0.1000000000E+01    0.4413488095E-05    0.5224195657E-05    0.9394428066E+00   -0.3427057238E+00    0.3440792259E-05    0.6739434306E-05    0.5771626193E+00
    0.7500000000E-02    0.1108600330E-04    0.5323640226E-05    0.1000000000E+01    0.6638673043E-05    0.1133413060E-05    0.1000000000E+01    0.4478448583E-05    0.5220548612E-05    0.9305878419E+00   -0.3660686662E+00    0.3630954469E-05    0.7271997681E-05    0.6183885207E+00
    0.8000000000E-02    0.1131806633E-04    0.4988650952E-05    0.1000000000E+01    0.6710407882E-05    0.9220878963E-06    0.1000000000E+01    0.4543753093E-05    0.5216386994E-05    0.9211519695E+00   -0.3892030949E+00    0.3812846486E-05    0.7810875795E-05    0.6596144221E+00
    0.8500000000E-02    0.1154037844E-04    0.4644319548E-05    0.1000000000E+01    0.6775601803E-05    0.7073124655E-06    0.1000000000E+01    0.4609399681E-05    0.5211705244E-05    0.9111410795E+00   -0.4120945684E+00    0.3986311325E-05    0.8355959039E-05    0.7008403235E+00
    0.9000000000E-02    0.1175258305E-04    0.4290916345E-05    0.1000000000E+01    0.6834107766E-05    0.4892828034E-06    0.1000000000E+01    0.4675386354E-05    0.5206497785E-05    0.9005614211E+00   -0.4347287970E+00    0.4151193041E-05    0.8907134442E-05    0.7420662249E+00
    0.9500000000E-02    0.1195433053E-04    0.3928724749E-05    0.1000000000E+01    0.6885784379E-05    0.2682007798E-06    0.1000000000E+01    0.4741711061E-05    0.5200759024E-05    0.8894195984E+00   -0.4570916515E+00    0.4307336798E-05    0.9464285664E-05    0.7832921262E+00
    0.1000000000E-01    0.1214527873E-04    0.3558041091E-05    0.1000000000E+01    0.6930496117E-05    0.4427394498E-07    0.1000000000E+01    0.4808371698E-05    0.5194483353E-05    0.8777225668E+00   -0.4791691724E+00    0.4454588932E-05    0.1002729300E-04    0.8245180276E+00
    0.1050000000E-01    0.1232509340E-04    0.3179174441E-05    0.1000000000E+01    0.6968113540E-05   -0.1822846329E-06    0.1000000000E+01    0.4875366109E-05    0.5187665144E-05    0.8654776278E+00   -0.5009475779E+00    0.4592797017E-05    0.1059603339E-04    0.8657439290E+00
    0.1100000000E-01    0.1249344867E-04    0.2792446422E-05    0.1000000000E+01    0.6998513504E-05   -0.4112565379E-06    0.1000000000E+01    0.4942692079E-05    0.5180298758E-05    0.8526924252E+00   -0.5224132731E+00    0.4721809929E-05    0.1117038039E-04    0.9069698304E+00
    0.1150000000E-01    0.1265002747E-04    0.2398190997E-05    0.1000000000E+01    0.7021579372E-05   -0.6424181846E-06    0.1000000000E+01    0.5010347339E-05    0.5172378537E-05    0.8393749401E+00   -0.5435528584E+00    0.4841477917E-05    0.1175020423E-04    0.9481957318E+00
    0.1200000000E-01    0.1279452203E-04    0.1996754251E-05    0.1000000000E+01    0.7037201212E-05   -0.8755410040E-06    0.1000000000E+01    0.5078329566E-05    0.5163898808E-05    0.8255334857E+00   -0.5643531377E+00    0.4951652665E-05    0.1233537177E-04    0.9894216331E+00
    0.1250000000E-01    0.1292663429E-04    0.1588494142E-05    0.1000000000E+01    0.7045276000E-05   -0.1110391637E-05    0.1000000000E+01    0.5146636377E-05    0.5154853887E-05    0.8111767023E+00   -0.5848011265E+00    0.5052187359E-05    0.1292574652E-04    0.1030647535E+01
    0.1300000000E-01    0.1304607633E-04    0.1173780253E-05    0.1000000000E+01    0.7045707809E-05   -0.1346732134E-05    0.1000000000E+01    0.5215265335E-05    0.5145238070E-05    0.7963135521E+00   -0.6048840606E+00    0.5142936758E-05    0.1352118867E-04    0.1071873436E+01
    0.1350000000E-01    0.1315257085E-04    0.7529935166E-06    0.1000000000E+01    0.7038407998E-05   -0.1584320168E-05    0.1000000000E+01    0.5284213944E-05    0.5135045643E-05    0.7809533130E+00   -0.6245894034E+00    0.5223757256E-05    0.1412155507E-04    0.1113099337E+01
    0.1400000000E-01    0.1324585156E-04    0.3265259265E-06    0.1000000000E+01    0.7023295396E-05   -0.1822909242E-05    0.1000000000E+01    0.5353479651E-05    0.5124270877E-05    0.7651055737E+00   -0.6439048541E+00    0.5294506954E-05    0.1472669925E-04    0.1154325239E+01
    0.1450000000E-01    0.1332566359E-04   -0.1052197625E-06    0.1000000000E+01    0.7000296470E-05   -0.2062248920E-05    0.1000000000E+01    0.5423059846E-05    0.5112908030E-05    0.7487802268E+00   -0.6628183552E+00    0.5355045726E-05    0.1533647144E-04    0.1195551140E+01
    0.1500000000E-01    0.1339176393E-04   -0.5418303542E-06    0.1000000000E+01    0.6969345502E-05   -0.2302085052E-05    0.1000000000E+01    0.5492951857E-05    0.5100951345E-05    0.7319874632E+00   -0.6813181003E+00    0.5405235284E-05    0.1595071858E-04    0.1236777041E+01
    0.1550000000E-01    0.1344392185E-04   -0.9828825443E-06    0.1000000000E+01    0.6930384747E-05   -0.2542160011E-05    0.1000000000E+01    0.5563152957E-05    0.5088395056E-05    0.7147377656E+00   -0.6993925410E+00    0.5444939251E-05    0.1656928430E-04    0.1278002943E+01
    0.1600000000E-01    0.1348191922E-04   -0.1427943268E-05    0.1000000000E+01    0.6883364587E-05   -0.2782212934E-05    0.1000000000E+01    0.5633660358E-05    0.5075233381E-05    0.6970419019E+00   -0.7170303948E+00    0.5474023228E-05    0.1719200901E-04    0.1319228844E+01
    0.1650000000E-01    0.1350555097E-04   -0.1876570063E-05    0.1000000000E+01    0.6828243685E-05   -0.3021979976E-05    0.1000000000E+01    0.5704471210E-05    0.5061460528E-05    0.6789109185E+00   -0.7342206513E+00    0.5492354860E-05    0.1781872982E-04    0.1360454746E+01
    0.1700000000E-01    0.1351462544E-04   -0.2328311448E-05    0.1000000000E+01    0.6764989118E-05   -0.3261194560E-05    0.1000000000E+01    0.5775582606E-05    0.5047070694E-05    0.6603561335E+00   -0.7509525797E+00    0.5499803904E-05    0.1844928066E-04    0.1401680647E+01
    0.1750000000E-01    0.1350896475E-04   -0.2782707313E-05    0.1000000000E+01    0.6693576518E-05   -0.3499587642E-05    0.1000000000E+01    0.5846991577E-05    0.5032058063E-05    0.6413891294E+00   -0.7672157354E+00    0.5496242302E-05    0.1908349221E-04    0.1442906548E+01
    0.1800000000E-01    0.1348840511E-04   -0.3239289325E-05    0.1000000000E+01    0.6613990192E-05   -0.3736887977E-05    0.1000000000E+01    0.5918695091E-05    0.5016416811E-05    0.6220217462E+00   -0.7829999663E+00    0.5481544246E-05    0.1972119196E-04    0.1484132450E+01
    0.1850000000E-01    0.1345279725E-04   -0.3697581350E-05    0.1000000000E+01    0.6526223242E-05   -0.3972822387E-05    0.1000000000E+01    0.5990690057E-05    0.5000141101E-05    0.6022660737E+00   -0.7982954193E+00    0.5455586247E-05    0.2036220425E-04    0.1525358351E+01
    0.1900000000E-01    0.1340200667E-04   -0.4157099881E-05    0.1000000000E+01    0.6430277672E-05   -0.4207116048E-05    0.1000000000E+01    0.6062973322E-05    0.4983225088E-05    0.5821344442E+00   -0.8130925463E+00    0.5418247202E-05    0.2100635026E-04    0.1566584252E+01
    0.1950000000E-01    0.1333591401E-04   -0.4617354489E-05    0.1000000000E+01    0.6326164492E-05   -0.4439492764E-05    0.1000000000E+01    0.6135541667E-05    0.4965662916E-05    0.5616394245E+00   -0.8273821105E+00    0.5369408468E-05    0.2165344804E-04    0.1607810154E+01
    0.2000000000E-01    0.1325441531E-04   -0.5077848278E-05    0.1000000000E+01    0.6213903806E-05   -0.4669675259E-05    0.1000000000E+01    0.6208391815E-05    0.4947448720E-05    0.5407938084E+00   -0.8411551918E+00    0.5308953924E-05    0.2230331255E-04    0.1649036055E+01
    0.2050000000E-01    0.1315742234E-04   -0.5538078359E-05    0.1000000000E+01    0.6093524896E-05   -0.4897385466E-05    0.1000000000E+01    0.6281520421E-05    0.4928576629E-05    0.5196106086E+00   -0.8544031925E+00    0.5236770043E-05    0.2295575568E-04    0.1690261957E+01
    0.2100000000E-01    0.1304486289E-04   -0.5997536329E-05    0.1000000000E+01    0.5965066297E-05   -0.5122344828E-05    0.1000000000E+01    0.6354924081E-05    0.4909040761E-05    0.4981030484E+00   -0.8671178427E+00    0.5152745961E-05    0.2361058627E-04    0.1731487858E+01
    0.2150000000E-01    0.1291668097E-04   -0.6455708771E-05    0.1000000000E+01    0.5828575860E-05   -0.5344274594E-05    0.1000000000E+01    0.6428599322E-05    0.4888835227E-05    0.4762845536E+00   -0.8792912055E+00    0.5056773543E-05    0.2426761016E-04    0.1772713759E+01
    0.2200000000E-01    0.1277283713E-04   -0.6912077754E-05    0.1000000000E+01    0.5684110807E-05   -0.5562896123E-05    0.1000000000E+01    0.6502542610E-05    0.4867954131E-05    0.4541687441E+00   -0.8909156817E+00    0.4948747451E-05    0.2492663018E-04    0.1813939661E+01
    0.2250000000E-01    0.1261330864E-04   -0.7366121354E-05    0.1000000000E+01    0.5531737778E-05   -0.5777931193E-05    0.1000000000E+01    0.6576750343E-05    0.4846391569E-05    0.4317694254E+00   -0.9019840150E+00    0.4828565214E-05    0.2558744623E-04    0.1855165562E+01
    0.2300000000E-01    0.1243808974E-04   -0.7817314182E-05    0.1000000000E+01    0.5371532864E-05   -0.5989102313E-05    0.1000000000E+01    0.6651218858E-05    0.4824141633E-05    0.4091005801E+00   -0.9124892960E+00    0.4696127296E-05    0.2624985531E-04    0.1896391463E+01
    0.2350000000E-01    0.1224719183E-04   -0.8265127914E-05    0.1000000000E+01    0.5203581634E-05   -0.6196133029E-05    0.1000000000E+01    0.6725944420E-05    0.4801198406E-05    0.3861763589E+00   -0.9224249670E+00    0.4551337160E-05    0.2691365150E-04    0.1937617365E+01
    0.2400000000E-01    0.1204064368E-04   -0.8709031846E-05    0.1000000000E+01    0.5027979151E-05   -0.6398748249E-05    0.1000000000E+01    0.6800923233E-05    0.4777555969E-05    0.3630110720E+00   -0.9317848258E+00    0.4394101338E-05    0.2757862606E-04    0.1978843266E+01
    0.2450000000E-01    0.1181849153E-04   -0.9148493442E-05    0.1000000000E+01    0.4844829973E-05   -0.6596674554E-05    0.1000000000E+01    0.6876151432E-05    0.4753208394E-05    0.3396191799E+00   -0.9405630296E+00    0.4224329499E-05    0.2824456745E-04    0.2020069168E+01
    0.2500000000E-01    0.1158079933E-04   -0.9582978905E-05    0.1000000000E+01    0.4654248155E-05   -0.6789640520E-05    0.1000000000E+01    0.6951625084E-05    0.4728149751E-05    0.3160152848E+00   -0.9487540987E+00    0.4041934514E-05    0.2891126133E-04    0.2061295069E+01
    0.2550000000E-01    0.1132764882E-04   -0.1001195374E-04    0.1000000000E+01    0.4456357225E-05   -0.6977377038E-05    0.1000000000E+01    0.7027340190E-05    0.4702374106E-05    0.2922141211E+00   -0.9563529199E+00    0.3846832521E-05    0.2957849067E-04    0.2102520970E+01
    0.2600000000E-01    0.1105913964E-04   -0.1043488334E-04    0.9999999999E+00    0.4251290166E-05   -0.7159617638E-05    0.1000000000E+01    0.7103292683E-05    0.4675875520E-05    0.2682305464E+00   -0.9633547498E+00    0.3638942995E-05    0.3024603574E-04    0.2143746872E+01
    0.2650000000E-01    0.1077538947E-04   -0.1085123356E-04    0.9999999999E+00    0.4039189373E-05   -0.7336098810E-05    0.1000000000E+01    0.7179478427E-05    0.4648648053E-05    0.2440795321E+00   -0.9697552175E+00    0.3418188811E-05    0.3091367415E-04    0.2184972773E+01
    0.2700000000E-01    0.1047653406E-04   -0.1126047135E-04    0.9999999999E+00    0.3820206605E-05   -0.7506560330E-05    0.1000000000E+01    0.7255893217E-05    0.4620685760E-05    0.2197761543E+00   -0.9755503277E+00    0.3184496309E-05    0.3158118094E-04    0.2226198675E+01
    0.2750000000E-01    0.1016272733E-04   -0.1166206527E-04    0.9999999999E+00    0.3594502931E-05   -0.7670745580E-05    0.1000000000E+01    0.7332532778E-05    0.4591982696E-05    0.1953355839E+00   -0.9807364629E+00    0.2937795362E-05    0.3224832859E-04    0.2267424576E+01
    0.2800000000E-01    0.9834141391E-05   -0.1205548618E-04    0.9999999999E+00    0.3362248658E-05   -0.7828401875E-05    0.1000000000E+01    0.7409392768E-05    0.4562532914E-05    0.1707730778E+00   -0.9853103855E+00    0.2678019437E-05    0.3291488707E-04    0.2308650477E+01
    0.2850000000E-01    0.9490966551E-05   -0.1244020780E-04    0.9999999999E+00    0.3123623248E-05   -0.7979280783E-05    0.1000000000E+01    0.7486468773E-05    0.4532330464E-05    0.1461039687E+00   -0.9892692405E+00    0.2405105661E-05    0.3358062391E-04    0.2349876379E+01
    0.2900000000E-01    0.9133411350E-05   -0.1281570733E-04    0.9999999999E+00    0.2878815234E-05   -0.8123138450E-05    0.1000000000E+01    0.7563756308E-05    0.4501369399E-05    0.1213436560E+00   -0.9926105566E+00    0.2118994882E-05    0.3424530422E-04    0.2391102280E+01
    0.2950000000E-01    0.8761702519E-05   -0.1318146608E-04    0.9999999999E+00    0.2628022106E-05   -0.8259735918E-05    0.1000000000E+01    0.7641250819E-05    0.4469643769E-05    0.9650759609E-01   -0.9953322480E+00    0.1819631736E-05    0.3490869077E-04    0.2432328181E+01
    0.3000000000E-01    0.8376084944E-05   -0.1353697004E-04    0.9999999999E+00    0.2371450211E-05   -0.8388839443E-05    0.1000000000E+01    0.7718947678E-05    0.4437147626E-05    0.7161129250E-01   -0.9974326156E+00    0.1506964708E-05    0.3557054404E-04    0.2473554083E+01
    0.3050000000E-01    0.7976821612E-05   -0.1388171056E-04    0.9999999999E+00    0.2109314616E-05   -0.8510220815E-05    0.1000000000E+01    0.7796842189E-05    0.4403875022E-05    0.4667028645E-01   -0.9989103485E+00    0.1180946190E-05    0.3623062224E-04    0.2514779984E+01
    0.3100000000E-01    0.7564193524E-05   -0.1421518494E-04    0.9999999999E+00    0.1841838982E-05   -0.8623657672E-05    0.1000000000E+01    0.7874929581E-05    0.4369820013E-05    0.2170014707E-01   -0.9997645241E+00    0.8415325479E-06    0.3688868141E-04    0.2556005886E+01
    0.3150000000E-01    0.7138499601E-05   -0.1453689703E-04    0.9999999999E+00    0.1569255412E-05   -0.8728933807E-05    0.1000000000E+01    0.7953205012E-05    0.4334976655E-05   -0.3283538363E-02   -0.9999946092E+00    0.4886841788E-06    0.3754447546E-04    0.2597231787E+01
    0.3200000000E-01    0.6700056557E-05   -0.1484635789E-04    0.9999999999E+00    0.1291804296E-05   -0.8825839483E-05    0.1000000000E+01    0.8031663566E-05    0.4299339008E-05   -0.2826517409E-01   -0.9996004601E+00    0.1223655715E-06    0.3819775621E-04    0.2638457688E+01
    0.3250000000E-01    0.6249198760E-05   -0.1514308640E-04    0.9999999999E+00    0.1009734141E-05   -0.8914171734E-05    0.1000000000E+01    0.8110300254E-05    0.4262901134E-05   -0.5322916563E-01   -0.9985823230E+00   -0.2574546340E-06    0.3884827350E-04    0.2679683590E+01
    0.3300000000E-01    0.5786278066E-05   -0.1542660984E-04    0.9999999999E+00    0.7233013946E-06   -0.8993734666E-05    0.1000000000E+01    0.8189110014E-05    0.4225657101E-05   -0.7815992953E-01   -0.9969408334E+00   -0.6508035882E-06    0.3949577519E-04    0.2720909491E+01
    0.3350000000E-01    0.5311663638E-05   -0.1569646458E-04    0.9999999999E+00    0.4327702503E-06   -0.9064339755E-05    0.1000000000E+01    0.8268087710E-05    0.4187600979E-05   -0.1030419031E+00   -0.9946770160E+00   -0.1057704174E-05    0.4014000727E-04    0.2762135392E+01
    0.3400000000E-01    0.4825741735E-05   -0.1595219661E-04    0.9999999999E+00    0.1384124514E-06   -0.9125806139E-05    0.1000000000E+01    0.8347228131E-05    0.4148726846E-05   -0.1278595540E+00   -0.9917922839E+00   -0.1478174951E-05    0.4078071389E-04    0.2803361294E+01
    0.3450000000E-01    0.4328915490E-05   -0.1619336221E-04    0.9999999999E+00   -0.1594929227E-06   -0.9177960903E-05    0.1000000000E+01    0.8426525991E-05    0.4109028783E-05   -0.1525973902E+00   -0.9882884379E+00   -0.1912230097E-05    0.4141763747E-04    0.2844587195E+01
    0.3500000000E-01    0.3821604659E-05   -0.1641952853E-04    0.9999999999E+00   -0.4606596778E-06   -0.9220639363E-05    0.1000000000E+01    0.8505975928E-05    0.4068500879E-05   -0.1772399694E+00   -0.9841676652E+00   -0.2359879354E-05    0.4205051871E-04    0.2885813097E+01
    0.3550000000E-01    0.3304245353E-05   -0.1663027421E-04    0.9999999999E+00   -0.7647947370E-06   -0.9253685342E-05    0.1000000000E+01    0.8585572507E-05    0.4027137229E-05   -0.2017719088E+00   -0.9794325382E+00   -0.2821127975E-05    0.4267909671E-04    0.2927038998E+01
    0.3600000000E-01    0.2777289749E-05   -0.1682518995E-04    0.9999999999E+00   -0.1071598383E-05   -0.9276951437E-05    0.1000000000E+01    0.8665310216E-05    0.3984931936E-05   -0.2261778945E+00   -0.9740860126E+00   -0.3295976669E-05    0.4330310899E-04    0.2968264899E+01
    0.3650000000E-01    0.2241205775E-05   -0.1700387911E-04    0.9999999999E+00   -0.1380764512E-05   -0.9290299283E-05    0.1000000000E+01    0.8745183464E-05    0.3941879112E-05   -0.2504426916E+00   -0.9681314261E+00   -0.3784421546E-05    0.4392229163E-04    0.3009490801E+01
    0.3700000000E-01    0.1696476782E-05   -0.1716595831E-04    0.9999999999E+00   -0.1691980894E-05   -0.9293599811E-05    0.1000000000E+01    0.8825186586E-05    0.3897972876E-05   -0.2745511529E+00   -0.9615724956E+00   -0.4286454072E-05    0.4453637925E-04    0.3050716702E+01
    0.3750000000E-01    0.1143601189E-05   -0.1731105795E-04    0.9999999999E+00   -0.2004929445E-05   -0.9286733495E-05    0.1000000000E+01    0.8905313841E-05    0.3853207357E-05   -0.2984882291E+00   -0.9544133156E+00   -0.4802061010E-05    0.4514510519E-04    0.3091942603E+01
    0.3800000000E-01    0.5830921097E-06   -0.1743882284E-04    0.9999999999E+00   -0.2319286512E-05   -0.9269590593E-05    0.1000000000E+01    0.8985559406E-05    0.3807576695E-05   -0.3222389778E+00   -0.9466583550E+00   -0.5331224378E-05    0.4574820147E-04    0.3133168505E+01
    0.3850000000E-01    0.1547695954E-07   -0.1754891273E-04    0.9999999999E+00   -0.2634723159E-05   -0.9242071384E-05    0.1000000000E+01    0.9065917385E-05    0.3761075039E-05   -0.3457885729E+00   -0.9383124548E+00   -0.5873921393E-05    0.4634539897E-04    0.3174394406E+01
    0.3900000000E-01   -0.5587029595E-06   -0.1764100283E-04    0.9999999999E+00   -0.2950905473E-05   -0.9204086389E-05    0.1000000000E+01    0.9146381801E-05    0.3713696552E-05   -0.3691223137E+00   -0.9293808248E+00   -0.6430124429E-05    0.4693642744E-04    0.3215620308E+01
    0.3950000000E-01   -0.1138892893E-05   -0.1771478439E-04    0.9999999999E+00   -0.3267494868E-05   -0.9155556588E-05    0.1000000000E+01    0.9226946599E-05    0.3665435406E-05   -0.3922256346E+00   -0.9198690404E+00   -0.6999800970E-05    0.4752101561E-04    0.3256846209E+01
    0.4000000000E-01   -0.1724525087E-05   -0.1776996519E-04    0.9999999999E+00   -0.3584148408E-05   -0.9096413629E-05    0.1000000000E+01    0.9307605646E-05    0.3616285788E-05   -0.4150841135E+00   -0.9097830393E+00   -0.7582913559E-05    0.4809889127E-04    0.3298072110E+01
    0.4050000000E-01   -0.2315019263E-05   -0.1780627007E-04    0.9999999999E+00   -0.3900519126E-05   -0.9026600025E-05    0.1000000000E+01    0.9388352727E-05    0.3566241897E-05   -0.4376834814E+00   -0.8991291176E+00   -0.8179419762E-05    0.4866978131E-04    0.3339298012E+01
    0.4100000000E-01   -0.2909783109E-05   -0.1782344142E-04    0.9999999999E+00   -0.4216256369E-05   -0.8946069344E-05    0.1000000000E+01    0.9469181551E-05    0.3515297946E-05   -0.4600096308E+00   -0.8879139257E+00   -0.8789272118E-05    0.4923341188E-04    0.3380523913E+01
    0.4150000000E-01   -0.3508212793E-05   -0.1782123967E-04    0.9999999999E+00   -0.4531006129E-05   -0.8854786386E-05    0.1000000000E+01    0.9550085745E-05    0.3463448163E-05   -0.4820486250E+00   -0.8761444647E+00   -0.9412418102E-05    0.4978950839E-04    0.3421749814E+01
    0.4200000000E-01   -0.4109693492E-05   -0.1779944375E-04    0.9999999999E+00   -0.4844411402E-05   -0.8752727351E-05    0.1000000000E+01    0.9631058856E-05    0.3410686792E-05   -0.5037867064E+00   -0.8638280815E+00   -0.1004880008E-04    0.5033779565E-04    0.3462975716E+01
    0.4250000000E-01   -0.4713599940E-05   -0.1775785157E-04    0.9999999999E+00   -0.5156112541E-05   -0.8639879996E-05    0.1000000000E+01    0.9712094350E-05    0.3357008093E-05   -0.5252103052E+00   -0.8509724645E+00   -0.1069835527E-04    0.5087799794E-04    0.3504201617E+01
    0.4300000000E-01   -0.5319296995E-05   -0.1769628044E-04    0.9999999999E+00   -0.5465747622E-05   -0.8516243786E-05    0.1000000000E+01    0.9793185612E-05    0.3302406342E-05   -0.5463060481E+00   -0.8375856385E+00   -0.1136101571E-04    0.5140983910E-04    0.3545427519E+01
    0.4350000000E-01   -0.5926140220E-05   -0.1761456750E-04    0.9999999999E+00   -0.5772952815E-05   -0.8381830025E-05    0.1000000000E+01    0.9874325946E-05    0.3246875833E-05   -0.5670607662E+00   -0.8236759602E+00   -0.1203670822E-04    0.5193304260E-04    0.3586653420E+01
    0.4400000000E-01   -0.6533476490E-05   -0.1751257012E-04    0.9999999999E+00   -0.6077362759E-05   -0.8236661981E-05    0.1000000000E+01    0.9955508574E-05    0.3190410878E-05   -0.5874615038E+00   -0.8092521124E+00   -0.1272535435E-04    0.5244733167E-04    0.3627879321E+01
    0.4450000000E-01   -0.7140644600E-05   -0.1739016631E-04    0.9999999999E+00   -0.6378610950E-05   -0.8080775000E-05    0.1000000000E+01    0.1003672664E-04    0.3133005809E-05   -0.6074955259E+00   -0.7943230992E+00   -0.1342687038E-04    0.5295242933E-04    0.3669105223E+01
    0.4500000000E-01   -0.7746975905E-05   -0.1724725508E-04    0.9999999999E+00   -0.6676330127E-05   -0.7914216607E-05    0.1000000000E+01    0.1011797319E-04    0.3074654975E-05   -0.6271503265E+00   -0.7788982398E+00   -0.1414116724E-04    0.5344805856E-04    0.3710331124E+01
    0.4550000000E-01   -0.8351794964E-05   -0.1708375679E-04    0.9999999999E+00   -0.6970152668E-05   -0.7737046591E-05    0.1000000000E+01    0.1019924122E-04    0.3015352749E-05   -0.6464136364E+00   -0.7629871628E+00   -0.1486815052E-04    0.5393394231E-04    0.3751557025E+01
    0.4600000000E-01   -0.8954420205E-05   -0.1689961348E-04    0.9999999999E+00   -0.7259710988E-05   -0.7549337083E-05    0.1000000000E+01    0.1028052360E-04    0.2955093523E-05   -0.6652734307E+00   -0.7465998007E+00   -0.1560772044E-04    0.5440980365E-04    0.3792782927E+01
    0.4650000000E-01   -0.9554164604E-05   -0.1669478920E-04    0.9999999999E+00   -0.7544637945E-05   -0.7351172622E-05    0.1000000000E+01    0.1036181315E-04    0.2893871712E-05   -0.6837179363E+00   -0.7297463830E+00   -0.1635977179E-04    0.5487536587E-04    0.3834008828E+01
    0.4700000000E-01   -0.1015033637E-04   -0.1646927030E-04    0.9999999999E+00   -0.7824567247E-05   -0.7142650198E-05    0.1000000000E+01    0.1044310260E-04    0.2831681752E-05   -0.7017356396E+00   -0.7124374303E+00   -0.1712419391E-04    0.5533035251E-04    0.3875234730E+01
    0.4750000000E-01   -0.1074223967E-04   -0.1622306568E-04    0.9999999999E+00   -0.8099133864E-05   -0.6923879296E-05    0.1000000000E+01    0.1052438458E-04    0.2768518103E-05   -0.7193152932E+00   -0.6946837474E+00   -0.1790087070E-04    0.5577448754E-04    0.3916460631E+01
    0.4800000000E-01   -0.1132917531E-04   -0.1595620707E-04    0.9999999999E+00   -0.8367974444E-05   -0.6694981919E-05    0.1000000000E+01    0.1060565165E-04    0.2704375252E-05   -0.7364459233E+00   -0.6764964169E+00   -0.1868968056E-04    0.5620749541E-04    0.3957686532E+01
    0.4850000000E-01   -0.1191044150E-04   -0.1566874923E-04    0.9999999999E+00   -0.8630727733E-05   -0.6456092592E-05    0.1000000000E+01    0.1068689629E-04    0.2639247707E-05   -0.7531168362E+00   -0.6578867919E+00   -0.1949049637E-04    0.5662910115E-04    0.3998912434E+01
    0.4900000000E-01   -0.1248533457E-04   -0.1536077020E-04    0.9999999999E+00   -0.8887034989E-05   -0.6207358369E-05    0.1000000000E+01    0.1076811088E-04    0.2573130004E-05   -0.7693176253E+00   -0.6388664894E+00   -0.2030318549E-04    0.5703903048E-04    0.4040138335E+01
    0.4950000000E-01   -0.1305314975E-04   -0.1503237142E-04    0.9999999999E+00   -0.9136540415E-05   -0.5948938806E-05    0.1000000000E+01    0.1084928773E-04    0.2506016705E-05   -0.7850381776E+00   -0.6194473825E+00   -0.2112760974E-04    0.5743700992E-04    0.4081364236E+01
    0.5000000000E-01   -0.1361318188E-04   -0.1468367794E-04    0.9999999999E+00   -0.9378891575E-05   -0.5681005939E-05    0.1000000000E+01    0.1093041906E-04    0.2437902400E-05   -0.8002686796E+00   -0.5996415933E+00   -0.2196362535E-04    0.5782276686E-04    0.4122590138E+01
    0.5050000000E-01   -0.1416472624E-04   -0.1431483854E-04    0.9999999999E+00   -0.9613739825E-05   -0.5403744230E-05    0.1000000000E+01    0.1101149698E-04    0.2368781706E-05   -0.8149996239E+00   -0.5794614854E+00   -0.2281108297E-04    0.5819602972E-04    0.4163816039E+01
    0.5100000000E-01   -0.1470707928E-04   -0.1392602582E-04    0.9999999999E+00   -0.9840740738E-05   -0.5117350517E-05    0.1000000000E+01    0.1109251356E-04    0.2298649271E-05   -0.8292218149E+00   -0.5589196558E+00   -0.2366982768E-04    0.5855652798E-04    0.4205041941E+01
    0.5150000000E-01   -0.1523953946E-04   -0.1351743633E-04    0.9999999999E+00   -0.1005955453E-04   -0.4822033933E-05    0.1000000000E+01    0.1117346075E-04    0.2227499770E-05   -0.8429263745E+00   -0.5380289277E+00   -0.2453969892E-04    0.5890399234E-04    0.4246267842E+01
    0.5200000000E-01   -0.1576140796E-04   -0.1308929058E-04    0.9999999999E+00   -0.1026984649E-04   -0.4518015823E-05    0.1000000000E+01    0.1125433043E-04    0.2155327911E-05   -0.8561047479E+00   -0.5168023418E+00   -0.2542053052E-04    0.5923815480E-04    0.4287493743E+01
    0.5250000000E-01   -0.1627198958E-04   -0.1264183311E-04    0.9999999999E+00   -0.1047128739E-04   -0.4205529638E-05    0.1000000000E+01    0.1133511437E-04    0.2082128432E-05   -0.8687487087E+00   -0.4952531484E+00   -0.2631215069E-04    0.5955874878E-04    0.4328719645E+01
    0.5300000000E-01   -0.1677059345E-04   -0.1217533248E-04    0.9999999999E+00   -0.1066355394E-04   -0.3884820824E-05    0.1000000000E+01    0.1141580429E-04    0.2007896104E-05   -0.8808503640E+00   -0.4733947995E+00   -0.2721438200E-04    0.5986550921E-04    0.4369945546E+01
    0.5350000000E-01   -0.1725653392E-04   -0.1169008127E-04    0.9999999998E+00   -0.1084632920E-04   -0.3556146684E-05    0.1000000000E+01    0.1149639178E-04    0.1932625733E-05   -0.8924021594E+00   -0.4512409399E+00   -0.2812704138E-04    0.6015817265E-04    0.4411171447E+01
    0.5400000000E-01   -0.1772913131E-04   -0.1118639600E-04    0.9999999998E+00   -0.1101930297E-04   -0.3219776237E-05    0.1000000000E+01    0.1157686839E-04    0.1856312154E-05   -0.9033968840E+00   -0.4288053987E+00   -0.2904994012E-04    0.6043647740E-04    0.4452397349E+01
    0.5450000000E-01   -0.1818771277E-04   -0.1066461710E-04    0.9999999998E+00   -0.1118217225E-04   -0.2875990056E-05    0.1000000000E+01    0.1165722553E-04    0.1778950243E-05   -0.9138276744E+00   -0.4061021811E+00   -0.2998288386E-04    0.6070016359E-04    0.4493623250E+01
    0.5500000000E-01   -0.1863161305E-04   -0.1012510881E-04    0.9999999998E+00   -0.1133464165E-04   -0.2525080094E-05    0.1000000000E+01    0.1173745457E-04    0.1700534906E-05   -0.9236880193E+00   -0.3831454593E+00   -0.3092567261E-04    0.6094897331E-04    0.4534849152E+01
    0.5550000000E-01   -0.1906017538E-04   -0.9568259003E-05    0.9999999998E+00   -0.1147642377E-04   -0.2167349493E-05    0.1000000000E+01    0.1181754677E-04    0.1621061091E-05   -0.9329717635E+00   -0.3599495638E+00   -0.3187810072E-04    0.6118265071E-04    0.4576075053E+01
    0.5600000000E-01   -0.1947275224E-04   -0.8994479100E-05    0.9999999998E+00   -0.1160723964E-04   -0.1803112382E-05    0.1000000000E+01    0.1189749329E-04    0.1540523779E-05   -0.9416731118E+00   -0.3365289742E+00   -0.3283995692E-04    0.6140094211E-04    0.4617300954E+01
    0.5650000000E-01   -0.1986870620E-04   -0.8404203843E-05    0.9999999998E+00   -0.1172681912E-04   -0.1432693660E-05    0.1000000000E+01    0.1197728522E-04    0.1458917992E-05   -0.9497866324E+00   -0.3128983107E+00   -0.3381102431E-04    0.6160359612E-04    0.4658526856E+01
    0.5700000000E-01   -0.2024741071E-04   -0.7797891105E-05    0.9999999998E+00   -0.1183490128E-04   -0.1056428757E-05    0.1000000000E+01    0.1205691355E-04    0.1376238790E-05   -0.9573072606E+00   -0.2890723243E+00   -0.3479108037E-04    0.6179036374E-04    0.4699752757E+01
    0.5750000000E-01   -0.2060825095E-04   -0.7176021652E-05    0.9999999998E+00   -0.1193123482E-04   -0.6746633979E-06    0.1000000000E+01    0.1213636920E-04    0.1292481274E-05   -0.9642303018E+00   -0.2650658881E+00   -0.3577989695E-04    0.6196099846E-04    0.4740978658E+01
    0.5800000000E-01   -0.2095062463E-04   -0.6539098876E-05    0.9999999998E+00   -0.1201557843E-04   -0.2877533305E-06    0.1000000000E+01    0.1221564297E-04    0.1207640586E-05   -0.9705514342E+00   -0.2408939878E+00   -0.3677724033E-04    0.6211525643E-04    0.4782204560E+01
    0.5850000000E-01   -0.2127394278E-04   -0.5887648508E-05    0.9999999998E+00   -0.1208770118E-04    0.1039359419E-06    0.1000000000E+01    0.1229472560E-04    0.1121711909E-05   -0.9762667121E+00   -0.2165717125E+00   -0.3778287118E-04    0.6225289649E-04    0.4823430461E+01
    0.5900000000E-01   -0.2157763056E-04   -0.5222218294E-05    0.9999999998E+00   -0.1214738291E-04    0.5000294525E-06    0.1000000000E+01    0.1237360772E-04    0.1034690471E-05   -0.9813725677E+00   -0.1921142451E+00   -0.3879654464E-04    0.6237368034E-04    0.4864656363E+01
    0.5950000000E-01   -0.2186112805E-04   -0.4543377649E-05    0.9999999998E+00   -0.1219441456E-04    0.9001430729E-06    0.1000000000E+01    0.1245227987E-04    0.9465715406E-06   -0.9858658138E+00   -0.1675368527E+00   -0.3981801026E-04    0.6247737264E-04    0.4905882264E+01
    0.6000000000E-01   -0.2212389105E-04   -0.3851717284E-05    0.9999999998E+00   -0.1222859856E-04    0.1303883829E-05    0.1000000000E+01    0.1253073253E-04    0.8573504346E-06   -0.9897436455E+00   -0.1428548775E+00   -0.4084701208E-04    0.6256374113E-04    0.4947108165E+01
    0.6050000000E-01   -0.2236539184E-04   -0.3147848798E-05    0.9999999998E+00   -0.1224974918E-04    0.1710850231E-05    0.1000000000E+01    0.1260895605E-04    0.7670225135E-06   -0.9930036421E+00   -0.1180837270E+00   -0.4188328866E-04    0.6263255672E-04    0.4988334067E+01
    0.6100000000E-01   -0.2258511998E-04   -0.2432404253E-05    0.9999999998E+00   -0.1225769284E-04    0.2120632616E-05    0.1000000000E+01    0.1268694070E-04    0.6755831849E-06   -0.9956437687E+00   -0.9323886415E-01   -0.4292657304E-04    0.6268359363E-04    0.5029559968E+01
    0.6150000000E-01   -0.2278258302E-04   -0.1706035712E-05    0.9999999998E+00   -0.1225226847E-04    0.2532813503E-05    0.1000000000E+01    0.1276467669E-04    0.5830279042E-06   -0.9976623770E+00   -0.6833579813E-01   -0.4397659283E-04    0.6271662949E-04    0.5070785869E+01
    0.6200000000E-01   -0.2295730730E-04   -0.9694147555E-06    0.9999999998E+00   -0.1223332782E-04    0.2946967961E-05    0.1000000000E+01    0.1284215410E-04    0.4893521751E-06   -0.9990582072E+00   -0.4339007434E-01   -0.4503307022E-04    0.6273144546E-04    0.5112011771E+01
    0.6250000000E-01   -0.2310883866E-04   -0.2232319694E-06    0.9999999998E+00   -0.1220073577E-04    0.3362663990E-05    0.1000000000E+01    0.1291936294E-04    0.3945515511E-06   -0.9998303877E+00   -0.1841726485E-01   -0.4609572200E-04    0.6272782636E-04    0.5153237672E+01
    0.6300000000E-01   -0.2323674317E-04    0.5318035954E-06    0.9999999998E+00   -0.1215437062E-04    0.3779462915E-05    0.1000000000E+01    0.1299629311E-04    0.2986216360E-06   -0.9999784367E+00    0.6567041392E-02   -0.4716425960E-04    0.6270556074E-04    0.5194463574E+01
    0.6350000000E-01   -0.2334060782E-04    0.1294964988E-05    0.9999999998E+00   -0.1209412441E-04    0.4196919788E-05    0.1000000000E+01    0.1307293446E-04    0.2015580852E-06   -0.9995022616E+00    0.3154724824E-01   -0.4823838915E-04    0.6266444105E-04    0.5235689475E+01
    0.6400000000E-01   -0.2342004125E-04    0.2065507948E-05    0.9999999998E+00   -0.1201990317E-04    0.4614583808E-05    0.1000000000E+01    0.1314927669E-04    0.1033566067E-06   -0.9984021598E+00    0.5650776211E-01   -0.4931781146E-04    0.6260426371E-04    0.5276915376E+01
    0.6450000000E-01   -0.2347467442E-04    0.2842671525E-05    0.9999999998E+00   -0.1193162719E-04    0.5031998744E-05    0.1000000000E+01    0.1322530947E-04    0.4012961873E-08   -0.9966788179E+00    0.8143300172E-01   -0.5040222213E-04    0.6252482926E-04    0.5318141278E+01
    0.6500000000E-01   -0.2350416124E-04    0.3625678720E-05    0.9999999998E+00   -0.1182923126E-04    0.5448703377E-05    0.1000000000E+01    0.1330102233E-04   -0.9647703352E-07   -0.9943333118E+00    0.1063074078E+00   -0.5149131155E-04    0.6242594245E-04    0.5359367179E+01
    0.6550000000E-01   -0.2350817927E-04    0.4413737156E-05    0.9999999998E+00   -0.1171266495E-04    0.5864231947E-05    0.1000000000E+01    0.1337640473E-04   -0.1981175081E-06   -0.9913671055E+00    0.1311154528E+00   -0.5258476495E-04    0.6230741238E-04    0.5400593080E+01
    0.6600000000E-01   -0.2348643028E-04    0.5206039767E-05    0.9999999998E+00   -0.1158189278E-04    0.6278114612E-05    0.1000000000E+01    0.1345144603E-04   -0.3009125341E-06   -0.9877820507E+00    0.1558416506E+00   -0.5368226244E-04    0.6216905256E-04    0.5441818982E+01
    0.6650000000E-01   -0.2343864093E-04    0.6001765517E-05    0.9999999998E+00   -0.1143689448E-04    0.6689877919E-05    0.1000000000E+01    0.1352613552E-04   -0.4048661260E-06   -0.9835803854E+00    0.1804705663E+00   -0.5478347910E-04    0.6201068111E-04    0.5483044883E+01
    0.6700000000E-01   -0.2336456330E-04    0.6800080141E-05    0.9999999998E+00   -0.1127766516E-04    0.7099045280E-05    0.1000000000E+01    0.1360046236E-04   -0.5099822401E-06   -0.9787647323E+00    0.2049868254E+00   -0.5588808497E-04    0.6183212079E-04    0.5524270784E+01
    0.6750000000E-01   -0.2326397548E-04    0.7600136906E-05    0.9999999998E+00   -0.1110421550E-04    0.7505137459E-05    0.1000000000E+01    0.1367441566E-04   -0.6162647727E-06   -0.9733380976E+00    0.2293751241E+00   -0.5699574517E-04    0.6163319917E-04    0.5565496686E+01
    0.6800000000E-01   -0.2313668211E-04    0.8401077400E-05    0.9999999998E+00   -0.1091657191E-04    0.7907673069E-05    0.1000000000E+01    0.1374798441E-04   -0.7237175598E-06   -0.9673038688E+00    0.2536202382E+00   -0.5810611989E-04    0.6141374873E-04    0.5606722587E+01
    0.6850000000E-01   -0.2298251490E-04    0.9202032338E-05    0.9999999998E+00   -0.1071477671E-04    0.8306169074E-05    0.1000000000E+01    0.1382115751E-04   -0.8323443757E-06   -0.9606658127E+00    0.2777070331E+00   -0.5921886450E-04    0.6117360695E-04    0.5647948489E+01
    0.6900000000E-01   -0.2280133314E-04    0.1000212239E-04    0.9999999998E+00   -0.1049888823E-04    0.8700141305E-05    0.1000000000E+01    0.1389392378E-04   -0.9421489317E-06   -0.9534280729E+00    0.3016204729E+00   -0.6033362960E-04    0.6091261644E-04    0.5689174390E+01
    0.6950000000E-01   -0.2259302413E-04    0.1080045904E-04    0.9999999998E+00   -0.1026898096E-04    0.9089104971E-05    0.1000000000E+01    0.1396627193E-04   -0.1053134876E-05   -0.9455951676E+00    0.3253456298E+00   -0.6145006105E-04    0.6063062509E-04    0.5730400291E+01
    0.7000000000E-01   -0.2235750370E-04    0.1159614543E-04    0.9999999998E+00   -0.1002514562E-04    0.9472575192E-05    0.1000000000E+01    0.1403819061E-04   -0.1165305790E-05   -0.9371719864E+00    0.3488676938E+00   -0.6256780008E-04    0.6032748609E-04    0.5771626193E+01
    0.7050000000E-01   -0.2209471654E-04    0.1238827728E-04    0.9999999997E+00   -0.9767489308E-05    0.9850067524E-05    0.1000000000E+01    0.1410966833E-04   -0.1278665193E-05   -0.9281637873E+00    0.3721719815E+00   -0.6368648333E-04    0.6000305815E-04    0.5812852094E+01
    0.7100000000E-01   -0.2180463669E-04    0.1317594378E-04    0.9999999997E+00   -0.9496135498E-05    0.1022109850E-04    0.1000000000E+01    0.1418069356E-04   -0.1393216533E-05   -0.9185761936E+00    0.3952439455E+00   -0.6480574293E-04    0.5965720551E-04    0.5854077995E+01
    0.7150000000E-01   -0.2148726783E-04    0.1395822852E-04    0.9999999997E+00   -0.9211224150E-05    0.1058518617E-04    0.1000000000E+01    0.1425125463E-04   -0.1508963193E-05   -0.9084151901E+00    0.4180691834E+00   -0.6592520658E-04    0.5928979814E-04    0.5895303897E+01
    0.7200000000E-01   -0.2114264365E-04    0.1473421042E-04    0.9999999997E+00   -0.8912911717E-05    0.1094185065E-04    0.1000000000E+01    0.1432133981E-04   -0.1625908485E-05   -0.8976871199E+00    0.4406334469E+00   -0.6704449760E-04    0.5890071178E-04    0.5936529798E+01
    0.7250000000E-01   -0.2077082816E-04    0.1550296470E-04    0.9999999997E+00   -0.8601371176E-05    0.1129061467E-04    0.1000000000E+01    0.1439093727E-04   -0.1744055651E-05   -0.8863986798E+00    0.4629226505E+00   -0.6816323504E-04    0.5848982809E-04    0.5977755700E+01
    0.7300000000E-01   -0.2037191598E-04    0.1626356385E-04    0.9999999997E+00   -0.8276792021E-05    0.1163100414E-04    0.1000000000E+01    0.1446003508E-04   -0.1863407864E-05   -0.8745569163E+00    0.4849228804E+00   -0.6928103373E-04    0.5805703474E-04    0.6018981601E+01
    0.7350000000E-01   -0.1994603255E-04    0.1701507861E-04    0.9999999997E+00   -0.7939380252E-05    0.1196254867E-04    0.1000000000E+01    0.1452862122E-04   -0.1983968221E-05   -0.8621692217E+00    0.5066204032E+00   -0.7039750439E-04    0.5760222552E-04    0.6060207502E+01
    0.7400000000E-01   -0.1949333439E-04    0.1775657899E-04    0.9999999997E+00   -0.7589358335E-05    0.1228478218E-04    0.1000000000E+01    0.1459668358E-04   -0.2105739747E-05   -0.8492433287E+00    0.5280016747E+00   -0.7151225368E-04    0.5712530046E-04    0.6101433404E+01
    0.7450000000E-01   -0.1901400927E-04    0.1848713523E-04    0.9999999997E+00   -0.7226965148E-05    0.1259724343E-04    0.1000000000E+01    0.1466420996E-04   -0.2228725392E-05   -0.8357873062E+00    0.5490533477E+00   -0.7262488431E-04    0.5662616590E-04    0.6142659305E+01
    0.7500000000E-01   -0.1850827636E-04    0.1920581892E-04    0.9999999997E+00   -0.6852455912E-05    0.1289947659E-04    0.1000000000E+01    0.1473118807E-04   -0.2352928031E-05   -0.8218095540E+00    0.5697622810E+00   -0.7373499514E-04    0.5610473465E-04    0.6183885206E+01
    0.7550000000E-01   -0.1797638634E-04    0.1991170393E-04    0.9999999997E+00   -0.6466102093E-05    0.1319103182E-04    0.1000000000E+01    0.1479760552E-04   -0.2478350462E-05   -0.8073187974E+00    0.5901155473E+00   -0.7484218124E-04    0.5556092605E-04    0.6225111108E+01
    0.7600000000E-01   -0.1741862154E-04    0.2060386752E-04    0.9999999997E+00   -0.6068191297E-05    0.1347146577E-04    0.1000000000E+01    0.1486344983E-04   -0.2604995403E-05   -0.7923240822E+00    0.6101004414E+00   -0.7594603400E-04    0.5499466608E-04    0.6266337009E+01
    0.7650000000E-01   -0.1683529592E-04    0.2128139136E-04    0.9999999997E+00   -0.5659027135E-05    0.1374034224E-04    0.1000000000E+01    0.1492870843E-04   -0.2732865495E-05   -0.7768347686E+00    0.6297044880E+00   -0.7704614123E-04    0.5440588747E-04    0.6307562910E+01
    0.7700000000E-01   -0.1622675516E-04    0.2194336263E-04    0.9999999997E+00   -0.5238929081E-05    0.1399723265E-04    0.1000000000E+01    0.1499336865E-04   -0.2861963296E-05   -0.7608605256E+00    0.6489154494E+00   -0.7814208726E-04    0.5379452981E-04    0.6348788812E+01
    0.7750000000E-01   -0.1559337659E-04    0.2258887503E-04    0.9999999997E+00   -0.4808232298E-05    0.1424171666E-04    0.1000000000E+01    0.1505741775E-04   -0.2992291286E-05   -0.7444113249E+00    0.6677213334E+00   -0.7923345301E-04    0.5316053962E-04    0.6390014713E+01
    0.7800000000E-01   -0.1493556918E-04    0.2321702988E-04    0.9999999997E+00   -0.4367287453E-05    0.1447338270E-04    0.1000000000E+01    0.1512084287E-04   -0.3123851858E-05   -0.7274974349E+00    0.6861104008E+00   -0.8031981615E-04    0.5250387048E-04    0.6431240615E+01
    0.7850000000E-01   -0.1425377345E-04    0.2382693721E-04    0.9999999997E+00   -0.3916460512E-05    0.1469182852E-04    0.1000000000E+01    0.1518363108E-04   -0.3256647326E-05   -0.7101294136E+00    0.7040711723E+00   -0.8140075115E-04    0.5182448311E-04    0.6472466516E+01
    0.7900000000E-01   -0.1354846133E-04    0.2441771680E-04    0.9999999997E+00   -0.3456132515E-05    0.1489666175E-04    0.1000000000E+01    0.1524576934E-04   -0.3390679913E-05   -0.6923181030E+00    0.7215924363E+00   -0.8247582940E-04    0.5112234546E-04    0.6513692417E+01
    0.7950000000E-01   -0.1282013601E-04    0.2498849929E-04    0.9999999997E+00   -0.2986699327E-05    0.1508750044E-04    0.1000000000E+01    0.1530724454E-04   -0.3525951762E-05   -0.6740746214E+00    0.7386632552E+00   -0.8354461936E-04    0.5039743283E-04    0.6554918319E+01
    0.8000000000E-01   -0.1206933177E-04    0.2553842726E-04    0.9999999997E+00   -0.2508571380E-05    0.1526397361E-04    0.1000000000E+01    0.1536804346E-04   -0.3662464923E-05   -0.6554103572E+00    0.7552729728E+00   -0.8460668661E-04    0.4964972793E-04    0.6596144220E+01
    0.8050000000E-01   -0.1129661373E-04    0.2606665628E-04    0.9999999997E+00   -0.2022173389E-05    0.1542572177E-04    0.1000000000E+01    0.1542815280E-04   -0.3800221361E-05   -0.6363369613E+00    0.7714112207E+00   -0.8566159401E-04    0.4887922099E-04    0.6637370121E+01
    0.8100000000E-01   -0.1050257759E-04    0.2657235602E-04    0.9999999997E+00   -0.1527944045E-05    0.1557239744E-04    0.1000000000E+01    0.1548755916E-04   -0.3939222949E-05   -0.6168663401E+00    0.7870679248E+00   -0.8670890181E-04    0.4808590985E-04    0.6678596023E+01
    0.8150000000E-01   -0.9687849326E-05    0.2705471130E-04    0.9999999997E+00   -0.1026335703E-05    0.1570366569E-04    0.1000000000E+01    0.1554624905E-04   -0.4079471470E-05   -0.5970106477E+00    0.8022333117E+00   -0.8774816774E-04    0.4726980006E-04    0.6719821924E+01
    0.8200000000E-01   -0.8853084867E-05    0.2751292316E-04    0.9999999997E+00   -0.5178140381E-06    0.1581920465E-04    0.1000000000E+01    0.1560420891E-04   -0.4220968615E-05   -0.5767822789E+00    0.8168979144E+00   -0.8877894716E-04    0.4643090493E-04    0.6761047825E+01
    0.8250000000E-01   -0.7998969704E-05    0.2794620997E-04    0.9999999996E+00   -0.2857686204E-08    0.1591870601E-04    0.1000000000E+01    0.1566142506E-04   -0.4363715980E-05   -0.5561938610E+00    0.8310525788E+00   -0.8980079318E-04    0.4556924564E-04    0.6802273727E+01
    0.8300000000E-01   -0.7126218482E-05    0.2835380842E-04    0.9999999996E+00    0.5180421277E-06    0.1600187550E-04    0.1000000000E+01    0.1571788375E-04   -0.4507715069E-05   -0.5352582460E+00    0.8446884691E+00   -0.9081325677E-04    0.4468485135E-04    0.6843499628E+01
    0.8350000000E-01   -0.6235574556E-05    0.2873497461E-04    0.9999999996E+00    0.1044381986E-05    0.1606843340E-04    0.1000000000E+01    0.1577357112E-04   -0.4652967286E-05   -0.5139885028E+00    0.8577970732E+00   -0.9181588691E-04    0.4377775923E-04    0.6884725530E+01
    0.8400000000E-01   -0.5327809502E-05    0.2908898509E-04    0.9999999996E+00    0.1575646692E-05    0.1611811501E-04    0.1000000000E+01    0.1582847324E-04   -0.4799473942E-05   -0.4923979087E+00    0.8703702081E+00   -0.9280823068E-04    0.4284801455E-04    0.6925951431E+01
    0.8450000000E-01   -0.4403722597E-05    0.2941513787E-04    0.9999999996E+00    0.2111309696E-05    0.1615067108E-04    0.1000000000E+01    0.1588257609E-04   -0.4947236247E-05   -0.4704999414E+00    0.8824000254E+00   -0.9378983345E-04    0.4189567081E-04    0.6967177332E+01
    0.8500000000E-01   -0.3464140262E-05    0.2971275348E-04    0.9999999996E+00    0.2650833545E-05    0.1616586833E-04    0.1000000000E+01    0.1593586554E-04   -0.5096255311E-05   -0.4483082704E+00    0.8938790156E+00   -0.9476023897E-04    0.4092078975E-04    0.7008403234E+01
    0.8550000000E-01   -0.2509915463E-05    0.2998117591E-04    0.9999999996E+00    0.3193670349E-05    0.1616348981E-04    0.1000000000E+01    0.1598832739E-04   -0.5246532145E-05   -0.4258367486E+00    0.9048000129E+00   -0.9571898951E-04    0.3992344146E-04    0.7049629135E+01
    0.8600000000E-01   -0.1541927085E-05    0.3021977366E-04    0.9999999996E+00    0.3739262257E-05    0.1614333540E-04    0.1000000000E+01    0.1603994734E-04   -0.5398067657E-05   -0.4030994035E+00    0.9151562002E+00   -0.9666562601E-04    0.3890370445E-04    0.7090855036E+01
    0.8650000000E-01   -0.5610792668E-06    0.3042794069E-04    0.9999999996E+00    0.4287041958E-05    0.1610522216E-04    0.1000000000E+01    0.1609071102E-04   -0.5550862651E-05   -0.3801104286E+00    0.9249411126E+00   -0.9759968822E-04    0.3786166571E-04    0.7132080938E+01
    0.8700000000E-01    0.4316993057E-06    0.3060509739E-04    0.9999999996E+00    0.4836433197E-05    0.1604898479E-04    0.1000000000E+01    0.1614060394E-04   -0.5704917826E-05   -0.3568841746E+00    0.9341486422E+00   -0.9852071484E-04    0.3679742078E-04    0.7173306839E+01
    0.8750000000E-01    0.1435456131E-05    0.3075069150E-04    0.9999999996E+00    0.5386851300E-05    0.1597447596E-04    0.1000000000E+01    0.1618961155E-04   -0.5860233777E-05   -0.3334351401E+00    0.9427730411E+00   -0.9942824365E-04    0.3571107384E-04    0.7214532740E+01
    0.8800000000E-01    0.2449215667E-05    0.3086419906E-04    0.9999999996E+00    0.5937703720E-05    0.1588156671E-04    0.1000000000E+01    0.1623771920E-04   -0.6016810990E-05   -0.3097779628E+00    0.9508089259E+00   -0.1003218117E-03    0.3460273774E-04    0.7255758642E+01
    0.8850000000E-01    0.3471980132E-05    0.3094512530E-04    0.9999999996E+00    0.6488390600E-05    0.1577014681E-04    0.1000000000E+01    0.1628491215E-04   -0.6174649842E-05   -0.2859274106E+00    0.9582512800E+00   -0.1012009554E-03    0.3347253407E-04    0.7296984543E+01
    0.8900000000E-01    0.4502730348E-05    0.3099300551E-04    0.9999999996E+00    0.7038305343E-05    0.1564012507E-04    0.1000000000E+01    0.1633117559E-04   -0.6333750602E-05   -0.2618983718E+00    0.9650954578E+00   -0.1020652106E-03    0.3232059325E-04    0.7338210444E+01
    0.8950000000E-01    0.5540426612E-05    0.3100740591E-04    0.9999999996E+00    0.7586835204E-05    0.1549142968E-04    0.1000000000E+01    0.1637649460E-04   -0.6494113427E-05   -0.2377058462E+00    0.9713371868E+00   -0.1029141131E-03    0.3114705454E-04    0.7379436346E+01
    0.9000000000E-01    0.6584009599E-05    0.3098792447E-04    0.9999999996E+00    0.8133361889E-05    0.1532400850E-04    0.1000000000E+01    0.1642085418E-04   -0.6655738360E-05   -0.2133649356E+00    0.9769725707E+00   -0.1037471983E-03    0.2995206613E-04    0.7420662247E+01
    0.9050000000E-01    0.7632401300E-05    0.3093419175E-04    0.9999999996E+00    0.8677262173E-05    0.1513782936E-04    0.1000000000E+01    0.1646423925E-04   -0.6818625334E-05   -0.1888908347E+00    0.9819980918E+00   -0.1045640016E-03    0.2873578518E-04    0.7461888149E+01
    0.9100000000E-01    0.8684505992E-05    0.3084587163E-04    0.9999999996E+00    0.9217908523E-05    0.1493288031E-04    0.1000000000E+01    0.1650663465E-04   -0.6982774164E-05   -0.1642988211E+00    0.9864106128E+00   -0.1053640587E-03    0.2749837788E-04    0.7503114050E+01
    0.9150000000E-01    0.9739211232E-05    0.3072266211E-04    0.9999999996E+00    0.9754669742E-05    0.1470916988E-04    0.1000000000E+01    0.1654802512E-04   -0.7148184548E-05   -0.1396042460E+00    0.9902073794E+00   -0.1061469056E-03    0.2624001948E-04    0.7544339951E+01
    0.9200000000E-01    0.1079538889E-04    0.3056429601E-04    0.9999999995E+00    0.1028691162E-04    0.1446672728E-04    0.1000000000E+01    0.1658839532E-04   -0.7314856070E-05   -0.1148225246E+00    0.9933860214E+00   -0.1069120787E-03    0.2496089434E-04    0.7585565853E+01
    0.9250000000E-01    0.1185189621E-04    0.3037054168E-04    0.9999999995E+00    0.1081399758E-04    0.1420560265E-04    0.1000000000E+01    0.1662772983E-04   -0.7482788192E-05   -0.8996912680E-01    0.9959445546E+00   -0.1076591149E-03    0.2366119599E-04    0.7626791754E+01
    0.9300000000E-01    0.1290757689E-04    0.3014120364E-04    0.9999999995E+00    0.1133528939E-04    0.1392586720E-04    0.1000000000E+01    0.1666601314E-04   -0.7651980255E-05   -0.6505956685E-01    0.9978813820E+00   -0.1083875522E-03    0.2234112716E-04    0.7668017655E+01
    0.9350000000E-01    0.1396126218E-04    0.2987612324E-04    0.9999999995E+00    0.1185014780E-04    0.1362761343E-04    0.1000000000E+01    0.1670322966E-04   -0.7822431482E-05   -0.4010939428E-01    0.9991952943E+00   -0.1090969294E-03    0.2100089981E-04    0.7709243557E+01
    0.9400000000E-01    0.1501177208E-04    0.2957517925E-04    0.9999999995E+00    0.1235793324E-04    0.1331095520E-04    0.1000000000E+01    0.1673936372E-04   -0.7994140971E-05   -0.1513418392E-01    0.9998854715E+00   -0.1097867864E-03    0.1964073516E-04    0.7750469458E+01
    0.9450000000E-01    0.1605791641E-04    0.2923828841E-04    0.9999999995E+00    0.1285800655E-04    0.1297602793E-04    0.1000000000E+01    0.1677439955E-04   -0.8167107694E-05    0.9850473756E-02    0.9999514828E+00   -0.1104566645E-03    0.1826086375E-04    0.7791695359E+01
    0.9500000000E-01    0.1709849610E-04    0.2886540598E-04    0.9999999995E+00    0.1334972965E-04    0.1262298863E-04    0.1000000000E+01    0.1680832133E-04   -0.8341330500E-05    0.3482898240E-01    0.9993932868E+00   -0.1111061065E-03    0.1686152544E-04    0.7832921261E+01
    0.9550000000E-01    0.1813230434E-04    0.2845652623E-04    0.9999999995E+00    0.1383246628E-04    0.1225201604E-04    0.1000000000E+01    0.1684111312E-04   -0.8516808110E-05    0.5978574949E-01    0.9982112321E+00   -0.1117346566E-03    0.1544296945E-04    0.7874147162E+01
    0.9600000000E-01    0.1915812782E-04    0.2801168287E-04    0.9999999995E+00    0.1430558271E-04    0.1186331063E-04    0.1000000000E+01    0.1687275892E-04   -0.8693539116E-05    0.8470519608E-01    0.9964060565E+00   -0.1123418610E-03    0.1400545439E-04    0.7915373063E+01
    0.9650000000E-01    0.2017474804E-04    0.2753094951E-04    0.9999999995E+00    0.1476844844E-04    0.1145709466E-04    0.1000000000E+01    0.1690324266E-04   -0.8871521983E-05    0.1095717665E+00    0.9939788869E+00   -0.1129272680E-03    0.1254924826E-04    0.7956598965E+01
    0.9700000000E-01    0.2118094251E-04    0.2701444002E-04    0.9999999995E+00    0.1522043698E-04    0.1103361219E-04    0.1000000000E+01    0.1693254817E-04   -0.9050755041E-05    0.1343699381E+00    0.9909312385E+00   -0.1134904280E-03    0.1107462849E-04    0.7997824866E+01
    0.9750000000E-01    0.2217548611E-04    0.2646230884E-04    0.9999999995E+00    0.1566092654E-04    0.1059312904E-04    0.1000000000E+01    0.1696065919E-04   -0.9231236491E-05    0.1590842310E+00    0.9872650136E+00   -0.1140308935E-03    0.9581881931E-05    0.8039050768E+01
    0.9800000000E-01    0.2315715237E-04    0.2587475134E-04    0.9999999995E+00    0.1608930078E-04    0.1013593279E-04    0.1000000000E+01    0.1698755942E-04   -0.9412964398E-05    0.1836992175E+00    0.9829825009E+00   -0.1145482198E-03    0.8071304901E-05    0.8080276669E+01
    0.9850000000E-01    0.2412471482E-04    0.2525200403E-04    0.9999999995E+00    0.1650494959E-04    0.9662332664E-05    0.1000000000E+01    0.1701323244E-04   -0.9595936694E-05    0.2081995321E+00    0.9780863737E+00   -0.1150419648E-03    0.6543203157E-05    0.8121502570E+01
    0.9900000000E-01    0.2507694832E-04    0.2459434477E-04    0.9999999995E+00    0.1690726974E-04    0.9172659473E-05    0.1000000000E+01    0.1703766178E-04   -0.9780151171E-05    0.2325698808E+00    0.9725796884E+00   -0.1155116894E-03    0.4997891921E-05    0.8162728472E+01
    0.9950000000E-01    0.2601263043E-04    0.2390209300E-04    0.9999999994E+00    0.1729566571E-04    0.8667265495E-05    0.1000000000E+01    0.1706083088E-04   -0.9965605488E-05    0.2567950506E+00    0.9664658823E+00   -0.1159569574E-03    0.3435695880E-05    0.8203954373E+01
    0.1000000000E+00    0.2693054279E-04    0.2317560979E-04    0.9999999994E+00    0.1766955041E-04    0.8146524335E-05    0.1000000000E+01    0.1708272310E-04   -0.1015229716E-04    0.2808599193E+00    0.9597487720E+00   -0.1163773359E-03    0.1856949179E-05    0.8245180274E+01
    0.1005000000E+00    0.2782947249E-04    0.2241529800E-04    0.9999999994E+00    0.1802834589E-04    0.7610830758E-05    0.1000000000E+01    0.1710332174E-04   -0.1034022356E-04    0.3047494647E+00    0.9524325506E+00   -0.1167723955E-03    0.2619954266E-06    0.8286406176E+01
    0.1010000000E+00    0.2870821348E-04    0.2162160225E-04    0.9999999994E+00    0.1837148410E-04    0.7060600502E-05    0.1000000000E+01    0.1712261000E-04   -0.1052938194E-04    0.3284487741E+00    0.9445217850E+00   -0.1171417103E-03   -0.1348812322E-05    0.8327632077E+01
    0.1015000000E+00    0.2956556796E-04    0.2079500897E-04    0.9999999994E+00    0.1869840764E-04    0.6496270064E-05    0.1000000000E+01    0.1714057103E-04   -0.1071976937E-04    0.3519430535E+00    0.9360214136E+00   -0.1174848584E-03   -0.2975111569E-05    0.8368857978E+01
    0.1020000000E+00    0.3040034780E-04    0.1993604631E-04    0.9999999994E+00    0.1900857050E-04    0.5918296457E-05    0.1000000000E+01    0.1715718789E-04   -0.1091138280E-04    0.3752176368E+00    0.9269367425E+00   -0.1178014217E-03   -0.4616530390E-05    0.8410083880E+01
    0.1025000000E+00    0.3121137596E-04    0.1904528406E-04    0.9999999994E+00    0.1930143873E-04    0.5327156948E-05    0.1000000000E+01    0.1717244357E-04   -0.1110421904E-04    0.3982579952E+00    0.9172734428E+00   -0.1180909864E-03   -0.6272687452E-05    0.8451309781E+01
    0.1030000000E+00    0.3199748788E-04    0.1812333351E-04    0.9999999994E+00    0.1957649127E-04    0.4723348766E-05    0.1000000000E+01    0.1718632099E-04   -0.1129827473E-04    0.4210497460E+00    0.9070375466E+00   -0.1183531429E-03   -0.7943192032E-05    0.8492535682E+01
    0.1035000000E+00    0.3275753294E-04    0.1717084723E-04    0.9999999994E+00    0.1983322056E-04    0.4107388789E-05    0.1000000000E+01    0.1719880298E-04   -0.1149354639E-04    0.4435786618E+00    0.8962354436E+00   -0.1185874863E-03   -0.9627644043E-05    0.8533761584E+01
    0.1040000000E+00    0.3349037588E-04    0.1618851887E-04    0.9999999994E+00    0.2007113333E-04    0.3479813197E-05    0.1000000000E+01    0.1720987234E-04   -0.1169003036E-04    0.4658306792E+00    0.8848738768E+00   -0.1187936165E-03   -0.1132563406E-04    0.8574987485E+01
    0.1045000000E+00    0.3419489820E-04    0.1517708283E-04    0.9999999994E+00    0.2028975129E-04    0.2841177113E-05    0.1000000000E+01    0.1721951175E-04   -0.1188772284E-04    0.4877919076E+00    0.8729599386E+00   -0.1189711382E-03   -0.1303674335E-04    0.8616213386E+01
    0.1050000000E+00    0.3486999959E-04    0.1413731395E-04    0.9999999994E+00    0.2048861179E-04    0.2192054208E-05    0.1000000000E+01    0.1722770385E-04   -0.1208661989E-04    0.5094486380E+00    0.8605010661E+00   -0.1191196613E-03   -0.1476054391E-04    0.8657439288E+01
    0.1055000000E+00    0.3551459937E-04    0.1307002713E-04    0.9999999994E+00    0.2066726857E-04    0.1533036284E-05    0.1000000000E+01    0.1723443120E-04   -0.1228671739E-04    0.5307873515E+00    0.8475050366E+00   -0.1192388009E-03   -0.1649659850E-04    0.8698665189E+01
    0.1060000000E+00    0.3612763787E-04    0.1197607687E-04    0.9999999993E+00    0.2082529239E-04    0.8647328377E-06    0.1000000000E+01    0.1723967630E-04   -0.1248801109E-04    0.5517947277E+00    0.8339799627E+00   -0.1193281779E-03   -0.1824446069E-04    0.8739891090E+01
    0.1065000000E+00    0.3670807787E-04    0.1085635681E-04    0.9999999993E+00    0.2096227172E-04    0.1877705908E-06    0.1000000000E+01    0.1724342158E-04   -0.1269049656E-04    0.5724576528E+00    0.8199342872E+00   -0.1193874185E-03   -0.2000367491E-04    0.8781116992E+01
    0.1070000000E+00    0.3725490596E-04    0.9711799214E-05    0.9999999993E+00    0.2107781338E-04   -0.4972069966E-06    0.1000000000E+01    0.1724564939E-04   -0.1289416923E-04    0.5927632285E+00    0.8053767780E+00   -0.1194161552E-03   -0.2177377647E-04    0.8822342893E+01
    0.1075000000E+00    0.3776713396E-04    0.8543374346E-05    0.9999999993E+00    0.2117154320E-04   -0.1189540241E-05    0.1000000000E+01    0.1724634202E-04   -0.1309902436E-04    0.6126987792E+00    0.7903165224E+00   -0.1194140262E-03   -0.2355429165E-04    0.8863568794E+01
    0.1080000000E+00    0.3824380029E-04    0.7352089883E-05    0.9999999993E+00    0.2124310666E-04   -0.1888553770E-05    0.1000000000E+01    0.1724548171E-04   -0.1330505704E-04    0.6322518603E+00    0.7747629217E+00   -0.1193806763E-03   -0.2534473774E-04    0.8904794696E+01
    0.1085000000E+00    0.3868397131E-04    0.6138990229E-05    0.9999999993E+00    0.2129216947E-04   -0.2593557089E-05    0.1000000000E+01    0.1724305062E-04   -0.1351226221E-04    0.6514102660E+00    0.7587256848E+00   -0.1193157566E-03   -0.2714462309E-04    0.8946020597E+01
    0.1090000000E+00    0.3908674269E-04    0.4905155786E-05    0.9999999993E+00    0.2131841819E-04   -0.3303845158E-05    0.1000000000E+01    0.1723903085E-04   -0.1372063464E-04    0.6701620371E+00    0.7422148230E+00   -0.1192189249E-03   -0.2895344720E-04    0.8987246499E+01
    0.1095000000E+00    0.3945124074E-04    0.3651702189E-05    0.9999999993E+00    0.2132156083E-04   -0.4018699001E-05    0.1000000000E+01    0.1723340444E-04   -0.1393016895E-04    0.6884954680E+00    0.7252406429E+00   -0.1190898458E-03   -0.3077070073E-04    0.9028472400E+01
    0.1100000000E+00    0.3977662371E-04    0.2379779485E-05    0.9999999993E+00    0.2130132741E-04   -0.4737386337E-05    0.1000000000E+01    0.1722615336E-04   -0.1414085956E-04    0.7063991141E+00    0.7078137404E+00   -0.1189281912E-03   -0.3259586567E-04    0.9069698301E+01
    0.1105000000E+00    0.4006208310E-04    0.1090571268E-05    0.9999999993E+00    0.2125747047E-04   -0.5459162225E-05    0.1000000000E+01    0.1721725952E-04   -0.1435270075E-04    0.7238617995E+00    0.6899449940E+00   -0.1187336398E-03   -0.3442841530E-04    0.9110924203E+01
    0.1110000000E+00    0.4030684491E-04   -0.2147062355E-06    0.9999999993E+00    0.2118976567E-04   -0.6183269741E-05    0.1000000000E+01    0.1720670479E-04   -0.1456568661E-04    0.7408726232E+00    0.6716455581E+00   -0.1185058782E-03   -0.3626781435E-04    0.9152150104E+01
    0.1115000000E+00    0.4051017092E-04   -0.1534805122E-05    0.9999999993E+00    0.2109801224E-04   -0.6908940671E-05    0.1000000000E+01    0.1719447095E-04   -0.1477981108E-04    0.7574209664E+00    0.6529268559E+00   -0.1182446003E-03   -0.3811351907E-04    0.9193376005E+01
    0.1120000000E+00    0.4067135987E-04   -0.2868446818E-05    0.9999999992E+00    0.2098203354E-04   -0.7635396219E-05    0.1000000000E+01    0.1718053975E-04   -0.1499506790E-04    0.7734964991E+00    0.6338005723E+00   -0.1179495080E-03   -0.3996497727E-04    0.9234601907E+01
    0.1125000000E+00    0.4078974868E-04   -0.4214323132E-05    0.9999999992E+00    0.2084167744E-04   -0.8361847747E-05    0.1000000000E+01    0.1716489287E-04   -0.1521145067E-04    0.7890891863E+00    0.6142786466E+00   -0.1176203110E-03   -0.4182162847E-04    0.9275827808E+01
    0.1130000000E+00    0.4086471365E-04   -0.5571097347E-05    0.9999999992E+00    0.2067681688E-04   -0.9087497520E-05    0.1000000000E+01    0.1714751193E-04   -0.1542895277E-04    0.8041892944E+00    0.5943732651E+00   -0.1172567275E-03   -0.4368290395E-04    0.9317053709E+01
    0.1135000000E+00    0.4089567153E-04   -0.6937405358E-05    0.9999999992E+00    0.2048735019E-04   -0.9811539485E-05    0.1000000000E+01    0.1712837850E-04   -0.1564756745E-04    0.8187873975E+00    0.5740968536E+00   -0.1168584839E-03   -0.4554822686E-04    0.9358279611E+01
    0.1140000000E+00    0.4088208068E-04   -0.8311856857E-05    0.9999999992E+00    0.2027320158E-04   -0.1053316005E-04    0.1000000000E+01    0.1710747409E-04   -0.1586728774E-04    0.8328743827E+00    0.5534620693E+00   -0.1164253152E-03   -0.4741701235E-04    0.9399505512E+01
    0.1145000000E+00    0.4082344214E-04   -0.9693036555E-05    0.9999999992E+00    0.2003432147E-04   -0.1125153891E-04    0.1000000000E+01    0.1708478018E-04   -0.1608810651E-04    0.8464414566E+00    0.5324817932E+00   -0.1159569652E-03   -0.4928866762E-04    0.9440731413E+01
    0.1150000000E+00    0.4071930062E-04   -0.1107950545E-04    0.9999999992E+00    0.1977068689E-04   -0.1196584984E-04    0.1000000000E+01    0.1706027816E-04   -0.1631001646E-04    0.8594801500E+00    0.5111691220E+00   -0.1154531865E-03   -0.5116259209E-04    0.9481957315E+01
    0.1155000000E+00    0.4056924560E-04   -0.1246980213E-04    0.9999999992E+00    0.1948230175E-04   -0.1267526157E-04    0.1000000000E+01    0.1703394941E-04   -0.1653301007E-04    0.8719823236E+00    0.4895373599E+00   -0.1149137411E-03   -0.5303817745E-04    0.9523183216E+01
    0.1160000000E+00    0.4037291219E-04   -0.1386244413E-04    0.9999999992E+00    0.1916919720E-04   -0.1337893859E-04    0.1000000000E+01    0.1700577522E-04   -0.1675707968E-04    0.8839401732E+00    0.4676000103E+00   -0.1143384003E-03   -0.5491480785E-04    0.9564409117E+01
    0.1165000000E+00    0.4012998213E-04   -0.1525592929E-04    0.9999999992E+00    0.1883143192E-04   -0.1407604208E-04    0.1000000000E+01    0.1697573687E-04   -0.1698221740E-04    0.8953462343E+00    0.4453707672E+00   -0.1137269446E-03   -0.5679185994E-04    0.9605635019E+01
    0.1170000000E+00    0.3984018466E-04   -0.1664873722E-04    0.9999999991E+00    0.1846909229E-04   -0.1476573075E-04    0.1000000000E+01    0.1694381557E-04   -0.1720841520E-04    0.9061933866E+00    0.4228635070E+00   -0.1130791646E-03   -0.5866870307E-04    0.9646860920E+01
    0.1175000000E+00    0.3950329735E-04   -0.1803933072E-04    0.9999999991E+00    0.1808229271E-04   -0.1544716175E-04    0.1000000000E+01    0.1690999248E-04   -0.1743566482E-04    0.9164748591E+00    0.4000922795E+00   -0.1123948605E-03   -0.6054469938E-04    0.9688086821E+01
    0.1180000000E+00    0.3911914690E-04   -0.1942615729E-04    0.9999999991E+00    0.1767117576E-04   -0.1611949156E-04    0.1000000000E+01    0.1687424873E-04   -0.1766395782E-04    0.9261842336E+00    0.3770712994E+00   -0.1116738427E-03   -0.6241920392E-04    0.9729312723E+01
    0.1185000000E+00    0.3868760994E-04   -0.2080765066E-04    0.9999999991E+00    0.1723591235E-04   -0.1678187695E-04    0.1000000000E+01    0.1683656540E-04   -0.1789328559E-04    0.9353154492E+00    0.3538149373E+00   -0.1109159318E-03   -0.6429156482E-04    0.9770538624E+01
    0.1190000000E+00    0.3820861368E-04   -0.2218223234E-04    0.9999999991E+00    0.1677670187E-04   -0.1743347585E-04    0.1000000000E+01    0.1679692352E-04   -0.1812363930E-04    0.9438628059E+00    0.3303377107E+00   -0.1101209588E-03   -0.6616112341E-04    0.9811764525E+01
    0.1195000000E+00    0.3768213662E-04   -0.2354831324E-04    0.9999999991E+00    0.1629377233E-04   -0.1807344836E-04    0.1000000000E+01    0.1675530409E-04   -0.1835500993E-04    0.9518209680E+00    0.3066542748E+00   -0.1092887654E-03   -0.6802721439E-04    0.9852990427E+01
    0.1200000000E+00    0.3710820914E-04   -0.2490429526E-04    0.9999999991E+00    0.1578738039E-04   -0.1870095761E-04    0.1000000000E+01    0.1671168807E-04   -0.1858738829E-04    0.9591849678E+00    0.2827794139E+00   -0.1084192039E-03   -0.6988916592E-04    0.9894216328E+01
    0.1205000000E+00    0.3648691407E-04   -0.2624857295E-04    0.9999999991E+00    0.1525781146E-04   -0.1931517081E-04    0.1000000000E+01    0.1666605636E-04   -0.1882076496E-04    0.9659502084E+00    0.2587280315E+00   -0.1075121377E-03   -0.7174629986E-04    0.9935442229E+01
    0.1210000000E+00    0.3581838724E-04   -0.2757953520E-04    0.9999999991E+00    0.1470537966E-04   -0.1991526013E-04    0.1000000000E+01    0.1661838985E-04   -0.1905513033E-04    0.9721124667E+00    0.2345151413E+00   -0.1065674414E-03   -0.7359793183E-04    0.9976668131E+01
    0.1215000000E+00    0.3510281786E-04   -0.2889556694E-04    0.9999999990E+00    0.1413042787E-04   -0.2050040370E-04    0.1000000000E+01    0.1656866938E-04   -0.1929047459E-04    0.9776678959E+00    0.2101558580E+00   -0.1055850005E-03   -0.7544337145E-04    0.1001789403E+02
    0.1220000000E+00    0.3434044902E-04   -0.3019505084E-04    0.9999999990E+00    0.1353332764E-04   -0.2106978661E-04    0.1000000000E+01    0.1651687576E-04   -0.1952678775E-04    0.9826130282E+00    0.1856653876E+00   -0.1045647125E-03   -0.7728192247E-04    0.1005911993E+02
    0.1225000000E+00    0.3353157798E-04   -0.3147636912E-04    0.9999999990E+00    0.1291447911E-04   -0.2162260182E-04    0.1000000000E+01    0.1646298975E-04   -0.1976405958E-04    0.9869447766E+00    0.1610590178E+00   -0.1035064860E-03   -0.7911288293E-04    0.1010034583E+02
    0.1230000000E+00    0.3267655650E-04   -0.3273790527E-04    0.9999999990E+00    0.1227431095E-04   -0.2215805119E-04    0.1000000000E+01    0.1640699210E-04   -0.2000227968E-04    0.9906604372E+00    0.1363521090E+00   -0.1024102419E-03   -0.8093554535E-04    0.1014157174E+02
    0.1235000000E+00    0.3177579106E-04   -0.3397804583E-04    0.9999999990E+00    0.1161328016E-04   -0.2267534645E-04    0.1000000000E+01    0.1634886352E-04   -0.2024143741E-04    0.9937576903E+00    0.1115600841E+00   -0.1012759126E-03   -0.8274919689E-04    0.1018279764E+02
    0.1240000000E+00    0.3082974309E-04   -0.3519518225E-04    0.9999999990E+00    0.1093187193E-04   -0.2317371015E-04    0.1000000000E+01    0.1628858469E-04   -0.2048152196E-04    0.9962346026E+00    0.8669841915E-01   -0.1001034430E-03   -0.8455311955E-04    0.1022402354E+02
    0.1245000000E+00    0.2983892903E-04   -0.3638771269E-04    0.9999999990E+00    0.1023059942E-04   -0.2365237668E-04    0.1000000000E+01    0.1622613626E-04   -0.2072252227E-04    0.9980896280E+00    0.6178263384E-01   -0.9889278996E-04   -0.8634659033E-04    0.1026524944E+02
    0.1250000000E+00    0.2880392045E-04   -0.3755404382E-04    0.9999999990E+00    0.9510003516E-05   -0.2411059321E-04    0.1000000000E+01    0.1616149884E-04   -0.2096442711E-04    0.9993216084E+00    0.3682828149E-01   -0.9764392297E-04   -0.8812888143E-04    0.1030647534E+02
    0.1255000000E+00    0.2772534405E-04   -0.3869259273E-04    0.9999999989E+00    0.8770652577E-05   -0.2454762069E-04    0.1000000000E+01    0.1609465305E-04   -0.2120722501E-04    0.9999297748E+00    0.1185093954E-01   -0.9635682403E-04   -0.8989926045E-04    0.1034770124E+02
    0.1260000000E+00    0.2660388158E-04   -0.3980178873E-04    0.9999999989E+00    0.8013142098E-05   -0.2496273481E-04    0.1000000000E+01    0.1602557946E-04   -0.2145090430E-04    0.9999137476E+00   -0.1313380020E-01   -0.9503148791E-04   -0.9165699056E-04    0.1038892714E+02
    0.1265000000E+00    0.2544026976E-04   -0.4088007526E-04    0.9999999989E+00    0.7238094391E-05   -0.2535522697E-04    0.1000000000E+01    0.1595425862E-04   -0.2169545310E-04    0.9992735367E+00   -0.3811034134E-01   -0.9366792224E-04   -0.9340133073E-04    0.1043015305E+02
    0.1270000000E+00    0.2423530009E-04   -0.4192591173E-04    0.9999999989E+00    0.6446158202E-05   -0.2572440524E-04    0.1000000000E+01    0.1588067106E-04   -0.2194085929E-04    0.9980095419E+00   -0.6306309257E-01   -0.9226614769E-04   -0.9513153591E-04    0.1047137895E+02
    0.1275000000E+00    0.2298981860E-04   -0.4293777544E-04    0.9999999989E+00    0.5638008303E-05   -0.2606959528E-04    0.1000000000E+01    0.1580479729E-04   -0.2218711056E-04    0.9961225521E+00   -0.8797647745E-01   -0.9082619812E-04   -0.9684685721E-04    0.1051260485E+02
    0.1280000000E+00    0.2170472558E-04   -0.4391416339E-04    0.9999999989E+00    0.4814345057E-05   -0.2639014136E-04    0.1000000000E+01    0.1572661781E-04   -0.2243419437E-04    0.9936137452E+00   -0.1128349441E+00   -0.8934812068E-04   -0.9854654220E-04    0.1055383075E+02
    0.1285000000E+00    0.2038097520E-04   -0.4485359423E-04    0.9999999989E+00    0.3975893937E-05   -0.2668540719E-04    0.1000000000E+01    0.1564611310E-04   -0.2268209795E-04    0.9904846874E+00   -0.1376229750E+00   -0.8783197600E-04   -0.1002298350E-03    0.1059505665E+02
    0.1290000000E+00    0.1901957508E-04   -0.4575461008E-04    0.9999999989E+00    0.3123405027E-05   -0.2695477695E-04    0.1000000000E+01    0.1556326361E-04   -0.2293080834E-04    0.9867373320E+00   -0.1623250964E+00   -0.8627783826E-04   -0.1018959766E-03    0.1063628255E+02
    0.1295000000E+00    0.1762158579E-04   -0.4661577842E-04    0.9999999988E+00    0.2257652474E-05   -0.2719765612E-04    0.1000000000E+01    0.1547804981E-04   -0.2318031232E-04    0.9823740181E+00   -0.1869258885E+00   -0.8468579541E-04   -0.1035442051E-03    0.1067750845E+02
    0.1300000000E+00    0.1618812034E-04   -0.4743569399E-04    0.9999999988E+00    0.1379433922E-05   -0.2741347243E-04    0.1000000000E+01    0.1539045213E-04   -0.2343059647E-04    0.9773974696E+00   -0.2114099944E+00   -0.8305594920E-04   -0.1051737557E-03    0.1071873435E+02
    0.1305000000E+00    0.1472034352E-04   -0.4821298060E-04    0.9999999988E+00    0.4895699035E-06   -0.2760167670E-04    0.1000000000E+01    0.1530045099E-04   -0.2368164713E-04    0.9718107929E+00   -0.2357621302E+00   -0.8138841539E-04   -0.1067838613E-03    0.1075996026E+02
    0.1310000000E+00    0.1321947123E-04   -0.4894629298E-04    0.9999999988E+00   -0.4110967959E-06   -0.2776174376E-04    0.1000000000E+01    0.1520802682E-04   -0.2393345043E-04    0.9656174755E+00   -0.2599670945E+00   -0.7968332380E-04   -0.1083737524E-03    0.1080118616E+02
    0.1315000000E+00    0.1168676974E-04   -0.4963431866E-04    0.9999999988E+00   -0.1321701806E-05   -0.2789317326E-04    0.1000000000E+01    0.1511316004E-04   -0.2418599225E-04    0.9588213835E+00   -0.2840097776E+00   -0.7794081851E-04   -0.1099426575E-03    0.1084241206E+02
    0.1320000000E+00    0.1012355488E-04   -0.5027577972E-04    0.9999999988E+00   -0.2241359875E-05   -0.2799549054E-04    0.1000000000E+01    0.1501583105E-04   -0.2443925827E-04    0.9514267592E+00   -0.3078751712E+00   -0.7616105789E-04   -0.1114898033E-03    0.1088363796E+02
    0.1325000000E+00    0.8531191166E-05   -0.5086943465E-04    0.9999999988E+00   -0.3169165595E-05   -0.2806824742E-04    0.1000000000E+01    0.1491602025E-04   -0.2469323390E-04    0.9434382187E+00   -0.3315483775E+00   -0.7434421476E-04   -0.1130144150E-03    0.1092486386E+02
    0.1330000000E+00    0.6911090848E-05   -0.5141408012E-04    0.9999999987E+00   -0.4104194170E-05   -0.2811102302E-04    0.1000000000E+01    0.1481370806E-04   -0.2494790435E-04    0.9348607488E+00   -0.3550146189E+00   -0.7249047650E-04   -0.1145157166E-03    0.1096608976E+02
    0.1335000000E+00    0.5264712939E-05   -0.5190855273E-04    0.9999999987E+00   -0.5045502203E-05   -0.2812342450E-04    0.1000000000E+01    0.1470887487E-04   -0.2520325459E-04    0.9256997036E+00   -0.3782592469E+00   -0.7060004513E-04   -0.1159929306E-03    0.1100731566E+02
    0.1340000000E+00    0.3593562129E-05   -0.5235173073E-04    0.9999999987E+00   -0.5992128520E-05   -0.2810508787E-04    0.1000000000E+01    0.1460150110E-04   -0.2545926934E-04    0.9159608021E+00   -0.4012677513E+00   -0.6867313744E-04   -0.1174452792E-03    0.1104854156E+02
    0.1345000000E+00    0.1899187671E-05   -0.5274253577E-04    0.9999999987E+00   -0.6943095019E-05   -0.2805567868E-04    0.1000000000E+01    0.1449156715E-04   -0.2571593310E-04    0.9056501235E+00   -0.4240257693E+00   -0.6670998505E-04   -0.1188719838E-03    0.1108976747E+02
    0.1350000000E+00    0.1831821879E-06   -0.5307993459E-04    0.9999999987E+00   -0.7897407550E-05   -0.2797489275E-04    0.1000000000E+01    0.1437905345E-04   -0.2597323012E-04    0.8947741041E+00   -0.4465190945E+00   -0.6471083455E-04   -0.1202722655E-03    0.1113099337E+02
    0.1355000000E+00   -0.1552819571E-05   -0.5336294062E-04    0.9999999987E+00   -0.8854056820E-05   -0.2786245683E-04    0.1000000000E+01    0.1426394041E-04   -0.2623114443E-04    0.8833395332E+00   -0.4687336858E+00   -0.6267594752E-04   -0.1216453454E-03    0.1117221927E+02
    0.1360000000E+00   -0.3307142044E-05   -0.5359061565E-04    0.9999999986E+00   -0.9812019328E-05   -0.2771812929E-04    0.1000000000E+01    0.1414620847E-04   -0.2648965980E-04    0.8713535487E+00   -0.4906556759E+00   -0.6060560071E-04   -0.1229904449E-03    0.1121344517E+02
    0.1365000000E+00   -0.5078070222E-05   -0.5376207141E-04    0.9999999986E+00   -0.1077025832E-04   -0.2754170071E-04    0.1000000000E+01    0.1402583808E-04   -0.2674875977E-04    0.8588236326E+00   -0.5122713804E+00   -0.5850008604E-04   -0.1243067856E-03    0.1125467107E+02
    0.1370000000E+00   -0.6863851077E-05   -0.5387647110E-04    0.9999999986E+00   -0.1172772480E-04   -0.2733299452E-04    0.1000000000E+01    0.1390280969E-04   -0.2700842762E-04    0.8457576067E+00   -0.5335673059E+00   -0.5635971069E-04   -0.1255935903E-03    0.1129589697E+02
    0.1375000000E+00   -0.8662695054E-05   -0.5393303094E-04    0.9999999986E+00   -0.1268335847E-04   -0.2709186755E-04    0.1000000000E+01    0.1377710378E-04   -0.2726864642E-04    0.8321636271E+00   -0.5545301587E+00   -0.5418479722E-04   -0.1268500824E-03    0.1133712287E+02
    0.1380000000E+00   -0.1047277761E-04   -0.5393102159E-04    0.9999999986E+00   -0.1363608888E-04   -0.2681821058E-04    0.1000000000E+01    0.1364870084E-04   -0.2752939895E-04    0.8180501798E+00   -0.5751468529E+00   -0.5197568358E-04   -0.1280754870E-03    0.1137834878E+02
    0.1385000000E+00   -0.1229224080E-04   -0.5386976964E-04    0.9999999986E+00   -0.1458483636E-04   -0.2651194885E-04    0.1000000000E+01    0.1351758138E-04   -0.2779066778E-04    0.8034260749E+00   -0.5954045190E+00   -0.4973272320E-04   -0.1292690304E-03    0.1141957468E+02
    0.1390000000E+00   -0.1411919497E-04   -0.5374865895E-04    0.9999999985E+00   -0.1552851320E-04   -0.2617304253E-04    0.1000000000E+01    0.1338372592E-04   -0.2805243522E-04    0.7883004414E+00   -0.6152905112E+00   -0.4745628508E-04   -0.1304299411E-03    0.1146080058E+02
    0.1395000000E+00   -0.1595172042E-04   -0.5356713200E-04    0.9999999985E+00   -0.1646602469E-04   -0.2580148720E-04    0.1000000000E+01    0.1324711503E-04   -0.2831468333E-04    0.7726827212E+00   -0.6347924160E+00   -0.4514675375E-04   -0.1315574496E-03    0.1150202648E+02
    0.1400000000E+00   -0.1778786921E-04   -0.5332469117E-04    0.9999999985E+00   -0.1739627026E-04   -0.2539731421E-04    0.1000000000E+01    0.1310772928E-04   -0.2857739391E-04    0.7565826634E+00   -0.6538980597E+00   -0.4280452944E-04   -0.1326507888E-03    0.1154325238E+02
    0.1405000000E+00   -0.1962566693E-04   -0.5302090001E-04    0.9999999985E+00   -0.1831814464E-04   -0.2496059111E-04    0.1000000000E+01    0.1296554927E-04   -0.2884054853E-04    0.7400103185E+00   -0.6725955156E+00   -0.4043002803E-04   -0.1337091943E-03    0.1158447828E+02
    0.1410000000E+00   -0.2146311460E-04   -0.5265538438E-04    0.9999999985E+00   -0.1923053898E-04   -0.2449142196E-04    0.1000000000E+01    0.1282055565E-04   -0.2910412849E-04    0.7229760313E+00   -0.6908731122E+00   -0.3802368113E-04   -0.1347319048E-03    0.1162570418E+02
    0.1415000000E+00   -0.2329819054E-04   -0.5222783362E-04    0.9999999985E+00   -0.2013234207E-04   -0.2398994765E-04    0.1000000000E+01    0.1267272907E-04   -0.2936811483E-04    0.7054904354E+00   -0.7087194400E+00   -0.3558593613E-04   -0.1357181624E-03    0.1166693008E+02
    0.1420000000E+00   -0.2512885238E-04   -0.5173800158E-04    0.9999999984E+00   -0.2102244149E-04   -0.2345634616E-04    0.1000000000E+01    0.1252205025E-04   -0.2963248836E-04    0.6875644459E+00   -0.7261233584E+00   -0.3311725620E-04   -0.1366672125E-03    0.1170815599E+02
    0.1425000000E+00   -0.2695303903E-04   -0.5118570768E-04    0.9999999984E+00   -0.2189972486E-04   -0.2289083283E-04    0.1000000000E+01    0.1236849990E-04   -0.2989722961E-04    0.6692092530E+00   -0.7430740035E+00   -0.3061812031E-04   -0.1375783046E-03    0.1174938189E+02
    0.1430000000E+00   -0.2876867273E-04   -0.5057083783E-04    0.9999999984E+00   -0.2276308103E-04   -0.2229366049E-04    0.1000000000E+01    0.1221205882E-04   -0.3016231886E-04    0.6504363145E+00   -0.7595607940E+00   -0.2808902330E-04   -0.1384506924E-03    0.1179060779E+02
    0.1435000000E+00   -0.3057366114E-04   -0.4989334536E-04    0.9999999984E+00   -0.2361140132E-04   -0.2166511967E-04    0.1000000000E+01    0.1205270780E-04   -0.3042773614E-04    0.6312573493E+00   -0.7755734381E+00   -0.2553047584E-04   -0.1392836341E-03    0.1183183369E+02
    0.1440000000E+00   -0.3236589948E-04   -0.4915325179E-04    0.9999999984E+00   -0.2444358078E-04   -0.2100553870E-04    0.1000000000E+01    0.1189042770E-04   -0.3069346120E-04    0.6116843297E+00   -0.7911019402E+00   -0.2294300446E-04   -0.1400763925E-03    0.1187305959E+02
    0.1445000000E+00   -0.3414327268E-04   -0.4835064765E-04    0.9999999983E+00   -0.2525851943E-04   -0.2031528375E-04    0.1000000000E+01    0.1172519943E-04   -0.3095947355E-04    0.5917294737E+00   -0.8061366068E+00   -0.2032715157E-04   -0.1408282358E-03    0.1191428549E+02
    0.1450000000E+00   -0.3590365762E-04   -0.4748569316E-04    0.9999999983E+00   -0.2605512354E-04   -0.1959475893E-04    0.1000000000E+01    0.1155700393E-04   -0.3122575242E-04    0.5714052380E+00   -0.8206680528E+00   -0.1768347544E-04   -0.1415384374E-03    0.1195551139E+02
    0.1455000000E+00   -0.3764492530E-04   -0.4655861884E-04    0.9999999983E+00   -0.2683230690E-04   -0.1884440625E-04    0.1000000000E+01    0.1138582219E-04   -0.3149227679E-04    0.5507243098E+00   -0.8346872070E+00   -0.1501255020E-04   -0.1422062764E-03    0.1199673729E+02
    0.1460000000E+00   -0.3936494320E-04   -0.4556972607E-04    0.9999999983E+00   -0.2758899208E-04   -0.1806470554E-04    0.1000000000E+01    0.1121163526E-04   -0.3175902537E-04    0.5296995988E+00   -0.8481853181E+00   -0.1231496584E-04   -0.1428310382E-03    0.1203796320E+02
    0.1465000000E+00   -0.4106157750E-04   -0.4451938761E-04    0.9999999983E+00   -0.2832411173E-04   -0.1725617442E-04    0.1000000000E+01    0.1103442424E-04   -0.3202597660E-04    0.5083442295E+00   -0.8611539602E+00   -0.9591328150E-05   -0.1434120142E-03    0.1207918910E+02
    0.1470000000E+00   -0.4273269545E-04   -0.4340804798E-04    0.9999999982E+00   -0.2903660989E-04   -0.1641936812E-04    0.1000000000E+01    0.1085417027E-04   -0.3229310865E-04    0.4866715326E+00   -0.8735850378E+00   -0.6842258766E-05   -0.1439485026E-03    0.1212041500E+02
    0.1475000000E+00   -0.4437616772E-04   -0.4223622381E-04    0.9999999982E+00   -0.2972544323E-04   -0.1555487935E-04    0.1000000000E+01    0.1067085459E-04   -0.3256039944E-04    0.4646950372E+00   -0.8854707908E+00   -0.4068395087E-05   -0.1444398087E-03    0.1216164090E+02
    0.1480000000E+00   -0.4598987078E-04   -0.4100450412E-04    0.9999999982E+00   -0.3038958238E-04   -0.1466333802E-04    0.1000000000E+01    0.1048445844E-04   -0.3282782661E-04    0.4424284617E+00   -0.8968037997E+00   -0.1270390262E-05   -0.1448852448E-03    0.1220286680E+02
    0.1485000000E+00   -0.4757168928E-04   -0.3971355046E-04    0.9999999982E+00   -0.3102801323E-04   -0.1374541103E-04    0.1000000000E+01    0.1029496318E-04   -0.3309536751E-04    0.4198857057E+00   -0.9075769901E+00    0.1551086849E-05   -0.1452841310E-03    0.1224409270E+02
    0.1490000000E+00   -0.4911951847E-04   -0.3836409708E-04    0.9999999982E+00   -0.3163973818E-04   -0.1280180194E-04    0.1000000000E+01    0.1010235020E-04   -0.3336299926E-04    0.3970808414E+00   -0.9177836369E+00    0.4395351727E-05   -0.1456357952E-03    0.1228531860E+02
    0.1495000000E+00   -0.5063126667E-04   -0.3695695094E-04    0.9999999981E+00   -0.3222377744E-04   -0.1183325064E-04    0.1000000000E+01    0.9906600977E-05   -0.3363069868E-04    0.3740281043E+00   -0.9274173688E+00    0.7261704239E-05   -0.1459395738E-03    0.1232654450E+02
    0.1500000000E+00   -0.5210485768E-04   -0.3549299165E-04    0.9999999981E+00   -0.3277917035E-04   -0.1084053293E-04    0.1000000000E+01    0.9707697039E-05   -0.3389844231E-04    0.3507418848E+00   -0.9364721720E+00    0.1014942870E-04   -0.1461948114E-03    0.1236777041E+02
    0.1505000000E+00   -0.5353823324E-04   -0.3397317133E-04    0.9999999981E+00   -0.3330497658E-04   -0.9824460100E-05    0.1000000000E+01    0.9505620002E-05   -0.3416620644E-04    0.3272367192E+00   -0.9449423942E+00    0.1305779392E-04   -0.1464008616E-03    0.1240899631E+02
    0.1510000000E+00   -0.5492935550E-04   -0.3239851446E-04    0.9999999981E+00   -0.3380027748E-04   -0.8785878436E-05    0.1000000000E+01    0.9300351551E-05   -0.3443396706E-04    0.3035272801E+00   -0.9528227480E+00    0.1598605331E-04   -0.1465570874E-03    0.1245022221E+02
    0.1515000000E+00   -0.5627620953E-04   -0.3077011753E-04    0.9999999980E+00   -0.3426417729E-04   -0.7725668713E-05    0.1000000000E+01    0.9091873450E-05   -0.3470169990E-04    0.2796283679E+00   -0.9601083140E+00    0.1893344492E-04   -0.1466628610E-03    0.1249144811E+02
    0.1520000000E+00   -0.5757680572E-04   -0.2908914869E-04    0.9999999980E+00   -0.3469580437E-04   -0.6644745610E-05    0.1000000000E+01    0.8880167543E-05   -0.3496938042E-04    0.2555549012E+00   -0.9667945445E+00    0.2189919151E-04   -0.1467175646E-03    0.1253267401E+02
    0.1525000000E+00   -0.5882918236E-04   -0.2735684730E-04    0.9999999980E+00   -0.3509431250E-04   -0.5544057104E-05    0.1000000000E+01    0.8665215757E-05   -0.3523698377E-04    0.2313219075E+00   -0.9728772656E+00    0.2488250071E-04   -0.1467205906E-03    0.1257389991E+02
    0.1530000000E+00   -0.6003140799E-04   -0.2557452336E-04    0.9999999980E+00   -0.3545888204E-04   -0.4424583809E-05    0.1000000000E+01    0.8447000102E-05   -0.3550448484E-04    0.2069445141E+00   -0.9783526802E+00    0.2788256502E-04   -0.1466713419E-03    0.1261512581E+02
    0.1535000000E+00   -0.6118158401E-04   -0.2374355695E-04    0.9999999979E+00   -0.3578872117E-04   -0.3287338279E-05    0.1000000000E+01    0.8225502679E-05   -0.3577185826E-04    0.1824379381E+00   -0.9832173704E+00    0.3089856197E-04   -0.1465692320E-03    0.1265635172E+02
    0.1540000000E+00   -0.6227784701E-04   -0.2186539745E-04    0.9999999979E+00   -0.3608306707E-04   -0.2133364263E-05    0.1000000000E+01    0.8000705679E-05   -0.3603907834E-04    0.1578174775E+00   -0.9874682995E+00    0.3392965421E-04   -0.1464136859E-03    0.1269757762E+02
    0.1545000000E+00   -0.6331837131E-04   -0.1994156278E-04    0.9999999979E+00   -0.3634118711E-04   -0.9637359205E-06    0.1000000000E+01    0.7772591383E-05   -0.3630611913E-04    0.1330985013E+00   -0.9911028138E+00    0.3697498960E-04   -0.1462041396E-03    0.1273880352E+02
    0.1550000000E+00   -0.6430137140E-04   -0.1797363855E-04    0.9999999979E+00   -0.3656237995E-04    0.2204430111E-06    0.1000000000E+01    0.7541142172E-05   -0.3657295439E-04    0.1082964401E+00   -0.9941186447E+00    0.4003370138E-04   -0.1459400414E-03    0.1278002942E+02
    0.1555000000E+00   -0.6522510429E-04   -0.1596327704E-04    0.9999999978E+00   -0.3674597675E-04    0.1418040083E-05    0.1000000000E+01    0.7306340524E-05   -0.3683955760E-04    0.8342677617E-01   -0.9965139094E+00    0.4310490823E-04   -0.1456208512E-03    0.1282125532E+02
    0.1560000000E+00   -0.6608787199E-04   -0.1391219622E-04    0.9999999978E+00   -0.3689134221E-04    0.2627895050E-05    0.1000000000E+01    0.7068169017E-05   -0.3710590195E-04    0.5850503412E-01   -0.9982871128E+00    0.4618771446E-04   -0.1452460416E-03    0.1286248122E+02
    0.1565000000E+00   -0.6688802387E-04   -0.1182217857E-04    0.9999999978E+00   -0.3699787568E-04    0.3848820822E-05    0.1000000000E+01    0.6826610335E-05   -0.3737196036E-04    0.3354677104E-01   -0.9994371480E+00    0.4928121009E-04   -0.1448150980E-03    0.1290370712E+02
    0.1570000000E+00   -0.6762395899E-04   -0.9695069887E-05    0.9999999978E+00   -0.3706501225E-04    0.5079604459E-05    0.1000000000E+01    0.6581647268E-05   -0.3763770544E-04    0.8567566799E-02   -0.9999632970E+00    0.5238447107E-04   -0.1443275186E-03    0.1294493302E+02
    0.1575000000E+00   -0.6829412849E-04   -0.7532778004E-05    0.9999999977E+00   -0.3709222372E-04    0.6319008206E-05    0.1000000000E+01    0.6333262715E-05   -0.3790310953E-04   -0.1641698563E-01   -0.9998652315E+00    0.5549655933E-04   -0.1437828153E-03    0.1298615893E+02
    0.1580000000E+00   -0.6889703782E-04   -0.5337271382E-05    0.9999999977E+00   -0.3707901965E-04    0.7565770561E-05    0.1000000000E+01    0.6081439688E-05   -0.3816814467E-04   -0.4139128997E-01   -0.9991430126E+00    0.5861652303E-04   -0.1431805136E-03    0.1302738483E+02
    0.1585000000E+00   -0.6943124909E-04   -0.3110577663E-05    0.9999999977E+00   -0.3702494832E-04    0.8818607392E-05    0.1000000000E+01    0.5826161315E-05   -0.3843278261E-04   -0.6633975631E-01   -0.9977970912E+00    0.6174339667E-04   -0.1425201529E-03    0.1306861073E+02
    0.1590000000E+00   -0.6989538321E-04   -0.8547821278E-06    0.9999999977E+00   -0.3692959769E-04    0.1007621308E-04    0.1000000000E+01    0.5567410840E-05   -0.3869699483E-04   -0.9124681089E-01   -0.9958283075E+00    0.6487620126E-04   -0.1418012870E-03    0.1310983663E+02
    0.1595000000E+00   -0.7028812216E-04    0.1427973936E-05    0.9999999976E+00   -0.3679259627E-04    0.1133726173E-04    0.1000000000E+01    0.5305171631E-05   -0.3896075250E-04   -0.1160969058E+00   -0.9932378904E+00    0.6801394453E-04   -0.1410234845E-03    0.1315106253E+02
    0.1600000000E+00   -0.7060821110E-04    0.3735494933E-05    0.9999999976E+00   -0.3661361402E-04    0.1260040832E-04    0.1000000000E+01    0.5039427177E-05   -0.3922402650E-04   -0.1408745287E+00   -0.9900274570E+00    0.7115562109E-04   -0.1401863288E-03    0.1319228843E+02
    0.1605000000E+00   -0.7085446050E-04    0.6065532748E-05    0.9999999976E+00   -0.3639236322E-04    0.1386429007E-04    0.1000000000E+01    0.4770161095E-05   -0.3948678743E-04   -0.1655642124E+00   -0.9861990114E+00    0.7430021260E-04   -0.1392894187E-03    0.1323351433E+02
    0.1610000000E+00   -0.7102574818E-04    0.8415788607E-05    0.9999999975E+00   -0.3612859921E-04    0.1512752764E-04    0.1000000000E+01    0.4497357132E-05   -0.3974900558E-04   -0.1901505447E+00   -0.9817549434E+00    0.7744668801E-04   -0.1383323686E-03    0.1327474023E+02
    0.1615000000E+00   -0.7112102133E-04    0.1078391502E-04    0.9999999975E+00   -0.3582212121E-04    0.1638872648E-04    0.1000000000E+01    0.4220999168E-05   -0.4001065097E-04   -0.2146181779E+00   -0.9766980271E+00    0.8059400371E-04   -0.1373148087E-03    0.1331596614E+02
    0.1620000000E+00   -0.7113929845E-04    0.1316751779E-04    0.9999999975E+00   -0.3547277301E-04    0.1764647821E-04    0.1000000000E+01    0.3941071217E-05   -0.4027169329E-04   -0.2389518384E+00   -0.9710314193E+00    0.8374110381E-04   -0.1362363856E-03    0.1335719204E+02
    0.1625000000E+00   -0.7107967130E-04    0.1556415811E-04    0.9999999975E+00   -0.3508044369E-04    0.1889936197E-04    0.1000000000E+01    0.3657557434E-05   -0.4053210198E-04   -0.2631363362E+00   -0.9647586574E+00    0.8688692026E-04   -0.1350967623E-03    0.1339841794E+02
    0.1630000000E+00   -0.7094130666E-04    0.1797135473E-04    0.9999999974E+00   -0.3464506824E-04    0.2014594588E-04    0.1000000000E+01    0.3370442114E-05   -0.4079184615E-04   -0.2871565745E+00   -0.9578836569E+00    0.9003037318E-04   -0.1338956187E-03    0.1343964384E+02
    0.1635000000E+00   -0.7072344818E-04    0.2038658618E-04    0.9999999974E+00   -0.3416662816E-04    0.2138478843E-04    0.1000000000E+01    0.3079709698E-05   -0.4105089462E-04   -0.3109975588E+00   -0.9504107095E+00    0.9317037097E-04   -0.1326326517E-03    0.1348086974E+02
    0.1640000000E+00   -0.7042541809E-04    0.2280729307E-04    0.9999999974E+00   -0.3364515202E-04    0.2261444001E-04    0.1000000000E+01    0.2785344773E-05   -0.4130921593E-04   -0.3346444068E+00   -0.9423444802E+00    0.9630581067E-04   -0.1313075759E-03    0.1352209564E+02
    0.1645000000E+00   -0.7004661881E-04    0.2523088049E-04    0.9999999973E+00   -0.3308071601E-04    0.2383344437E-04    0.1000000000E+01    0.2487332080E-05   -0.4156677831E-04   -0.3580823573E+00   -0.9336900041E+00    0.9943557811E-04   -0.1299201234E-03    0.1356332154E+02
    0.1650000000E+00   -0.6958653456E-04    0.2765472043E-04    0.9999999973E+00   -0.3247344433E-04    0.2504034013E-04    0.1000000000E+01    0.2185656511E-05   -0.4182354969E-04   -0.3812967793E+00   -0.9244526837E+00    0.1025585482E-03   -0.1284700443E-03    0.1360454744E+02
    0.1655000000E+00   -0.6904473287E-04    0.3007615429E-04    0.9999999973E+00   -0.3182350967E-04    0.2623366238E-04    0.1000000000E+01    0.1880303117E-05   -0.4207949770E-04   -0.4042731816E+00   -0.9146382853E+00    0.1056735851E-03   -0.1269571073E-03    0.1364577335E+02
    0.1660000000E+00   -0.6842086601E-04    0.3249249542E-04    0.9999999972E+00   -0.3113113355E-04    0.2741194421E-04    0.1000000000E+01    0.1571257110E-05   -0.4233458969E-04   -0.4269972214E+00   -0.9042529354E+00    0.1087795427E-03   -0.1253810995E-03    0.1368699925E+02
    0.1665000000E+00   -0.6771467236E-04    0.3490103181E-04    0.9999999972E+00   -0.3039658665E-04    0.2857371829E-04    0.1000000000E+01    0.1258503864E-05   -0.4258879269E-04   -0.4494547135E+00   -0.8933031169E+00    0.1118752646E-03   -0.1237418269E-03    0.1372822515E+02
    0.1670000000E+00   -0.6692597767E-04    0.3729902869E-04    0.9999999972E+00   -0.2962018909E-04    0.2971751850E-04    0.1000000000E+01    0.9420289210E-06   -0.4284207343E-04   -0.4716316391E+00   -0.8817956652E+00    0.1149595846E-03   -0.1220391148E-03    0.1376945105E+02
    0.1675000000E+00   -0.6605469628E-04    0.3968373136E-04    0.9999999971E+00   -0.2880231062E-04    0.3084188153E-04    0.1000000000E+01    0.6218179920E-06   -0.4309439836E-04   -0.4935141547E+00   -0.8697377635E+00    0.1180313268E-03   -0.1202728077E-03    0.1381067695E+02
    0.1680000000E+00   -0.6510083221E-04    0.4205236791E-04    0.9999999971E+00   -0.2794337081E-04    0.3194534856E-04    0.1000000000E+01    0.2978569621E-06   -0.4334573361E-04   -0.5150886001E+00   -0.8571369390E+00    0.1210893063E-03   -0.1184427703E-03    0.1385190285E+02
    0.1685000000E+00   -0.6406448022E-04    0.4440215211E-04    0.9999999971E+00   -0.2704383918E-04    0.3302646687E-04    0.1000000000E+01   -0.2986810697E-07   -0.4359604502E-04   -0.5363415080E+00   -0.8440010574E+00    0.1241323289E-03   -0.1165488868E-03    0.1389312875E+02
    0.1690000000E+00   -0.6294582675E-04    0.4673028629E-04    0.9999999970E+00   -0.2610423519E-04    0.3408379151E-04    0.1000000000E+01   -0.3613709740E-06   -0.4384529812E-04   -0.5572596114E+00   -0.8303383188E+00    0.1271591916E-03   -0.1145910621E-03    0.1393435465E+02
    0.1695000000E+00   -0.6174515075E-04    0.4903396426E-04    0.9999999970E+00   -0.2512512834E-04    0.3511588701E-04    0.1000000000E+01   -0.6966652145E-06   -0.4409345815E-04   -0.5778298525E+00   -0.8161572518E+00    0.1301686834E-03   -0.1125692213E-03    0.1397558055E+02
    0.1700000000E+00   -0.6046282445E-04    0.5131037435E-04    0.9999999970E+00   -0.2410713805E-04    0.3612132904E-04    0.1000000000E+01   -0.1035764217E-05   -0.4434049002E-04   -0.5980393905E+00   -0.8014667089E+00    0.1331595848E-03   -0.1104833106E-03    0.1401680646E+02
    0.1705000000E+00   -0.5909931403E-04    0.5355670236E-04    0.9999999969E+00   -0.2305093359E-04    0.3709870609E-04    0.1000000000E+01   -0.1378681181E-05   -0.4458635838E-04   -0.6178756099E+00   -0.7862758605E+00    0.1361306687E-03   -0.1083332972E-03    0.1405803236E+02
    0.1710000000E+00   -0.5765518021E-04    0.5577013469E-04    0.9999999969E+00   -0.2195723392E-04    0.3804662120E-04    0.1000000000E+01   -0.1725429111E-05   -0.4483102755E-04   -0.6373261282E+00   -0.7705941892E+00    0.1390807007E-03   -0.1061191695E-03    0.1409925826E+02
    0.1715000000E+00   -0.5613107868E-04    0.5794786138E-04    0.9999999969E+00   -0.2082680745E-04    0.3896369366E-04    0.1000000000E+01   -0.2076020818E-05   -0.4507446154E-04   -0.6563788036E+00   -0.7544314841E+00    0.1420084390E-03   -0.1038409376E-03    0.1414048416E+02
    0.1720000000E+00   -0.5452776053E-04    0.6008707928E-04    0.9999999968E+00   -0.1966047179E-04    0.3984856066E-04    0.1000000000E+01   -0.2430468908E-05   -0.4531662409E-04   -0.6750217428E+00   -0.7377978346E+00    0.1449126352E-03   -0.1014986333E-03    0.1418171006E+02
    0.1725000000E+00   -0.5284607249E-04    0.6218499517E-04    0.9999999968E+00   -0.1845909341E-04    0.4069987906E-04    0.1000000000E+01   -0.2788785789E-05   -0.4555747859E-04   -0.6932433081E+00   -0.7207036240E+00    0.1477920345E-03   -0.9909231062E-04    0.1422293596E+02
    0.1730000000E+00   -0.5108695710E-04    0.6423882899E-04    0.9999999967E+00   -0.1722358726E-04    0.4151632707E-04    0.1000000000E+01   -0.3150983657E-05   -0.4579698817E-04   -0.7110321250E+00   -0.7031595232E+00    0.1506453759E-03   -0.9662204577E-04    0.1426416186E+02
    0.1735000000E+00   -0.4925145280E-04    0.6624581698E-04    0.9999999967E+00   -0.1595491631E-04    0.4229660593E-04    0.1000000000E+01   -0.3517074501E-05   -0.4603511563E-04   -0.7283770890E+00   -0.6851764840E+00    0.1534713927E-03   -0.9408793751E-04    0.1430538776E+02
    0.1740000000E+00   -0.4734069390E-04    0.6820321497E-04    0.9999999967E+00   -0.1465409107E-04    0.4303944161E-04    0.1000000000E+01   -0.3887070094E-05   -0.4627182348E-04   -0.7452673727E+00   -0.6667657318E+00    0.1562688129E-03   -0.9149010737E-04    0.1434661367E+02
    0.1745000000E+00   -0.4535591042E-04    0.7010830156E-04    0.9999999966E+00   -0.1332216898E-04    0.4374358650E-04    0.1000000000E+01   -0.4260981992E-05   -0.4650707392E-04   -0.7616924325E+00   -0.6479387595E+00    0.1590363595E-03   -0.8882869985E-04    0.1438783957E+02
    0.1750000000E+00   -0.4329842784E-04    0.7195838142E-04    0.9999999966E+00   -0.1196025387E-04    0.4440782109E-04    0.1000000000E+01   -0.4638821529E-05   -0.4674082884E-04   -0.7776420154E+00   -0.6287073196E+00    0.1617727508E-03   -0.8610388262E-04    0.1442906547E+02
    0.1755000000E+00   -0.4116966678E-04    0.7375078852E-04    0.9999999966E+00   -0.1056949521E-04    0.4503095563E-04    0.1000000000E+01   -0.5020599817E-05   -0.4697304983E-04   -0.7931061650E+00   -0.6090834169E+00    0.1644767010E-03   -0.8331584678E-04    0.1447029137E+02
    0.1760000000E+00   -0.3897114250E-04    0.7548288939E-04    0.9999999965E+00   -0.9151087410E-05    0.4561183176E-04    0.1000000000E+01   -0.5406327736E-05   -0.4720369818E-04   -0.8080752281E+00   -0.5890793016E+00    0.1671469203E-03   -0.8046480704E-04    0.1451151727E+02
    0.1765000000E+00   -0.3670446435E-04    0.7715208643E-04    0.9999999965E+00   -0.7706269007E-05    0.4614932418E-04    0.1000000000E+01   -0.5796015937E-05   -0.4743273488E-04   -0.8225398602E+00   -0.5687074609E+00    0.1697821156E-03   -0.7755100191E-04    0.1455274317E+02
    0.1770000000E+00   -0.3437133509E-04    0.7875582112E-04    0.9999999964E+00   -0.6236321841E-05    0.4664234221E-04    0.1000000000E+01   -0.6189674833E-05   -0.4766012060E-04   -0.8364910322E+00   -0.5479806117E+00    0.1723809906E-03   -0.7457469388E-04    0.1459396907E+02
    0.1775000000E+00   -0.3197355006E-04    0.8029157732E-04    0.9999999964E+00   -0.4742570122E-05    0.4708983148E-04    0.1000000000E+01   -0.6587314600E-05   -0.4788581572E-04   -0.8499200351E+00   -0.5269116925E+00    0.1749422465E-03   -0.7153616968E-04    0.1463519497E+02
    0.1780000000E+00   -0.2951299634E-04    0.8175688451E-04    0.9999999963E+00   -0.3226379480E-05    0.4749077540E-04    0.1000000000E+01   -0.6988945169E-05   -0.4810978031E-04   -0.8628184861E+00   -0.5055138552E+00    0.1774645821E-03   -0.6843574037E-04    0.1467642088E+02
    0.1785000000E+00   -0.2699165169E-04    0.8314932102E-04    0.9999999963E+00   -0.1689155935E-05    0.4784419679E-04    0.1000000000E+01   -0.7394576226E-05   -0.4833197413E-04   -0.8751783334E+00   -0.4838004572E+00    0.1799466943E-03   -0.6527374157E-04    0.1471764678E+02
    0.1790000000E+00   -0.2441158343E-04    0.8446651728E-04    0.9999999963E+00   -0.1323448196E-06    0.4814915936E-04    0.1000000000E+01   -0.7804217207E-05   -0.4855235665E-04   -0.8869918616E+00   -0.4617850529E+00    0.1823872789E-03   -0.6205053363E-04    0.1475887268E+02
    0.1795000000E+00   -0.2177494722E-04    0.8570615898E-04    0.9999999962E+00    0.1442570349E-05    0.4840476926E-04    0.1000000000E+01   -0.8217877292E-05   -0.4877088703E-04   -0.8982516963E+00   -0.4394813850E+00    0.1847850305E-03   -0.5876650176E-04    0.1480009858E+02
    0.1800000000E+00   -0.1908398568E-04    0.8686599029E-04    0.9999999962E+00    0.3034069062E-05    0.4861017649E-04    0.1000000000E+01   -0.8635565403E-05   -0.4898752412E-04   -0.9089508085E+00   -0.4169033764E+00    0.1871386431E-03   -0.5542205623E-04    0.1484132448E+02
    0.1805000000E+00   -0.1634102700E-04    0.8794381698E-04    0.9999999961E+00    0.4640595062E-05    0.4876457640E-04    0.1000000000E+01   -0.9057290204E-05   -0.4920222648E-04   -0.9190825197E+00   -0.3940651210E+00    0.1894468106E-03   -0.5201763247E-04    0.1488255038E+02
    0.1810000000E+00   -0.1354848326E-04    0.8893750956E-04    0.9999999961E+00    0.6260557638E-05    0.4886721103E-04    0.1000000000E+01   -0.9483060089E-05   -0.4941495235E-04   -0.9286405050E+00   -0.3709808754E+00    0.1917082275E-03   -0.4855369127E-04    0.1492377628E+02
    0.1815000000E+00   -0.1070884886E-04    0.8984500637E-04    0.9999999960E+00    0.7892332974E-05    0.4891737055E-04    0.1000000000E+01   -0.9912883185E-05   -0.4962565969E-04   -0.9376187982E+00   -0.3476650497E+00    0.1939215886E-03   -0.4503071887E-04    0.1496500218E+02
    0.1820000000E+00   -0.7824698672E-05    0.9066431661E-04    0.9999999960E+00    0.9534265554E-05    0.4891439454E-04    0.1000000000E+01   -0.1034676735E-04   -0.4983430613E-04   -0.9460117945E+00   -0.3241321984E+00    0.1960855902E-03   -0.4144922711E-04    0.1500622808E+02
    0.1825000000E+00   -0.4898686135E-05    0.9139352333E-04    0.9999999959E+00    0.1118466961E-04    0.4885767333E-04    0.1000000000E+01   -0.1078472015E-04   -0.5004084901E-04   -0.9538142549E+00   -0.3003970117E+00    0.1981989304E-03   -0.3780975353E-04    0.1504745399E+02
    0.1830000000E+00   -0.1933541280E-05    0.9203078643E-04    0.9999999959E+00    0.1284183062E-04    0.4874664922E-04    0.1000000000E+01   -0.1122674889E-04   -0.5024524539E-04   -0.9610213086E+00   -0.2764743059E+00    0.2002603091E-03   -0.3411286154E-04    0.1508867989E+02
    0.1835000000E+00    0.1067931405E-05    0.9257434554E-04    0.9999999958E+00    0.1450400687E-04    0.4858081770E-04    0.1000000000E+01   -0.1167286058E-04   -0.5044745199E-04   -0.9676284568E+00   -0.2523790144E+00    0.2022684289E-03   -0.3035914045E-04    0.1512990579E+02
    0.1840000000E+00    0.4102855190E-05    0.9302252286E-04    0.9999999958E+00    0.1616943106E-04    0.4835972864E-04    0.1000000000E+01   -0.1212306194E-04   -0.5064742526E-04   -0.9736315751E+00   -0.2281261785E+00    0.2042219957E-03   -0.2654920563E-04    0.1517113169E+02
    0.1845000000E+00    0.7168283428E-05    0.9337372598E-04    0.9999999957E+00    0.1783631190E-04    0.4808298736E-04    0.1000000000E+01   -0.1257735941E-04   -0.5084512134E-04   -0.9790269160E+00   -0.2037309377E+00    0.2061197187E-03   -0.2268369859E-04    0.1521235759E+02
    0.1850000000E+00    0.1026120199E-04    0.9362645061E-04    0.9999999957E+00    0.1950283588E-04    0.4775025576E-04    0.1000000000E+01   -0.1303575910E-04   -0.5104049605E-04   -0.9838111117E+00   -0.1792085204E+00    0.2079603112E-03   -0.1876328704E-04    0.1525358349E+02
    0.1855000000E+00    0.1337853177E-04    0.9377928323E-04    0.9999999956E+00    0.2116716894E-04    0.4736125333E-04    0.1000000000E+01   -0.1349826687E-04   -0.5123350495E-04   -0.9879811756E+00   -0.1545742345E+00    0.2097424909E-03   -0.1478866497E-04    0.1529480939E+02
    0.1860000000E+00    0.1651713138E-04    0.9383090372E-04    0.9999999956E+00    0.2282745826E-04    0.4691575810E-04    0.1000000000E+01   -0.1396488823E-04   -0.5142410326E-04   -0.9915345046E+00   -0.1298434575E+00    0.2114649806E-03   -0.1076055277E-04    0.1533603529E+02
    0.1865000000E+00    0.1967379980E-04    0.9378008784E-04    0.9999999955E+00    0.2448183411E-04    0.4641360756E-04    0.1000000000E+01   -0.1443562840E-04   -0.5161224594E-04   -0.9944688806E+00   -0.1050316273E+00    0.2131265086E-03   -0.6679697205E-05    0.1537726119E+02
    0.1870000000E+00    0.2284527926E-04    0.9362570973E-04    0.9999999955E+00    0.2612841166E-04    0.4585469956E-04    0.1000000000E+01   -0.1491049230E-04   -0.5179788763E-04   -0.9967824718E+00   -0.8015423252E-01    0.2147258091E-03   -0.2546871545E-05    0.1541848710E+02
    0.1875000000E+00    0.2602825814E-04    0.9336674426E-04    0.9999999954E+00    0.2776529293E-04    0.4523899308E-04    0.1000000000E+01   -0.1538948451E-04   -0.5198098267E-04   -0.9984738341E+00   -0.5522680243E-01    0.2162616227E-03    0.1637124438E-05    0.1545971300E+02
    0.1880000000E+00    0.2921937400E-04    0.9300226931E-04    0.9999999954E+00    0.2939056866E-04    0.4456650900E-04    0.1000000000E+01   -0.1587260930E-04   -0.5216148512E-04   -0.9995419116E+00   -0.3026489769E-01    0.2177326972E-03    0.5871464419E-05    0.1550093890E+02
    0.1885000000E+00    0.3241521666E-04    0.9253146799E-04    0.9999999953E+00    0.3100232034E-04    0.4383733077E-04    0.1000000000E+01   -0.1635987062E-04   -0.5233934872E-04   -0.9999860376E+00   -0.5284100475E-02    0.2191377876E-03    0.1015529549E-04    0.1554216480E+02
    0.1890000000E+00    0.3561233145E-04    0.9195363071E-04    0.9999999953E+00    0.3259862215E-04    0.4305160509E-04    0.1000000000E+01   -0.1685127209E-04   -0.5251452696E-04   -0.9998059348E+00    0.1969999528E-01    0.2204756571E-03    0.1448773817E-04    0.1558339070E+02
    0.1895000000E+00    0.3880722240E-04    0.9126815726E-04    0.9999999952E+00    0.3417754304E-04    0.4220954241E-04    0.1000000000E+01   -0.1734681698E-04   -0.5268697298E-04   -0.9990017156E+00    0.4467179355E-01    0.2217450771E-03    0.1886788633E-04    0.1562461660E+02
    0.1900000000E+00    0.4199635568E-04    0.9047455869E-04    0.9999999952E+00    0.3573714877E-04    0.4131141749E-04    0.1000000000E+01   -0.1784650824E-04   -0.5285663966E-04   -0.9975738822E+00    0.6961570602E-01    0.2229448285E-03    0.2329480729E-04    0.1566584250E+02
    0.1905000000E+00    0.4517616304E-04    0.8957245911E-04    0.9999999951E+00    0.3727550398E-04    0.4035756981E-04    0.1000000000E+01   -0.1835034849E-04   -0.5302347960E-04   -0.9955233257E+00    0.9451616176E-01    0.2240737012E-03    0.2776754173E-04    0.1570706840E+02
    0.1910000000E+00    0.4834304526E-04    0.8856159748E-04    0.9999999951E+00    0.3879067433E-04    0.3934840396E-04    0.1000000000E+01   -0.1885833996E-04   -0.5318744507E-04   -0.9928513263E+00    0.1193576170E+00    0.2251304954E-03    0.3228510377E-04    0.1574829430E+02
    0.1915000000E+00    0.5149337583E-04    0.8744182913E-04    0.9999999950E+00    0.4028072862E-04    0.3828438994E-04    0.1000000000E+01   -0.1937048459E-04   -0.5334848809E-04   -0.9895595519E+00    0.1441245647E+00    0.2261140218E-03    0.3684648099E-04    0.1578952021E+02
    0.1920000000E+00    0.5462350456E-04    0.8621312734E-04    0.9999999949E+00    0.4174374097E-04    0.3716606338E-04    0.1000000000E+01   -0.1988678392E-04   -0.5350656035E-04   -0.9856500573E+00    0.1688015444E+00    0.2270231024E-03    0.4145063444E-04    0.1583074611E+02
    0.1925000000E+00    0.5772976136E-04    0.8487558469E-04    0.9999999949E+00    0.4317779295E-04    0.3599402575E-04    0.1000000000E+01   -0.2040723914E-04   -0.5366161330E-04   -0.9811252830E+00    0.1933731519E+00    0.2278565704E-03    0.4609649871E-04    0.1587197201E+02
    0.1930000000E+00    0.6080846000E-04    0.8342941432E-04    0.9999999948E+00    0.4458097581E-04    0.3476894443E-04    0.1000000000E+01   -0.2093185111E-04   -0.5381359805E-04   -0.9759880535E+00    0.2178240486E+00    0.2286132715E-03    0.5078298198E-04    0.1591319791E+02
    0.1935000000E+00    0.6385590197E-04    0.8187495114E-04    0.9999999948E+00    0.4595139268E-04    0.3349155273E-04    0.1000000000E+01   -0.2146062027E-04   -0.5396246547E-04   -0.9702415757E+00    0.2421389714E+00    0.2292920639E-03    0.5550896606E-04    0.1595442381E+02
    0.1940000000E+00    0.6686838046E-04    0.8021265282E-04    0.9999999947E+00    0.4728716079E-04    0.3216264989E-04    0.1000000000E+01   -0.2199354674E-04   -0.5410816612E-04   -0.9638894367E+00    0.2663027420E+00    0.2298918190E-03    0.6027330653E-04    0.1599564971E+02
    0.1945000000E+00    0.6984218424E-04    0.7844310071E-04    0.9999999946E+00    0.4858641370E-04    0.3078310089E-04    0.1000000000E+01   -0.2253063023E-04   -0.5425065028E-04   -0.9569356019E+00    0.2903002764E+00    0.2304114221E-03    0.6507483274E-04    0.1603687561E+02
    0.1950000000E+00    0.7277360179E-04    0.7656700065E-04    0.9999999946E+00    0.4984730352E-04    0.2935383633E-04    0.1000000000E+01   -0.2307187010E-04   -0.5438986795E-04   -0.9493844119E+00    0.3141165945E+00    0.2308497727E-03    0.6991234797E-04    0.1607810151E+02
    0.1955000000E+00    0.7565892528E-04    0.7458518362E-04    0.9999999945E+00    0.5106800319E-04    0.2787585213E-04    0.1000000000E+01   -0.2361726528E-04   -0.5452576886E-04   -0.9412405806E+00    0.3377368293E+00    0.2312057850E-03    0.7478462949E-04    0.1611932741E+02
    0.1960000000E+00    0.7849445473E-04    0.7249860626E-04    0.9999999944E+00    0.5224670867E-04    0.2635020920E-04    0.1000000000E+01   -0.2416681437E-04   -0.5465830243E-04   -0.9325091917E+00    0.3611462361E+00    0.2314783886E-03    0.7969042873E-04    0.1616055332E+02
    0.1965000000E+00    0.8127650217E-04    0.7030835128E-04    0.9999999944E+00    0.5338164127E-04    0.2477803301E-04    0.1000000000E+01   -0.2472051553E-04   -0.5478741783E-04   -0.9231956956E+00    0.3843302018E+00    0.2316665291E-03    0.8462847133E-04    0.1620177922E+02
    0.1970000000E+00    0.8400139579E-04    0.6801562773E-04    0.9999999943E+00    0.5447104981E-04    0.2316051310E-04    0.1000000000E+01   -0.2527836656E-04   -0.5491306395E-04   -0.9133059062E+00    0.4072742543E+00    0.2317691685E-03    0.8959745733E-04    0.1624300512E+02
    0.1975000000E+00    0.8666548420E-04    0.6562177112E-04    0.9999999942E+00    0.5551321292E-04    0.2149890255E-04    0.1000000000E+01   -0.2584036482E-04   -0.5503518939E-04   -0.9028459969E+00    0.4299640708E+00    0.2317852858E-03    0.9459606129E-04    0.1628423102E+02
    0.1980000000E+00    0.8926514066E-04    0.6312824342E-04    0.9999999942E+00    0.5650644122E-04    0.1979451729E-04    0.1000000000E+01   -0.2640650730E-04   -0.5515374248E-04   -0.8918224974E+00    0.4523854877E+00    0.2317138773E-03    0.9962293247E-04    0.1632545692E+02
    0.1985000000E+00    0.9179676731E-04    0.6053663289E-04    0.9999999941E+00    0.5744907960E-04    0.1804873541E-04    0.1000000000E+01   -0.2697679057E-04   -0.5526867129E-04   -0.8802422888E+00    0.4745245086E+00    0.2315539575E-03    0.1046766950E-03    0.1636668282E+02
    0.1990000000E+00    0.9425679953E-04    0.5784865384E-04    0.9999999940E+00    0.5833950942E-04    0.1626299634E-04    0.1000000000E+01   -0.2755121076E-04   -0.5537992361E-04   -0.8681126000E+00    0.4963673136E+00    0.2313045597E-03    0.1097559479E-03    0.1640790872E+02
    0.1995000000E+00    0.9664171018E-04    0.5506614616E-04    0.9999999940E+00    0.5917615066E-04    0.1443879999E-04    0.1000000000E+01   -0.2812976362E-04   -0.5548744695E-04   -0.8554410027E+00    0.5179002674E+00    0.2309647360E-03    0.1148592656E-03    0.1644913462E+02
    0.2000000000E+00    0.9894801391E-04    0.5219107476E-04    0.9999999939E+00    0.5995746417E-04    0.1257770582E-04    0.1000000000E+01   -0.2871244446E-04   -0.5559118857E-04   -0.8422354072E+00    0.5391099285E+00    0.2305335585E-03    0.1199851977E-03    0.1649036052E+02
    0.2005000000E+00    0.1011722715E-03    0.4922552886E-04    0.9999999938E+00    0.6068195378E-04    0.1068133177E-04    0.1000000000E+01   -0.2929924815E-04   -0.5569109545E-04   -0.8285040567E+00    0.5599830570E+00    0.2300101192E-03    0.1251322697E-03    0.1653158643E+02
    0.2010000000E+00    0.1033110941E-03    0.4617172113E-04    0.9999999938E+00    0.6134816846E-04    0.8751353209E-05    0.1000000000E+01   -0.2989016914E-04   -0.5578711432E-04   -0.8142555230E+00    0.5805066230E+00    0.2293935311E-03    0.1302989828E-03    0.1657281233E+02
    0.2015000000E+00    0.1053611476E-03    0.4303198667E-04    0.9999999937E+00    0.6195470443E-04    0.6789501710E-05    0.1000000000E+01   -0.3048520145E-04   -0.5587919163E-04   -0.7994987004E+00    0.6006678151E+00    0.2286829284E-03    0.1354838140E-03    0.1661403823E+02
    0.2020000000E+00    0.1073191570E-03    0.3980878189E-04    0.9999999936E+00    0.6250020724E-04    0.4797563831E-05    0.1000000000E+01   -0.3108433865E-04   -0.5596727359E-04   -0.7842428008E+00    0.6204540478E+00    0.2278774673E-03    0.1406852171E-03    0.1665526413E+02
    0.2025000000E+00    0.1091819105E-03    0.3650468317E-04    0.9999999935E+00    0.6298337386E-04    0.2777379772E-05    0.1000000000E+01   -0.3168757386E-04   -0.5605130613E-04   -0.7684973474E+00    0.6398529698E+00    0.2269763261E-03    0.1459016221E-03    0.1669649003E+02
    0.2030000000E+00    0.1109462637E-03    0.3312238545E-04    0.9999999935E+00    0.6340295466E-04    0.7308419774E-06    0.1000000000E+01   -0.3229489976E-04   -0.5613123494E-04   -0.7522721691E+00    0.6588524716E+00    0.2259787063E-03    0.1511314359E-03    0.1673771593E+02
    0.2035000000E+00    0.1126091443E-03    0.2966470062E-04    0.9999999934E+00    0.6375775540E-04   -0.1340106340E-05    0.1000000000E+01   -0.3290630857E-04   -0.5620700543E-04   -0.7355773944E+00    0.6774406930E+00    0.2248838327E-03    0.1563730424E-03    0.1677894183E+02
    0.2040000000E+00    0.1141675558E-03    0.2613455578E-04    0.9999999933E+00    0.6404663922E-04   -0.3433472748E-05    0.1000000000E+01   -0.3352179205E-04   -0.5627856279E-04   -0.7184234447E+00    0.6956060306E+00    0.2236909541E-03    0.1616248031E-03    0.1682016773E+02
    0.2045000000E+00    0.1156185818E-03    0.2253499137E-04    0.9999999932E+00    0.6426852852E-04   -0.5547217213E-05    0.1000000000E+01   -0.3414134149E-04   -0.5634585194E-04   -0.7008210282E+00    0.7133371448E+00    0.2223993438E-03    0.1668850569E-03    0.1686139363E+02
    0.2050000000E+00    0.1169593902E-03    0.1886915913E-04    0.9999999932E+00    0.6442240683E-04   -0.7679253792E-05    0.1000000000E+01   -0.3476494774E-04   -0.5640881754E-04   -0.6827811329E+00    0.7306229672E+00    0.2210083003E-03    0.1721521207E-03    0.1690261953E+02
    0.2055000000E+00    0.1181872374E-03    0.1514031991E-04    0.9999999931E+00    0.6450732064E-04   -0.9827452394E-05    0.1000000000E+01   -0.3539260114E-04   -0.5646740404E-04   -0.6643150201E+00    0.7474527073E+00    0.2195171475E-03    0.1774242900E-03    0.1694384544E+02
    0.2060000000E+00    0.1192994720E-03    0.1135184139E-04    0.9999999930E+00    0.6452238116E-04   -0.1198964061E-04    0.1000000000E+01   -0.3602429156E-04   -0.5652155560E-04   -0.6454342169E+00    0.7638158595E+00    0.2179252354E-03    0.1826998384E-03    0.1698507134E+02
    0.2065000000E+00    0.1202935391E-03    0.7507195550E-05    0.9999999929E+00    0.6446676605E-04   -0.1416360561E-04    0.1000000000E+01   -0.3666000842E-04   -0.5657121617E-04   -0.6261505095E+00    0.7797022092E+00    0.2162319407E-03    0.1879770189E-03    0.1702629724E+02
    0.2070000000E+00    0.1211669839E-03    0.3609956124E-05    0.9999999928E+00    0.6433972109E-04   -0.1634709610E-04    0.1000000000E+01   -0.3729974061E-04   -0.5661632945E-04   -0.6064759354E+00    0.7951018395E+00    0.2144366672E-03    0.1932540635E-03    0.1706752314E+02
    0.2075000000E+00    0.1219174560E-03   -0.3362041914E-06    0.9999999927E+00    0.6414056182E-04   -0.1853782437E-04    0.1000000000E+01   -0.3794347656E-04   -0.5665683889E-04   -0.5864227764E+00    0.8100051375E+00    0.2125388463E-03    0.1985291839E-03    0.1710874904E+02
    0.2080000000E+00    0.1225427128E-03   -0.4327516612E-05    0.9999999927E+00    0.6386867502E-04   -0.2073346835E-04    0.1000000000E+01   -0.3859120419E-04   -0.5669268773E-04   -0.5660035503E+00    0.8244027999E+00    0.2105379377E-03    0.2038005720E-03    0.1714997494E+02
    0.2085000000E+00    0.1230406231E-03   -0.8360119299E-05    0.9999999926E+00    0.6352352030E-04   -0.2293167382E-04    0.1000000000E+01   -0.3924291092E-04   -0.5672381896E-04   -0.5452310035E+00    0.8382858391E+00    0.2084334297E-03    0.2090663998E-03    0.1719120084E+02
    0.2090000000E+00    0.1234091713E-03   -0.1243006053E-04    0.9999999925E+00    0.6310463147E-04   -0.2513005655E-04    0.1000000000E+01   -0.3989858366E-04   -0.5675017533E-04   -0.5241181031E+00    0.8516455890E+00    0.2062248397E-03    0.2143248204E-03    0.1723242674E+02
    0.2095000000E+00    0.1236464604E-03   -0.1653330198E-04    0.9999999924E+00    0.6261161792E-04   -0.2732620465E-04    0.1000000000E+01   -0.4055820883E-04   -0.5677169939E-04   -0.5026780286E+00    0.8644737097E+00    0.2039117149E-03    0.2195739679E-03    0.1727365264E+02
    0.2100000000E+00    0.1237507157E-03   -0.2066572220E-04    0.9999999923E+00    0.6204416595E-04   -0.2951768083E-04    0.1000000000E+01   -0.4122177231E-04   -0.5678833344E-04   -0.4809241636E+00    0.8767621935E+00    0.2014936325E-03    0.2248119582E-03    0.1731487854E+02
    0.2105000000E+00    0.1237202882E-03   -0.2482312014E-04    0.9999999922E+00    0.6140203995E-04   -0.3170202482E-04    0.1000000000E+01   -0.4188925948E-04   -0.5680001956E-04   -0.4588700877E+00    0.8885033695E+00    0.1989702005E-03    0.2300368890E-03    0.1735610445E+02
    0.2110000000E+00    0.1235536574E-03   -0.2900121886E-04    0.9999999921E+00    0.6068508360E-04   -0.3387675583E-04    0.1000000000E+01   -0.4256065518E-04   -0.5680669963E-04   -0.4365295679E+00    0.8996899085E+00    0.1963410580E-03    0.2352468407E-03    0.1739733035E+02
    0.2115000000E+00    0.1232494354E-03   -0.3319566937E-04    0.9999999920E+00    0.5989322097E-04   -0.3603937497E-04    0.1000000000E+01   -0.4323594375E-04   -0.5680831528E-04   -0.4139165499E+00    0.9103148272E+00    0.1936058758E-03    0.2404398765E-03    0.1743855625E+02
    0.2120000000E+00    0.1228063688E-03   -0.3740205453E-04    0.9999999920E+00    0.5902645746E-04   -0.3818736785E-04    0.1000000000E+01   -0.4391510895E-04   -0.5680480796E-04   -0.3910451498E+00    0.9203714933E+00    0.1907643566E-03    0.2456140431E-03    0.1747978215E+02
    0.2125000000E+00    0.1222233427E-03   -0.4161589317E-04    0.9999999919E+00    0.5808488082E-04   -0.4031820712E-04    0.1000000000E+01   -0.4459813405E-04   -0.5679611887E-04   -0.3679296446E+00    0.9298536290E+00    0.1878162360E-03    0.2507673708E-03    0.1752100805E+02
    0.2130000000E+00    0.1214993826E-03   -0.4583264422E-04    0.9999999918E+00    0.5706866193E-04   -0.4242935511E-04    0.1000000000E+01   -0.4528500176E-04   -0.5678218905E-04   -0.3445844639E+00    0.9387553153E+00    0.1847612823E-03    0.2558978746E-03    0.1756223395E+02
    0.2135000000E+00    0.1206336577E-03   -0.5004771104E-04    0.9999999917E+00    0.5597805562E-04   -0.4451826651E-04    0.1000000000E+01   -0.4597569422E-04   -0.5676295928E-04   -0.3210241807E+00    0.9470709953E+00    0.1815992975E-03    0.2610035540E-03    0.1760345985E+02
    0.2140000000E+00    0.1196254833E-03   -0.5425644581E-04    0.9999999916E+00    0.5481340134E-04   -0.4658239107E-04    0.1000000000E+01   -0.4667019305E-04   -0.5673837017E-04   -0.2972635022E+00    0.9547954780E+00    0.1783301175E-03    0.2660823940E-03    0.1764468575E+02
    0.2145000000E+00    0.1184743233E-03   -0.5845415405E-04    0.9999999915E+00    0.5357512376E-04   -0.4861917632E-04    0.1000000000E+01   -0.4736847930E-04   -0.5670836213E-04   -0.2733172607E+00    0.9619239417E+00    0.1749536127E-03    0.2711323655E-03    0.1768591165E+02
    0.2150000000E+00    0.1171797922E-03   -0.6263609923E-04    0.9999999914E+00    0.5226373330E-04   -0.5062607038E-04    0.1000000000E+01   -0.4807053345E-04   -0.5667287536E-04   -0.2492004042E+00    0.9684519364E+00    0.1714696882E-03    0.2761514256E-03    0.1772713755E+02
    0.2155000000E+00    0.1157416577E-03   -0.6679750749E-04    0.9999999913E+00    0.5087982653E-04   -0.5260052474E-04    0.1000000000E+01   -0.4877633544E-04   -0.5663184987E-04   -0.2249279876E+00    0.9743753870E+00    0.1678782843E-03    0.2811375184E-03    0.1776836345E+02
    0.2160000000E+00    0.1141598422E-03   -0.7093357246E-04    0.9999999912E+00    0.4942408654E-04   -0.5453999714E-04    0.1000000000E+01   -0.4948586461E-04   -0.5658522548E-04   -0.2005151624E+00    0.9796905961E+00    0.1641793774E-03    0.2860885754E-03    0.1780958936E+02
    0.2165000000E+00    0.1124344255E-03   -0.7503946014E-04    0.9999999911E+00    0.4789728320E-04   -0.5644195437E-04    0.1000000000E+01   -0.5019909975E-04   -0.5653294183E-04   -0.1759771682E+00    0.9843942455E+00    0.1603729795E-03    0.2910025162E-03    0.1785081526E+02
    0.2170000000E+00    0.1105656454E-03   -0.7911031393E-04    0.9999999910E+00    0.4630027326E-04   -0.5830387522E-04    0.1000000000E+01   -0.5091601904E-04   -0.5647493836E-04   -0.1513293225E+00    0.9884833992E+00    0.1564591395E-03    0.2958772488E-03    0.1789204116E+02
    0.2175000000E+00    0.1085539003E-03   -0.8314125963E-04    0.9999999909E+00    0.4463400046E-04   -0.6012325335E-04    0.1000000000E+01   -0.5163660010E-04   -0.5641115435E-04   -0.1265870113E+00    0.9919555044E+00    0.1524379431E-03    0.3007106706E-03    0.1793326706E+02
    0.2180000000E+00    0.1063997500E-03   -0.8712741069E-04    0.9999999908E+00    0.4289949547E-04   -0.6189760021E-04    0.1000000000E+01   -0.5236081996E-04   -0.5634152888E-04   -0.1017656797E+00    0.9948083939E+00    0.1483095133E-03    0.3055006684E-03    0.1797449296E+02
    0.2185000000E+00    0.1041039171E-03   -0.9106387333E-04    0.9999999906E+00    0.4109787578E-04   -0.6362444801E-04    0.1000000000E+01   -0.5308865503E-04   -0.5626600087E-04   -0.7688082222E-01    0.9970402867E+00    0.1440740111E-03    0.3102451195E-03    0.1801571886E+02
    0.2190000000E+00    0.1016672882E-03   -0.9494575190E-04    0.9999999905E+00    0.3923034548E-04   -0.6530135264E-04    0.1000000000E+01   -0.5382008115E-04   -0.5618450907E-04   -0.5194797283E-01    0.9986497895E+00    0.1397316352E-03    0.3149418922E-03    0.1805694476E+02
    0.2195000000E+00    0.9909091478E-04   -0.9876815422E-04    0.9999999904E+00    0.3729819489E-04   -0.6692589664E-04    0.1000000000E+01   -0.5455507355E-04   -0.5609699205E-04   -0.2698269556E-01    0.9996358977E+00    0.1352826230E-03    0.3195888463E-03    0.1809817066E+02
    0.2200000000E+00    0.9637601372E-04   -0.1025261970E-03    0.9999999903E+00    0.3530280021E-04   -0.6849569215E-04    0.1000000000E+01   -0.5529360683E-04   -0.5600338825E-04   -0.2000574691E-02    0.9999979958E+00    0.1307272509E-03    0.3241838337E-03    0.1813939656E+02
    0.2205000000E+00    0.9352396815E-04   -0.1062150112E-03    0.9999999902E+00    0.3324562294E-04   -0.7000838388E-04    0.1000000000E+01   -0.5603565501E-04   -0.5590363590E-04    0.2298279502E-01    0.9997358576E+00    0.1260658341E-03    0.3287246993E-03    0.1818062246E+02
    0.2210000000E+00    0.9053632777E-04   -0.1098297477E-03    0.9999999901E+00    0.3112820927E-04   -0.7146165209E-04    0.1000000000E+01   -0.5678119146E-04   -0.5579767311E-04    0.4795181800E-01    0.9988496468E+00    0.1212987277E-03    0.3332092811E-03    0.1822184836E+02
    0.2215000000E+00    0.8741480900E-04   -0.1133655828E-03    0.9999999900E+00    0.2895218940E-04   -0.7285321551E-04    0.1000000000E+01   -0.5753018896E-04   -0.5568543784E-04    0.7289090766E-01    0.9973399166E+00    0.1164263264E-03    0.3376354117E-03    0.1826307426E+02
    0.2220000000E+00    0.8416129509E-04   -0.1168177238E-03    0.9999999899E+00    0.2671927665E-04   -0.7418083434E-04    0.1000000000E+01   -0.5828261963E-04   -0.5556686788E-04    0.9778449609E-01    0.9952076094E+00    0.1114490654E-03    0.3420009181E-03    0.1830430017E+02
    0.2225000000E+00    0.8077783595E-04   -0.1201814146E-03    0.9999999897E+00    0.2443126661E-04   -0.7544231312E-04    0.1000000000E+01   -0.5903845497E-04   -0.5544190090E-04    0.1226170438E+00    0.9924540564E+00    0.1063674202E-03    0.3463036229E-03    0.1834552607E+02
    0.2230000000E+00    0.7726664782E-04   -0.1234519413E-03    0.9999999896E+00    0.2209003607E-04   -0.7663550371E-04    0.1000000000E+01   -0.5979766586E-04   -0.5531047440E-04    0.1473730493E+00    0.9890809763E+00    0.1011819072E-03    0.3505413450E-03    0.1838675197E+02
    0.2235000000E+00    0.7363011276E-04   -0.1266246379E-03    0.9999999895E+00    0.1969754191E-04   -0.7775830818E-04    0.1000000000E+01   -0.6056022252E-04   -0.5517252577E-04    0.1720370590E+00    0.9850904749E+00    0.9589308397E-04    0.3547118998E-03    0.1842797787E+02
    0.2240000000E+00    0.6987077795E-04   -0.1296948922E-03    0.9999999894E+00    0.1725581986E-04   -0.7880868168E-04    0.1000000000E+01   -0.6132609452E-04   -0.5502799225E-04    0.1965936768E+00    0.9804850430E+00    0.9050154934E-04    0.3588131006E-03    0.1846920377E+02
    0.2245000000E+00    0.6599135479E-04   -0.1326581511E-03    0.9999999893E+00    0.1476698322E-04   -0.7978463530E-04    0.1000000000E+01   -0.6209525079E-04   -0.5487681098E-04    0.2210275734E+00    0.9752675556E+00    0.8500794398E-04    0.3628427586E-03    0.1851042967E+02
    0.2250000000E+00    0.6199471784E-04   -0.1355099265E-03    0.9999999891E+00    0.1223322137E-04   -0.8068423891E-04    0.1000000000E+01   -0.6286765960E-04   -0.5471891894E-04    0.2453234963E+00    0.9694412696E+00    0.7941295045E-04    0.3667986844E-03    0.1855165557E+02
    0.2255000000E+00    0.5788390349E-04   -0.1382458009E-03    0.9999999890E+00    0.9656798288E-05   -0.8150562395E-04    0.1000000000E+01   -0.6364328857E-04   -0.5455425302E-04    0.2694662791E+00    0.9630098221E+00    0.7371729351E-04    0.3706786879E-03    0.1859288147E+02
    0.2260000000E+00    0.5366210856E-04   -0.1408614333E-03    0.9999999889E+00    0.7040050927E-05   -0.8224698620E-04    0.1000000000E+01   -0.6442210464E-04   -0.5438274997E-04    0.2934408510E+00    0.9559772277E+00    0.6792174037E-04    0.3744805796E-03    0.1863410737E+02
    0.2265000000E+00    0.4933268861E-04   -0.1433525644E-03    0.9999999888E+00    0.4385387459E-05   -0.8290658847E-04    0.1000000000E+01   -0.6520407408E-04   -0.5420434645E-04    0.3172322460E+00    0.9483478765E+00    0.6202710091E-04    0.3782021713E-03    0.1867533327E+02
    0.2270000000E+00    0.4489915607E-04   -0.1457150226E-03    0.9999999886E+00    0.1695285477E-05   -0.8348276336E-04    0.1000000000E+01   -0.6598916249E-04   -0.5401897901E-04    0.3408256128E+00    0.9401265311E+00    0.5603422789E-04    0.3818412765E-03    0.1871655917E+02
    0.2275000000E+00    0.4036517822E-04   -0.1479447295E-03    0.9999999885E+00   -0.1027709934E-05   -0.8397391578E-04    0.1000000000E+01   -0.6677733481E-04   -0.5382658408E-04    0.3642062235E+00    0.9313183234E+00    0.4994401720E-04    0.3853957118E-03    0.1875778507E+02
    0.2280000000E+00    0.3573457494E-04   -0.1500377055E-03    0.9999999884E+00   -0.3780988210E-05   -0.8437852566E-04    0.1000000000E+01   -0.6756855526E-04   -0.5362709803E-04    0.3873594830E+00    0.9219287519E+00    0.4375740798E-04    0.3888632968E-03    0.1879901097E+02
    0.2285000000E+00    0.3101131627E-04   -0.1519900749E-03    0.9999999882E+00   -0.6561875421E-05   -0.8469515038E-04    0.1000000000E+01   -0.6836278740E-04   -0.5342045709E-04    0.4102709382E+00    0.9119636779E+00    0.3747538287E-04    0.3922418557E-03    0.1884023688E+02
    0.2290000000E+00    0.2619951980E-04   -0.1537980720E-03    0.9999999881E+00   -0.9367636475E-05   -0.8492242730E-04    0.1000000000E+01   -0.6915999408E-04   -0.5320659744E-04    0.4329262869E+00    0.9014293220E+00    0.3109896813E-04    0.3955292175E-03    0.1888146278E+02
    0.2295000000E+00    0.2130344782E-04   -0.1554580462E-03    0.9999999879E+00   -0.1219547742E-04   -0.8505907620E-04    0.1000000000E+01   -0.6996013747E-04   -0.5298545516E-04    0.4553113868E+00    0.8903322601E+00    0.2462923385E-04    0.3987232174E-03    0.1892268868E+02
    0.2300000000E+00    0.1632750434E-04   -0.1569664670E-03    0.9999999878E+00   -0.1504254781E-04   -0.8510390157E-04    0.1000000000E+01   -0.7076317901E-04   -0.5275696627E-04    0.4774122642E+00    0.8786794195E+00    0.1806729402E-04    0.4018216968E-03    0.1896391458E+02
    0.2305000000E+00    0.1127623188E-04   -0.1583199300E-03    0.9999999877E+00   -0.1790594324E-04   -0.8505579495E-04    0.1000000000E+01   -0.7156907947E-04   -0.5252106668E-04    0.4992151230E+00    0.8664780742E+00    0.1141430671E-04    0.4048225048E-03    0.1900514048E+02
    0.2310000000E+00    0.6154308053E-05   -0.1595151615E-03    0.9999999875E+00   -0.2078270784E-04   -0.8491373714E-04    0.1000000000E+01   -0.7237779888E-04   -0.5227769227E-04    0.5207063531E+00    0.8537358409E+00    0.4671474209E-05    0.4077234987E-03    0.1904636638E+02
    0.2315000000E+00    0.9665420385E-06   -0.1605490236E-03    0.9999999874E+00   -0.2366983698E-04   -0.8467680034E-04    0.1000000000E+01   -0.7318929655E-04   -0.5202677883E-04    0.5418725386E+00    0.8404606736E+00   -0.2159956951E-05    0.4105225449E-03    0.1908759228E+02
    0.2320000000E+00   -0.4282129223E-05   -0.1614185196E-03    0.9999999872E+00   -0.2656427997E-04   -0.8434415025E-04    0.1000000000E+01   -0.7400353110E-04   -0.5176826211E-04    0.5627004671E+00    0.8266608593E+00   -0.9078695837E-05    0.4132175196E-03    0.1912881818E+02
    0.2325000000E+00   -0.9586644960E-05   -0.1621207989E-03    0.9999999871E+00   -0.2946294293E-04   -0.8391504802E-04    0.1000000000E+01   -0.7482046041E-04   -0.5150207780E-04    0.5831771368E+00    0.8123450122E+00   -0.1608340707E-04    0.4158063100E-03    0.1917004408E+02
    0.2330000000E+00   -0.1494182470E-04   -0.1626531611E-03    0.9999999869E+00   -0.3236269163E-04   -0.8338885221E-04    0.1000000000E+01   -0.7564004161E-04   -0.5122816153E-04    0.6032897655E+00    0.7975220690E+00   -0.2317271075E-04    0.4182868145E-03    0.1921126998E+02
    0.2335000000E+00   -0.2034237259E-04   -0.1630130618E-03    0.9999999868E+00   -0.3526035450E-04   -0.8276502056E-04    0.1000000000E+01   -0.7646223111E-04   -0.5094644892E-04    0.6230257981E+00    0.7822012826E+00   -0.3034518243E-04    0.4206569441E-03    0.1925249588E+02
    0.2340000000E+00   -0.2578288184E-04   -0.1631981163E-03    0.9999999866E+00   -0.3815272567E-04   -0.8204311181E-04    0.1000000000E+01   -0.7728698460E-04   -0.5065687552E-04    0.6423729147E+00    0.7663922168E+00   -0.3759935307E-04    0.4229146233E-03    0.1929372178E+02
    0.2345000000E+00   -0.3125783945E-04   -0.1632061043E-03    0.9999999865E+00   -0.4103656812E-04   -0.8122278726E-04    0.1000000000E+01   -0.7811425701E-04   -0.5035937685E-04    0.6613190379E+00    0.7501047403E+00   -0.4493370901E-04    0.4250577903E-03    0.1933494768E+02
    0.2350000000E+00   -0.3676163097E-04   -0.1630349746E-03    0.9999999863E+00   -0.4390861682E-04   -0.8030381241E-04    0.1000000000E+01   -0.7894400251E-04   -0.5005388843E-04    0.6798523411E+00    0.7333490203E+00   -0.5234669200E-04    0.4270843987E-03    0.1937617358E+02
    0.2355000000E+00   -0.4228854553E-04   -0.1626828489E-03    0.9999999862E+00   -0.4676558205E-04   -0.7928605834E-04    0.1000000000E+01   -0.7977617453E-04   -0.4974034574E-04    0.6979612549E+00    0.7161355164E+00   -0.5983669918E-04    0.4289924176E-03    0.1941739948E+02
    0.2360000000E+00   -0.4783278099E-04   -0.1621480259E-03    0.9999999860E+00   -0.4960415271E-04   -0.7816950314E-04    0.1000000000E+01   -0.8061072575E-04   -0.4941868424E-04    0.7156344752E+00    0.6984749738E+00   -0.6740208312E-04    0.4307798331E-03    0.1945862539E+02
    0.2365000000E+00   -0.5338844926E-04   -0.1614289854E-03    0.9999999858E+00   -0.5242099967E-04   -0.7695423313E-04    0.1000000000E+01   -0.8144760809E-04   -0.4908883939E-04    0.7328609696E+00    0.6803784169E+00   -0.7504115188E-04    0.4324446487E-03    0.1949985129E+02
    0.2370000000E+00   -0.5894958178E-04   -0.1605243918E-03    0.9999999857E+00   -0.5521277929E-04   -0.7564044400E-04    0.1000000000E+01   -0.8228677268E-04   -0.4875074665E-04    0.7496299847E+00    0.6618571424E+00   -0.8275216903E-04    0.4339848866E-03    0.1954107719E+02
    0.2375000000E+00   -0.6451013513E-04   -0.1594330979E-03    0.9999999855E+00   -0.5797613685E-04   -0.7422844190E-04    0.1000000000E+01   -0.8312816990E-04   -0.4840434147E-04    0.7659310527E+00    0.6429227118E+00   -0.9053335378E-04    0.4353985881E-03    0.1958230309E+02
    0.2380000000E+00   -0.7006399681E-04   -0.1581541485E-03    0.9999999853E+00   -0.6070771017E-04   -0.7271864434E-04    0.1000000000E+01   -0.8397174935E-04   -0.4804955931E-04    0.7817539978E+00    0.6235869447E+00   -0.9838288100E-04    0.4366838150E-03    0.1962352899E+02
    0.2385000000E+00   -0.7560499117E-04   -0.1566867831E-03    0.9999999852E+00   -0.6340413316E-04   -0.7111158105E-04    0.1000000000E+01   -0.8481745986E-04   -0.4768633566E-04    0.7970889427E+00    0.6038619113E+00   -0.1062988814E-03    0.4378386500E-03    0.1966475489E+02
    0.2390000000E+00   -0.8112688544E-04   -0.1550304395E-03    0.9999999850E+00   -0.6606203952E-04   -0.6940789465E-04    0.1000000000E+01   -0.8566524946E-04   -0.4731460600E-04    0.8119263149E+00    0.5837599247E+00   -0.1142794416E-03    0.4388611980E-03    0.1970598079E+02
    0.2395000000E+00   -0.8662339592E-04   -0.1531847565E-03    0.9999999848E+00   -0.6867806639E-04   -0.6760834129E-04    0.1000000000E+01   -0.8651506541E-04   -0.4693430587E-04    0.8262568522E+00    0.5632935332E+00   -0.1223226044E-03    0.4397495868E-03    0.1974720669E+02
    0.2400000000E+00   -0.9208819431E-04   -0.1511495767E-03    0.9999999846E+00   -0.7124885813E-04   -0.6571379110E-04    0.1000000000E+01   -0.8736685417E-04   -0.4654537082E-04    0.8400716090E+00    0.5424755128E+00   -0.1304263686E-03    0.4405019679E-03    0.1978843259E+02
    0.2405000000E+00   -0.9751491411E-04   -0.1489249487E-03    0.9999999845E+00   -0.7377107003E-04   -0.6372522857E-04    0.1000000000E+01   -0.8822056140E-04   -0.4614773643E-04    0.8533619616E+00    0.5213188588E+00   -0.1385886895E-03    0.4411165179E-03    0.1982965849E+02
    0.2410000000E+00   -0.1028971572E-03   -0.1465111300E-03    0.9999999843E+00   -0.7624137217E-04   -0.6164375276E-04    0.1000000000E+01   -0.8907613196E-04   -0.4574133835E-04    0.8661196137E+00    0.4998367781E+00   -0.1468074791E-03    0.4415914385E-03    0.1987088439E+02
    0.2415000000E+00   -0.1082285006E-03   -0.1439085887E-03    0.9999999841E+00   -0.7865645320E-04   -0.5947057746E-04    0.1000000000E+01   -0.8993350991E-04   -0.4532611227E-04    0.8783366015E+00    0.4780426805E+00   -0.1550806062E-03    0.4419249583E-03    0.1991211029E+02
    0.2420000000E+00   -0.1135025028E-03   -0.1411180054E-03    0.9999999839E+00   -0.8101302420E-04   -0.5720703111E-04    0.1000000000E+01   -0.9079263851E-04   -0.4490199393E-04    0.8900052986E+00    0.4559501708E+00   -0.1634058963E-03    0.4421153332E-03    0.1995333619E+02
    0.2425000000E+00   -0.1187127114E-03   -0.1381402753E-03    0.9999999837E+00   -0.8330782259E-04   -0.5485455676E-04    0.1000000000E+01   -0.9165346018E-04   -0.4446891913E-04    0.9011184211E+00    0.4335730399E+00   -0.1717811325E-03    0.4421608476E-03    0.1999456209E+02
    0.2430000000E+00   -0.1238526692E-03   -0.1349765092E-03    0.9999999835E+00   -0.8553761594E-04   -0.5241471171E-04    0.1000000000E+01   -0.9251591655E-04   -0.4402682377E-04    0.9116690316E+00    0.4109252564E+00   -0.1802040553E-03    0.4420598148E-03    0.2003578799E+02
    0.2435000000E+00   -0.1289159220E-03   -0.1316280351E-03    0.9999999834E+00   -0.8769920595E-04   -0.4988916720E-04    0.1000000000E+01   -0.9337994841E-04   -0.4357564379E-04    0.9216505442E+00    0.3880209580E+00   -0.1886723629E-03    0.4418105788E-03    0.2007701389E+02
    0.2440000000E+00   -0.1338960252E-03   -0.1280963991E-03    0.9999999832E+00   -0.8978943230E-04   -0.4727970781E-04    0.1000000000E+01   -0.9424549575E-04   -0.4311531523E-04    0.9310567279E+00    0.3648744423E+00   -0.1971837118E-03    0.4414115141E-03    0.2011823979E+02
    0.2445000000E+00   -0.1387865511E-03   -0.1243833662E-03    0.9999999830E+00   -0.9180517658E-04   -0.4458823088E-04    0.1000000000E+01   -0.9511249769E-04   -0.4264577422E-04    0.9398817112E+00    0.3415001584E+00   -0.2057357167E-03    0.4408610276E-03    0.2015946569E+02
    0.2450000000E+00   -0.1435810962E-03   -0.1204909210E-03    0.9999999828E+00   -0.9374336618E-04   -0.4181674570E-04    0.1000000000E+01   -0.9598089255E-04   -0.4216695699E-04    0.9481199850E+00    0.3179126972E+00   -0.2143259510E-03    0.4401575590E-03    0.2020069159E+02
    0.2455000000E+00   -0.1482732889E-03   -0.1164212682E-03    0.9999999826E+00   -0.9560097822E-04   -0.3896737257E-04    0.1000000000E+01   -0.9685061780E-04   -0.4167879987E-04    0.9557664068E+00    0.2941267830E+00   -0.2229519473E-03    0.4392995816E-03    0.2024191749E+02
    0.2460000000E+00   -0.1528567959E-03   -0.1121768321E-03    0.9999999824E+00   -0.9737504343E-04   -0.3604234178E-04    0.1000000000E+01   -0.9772161007E-04   -0.4118123930E-04    0.9628162034E+00    0.2701572639E+00   -0.2316111977E-03    0.4382856036E-03    0.2028314340E+02
    0.2465000000E+00   -0.1573253306E-03   -0.1077602572E-03    0.9999999822E+00   -0.9906265002E-04   -0.3304399245E-04    0.1000000000E+01   -0.9859380515E-04   -0.4067421184E-04    0.9692649740E+00    0.2460191025E+00   -0.2403011538E-03    0.4371141687E-03    0.2032436930E+02
    0.2470000000E+00   -0.1616726601E-03   -0.1031744074E-03    0.9999999820E+00   -0.1006609475E-03   -0.2997477115E-04    0.1000000000E+01   -0.9946713796E-04   -0.4015765417E-04    0.9751086931E+00    0.2217273667E+00   -0.2490192276E-03    0.4357838573E-03    0.2036559520E+02
    0.2475000000E+00   -0.1658926126E-03   -0.9842236566E-04    0.9999999818E+00   -0.1021671507E-03   -0.2683723053E-04    0.1000000000E+01   -0.1003415426E-03   -0.3963150311E-04    0.9803437128E+00    0.1972972204E+00   -0.2577627918E-03    0.4342932869E-03    0.2040682110E+02
    0.2480000000E+00   -0.1699790848E-03   -0.9350743276E-04    0.9999999815E+00   -0.1035785433E-03   -0.2363402768E-04    0.1000000000E+01   -0.1012169523E-03   -0.3909569561E-04    0.9849667652E+00    0.1727439138E+00   -0.2665291800E-03    0.4326411137E-03    0.2044804700E+02
    0.2485000000E+00   -0.1739260499E-03   -0.8843312658E-04    0.9999999813E+00   -0.1048924819E-03   -0.2036792246E-04    0.1000000000E+01   -0.1020932994E-03   -0.3855016878E-04    0.9889749644E+00    0.1480827739E+00   -0.2753156875E-03    0.4308260327E-03    0.2048927290E+02
    0.2490000000E+00   -0.1777275645E-03   -0.8320318054E-04    0.9999999811E+00   -0.1061063994E-03   -0.1704177563E-04    0.1000000000E+01   -0.1029705153E-03   -0.3799485987E-04    0.9923658084E+00    0.1233291952E+00   -0.2841195714E-03    0.4288467793E-03    0.2053049880E+02
    0.2495000000E+00   -0.1813777765E-03   -0.7782154203E-04    0.9999999809E+00   -0.1072178091E-03   -0.1365854687E-04    0.1000000000E+01   -0.1038485308E-03   -0.3742970631E-04    0.9951371804E+00    0.9849862987E-01   -0.2929380513E-03    0.4267021298E-03    0.2057172470E+02
    0.2500000000E+00   -0.1848709325E-03   -0.7229237054E-04    0.9999999807E+00   -0.1082243081E-03   -0.1022129269E-04    0.1000000000E+01   -0.1047272756E-03   -0.3685464567E-04    0.9972873505E+00    0.7360657796E-01   -0.3017683100E-03    0.4243909024E-03    0.2061295060E+02
    0.2505000000E+00   -0.1882013849E-03   -0.6662003555E-04    0.9999999804E+00   -0.1091235810E-03   -0.6733164194E-05    0.1000000000E+01   -0.1056066786E-03   -0.3626961572E-04    0.9988149764E+00    0.4866857806E-01   -0.3106074934E-03    0.4219119581E-03    0.2065417650E+02
    0.2510000000E+00   -0.1913635999E-03   -0.6080911415E-04    0.9999999802E+00   -0.1099134035E-03   -0.3197404678E-05    0.1000000000E+01   -0.1064866677E-03   -0.3567455442E-04    0.9997191046E+00    0.2370019742E-01   -0.3194527120E-03    0.4192642014E-03    0.2069540240E+02
    0.2515000000E+00   -0.1943521644E-03   -0.5486438838E-04    0.9999999800E+00   -0.1105916457E-03    0.3826528375E-06    0.1000000000E+01   -0.1073671701E-03   -0.3506939989E-04    0.9999991706E+00   -0.1282977782E-02   -0.3283010404E-03    0.4164465814E-03    0.2073662830E+02
    0.2520000000E+00   -0.1971617937E-03   -0.4879084239E-04    0.9999999798E+00   -0.1111562757E-03    0.4003588242E-05    0.1000000000E+01   -0.1082481120E-03   -0.3445409049E-04    0.9996549997E+00   -0.2626535210E-01   -0.3371495188E-03    0.4134580928E-03    0.2077785420E+02
    0.2525000000E+00   -0.1997873385E-03   -0.4259365928E-04    0.9999999795E+00   -0.1116053629E-03    0.7661897086E-05    0.1000000000E+01   -0.1091294188E-03   -0.3382856475E-04    0.9986868066E+00   -0.5123133059E-01   -0.3459951529E-03    0.4102977761E-03    0.2081908010E+02
    0.2530000000E+00   -0.2022237923E-03   -0.3627821768E-04    0.9999999793E+00   -0.1119370814E-03    0.1135399346E-04    0.1000000000E+01   -0.1100110148E-03   -0.3319276144E-04    0.9970951958E+00   -0.7616532857E-01   -0.3548349151E-03    0.4069647194E-03    0.2086030600E+02
    0.2535000000E+00   -0.2044662984E-03   -0.2985008816E-04    0.9999999791E+00   -0.1121497129E-03    0.1507621298E-04    0.1000000000E+01   -0.1108928237E-03   -0.3254661956E-04    0.9948811608E+00   -0.1010517813E+00   -0.3636657446E-03    0.4034580584E-03    0.2090153190E+02
    0.2540000000E+00   -0.2065101572E-03   -0.2331502924E-04    0.9999999788E+00   -0.1122416504E-03    0.1882481592E-04    0.1000000000E+01   -0.1117747681E-03   -0.3189007832E-04    0.9920460837E+00   -0.1258751537E+00   -0.3724845484E-03    0.3997769778E-03    0.2094275780E+02
    0.2545000000E+00   -0.2083508328E-03   -0.1667898330E-04    0.9999999786E+00   -0.1122114005E-03    0.2259599044E-04    0.1000000000E+01   -0.1126567696E-03   -0.3122307717E-04    0.9885917342E+00   -0.1506199501E+00   -0.3812882021E-03    0.3959207120E-03    0.2098398370E+02
    0.2550000000E+00   -0.2099839603E-03   -0.9948072188E-05    0.9999999783E+00   -0.1120575869E-03    0.2638585595E-04    0.1000000000E+01   -0.1135387492E-03   -0.3054555583E-04    0.9845202687E+00   -0.1752707239E+00   -0.3900735502E-03    0.3918885456E-03    0.2102520960E+02
    0.2555000000E+00   -0.2114053521E-03   -0.3128592496E-05    0.9999999781E+00   -0.1117789532E-03    0.3019046657E-04    0.1000000000E+01   -0.1144206268E-03   -0.2985745426E-04    0.9798342288E+00   -0.1998120872E+00   -0.3988374068E-03    0.3876798147E-03    0.2106643550E+02
    0.2560000000E+00   -0.2126110050E-03    0.3772989275E-05    0.9999999778E+00   -0.1113743654E-03    0.3400581470E-04    0.1000000000E+01   -0.1153023214E-03   -0.2915871270E-04    0.9745365396E+00   -0.2242287202E+00   -0.4075765570E-03    0.3832939076E-03    0.2110766140E+02
    0.2565000000E+00   -0.2135971065E-03    0.1075004188E-04    0.9999999776E+00   -0.1108428149E-03    0.3782783473E-04    0.1000000000E+01   -0.1161837510E-03   -0.2844927164E-04    0.9686305081E+00   -0.2485053813E+00   -0.4162877568E-03    0.3787302654E-03    0.2114888730E+02
    0.2570000000E+00   -0.2143600411E-03    0.1779577470E-04    0.9999999773E+00   -0.1101834208E-03    0.4165240682E-04    0.1000000000E+01   -0.1170648329E-03   -0.2772907187E-04    0.9621198212E+00   -0.2726269160E+00   -0.4249677343E-03    0.3739883830E-03    0.2119011320E+02
    0.2575000000E+00   -0.2148963967E-03    0.2490324338E-04    0.9999999770E+00   -0.1093954322E-03    0.4547536081E-04    0.1000000000E+01   -0.1179454832E-03   -0.2699805446E-04    0.9550085430E+00   -0.2965782667E+00   -0.4336131907E-03    0.3690678097E-03    0.2123133910E+02
    0.2580000000E+00   -0.2152029706E-03    0.3206535565E-04    0.9999999768E+00   -0.1084782312E-03    0.4929248021E-04    0.1000000000E+01   -0.1188256173E-03   -0.2625616080E-04    0.9473011126E+00   -0.3203444822E+00   -0.4422208004E-03    0.3639681502E-03    0.2127256500E+02
    0.2585000000E+00   -0.2152767756E-03    0.3927487746E-04    0.9999999765E+00   -0.1074313343E-03    0.5309950628E-04    0.1000000000E+01   -0.1197051496E-03   -0.2550333256E-04    0.9390023414E+00   -0.3439107266E+00   -0.4507872126E-03    0.3586890654E-03    0.2131379090E+02
    0.2590000000E+00   -0.2151150454E-03    0.4652443920E-04    0.9999999762E+00   -0.1062543949E-03    0.5689214226E-04    0.1000000000E+01   -0.1205839935E-03   -0.2473951174E-04    0.9301174097E+00   -0.3672622891E+00   -0.4593090516E-03    0.3532302727E-03    0.2135501680E+02
    0.2595000000E+00   -0.2147152406E-03    0.5380654234E-04    0.9999999760E+00   -0.1049472052E-03    0.6066605762E-04    0.1000000000E+01   -0.1214620616E-03   -0.2396464068E-04    0.9206518639E+00   -0.3903845927E+00   -0.4677829180E-03    0.3475915475E-03    0.2139624270E+02
    0.2600000000E+00   -0.2140750539E-03    0.6111356606E-04    0.9999999757E+00   -0.1035096982E-03    0.6441689241E-04    0.1000000000E+01   -0.1223392654E-03   -0.2317866203E-04    0.9106116127E+00   -0.4132632036E+00   -0.4762053893E-03    0.3417727232E-03    0.2143746860E+02
    0.2605000000E+00   -0.2131924153E-03    0.6843777431E-04    0.9999999754E+00   -0.1019419489E-03    0.6814026176E-04    0.1000000000E+01   -0.1232155155E-03   -0.2238151879E-04    0.9000029235E+00   -0.4358838400E+00   -0.4845730210E-03    0.3357736923E-03    0.2147869450E+02
    0.2610000000E+00   -0.2120654972E-03    0.7577132291E-04    0.9999999751E+00   -0.1002441766E-03    0.7183176035E-04    0.1000000000E+01   -0.1240907217E-03   -0.2157315433E-04    0.8888324188E+00   -0.4582323815E+00   -0.4928823474E-03    0.3295944072E-03    0.2151992040E+02
    0.2615000000E+00   -0.2106927191E-03    0.8310626693E-04    0.9999999748E+00   -0.9841674538E-04    0.7548696706E-04    0.1000000000E+01   -0.1249647927E-03   -0.2075351237E-04    0.8771070716E+00   -0.4802948771E+00   -0.5011298826E-03    0.3232348808E-03    0.2156114630E+02
    0.2620000000E+00   -0.2090727521E-03    0.9043456828E-04    0.9999999745E+00   -0.9646016635E-04    0.7910144961E-04    0.1000000000E+01   -0.1258376363E-03   -0.1992253699E-04    0.8648342012E+00   -0.5020575547E+00   -0.5093121213E-03    0.3166951871E-03    0.2160237220E+02
    0.2625000000E+00   -0.2072045238E-03    0.9774810343E-04    0.9999999742E+00   -0.9437509813E-04    0.8267076930E-04    0.1000000000E+01   -0.1267091593E-03   -0.1908017267E-04    0.8520214689E+00   -0.5235068291E+00   -0.5174255399E-03    0.3099754619E-03    0.2164359810E+02
    0.2630000000E+00   -0.2050872217E-03    0.1050386713E-03    0.9999999739E+00   -0.9216234802E-04    0.8619048584E-04    0.1000000000E+01   -0.1275792676E-03   -0.1822636428E-04    0.8386768729E+00   -0.5446293109E+00   -0.5254665977E-03    0.3030759035E-03    0.2168482400E+02
    0.2635000000E+00   -0.2027202974E-03    0.1122980016E-03    0.9999999736E+00   -0.8982287288E-04    0.8965616217E-04    0.1000000000E+01   -0.1284478662E-03   -0.1736105706E-04    0.8248087433E+00   -0.5654118147E+00   -0.5334317373E-03    0.2959967736E-03    0.2172604990E+02
    0.2640000000E+00   -0.2001034705E-03    0.1195177627E-03    0.9999999733E+00   -0.8735777974E-04    0.9306336938E-04    0.1000000000E+01   -0.1293148590E-03   -0.1648419671E-04    0.8104257372E+00   -0.5858413672E+00   -0.5413173862E-03    0.2887383974E-03    0.2176727580E+02
    0.2645000000E+00   -0.1972367316E-03    0.1266895705E-03    0.9999999730E+00   -0.8476832634E-04    0.9640769168E-04    0.1000000000E+01   -0.1301801490E-03   -0.1559572930E-04    0.7955368330E+00   -0.6059052155E+00   -0.5491199574E-03    0.2813011649E-03    0.2180850170E+02
    0.2650000000E+00   -0.1941203457E-03    0.1338049967E-03    0.9999999727E+00   -0.8205592148E-04    0.9968473141E-04    0.1000000000E+01   -0.1310436383E-03   -0.1469560136E-04    0.7801513248E+00   -0.6255908352E+00   -0.5568358510E-03    0.2736855309E-03    0.2184972760E+02
    0.2655000000E+00   -0.1907548549E-03    0.1408555778E-03    0.9999999724E+00   -0.7922212523E-04    0.1028901140E-03    0.1000000000E+01   -0.1319052279E-03   -0.1378375984E-04    0.7642788170E+00   -0.6448859375E+00   -0.5644614545E-03    0.2658920158E-03    0.2189095350E+02
    0.2660000000E+00   -0.1871410812E-03    0.1478328237E-03    0.9999999721E+00   -0.7626864894E-04    0.1060194932E-03    0.1000000000E+01   -0.1327648179E-03   -0.1286015216E-04    0.7479292176E+00   -0.6637784779E+00   -0.5719931445E-03    0.2579212065E-03    0.2193217940E+02
    0.2665000000E+00   -0.1832801286E-03    0.1547282272E-03    0.9999999718E+00   -0.7319735512E-04    0.1090685561E-03    0.1000000000E+01   -0.1336223075E-03   -0.1192472616E-04    0.7311127328E+00   -0.6822566629E+00   -0.5794272878E-03    0.2497737564E-03    0.2197340530E+02
    0.2670000000E+00   -0.1791733853E-03    0.1615332726E-03    0.9999999714E+00   -0.7001025713E-04    0.1120330279E-03    0.1000000000E+01   -0.1344775949E-03   -0.1097743020E-04    0.7138398600E+00   -0.7003089576E+00   -0.5867602419E-03    0.2414503865E-03    0.2201463120E+02
    0.2675000000E+00   -0.1748225255E-03    0.1682394451E-03    0.9999999711E+00   -0.6670951873E-04    0.1149086779E-03    0.1000000000E+01   -0.1353305772E-03   -0.1001821307E-04    0.6961213816E+00   -0.7179240933E+00   -0.5939883568E-03    0.2329518856E-03    0.2205585710E+02
    0.2680000000E+00   -0.1702295105E-03    0.1748382405E-03    0.9999999708E+00   -0.6329745341E-04    0.1176913237E-03    0.1000000000E+01   -0.1361811506E-03   -0.9047024085E-05    0.6779683581E+00   -0.7350910738E+00   -0.6011079760E-03    0.2242791107E-03    0.2209708300E+02
    0.2685000000E+00   -0.1653965904E-03    0.1813211742E-03    0.9999999704E+00   -0.5977652361E-04    0.1203768370E-03    0.1000000000E+01   -0.1370292104E-03   -0.8063813033E-05    0.6593921214E+00   -0.7517991829E+00   -0.6081154371E-03    0.2154329879E-03    0.2213830890E+02
    0.2690000000E+00   -0.1603263046E-03    0.1876797910E-03    0.9999999701E+00   -0.5614933968E-04    0.1229611484E-03    0.1000000000E+01   -0.1378746507E-03   -0.7068530223E-05    0.6404042674E+00   -0.7680379908E+00   -0.6150070740E-03    0.2064145127E-03    0.2217953480E+02
    0.2695000000E+00   -0.1550214824E-03    0.1939056749E-03    0.9999999697E+00   -0.5241865879E-04    0.1254402528E-03    0.1000000000E+01   -0.1387173650E-03   -0.6061126483E-05    0.6210166490E+00   -0.7837973606E+00   -0.6217792171E-03    0.1972247502E-03    0.2222076070E+02
    0.2700000000E+00   -0.1494852433E-03    0.1999904581E-03    0.9999999694E+00   -0.4858738355E-04    0.1278102144E-03    0.1000000000E+01   -0.1395572454E-03   -0.5041553169E-05    0.6012413687E+00   -0.7990674546E+00   -0.6284281952E-03    0.1878648362E-03    0.2226198660E+02
    0.2705000000E+00   -0.1437209968E-03    0.2059258316E-03    0.9999999690E+00   -0.4465856051E-04    0.1300671718E-03    0.1000000000E+01   -0.1403941832E-03   -0.4009762177E-05    0.5810907711E+00   -0.8138387408E+00   -0.6349503362E-03    0.1783359768E-03    0.2230321250E+02
    0.2710000000E+00   -0.1377324423E-03    0.2117035545E-03    0.9999999687E+00   -0.4063537847E-04    0.1322073431E-03    0.1000000000E+01   -0.1412280688E-03   -0.2965705955E-05    0.5605774348E+00   -0.8281019984E+00   -0.6413419687E-03    0.1686394493E-03    0.2234443840E+02
    0.2715000000E+00   -0.1315235680E-03    0.2173154639E-03    0.9999999683E+00   -0.3652116664E-04    0.1342270311E-03    0.1000000000E+01   -0.1420587914E-03   -0.1909337511E-05    0.5397141650E+00   -0.8418483236E+00   -0.6475994233E-03    0.1587766027E-03    0.2238566430E+02
    0.2720000000E+00   -0.1250986501E-03    0.2227534848E-03    0.9999999679E+00   -0.3231939258E-04    0.1361226283E-03    0.1000000000E+01   -0.1428862395E-03   -0.8406104271E-06    0.5185139855E+00   -0.8550691355E+00   -0.6537190334E-03    0.1487488577E-03    0.2242689020E+02
    0.2725000000E+00   -0.1184622513E-03    0.2280096401E-03    0.9999999676E+00   -0.2803366000E-04    0.1378906217E-03    0.1000000000E+01   -0.1437103003E-03    0.2405211324E-06    0.4969901300E+00   -0.8677561812E+00   -0.6596971370E-03    0.1385577073E-03    0.2246811610E+02
    0.2730000000E+00   -0.1116192193E-03    0.2330760603E-03    0.9999999672E+00   -0.2366770639E-04    0.1395275979E-03    0.1000000000E+01   -0.1445308601E-03    0.1334102409E-05    0.4751560347E+00   -0.8799015410E+00   -0.6655300777E-03    0.1282047170E-03    0.2250934200E+02
    0.2735000000E+00   -0.1045746845E-03    0.2379449934E-03    0.9999999668E+00   -0.1922540041E-04    0.1410302481E-03    0.1000000000E+01   -0.1453478044E-03    0.2440178040E-05    0.4530253292E+00   -0.8914976332E+00   -0.6712142060E-03    0.1176915251E-03    0.2255056790E+02
    0.2740000000E+00   -0.9733405769E-04    0.2426088149E-03    0.9999999664E+00   -0.1471073920E-04    0.1423953728E-03    0.1000000000E+01   -0.1461610174E-03    0.3558792047E-05    0.4306118283E+00   -0.9025372192E+00   -0.6767458807E-03    0.1070198432E-03    0.2259179379E+02
    0.2745000000E+00   -0.8990302749E-04    0.2470600376E-03    0.9999999660E+00   -0.1012784548E-04    0.1436198865E-03    0.1000000000E+01   -0.1469703825E-03    0.4689987821E-05    0.4079295233E+00   -0.9130134076E+00   -0.6821214705E-03    0.9619145608E-04    0.2263301969E+02
    0.2750000000E+00   -0.8228755720E-04    0.2512913214E-03    0.9999999657E+00   -0.5480964427E-05    0.1447008227E-03    0.1000000000E+01   -0.1477757822E-03    0.5833808120E-05    0.3849925734E+00   -0.9229196588E+00   -0.6873373545E-03    0.8520822243E-04    0.2267424559E+02
    0.2755000000E+00   -0.7449388144E-04    0.2552954829E-03    0.9999999653E+00   -0.7744604543E-06    0.1456353381E-03    0.1000000000E+01   -0.1485770976E-03    0.6990295050E-05    0.3618152967E+00   -0.9322497889E+00   -0.6923899247E-03    0.7407207463E-04    0.2271547149E+02
    0.2760000000E+00   -0.6652850240E-04    0.2590655054E-03    0.9999999649E+00    0.3987186204E-05    0.1464207175E-03    0.1000000000E+01   -0.1493742093E-03    0.8159490055E-05    0.3384121614E+00   -0.9409979738E+00   -0.6972755863E-03    0.6278501916E-04    0.2275669739E+02
    0.2765000000E+00   -0.5839818585E-04    0.2625945481E-03    0.9999999645E+00    0.8799383084E-05    0.1470543782E-03    0.1000000000E+01   -0.1501669966E-03    0.9341433910E-05    0.3147977765E+00   -0.9491587524E+00   -0.7019907598E-03    0.5134913677E-04    0.2279792329E+02
    0.2770000000E+00   -0.5010995670E-04    0.2658759562E-03    0.9999999640E+00    0.1365742924E-04    0.1475338743E-03    0.1000000000E+01   -0.1509553377E-03    0.1053616670E-04    0.2909868830E+00   -0.9567270306E+00   -0.7065318821E-03    0.3976658256E-04    0.2283914919E+02
    0.2775000000E+00   -0.4167109429E-04    0.2689032699E-03    0.9999999636E+00    0.1855651914E-04    0.1478569007E-03    0.1000000000E+01   -0.1517391102E-03    0.1174372783E-04    0.2669943446E+00   -0.9636980839E+00   -0.7108954079E-03    0.2803958619E-04    0.2288037509E+02
    0.2780000000E+00   -0.3308912736E-04    0.2716702338E-03    0.9999999632E+00    0.2349174677E-04    0.1480212979E-03    0.1000000000E+01   -0.1525181903E-03    0.1296415598E-04    0.2428351383E+00   -0.9700675606E+00   -0.7150778111E-03    0.1617045192E-04    0.2292160099E+02
    0.2785000000E+00   -0.2437182860E-04    0.2741708065E-03    0.9999999628E+00    0.2845810984E-04    0.1480250555E-03    0.1000000000E+01   -0.1532924534E-03    0.1419748913E-04    0.2185243453E+00   -0.9758314849E+00   -0.7190755863E-03    0.4161558725E-05    0.2296282689E+02
    0.2790000000E+00   -0.1552720899E-04    0.2763991690E-03    0.9999999623E+00    0.3345051413E-04    0.1478663162E-03    0.1000000000E+01   -0.1540617739E-03    0.1544376450E-04    0.1940771411E+00   -0.9809862585E+00   -0.7228852501E-03   -0.7984639664E-05    0.2300405279E+02
    0.2795000000E+00   -0.6563511730E-05    0.2783497346E-03    0.9999999619E+00    0.3846377811E-04    0.1475433799E-03    0.1000000000E+01   -0.1548260251E-03    0.1670301861E-04    0.1695087867E+00   -0.9855286637E+00   -0.7265033427E-03   -0.2026561472E-04    0.2304527869E+02
    0.2800000000E+00    0.2510794155E-05    0.2800171567E-03    0.9999999615E+00    0.4349263755E-04    0.1470547070E-03    0.1000000000E+01   -0.1555850794E-03    0.1797528719E-04    0.1448346186E+00   -0.9894558650E+00   -0.7299264293E-03   -0.3267876310E-04    0.2308650459E+02
    0.2805000000E+00    0.1168702048E-04    0.2813963382E-03    0.9999999610E+00    0.4853175035E-04    0.1463989223E-03    0.1000000000E+01   -0.1563388080E-03    0.1926060522E-04    0.1200700392E+00   -0.9927654108E+00   -0.7331511012E-03   -0.4522140671E-04    0.2312773049E+02
    0.2810000000E+00    0.2095626691E-04    0.2824824398E-03    0.9999999606E+00    0.5357570158E-04    0.1455748182E-03    0.1000000000E+01   -0.1570870815E-03    0.2055900691E-04    0.9523050769E-01   -0.9954552352E+00   -0.7361739779E-03   -0.5789079269E-04    0.2316895639E+02
    0.2815000000E+00    0.3030942833E-04    0.2832708878E-03    0.9999999601E+00    0.5861900847E-04    0.1445813578E-03    0.1000000000E+01   -0.1578297690E-03    0.2187052567E-04    0.7033152969E-01   -0.9975236592E+00   -0.7389917082E-03   -0.7068409354E-04    0.2321018228E+02
    0.2820000000E+00    0.3973720241E-04    0.2837573830E-03    0.9999999597E+00    0.6365612575E-04    0.1434176785E-03    0.1000000000E+01   -0.1585667390E-03    0.2319519410E-04    0.4538864811E-01   -0.9989693914E+00   -0.7416009714E-03   -0.8359840715E-04    0.2325140818E+02
    0.2825000000E+00    0.4923009761E-04    0.2839379080E-03    0.9999999592E+00    0.6868145098E-04    0.1420830944E-03    0.1000000000E+01   -0.1592978588E-03    0.2453304400E-04    0.2041743324E-01   -0.9997915295E+00   -0.7439984794E-03   -0.9663075699E-04    0.2329263408E+02
    0.2830000000E+00    0.5877844139E-04    0.2838087349E-03    0.9999999587E+00    0.7368933001E-04    0.1405770996E-03    0.1000000000E+01   -0.1600229948E-03    0.2588410635E-04   -0.4566526954E-02   -0.9999895602E+00   -0.7461809777E-03   -0.1097780922E-03    0.2333385998E+02
    0.2835000000E+00    0.6837238872E-04    0.2833664331E-03    0.9999999582E+00    0.7867406266E-04    0.1388993703E-03    0.1000000000E+01   -0.1607420122E-03    0.2724841127E-04   -0.2954763655E-01   -0.9995633600E+00   -0.7481452470E-03   -0.1230372879E-03    0.2337508588E+02
    0.2840000000E+00    0.7800193097E-04    0.2826078761E-03    0.9999999578E+00    0.8362990839E-04    0.1370497678E-03    0.1000000000E+01   -0.1614547754E-03    0.2862598804E-04   -0.5451030140E-01   -0.9985131948E+00   -0.7498881050E-03   -0.1364051451E-03    0.2341631178E+02
    0.2845000000E+00    0.8765690493E-04    0.2815302487E-03    0.9999999573E+00    0.8855109215E-04    0.1350283404E-03    0.1000000000E+01   -0.1621611478E-03    0.3001686508E-04   -0.7943893888E-01   -0.9968397202E+00   -0.7514064075E-03   -0.1498783913E-03    0.2345753768E+02
    0.2850000000E+00    0.9732700225E-04    0.2801310535E-03    0.9999999568E+00    0.9343181037E-04    0.1328353255E-03    0.1000000000E+01   -0.1628609918E-03    0.3142106993E-04   -0.1043179876E+00   -0.9945439809E+00   -0.7526970499E-03   -0.1634536805E-03    0.2349876358E+02
    0.2855000000E+00    0.1070017790E-03    0.2784081175E-03    0.9999999563E+00    0.9826623692E-04    0.1304711520E-03    0.1000000000E+01   -0.1635541685E-03    0.3283862925E-04   -0.1291319171E+00   -0.9916274100E+00   -0.7537569691E-03   -0.1771275934E-03    0.2353998948E+02
    0.2860000000E+00    0.1166706658E-03    0.2763595979E-03    0.9999999558E+00    0.1030485293E-03    0.1279364414E-03    0.1000000000E+01   -0.1642405385E-03    0.3426956878E-04   -0.1538652376E+00   -0.9880918280E+00   -0.7545831448E-03   -0.1908966382E-03    0.2358121538E+02
    0.2865000000E+00    0.1263229777E-03    0.2739839884E-03    0.9999999553E+00    0.1077728349E-03    0.1252320097E-03    0.1000000000E+01   -0.1649199611E-03    0.3571391336E-04   -0.1785025097E+00   -0.9839394420E+00   -0.7551726008E-03   -0.2047572503E-03    0.2362244127E+02
    0.2870000000E+00    0.1359479245E-03    0.2712801243E-03    0.9999999548E+00    0.1124332973E-03    0.1223588687E-03    0.1000000000E+01   -0.1655922946E-03    0.3717168689E-04   -0.2030283538E+00   -0.9791728442E+00   -0.7555224069E-03   -0.2187057932E-03    0.2366366717E+02
    0.2875000000E+00    0.1455346220E-03    0.2682471881E-03    0.9999999542E+00    0.1170240625E-03    0.1193182271E-03    0.1000000000E+01   -0.1662573964E-03    0.3864291236E-04   -0.2274274600E+00   -0.9737950099E+00   -0.7556296801E-03   -0.2327385584E-03    0.2370489307E+02
    0.2880000000E+00    0.1550721020E-03    0.2648847141E-03    0.9999999537E+00    0.1215392855E-03    0.1161114915E-03    0.1000000000E+01   -0.1669151229E-03    0.4012761178E-04   -0.2516845974E+00   -0.9678092963E+00   -0.7554915863E-03   -0.2468517664E-03    0.2374611897E+02
    0.2885000000E+00    0.1645493242E-03    0.2611925929E-03    0.9999999532E+00    0.1259731371E-03    0.1127402672E-03    0.1000000000E+01   -0.1675653295E-03    0.4162580620E-04   -0.2757846239E+00   -0.9612194398E+00   -0.7551053419E-03   -0.2610415668E-03    0.2378734487E+02
    0.2890000000E+00    0.1739551870E-03    0.2571710762E-03    0.9999999526E+00    0.1303198098E-03    0.1092063583E-03    0.1000000000E+01   -0.1682078706E-03    0.4313751570E-04   -0.2997124952E+00   -0.9540295541E+00   -0.7544682150E-03   -0.2753040387E-03    0.2382857077E+02
    0.2895000000E+00    0.1832785388E-03    0.2528207801E-03    0.9999999521E+00    0.1345735251E-03    0.1055117688E-03    0.1000000000E+01   -0.1688425995E-03    0.4466275935E-04   -0.3234532748E+00   -0.9462441274E+00   -0.7535775274E-03   -0.2896351915E-03    0.2386979667E+02
    0.2900000000E+00    0.1925081904E-03    0.2481426886E-03    0.9999999515E+00    0.1387285399E-03    0.1016587019E-03    0.1000000000E+01   -0.1694693688E-03    0.4620155524E-04   -0.3469921427E+00   -0.9378680196E+00   -0.7524306555E-03   -0.3040309653E-03    0.2391102257E+02
    0.2905000000E+00    0.2016329261E-03    0.2431381574E-03    0.9999999510E+00    0.1427791532E-03    0.9764956038E-04    0.1000000000E+01   -0.1700880299E-03    0.4775392042E-04   -0.3703144051E+00   -0.9289064593E+00   -0.7510250324E-03   -0.3184872314E-03    0.2395224846E+02
    0.2910000000E+00    0.2106415162E-03    0.2378089161E-03    0.9999999504E+00    0.1467197128E-03    0.9348694614E-04    0.1000000000E+01   -0.1706984333E-03    0.4931987092E-04   -0.3934055033E+00   -0.9193650409E+00   -0.7493581493E-03   -0.3329997930E-03    0.2399347436E+02
    0.2915000000E+00    0.2195227290E-03    0.2321570707E-03    0.9999999498E+00    0.1505446222E-03    0.8917365956E-04    0.1000000000E+01   -0.1713004284E-03    0.5089942173E-04   -0.4162510231E+00   -0.9092497203E+00   -0.7474275567E-03   -0.3475643861E-03    0.2403470026E+02
    0.2920000000E+00    0.2282653429E-03    0.2261851058E-03    0.9999999492E+00    0.1542483473E-03    0.8471269878E-04    0.1000000000E+01   -0.1718938638E-03    0.5249258677E-04   -0.4388367034E+00   -0.8985668119E+00   -0.7452308662E-03   -0.3621766794E-03    0.2407592616E+02
    0.2925000000E+00    0.2368581592E-03    0.2198958863E-03    0.9999999487E+00    0.1578254234E-03    0.8010725870E-04    0.1000000000E+01   -0.1724785870E-03    0.5409937889E-04   -0.4611484453E+00   -0.8873229845E+00   -0.7427657520E-03   -0.3768322760E-03    0.2411715206E+02
    0.2930000000E+00    0.2452900145E-03    0.2132926584E-03    0.9999999481E+00    0.1612704615E-03    0.7536072970E-04    0.1000000000E+01   -0.1730544446E-03    0.5571980987E-04   -0.4831723211E+00   -0.8755252567E+00   -0.7400299523E-03   -0.3915267133E-03    0.2415837796E+02
    0.2935000000E+00    0.2535497934E-03    0.2063790506E-03    0.9999999475E+00    0.1645781558E-03    0.7047669621E-04    0.1000000000E+01   -0.1736212823E-03    0.5735389037E-04   -0.5048945826E+00   -0.8631809932E+00   -0.7370212708E-03   -0.4062554640E-03    0.2419960386E+02
    0.2940000000E+00    0.2616264411E-03    0.1991590739E-03    0.9999999469E+00    0.1677432898E-03    0.6545893499E-04    0.1000000000E+01   -0.1741789446E-03    0.5900162995E-04   -0.5263016700E+00   -0.8502978998E+00   -0.7337375783E-03   -0.4210139374E-03    0.2424082975E+02
    0.2945000000E+00    0.2695089765E-03    0.1916371222E-03    0.9999999462E+00    0.1707607435E-03    0.6031141321E-04    0.1000000000E+01   -0.1747272752E-03    0.6066303704E-04   -0.5473802201E+00   -0.8368840185E+00   -0.7301768143E-03   -0.4357974792E-03    0.2428205565E+02
    0.2950000000E+00    0.2771865049E-03    0.1838179716E-03    0.9999999456E+00    0.1736254999E-03    0.5503828628E-04    0.1000000000E+01   -0.1752661170E-03    0.6233811894E-04   -0.5681170749E+00   -0.8229477229E+00   -0.7263369882E-03   -0.4506013734E-03    0.2432328155E+02
    0.2955000000E+00    0.2846482310E-03    0.1757067796E-03    0.9999999450E+00    0.1763326521E-03    0.4964389548E-04    0.1000000000E+01   -0.1757953115E-03    0.6402688177E-04   -0.5884992898E+00   -0.8084977124E+00   -0.7222161808E-03   -0.4654208424E-03    0.2436450745E+02
    0.2960000000E+00    0.2918834721E-03    0.1673090839E-03    0.9999999444E+00    0.1788774092E-03    0.4413276531E-04    0.1000000000E+01   -0.1763146997E-03    0.6572933052E-04   -0.6085141413E+00   -0.7935430073E+00   -0.7178125461E-03   -0.4802510485E-03    0.2440573335E+02
    0.2965000000E+00    0.2988816707E-03    0.1586308007E-03    0.9999999437E+00    0.1812551037E-03    0.3850960067E-04    0.1000000000E+01   -0.1768241215E-03    0.6744546898E-04   -0.6281491355E+00   -0.7780929429E+00   -0.7131243125E-03   -0.4950870941E-03    0.2444695925E+02
    0.2970000000E+00    0.3056324080E-03    0.1496782225E-03    0.9999999431E+00    0.1834611976E-03    0.3277928373E-04    0.1000000000E+01   -0.1773234157E-03    0.6917529973E-04   -0.6473920154E+00   -0.7621571637E+00   -0.7081497843E-03   -0.5099240237E-03    0.2448818514E+02
    0.2975000000E+00    0.3121254167E-03    0.1404580155E-03    0.9999999424E+00    0.1854912889E-03    0.2694687066E-04    0.1000000000E+01   -0.1778124203E-03    0.7091882415E-04   -0.6662307689E+00   -0.7457456175E+00   -0.7028873432E-03   -0.5247568240E-03    0.2452941104E+02
    0.2980000000E+00    0.3183505940E-03    0.1309772170E-03    0.9999999417E+00    0.1873411182E-03    0.2101758804E-04    0.1000000000E+01   -0.1782909724E-03    0.7267604243E-04   -0.6846536362E+00   -0.7288685488E+00   -0.6973354496E-03   -0.5395804252E-03    0.2457063694E+02
    0.2985000000E+00    0.3242980147E-03    0.1212432312E-03    0.9999999411E+00    0.1890065748E-03    0.1499682914E-04    0.1000000000E+01   -0.1787589082E-03    0.7444695347E-04   -0.7026491170E+00   -0.7115364930E+00   -0.6914926444E-03   -0.5543897023E-03    0.2461186284E+02
    0.2990000000E+00    0.3299579442E-03    0.1112638260E-03    0.9999999404E+00    0.1904837031E-03    0.8890149859E-05    0.1000000000E+01   -0.1792160626E-03    0.7623155494E-04   -0.7202059779E+00   -0.6937602695E+00   -0.6853575500E-03   -0.5691794760E-03    0.2465308874E+02
    0.2995000000E+00    0.3353208511E-03    0.1010471283E-03    0.9999999397E+00    0.1917687087E-03    0.2703264554E-05    0.1000000000E+01   -0.1796622701E-03    0.7802984327E-04   -0.7373132591E+00   -0.6755509748E+00   -0.6789288717E-03   -0.5839445138E-03    0.2469431463E+02
    0.3000000000E+00    0.3403774203E-03    0.9060161939E-04    0.9999999390E+00    0.1928579643E-03   -0.3557958437E-05    0.1000000000E+01   -0.1800973640E-03    0.7984181356E-04   -0.7539602818E+00   -0.6569199759E+00   -0.6722053996E-03   -0.5986795313E-03    0.2473554053E+02
    0.3005000000E+00    0.3451185656E-03    0.7993612949E-04    0.9999999383E+00    0.1937480157E-03   -0.9887501452E-05    0.1000000000E+01   -0.1805211767E-03    0.8166745965E-04   -0.7701366542E+00   -0.6378789028E+00   -0.6651860095E-03   -0.6133791933E-03    0.2477676643E+02
    0.3010000000E+00    0.3495354423E-03    0.6905983237E-04    0.9999999376E+00    0.1944355878E-03   -0.1627920239E-04    0.1000000000E+01   -0.1809335396E-03    0.8350677407E-04   -0.7858322784E+00   -0.6184396418E+00   -0.6578696643E-03   -0.6280381149E-03    0.2481799233E+02
    0.3015000000E+00    0.3536194599E-03    0.5798223905E-04    0.9999999369E+00    0.1949175897E-03   -0.2272675983E-04    0.1000000000E+01   -0.1813342834E-03    0.8535974802E-04   -0.8010373566E+00   -0.5986143276E+00   -0.6502554157E-03   -0.6426508630E-03    0.2485921823E+02
    0.3020000000E+00    0.3573622941E-03    0.4671319131E-04    0.9999999361E+00    0.1951911208E-03   -0.2922373829E-04    0.1000000000E+01   -0.1817232378E-03    0.8722637135E-04   -0.8157423972E+00   -0.5784153359E+00   -0.6423424051E-03   -0.6572119574E-03    0.2490044412E+02
    0.3025000000E+00    0.3607558993E-03    0.3526285469E-04    0.9999999354E+00    0.1952534759E-03   -0.3576357382E-04    0.1000000000E+01   -0.1821002316E-03    0.8910663257E-04   -0.8299382208E+00   -0.5578552756E+00   -0.6341298654E-03   -0.6717158722E-03    0.2494167002E+02
    0.3030000000E+00    0.3637925205E-03    0.2364171105E-04    0.9999999347E+00    0.1951021507E-03   -0.4233957969E-04    0.1000000000E+01   -0.1824650927E-03    0.9100051883E-04   -0.8436159659E+00   -0.5369469811E+00   -0.6256171219E-03   -0.6861570372E-03    0.2498289592E+02
    0.3035000000E+00    0.3664647055E-03    0.1186055074E-04    0.9999999339E+00    0.1947348461E-03   -0.4894495228E-04    0.1000000000E+01   -0.1828176481E-03    0.9290801588E-04   -0.8567670942E+00   -0.5157035042E+00   -0.6168035938E-03   -0.7005298389E-03    0.2502412182E+02
    0.3040000000E+00    0.3687653159E-03   -0.6953572850E-07    0.9999999331E+00    0.1941494743E-03   -0.5557277728E-04    0.1000000000E+01   -0.1831577239E-03    0.9482910810E-04   -0.8693833964E+00   -0.4941381058E+00   -0.6076887953E-03   -0.7148286225E-03    0.2506534771E+02
    0.3045000000E+00    0.3706875392E-03   -0.1213716637E-04    0.9999999324E+00    0.1933441623E-03   -0.6221603596E-04    0.1000000000E+01   -0.1834851454E-03    0.9676377843E-04   -0.8814569968E+00   -0.4722642479E+00   -0.5982723373E-03   -0.7290476929E-03    0.2510657361E+02
    0.3050000000E+00    0.3722248998E-03   -0.2433067686E-04    0.9999999316E+00    0.1923172573E-03   -0.6886761165E-04    0.1000000000E+01   -0.1837997371E-03    0.9871200840E-04   -0.8929803586E+00   -0.4500955849E+00   -0.5885539282E-03   -0.7431813164E-03    0.2514779951E+02
    0.3055000000E+00    0.3733712700E-03   -0.3663813012E-04    0.9999999308E+00    0.1910673308E-03   -0.7552029648E-04    0.1000000000E+01   -0.1841013223E-03    0.1006737781E-03   -0.9039462887E+00   -0.4276459554E+00   -0.5785333751E-03   -0.7572237219E-03    0.2518902541E+02
    0.3060000000E+00    0.3741208807E-03   -0.4904732622E-04    0.9999999300E+00    0.1895931825E-03   -0.8216679821E-04    0.1000000000E+01   -0.1843897239E-03    0.1026490662E-03   -0.9143479415E+00   -0.4049293732E+00   -0.5682105853E-03   -0.7711691027E-03    0.2523025130E+02
    0.3065000000E+00    0.3744683318E-03   -0.6154581282E-04    0.9999999292E+00    0.1878938446E-03   -0.8879974726E-04    0.1000000000E+01   -0.1846647635E-03    0.1046378498E-03   -0.9241788241E+00   -0.3819600190E+00   -0.5575855676E-03   -0.7850116180E-03    0.2527147720E+02
    0.3070000000E+00    0.3744086029E-03   -0.7412089586E-04    0.9999999284E+00    0.1859685854E-03   -0.9541170393E-04    0.1000000000E+01   -0.1849262622E-03    0.1066401045E-03   -0.9334327996E+00   -0.3587522309E+00   -0.5466584329E-03   -0.7987453944E-03    0.2531270310E+02
    0.3075000000E+00    0.3739370623E-03   -0.8675965073E-04    0.9999999275E+00    0.1838169127E-03   -0.1019951657E-03    0.1000000000E+01   -0.1851740402E-03    0.1086558047E-03   -0.9421040912E+00   -0.3353204963E+00   -0.5354293957E-03   -0.8123645277E-03    0.2535392900E+02
    0.3080000000E+00    0.3730494773E-03   -0.9944893384E-04    0.9999999267E+00    0.1814385776E-03   -0.1085425749E-03    0.1000000000E+01   -0.1854079166E-03    0.1106849229E-03   -0.9501872862E+00   -0.3116794420E+00   -0.5238987753E-03   -0.8258630841E-03    0.2539515489E+02
    0.3085000000E+00    0.3717420234E-03   -0.1121753945E-03    0.9999999259E+00    0.1788335767E-03   -0.1150463262E-03    0.1000000000E+01   -0.1856277100E-03    0.1127274303E-03   -0.9576773386E+00   -0.2878438257E+00   -0.5120669969E-03   -0.8392351026E-03    0.2543638079E+02
    0.3090000000E+00    0.3700112926E-03   -0.1249254871E-03    0.9999999250E+00    0.1760021559E-03   -0.1214987745E-03    0.1000000000E+01   -0.1858332380E-03    0.1147832965E-03   -0.9645695729E+00   -0.2638285265E+00   -0.4999345923E-03   -0.8524745959E-03    0.2547760669E+02
    0.3095000000E+00    0.3678543027E-03   -0.1376854840E-03    0.9999999241E+00    0.1729448123E-03   -0.1278922427E-03    0.1000000000E+01   -0.1860243175E-03    0.1168524894E-03   -0.9708596866E+00   -0.2396485357E+00   -0.4875022014E-03   -0.8655755528E-03    0.2551883259E+02
    0.3100000000E+00    0.3652685051E-03   -0.1504414882E-03    0.9999999233E+00    0.1696622969E-03   -0.1342190302E-03    0.1000000000E+01   -0.1862007645E-03    0.1189349756E-03   -0.9765437533E+00   -0.2153189472E+00   -0.4747705730E-03   -0.8785319393E-03    0.2556005848E+02
    0.3105000000E+00    0.3622517925E-03   -0.1631794467E-03    0.9999999224E+00    0.1661556167E-03   -0.1404714205E-03    0.1000000000E+01   -0.1863623942E-03    0.1210307199E-03   -0.9816182248E+00   -0.1908549486E+00   -0.4617405658E-03   -0.8913377011E-03    0.2560128438E+02
    0.3110000000E+00    0.3588025067E-03   -0.1758851645E-03    0.9999999215E+00    0.1624260362E-03   -0.1466416899E-03    0.1000000000E+01   -0.1865090211E-03    0.1231396856E-03   -0.9860799333E+00   -0.1662718112E+00   -0.4484131497E-03   -0.9039867650E-03    0.2564251028E+02
    0.3115000000E+00    0.3549194451E-03   -0.1885443179E-03    0.9999999206E+00    0.1584750795E-03   -0.1527221158E-03    0.1000000000E+01   -0.1866404588E-03    0.1252618343E-03   -0.9899260938E+00   -0.1415848806E+00   -0.4347894060E-03   -0.9164730405E-03    0.2568373617E+02
    0.3120000000E+00    0.3506018677E-03   -0.2011424692E-03    0.9999999197E+00    0.1543045313E-03   -0.1587049851E-03    0.1000000000E+01   -0.1867565202E-03    0.1273971260E-03   -0.9931543052E+00   -0.1168095675E+00   -0.4208705292E-03   -0.9287904223E-03    0.2572496207E+02
    0.3125000000E+00    0.3458495031E-03   -0.2136650814E-03    0.9999999187E+00    0.1499164379E-03   -0.1645826029E-03    0.1000000000E+01   -0.1868570175E-03    0.1295455190E-03   -0.9957625524E+00   -0.9196133746E-01   -0.4066578274E-03   -0.9409327917E-03    0.2576618797E+02
    0.3130000000E+00    0.3406625542E-03   -0.2260975325E-03    0.9999999178E+00    0.1453131083E-03   -0.1703473011E-03    0.1000000000E+01   -0.1869417621E-03    0.1317069701E-03   -0.9977492073E+00   -0.6705570171E-01   -0.3921527233E-03   -0.9528940188E-03    0.2580741386E+02
    0.3135000000E+00    0.3350417033E-03   -0.2384251307E-03    0.9999999168E+00    0.1404971143E-03   -0.1759914472E-03    0.1000000000E+01   -0.1870105644E-03    0.1338814342E-03   -0.9991130297E+00   -0.4210820728E-01   -0.3773567548E-03   -0.9646679641E-03    0.2584863976E+02
    0.3140000000E+00    0.3289881172E-03   -0.2506331302E-03    0.9999999159E+00    0.1354712909E-03   -0.1815074529E-03    0.1000000000E+01   -0.1870632344E-03    0.1360688647E-03   -0.9998531682E+00   -0.1713442733E-01   -0.3622715763E-03   -0.9762484808E-03    0.2588986566E+02
    0.3145000000E+00    0.3225034511E-03   -0.2627067462E-03    0.9999999149E+00    0.1302387363E-03   -0.1868877831E-03    0.1000000000E+01   -0.1870995813E-03    0.1382692132E-03   -0.9999691609E+00    0.7850048562E-02   -0.3468989591E-03   -0.9876294168E-03    0.2593109155E+02
    0.3150000000E+00    0.3155898530E-03   -0.2746311711E-03    0.9999999139E+00    0.1248028113E-03   -0.1921249648E-03    0.1000000000E+01   -0.1871194134E-03    0.1404824294E-03   -0.9994609352E+00    0.3282962416E-01   -0.3312407922E-03   -0.9988046164E-03    0.2597231745E+02
    0.3155000000E+00    0.3082499662E-03   -0.2863915899E-03    0.9999999129E+00    0.1191671390E-03   -0.1972115959E-03    0.1000000000E+01   -0.1871225384E-03    0.1427084616E-03   -0.9983288086E+00    0.5778870627E-01   -0.3152990831E-03   -0.1009767923E-02    0.2601354335E+02
    0.3160000000E+00    0.3004869330E-03   -0.2979731973E-03    0.9999999119E+00    0.1133356034E-03   -0.2021403545E-03    0.1000000000E+01   -0.1871087634E-03    0.1449472561E-03   -0.9965734877E+00    0.8271171449E-01   -0.2990759586E-03   -0.1020513179E-02    0.2605476924E+02
    0.3165000000E+00    0.2923043964E-03   -0.3093612133E-03    0.9999999109E+00    0.1073123485E-03   -0.2069040071E-03    0.1000000000E+01   -0.1870778946E-03    0.1471987574E-03   -0.9941960681E+00    0.1075830910E+00   -0.2825736650E-03   -0.1031034233E-02    0.2609599514E+02
    0.3170000000E+00    0.2837065021E-03   -0.3205408998E-03    0.9999999099E+00    0.1011017765E-03   -0.2114954186E-03    0.1000000000E+01   -0.1870297376E-03    0.1494629085E-03   -0.9911980341E+00    0.1323873100E+00   -0.2657945693E-03   -0.1041324935E-02    0.2613722104E+02
    0.3175000000E+00    0.2746978996E-03   -0.3314975779E-03    0.9999999089E+00    0.9470854633E-04   -0.2159075603E-03    0.1000000000E+01   -0.1869640974E-03    0.1517396503E-03   -0.9875812571E+00    0.1571088879E+00   -0.2487411595E-03   -0.1051379145E-02    0.2617844693E+02
    0.3180000000E+00    0.2652837432E-03   -0.3422166438E-03    0.9999999078E+00    0.8813757096E-04   -0.2201335195E-03    0.1000000000E+01   -0.1868807782E-03    0.1540289219E-03   -0.9833479948E+00    0.1817323926E+00   -0.2314160451E-03   -0.1061190729E-02    0.2621967283E+02
    0.3185000000E+00    0.2554696920E-03   -0.3526835865E-03    0.9999999067E+00    0.8139401532E-04   -0.2241665081E-03    0.1000000000E+01   -0.1867795837E-03    0.1563306607E-03   -0.9785008898E+00    0.2062424531E+00   -0.2138219576E-03   -0.1070753567E-02    0.2626089873E+02
    0.3190000000E+00    0.2452619092E-03   -0.3628840042E-03    0.9999999057E+00    0.7448329344E-04   -0.2279998715E-03    0.1000000000E+01   -0.1866603167E-03    0.1586448023E-03   -0.9730429678E+00    0.2306237692E+00   -0.1959617513E-03   -0.1080061552E-02    0.2630212462E+02
    0.3195000000E+00    0.2346670616E-03   -0.3728036217E-03    0.9999999046E+00    0.6741106532E-04   -0.2316270979E-03    0.1000000000E+01   -0.1865227797E-03    0.1609712802E-03   -0.9669776358E+00    0.2548611214E+00   -0.1778384035E-03   -0.1089108593E-02    0.2634335052E+02
    0.3200000000E+00    0.2236923182E-03   -0.3824283075E-03    0.9999999035E+00    0.6018323362E-04   -0.2350418262E-03    0.1000000000E+01   -0.1863667742E-03    0.1633100261E-03   -0.9603086801E+00    0.2789393797E+00   -0.1594550147E-03   -0.1097888615E-02    0.2638457641E+02
    0.3205000000E+00    0.2123453473E-03   -0.3917440909E-03    0.9999999024E+00    0.5280593995E-04   -0.2382378558E-03    0.1000000000E+01   -0.1861921014E-03    0.1656609699E-03   -0.9530402637E+00    0.3028435135E+00   -0.1408148094E-03   -0.1106395568E-02    0.2642580231E+02
    0.3210000000E+00    0.2006343149E-03   -0.4007371794E-03    0.9999999012E+00    0.4528556086E-04   -0.2412091543E-03    0.1000000000E+01   -0.1859985618E-03    0.1680240396E-03   -0.9451769238E+00    0.3265586011E+00   -0.1219211363E-03   -0.1114623419E-02    0.2646702821E+02
    0.3215000000E+00    0.1885678806E-03   -0.4093939754E-03    0.9999999001E+00    0.3762870362E-04   -0.2439498666E-03    0.1000000000E+01   -0.1857859551E-03    0.1703991611E-03   -0.9367235690E+00    0.3500698385E+00   -0.1027774684E-03   -0.1122566164E-02    0.2650825410E+02
    0.3220000000E+00    0.1761551944E-03   -0.4177010940E-03    0.9999998989E+00    0.2984220153E-04   -0.2464543234E-03    0.1000000000E+01   -0.1855540808E-03    0.1727862586E-03   -0.9276854761E+00    0.3733625492E+00   -0.8338740354E-04   -0.1130217824E-02    0.2654948000E+02
    0.3225000000E+00    0.1634058918E-03   -0.4256453797E-03    0.9999998978E+00    0.2193310911E-04   -0.2487170493E-03    0.1000000000E+01   -0.1853027375E-03    0.1751852540E-03   -0.9180682872E+00    0.3964221929E+00   -0.6375466434E-04   -0.1137572452E-02    0.2659070589E+02
    0.3230000000E+00    0.1503300894E-03   -0.4332139238E-03    0.9999998966E+00    0.1390869686E-04   -0.2507327711E-03    0.1000000000E+01   -0.1850317235E-03    0.1775960675E-03   -0.9078780056E+00    0.4192343750E+00   -0.4388309864E-04   -0.1144624130E-02    0.2663193179E+02
    0.3235000000E+00    0.1369383786E-03   -0.4403940811E-03    0.9999998954E+00    0.5776445767E-05   -0.2524964262E-03    0.1000000000E+01   -0.1847408362E-03    0.1800186173E-03   -0.8971209925E+00    0.4417848553E+00   -0.2377667950E-04   -0.1151366977E-02    0.2667315768E+02
    0.3240000000E+00    0.1232418203E-03   -0.4471734871E-03    0.9999998942E+00   -0.2455958463E-05   -0.2540031702E-03    0.1000000000E+01   -0.1844298728E-03    0.1824528194E-03   -0.8858039627E+00    0.4640595569E+00   -0.3439505306E-05   -0.1157795146E-02    0.2671438358E+02
    0.3245000000E+00    0.1092519375E-03   -0.4535400749E-03    0.9999998930E+00   -0.1078063149E-04   -0.2552483850E-03    0.1000000000E+01   -0.1840986299E-03    0.1848985881E-03   -0.8739339809E+00    0.4860445751E+00    0.1712420012E-04   -0.1163902831E-02    0.2675560947E+02
    0.3250000000E+00    0.9498070815E-04   -0.4594820913E-03    0.9999998917E+00   -0.1918949671E-04   -0.2562276864E-03    0.1000000000E+01   -0.1837469035E-03    0.1873558352E-03   -0.8615184567E+00    0.5077261860E+00    0.3791008756E-04   -0.1169684268E-02    0.2679683537E+02
    0.3255000000E+00    0.8044055746E-04   -0.4649881140E-03    0.9999998905E+00   -0.2767429191E-04   -0.2569369315E-03    0.1000000000E+01   -0.1833744891E-03    0.1898244709E-03   -0.8485651403E+00    0.5290908552E+00    0.5891368237E-04   -0.1175133736E-02    0.2683806127E+02
    0.3260000000E+00    0.6564434919E-04   -0.4700470676E-03    0.9999998892E+00   -0.3622657617E-04   -0.2573722264E-03    0.1000000000E+01   -0.1829811818E-03    0.1923044031E-03   -0.8350821177E+00    0.5501252460E+00    0.8013038461E-04   -0.1180245560E-02    0.2687928716E+02
    0.3265000000E+00    0.5060537670E-04   -0.4746482399E-03    0.9999998879E+00   -0.4483773711E-04   -0.2575299329E-03    0.1000000000E+01   -0.1825667761E-03    0.1947955377E-03   -0.8210778055E+00    0.5708162280E+00    0.1015554691E-03   -0.1185014114E-02    0.2692051306E+02
    0.3270000000E+00    0.3533735321E-04   -0.4787812979E-03    0.9999998866E+00   -0.5349899834E-04   -0.2574066757E-03    0.1000000000E+01   -0.1821310663E-03    0.1972977783E-03   -0.8065609457E+00    0.5911508850E+00    0.1231840856E-03   -0.1189433823E-02    0.2696173895E+02
    0.3275000000E+00    0.1985440168E-04   -0.4824363030E-03    0.9999998853E+00   -0.6220142724E-04   -0.2569993490E-03    0.1000000000E+01   -0.1816738460E-03    0.1998110267E-03   -0.7915406003E+00    0.6111165234E+00    0.1450112590E-03   -0.1193499169E-02    0.2700296485E+02
    0.3280000000E+00    0.4171043992E-05   -0.4856037274E-03    0.9999998840E+00   -0.7093594292E-04   -0.2563051231E-03    0.1000000000E+01   -0.1811949084E-03    0.2023351824E-03   -0.7760261455E+00    0.6307006800E+00    0.1670318897E-03   -0.1197204685E-02    0.2704419074E+02
    0.3285000000E+00   -0.1169781042E-04   -0.4882744685E-03    0.9999998827E+00   -0.7969332449E-04   -0.2553214510E-03    0.1000000000E+01   -0.1806940464E-03    0.2048701427E-03   -0.7600272661E+00    0.6498911295E+00    0.1892407535E-03   -0.1200544968E-02    0.2708541664E+02
    0.3290000000E+00   -0.2773687643E-04   -0.4904398640E-03    0.9999998813E+00   -0.8846421963E-04   -0.2540460736E-03    0.1000000000E+01   -0.1801710523E-03    0.2074158028E-03   -0.7435539491E+00    0.6686758926E+00    0.2116325025E-03   -0.1203514672E-02    0.2712664253E+02
    0.3295000000E+00   -0.4393050570E-04   -0.4920917070E-03    0.9999998799E+00   -0.9723915325E-04   -0.2524770266E-03    0.1000000000E+01   -0.1796257183E-03    0.2099720557E-03   -0.7266164779E+00    0.6870432430E+00    0.2342016649E-03   -0.1206108517E-02    0.2716786842E+02
    0.3300000000E+00   -0.6026269963E-04   -0.4932222593E-03    0.9999998786E+00   -0.1060085366E-03   -0.2506126451E-03    0.1000000000E+01   -0.1790578359E-03    0.2125387924E-03   -0.7092254253E+00    0.7049817153E+00    0.2569426461E-03   -0.1208321290E-02    0.2720909432E+02
    0.3305000000E+00   -0.7671712296E-04   -0.4938242661E-03    0.9999998772E+00   -0.1147626762E-03   -0.2484515695E-03    0.1000000000E+01   -0.1784671964E-03    0.2151159013E-03   -0.6913916476E+00    0.7224801115E+00    0.2798497283E-03   -0.1210147845E-02    0.2725032021E+02
    0.3310000000E+00   -0.9327711773E-04   -0.4938909695E-03    0.9999998757E+00   -0.1234917838E-03   -0.2459927503E-03    0.1000000000E+01   -0.1778535909E-03    0.2177032690E-03   -0.6731262773E+00    0.7395275085E+00    0.3029170719E-03   -0.1211583109E-02    0.2729154611E+02
    0.3315000000E+00   -0.1099257179E-03   -0.4934161210E-03    0.9999998743E+00   -0.1321859856E-03   -0.2432354527E-03    0.1000000000E+01   -0.1772168098E-03    0.2203007795E-03   -0.6544407163E+00    0.7561132646E+00    0.3261387155E-03   -0.1212622082E-02    0.2733277200E+02
    0.3320000000E+00   -0.1266456645E-03   -0.4923939949E-03    0.9999998729E+00   -0.1408353320E-03   -0.2401792612E-03    0.1000000000E+01   -0.1765566436E-03    0.2229083148E-03   -0.6353466289E+00    0.7722270264E+00    0.3495085767E-03   -0.1213259840E-02    0.2737399790E+02
    0.3325000000E+00   -0.1434194211E-03   -0.4908194006E-03    0.9999998714E+00   -0.1494298083E-03   -0.2368240839E-03    0.1000000000E+01   -0.1758728821E-03    0.2255257545E-03   -0.6158559342E+00    0.7878587352E+00    0.3730204528E-03   -0.1213491540E-02    0.2741522379E+02
    0.3330000000E+00   -0.1602291897E-03   -0.4886876938E-03    0.9999998699E+00   -0.1579593441E-03   -0.2331701560E-03    0.1000000000E+01   -0.1751653151E-03    0.2281529760E-03   -0.5959807991E+00    0.8029986329E+00    0.3966680215E-03   -0.1213312419E-02    0.2745644969E+02
    0.3335000000E+00   -0.1770569278E-03   -0.4859947888E-03    0.9999998684E+00   -0.1664138245E-03   -0.2292180433E-03    0.1000000000E+01   -0.1744337320E-03    0.2307898543E-03   -0.5757336304E+00    0.8176372687E+00    0.4204448415E-03   -0.1212717798E-02    0.2749767558E+02
    0.3340000000E+00   -0.1938843647E-03   -0.4827371687E-03    0.9999998669E+00   -0.1747831001E-03   -0.2249686459E-03    0.1000000000E+01   -0.1736779220E-03    0.2334362622E-03   -0.5551270672E+00    0.8317655046E+00    0.4443443534E-03   -0.1211703086E-02    0.2753890147E+02
    0.3345000000E+00   -0.2106930195E-03   -0.4789118963E-03    0.9999998654E+00   -0.1830569981E-03   -0.2204232005E-03    0.1000000000E+01   -0.1728976741E-03    0.2360920700E-03   -0.5341739729E+00    0.8453745212E+00    0.4683598809E-03   -0.1210263781E-02    0.2758012737E+02
    0.3350000000E+00   -0.2274642185E-03   -0.4745166238E-03    0.9999998638E+00   -0.1912253330E-03   -0.2155832830E-03    0.1000000000E+01   -0.1720927768E-03    0.2387571459E-03   -0.5128874270E+00    0.8584558233E+00    0.4924846311E-03   -0.1208395471E-02    0.2762135326E+02
    0.3355000000E+00   -0.2441791141E-03   -0.4695496022E-03    0.9999998622E+00   -0.1992779177E-03   -0.2104508113E-03    0.1000000000E+01   -0.1712630188E-03    0.2414313555E-03   -0.4912807176E+00    0.8710012451E+00    0.5167116959E-03   -0.1206093841E-02    0.2766257915E+02
    0.3360000000E+00   -0.2608187026E-03   -0.4640096900E-03    0.9999998606E+00   -0.2072045749E-03   -0.2050280461E-03    0.1000000000E+01   -0.1704081884E-03    0.2441145622E-03   -0.4693673323E+00    0.8830029551E+00    0.5410340527E-03   -0.1203354671E-02    0.2770380505E+02
    0.3365000000E+00   -0.2773638443E-03   -0.4578963618E-03    0.9999998590E+00   -0.2149951479E-03   -0.1993175934E-03    0.1000000000E+01   -0.1695280737E-03    0.2468066268E-03   -0.4471609503E+00    0.8944534615E+00    0.5654445659E-03   -0.1200173841E-02    0.2774503094E+02
    0.3370000000E+00   -0.2937952820E-03   -0.4512097157E-03    0.9999998574E+00   -0.2226395124E-03   -0.1933224049E-03    0.1000000000E+01   -0.1686224626E-03    0.2495074080E-03   -0.4246754337E+00    0.9053456165E+00    0.5899359876E-03   -0.1196547334E-02    0.2778625684E+02
    0.3375000000E+00   -0.3100936614E-03   -0.4439504806E-03    0.9999998558E+00   -0.2301275879E-03   -0.1870457791E-03    0.1000000000E+01   -0.1676911431E-03    0.2522167618E-03   -0.4019248187E+00    0.9156726208E+00    0.6145009587E-03   -0.1192471236E-02    0.2782748273E+02
    0.3380000000E+00   -0.3262395510E-03   -0.4361200222E-03    0.9999998541E+00   -0.2374493491E-03   -0.1804913615E-03    0.1000000000E+01   -0.1667339029E-03    0.2549345419E-03   -0.3789233071E+00    0.9254280278E+00    0.6391320107E-03   -0.1187941741E-02    0.2786870862E+02
    0.3385000000E+00   -0.3422134627E-03   -0.4277203495E-03    0.9999998524E+00   -0.2445948378E-03   -0.1736631448E-03    0.1000000000E+01   -0.1657505296E-03    0.2576605995E-03   -0.3556852574E+00    0.9346057478E+00    0.6638215663E-03   -0.1182955153E-02    0.2790993451E+02
    0.3390000000E+00   -0.3579958722E-03   -0.4187541196E-03    0.9999998507E+00   -0.2515541743E-03   -0.1665654683E-03    0.1000000000E+01   -0.1647408107E-03    0.2603947834E-03   -0.3322251756E+00    0.9432000518E+00    0.6885619411E-03   -0.1177507886E-02    0.2795116041E+02
    0.3395000000E+00   -0.3735672405E-03   -0.4092246424E-03    0.9999998490E+00   -0.2583175696E-03   -0.1592030174E-03    0.1000000000E+01   -0.1637045337E-03    0.2631369398E-03   -0.3085577064E+00    0.9512055750E+00    0.7133453447E-03   -0.1171596471E-02    0.2799238630E+02
    0.3400000000E+00   -0.3889080349E-03   -0.3991358845E-03    0.9999998472E+00   -0.2648753368E-03   -0.1515808220E-03    0.1000000000E+01   -0.1626414861E-03    0.2658869126E-03   -0.2846976238E+00    0.9586173198E+00    0.7381638824E-03   -0.1165217556E-02    0.2803361219E+02
    0.3405000000E+00   -0.4039987503E-03   -0.3884924723E-03    0.9999998455E+00   -0.2712179030E-03   -0.1437042556E-03    0.1000000000E+01   -0.1615514552E-03    0.2686445430E-03   -0.2606598224E+00    0.9654306597E+00    0.7630095566E-03   -0.1158367907E-02    0.2807483809E+02
    0.3410000000E+00   -0.4188199315E-03   -0.3772996945E-03    0.9999998437E+00   -0.2773358212E-03   -0.1355790327E-03    0.1000000000E+01   -0.1604342284E-03    0.2714096697E-03   -0.2364593072E+00    0.9716413416E+00    0.7878742680E-03   -0.1151044412E-02    0.2811606398E+02
    0.3415000000E+00   -0.4333521948E-03   -0.3655635044E-03    0.9999998419E+00   -0.2832197822E-03   -0.1272112069E-03    0.1000000000E+01   -0.1592895932E-03    0.2741821289E-03   -0.2121111853E+00    0.9772454884E+00    0.8127498177E-03   -0.1143244087E-02    0.2815728987E+02
    0.3420000000E+00   -0.4475762501E-03   -0.3532905202E-03    0.9999998401E+00   -0.2888606261E-03   -0.1186071680E-03    0.1000000000E+01   -0.1581173370E-03    0.2769617544E-03   -0.1876306557E+00    0.9822396018E+00    0.8376279084E-03   -0.1134964070E-02    0.2819851576E+02
    0.3425000000E+00   -0.4614729230E-03   -0.3404880264E-03    0.9999998382E+00   -0.2942493546E-03   -0.1097736389E-03    0.1000000000E+01   -0.1569172472E-03    0.2797483772E-03   -0.1630329999E+00    0.9866205644E+00    0.8625001463E-03   -0.1126201632E-02    0.2823974166E+02
    0.3430000000E+00   -0.4750231778E-03   -0.3271639724E-03    0.9999998363E+00   -0.2993771421E-03   -0.1007176720E-03    0.1000000000E+01   -0.1556891113E-03    0.2825418258E-03   -0.1383335728E+00    0.9903856414E+00    0.8873580426E-03   -0.1116954175E-02    0.2828096755E+02
    0.3435000000E+00   -0.4882081392E-03   -0.3133269725E-03    0.9999998345E+00   -0.3042353480E-03   -0.9144664538E-04    0.1000000000E+01   -0.1544327171E-03    0.2853419261E-03   -0.1135477928E+00    0.9935324824E+00    0.9121930157E-03   -0.1107219235E-02    0.2832219344E+02
    0.3440000000E+00   -0.5010091157E-03   -0.2989863034E-03    0.9999998325E+00   -0.3088155278E-03   -0.8196825829E-04    0.1000000000E+01   -0.1531478522E-03    0.2881485014E-03   -0.8869113188E-01    0.9960591231E+00    0.9369963925E-03   -0.1096994484E-02    0.2836341933E+02
    0.3445000000E+00   -0.5134076214E-03   -0.2841519017E-03    0.9999998306E+00   -0.3131094452E-03   -0.7229052655E-04    0.1000000000E+01   -0.1518343045E-03    0.2909613723E-03   -0.6377910668E-01    0.9979639863E+00    0.9617594107E-03   -0.1086277734E-02    0.2840464522E+02
    0.3450000000E+00   -0.5253853993E-03   -0.2688343612E-03    0.9999998287E+00   -0.3171090828E-03   -0.6242177731E-04    0.1000000000E+01   -0.1504918620E-03    0.2937803570E-03   -0.3882726818E-01    0.9992458828E+00    0.9864732205E-03   -0.1075066938E-02    0.2844587112E+02
    0.3455000000E+00   -0.5369244438E-03   -0.2530449280E-03    0.9999998267E+00   -0.3208066542E-03   -0.5237064355E-04    0.1000000000E+01   -0.1491203129E-03    0.2966052709E-03   -0.1385119224E-01    0.9999040125E+00    0.1011128887E-02   -0.1063360192E-02    0.2848709701E+02
    0.3460000000E+00   -0.5480070232E-03   -0.2367954964E-03    0.9999998247E+00   -0.3241946148E-03   -0.4214605810E-04    0.1000000000E+01   -0.1477194457E-03    0.2994359265E-03    0.1113353012E-01    0.9999379646E+00    0.1035717391E-02   -0.1051155739E-02    0.2852832290E+02
    0.3465000000E+00   -0.5586157028E-03   -0.2200986027E-03    0.9999998227E+00   -0.3272656727E-03   -0.3175724727E-04    0.1000000000E+01   -0.1462890487E-03    0.3022721340E-03    0.3611130250E-01    0.9993477178E+00    0.1060229633E-02   -0.1038451971E-02    0.2856954879E+02
    0.3470000000E+00   -0.5687333667E-03   -0.2029674195E-03    0.9999998206E+00   -0.3300128001E-03   -0.2121372416E-04    0.1000000000E+01   -0.1448289110E-03    0.3051137007E-03    0.6106653284E-01    0.9981336406E+00    0.1084656434E-02   -0.1025247427E-02    0.2861077468E+02
    0.3475000000E+00   -0.5783432412E-03   -0.1854157481E-03    0.9999998185E+00   -0.3324292439E-03   -0.1052528148E-04    0.1000000000E+01   -0.1433388216E-03    0.3079604312E-03    0.8598364314E-01    0.9962964909E+00    0.1108988539E-02   -0.1011540803E-02    0.2865200057E+02
    0.3480000000E+00   -0.5874289162E-03   -0.1674580105E-03    0.9999998165E+00   -0.3345085360E-03    0.2980159574E-06    0.1000000000E+01   -0.1418185697E-03    0.3108121275E-03    0.1108470792E+00    0.9938374155E+00    0.1133216616E-02   -0.9973309468E-03    0.2869322647E+02
    0.3485000000E+00   -0.5959743683E-03   -0.1491092413E-03    0.9999998143E+00   -0.3362445039E-03    0.1124583917E-04    0.1000000000E+01   -0.1402679451E-03    0.3136685888E-03    0.1356413204E+00    0.9907579493E+00    0.1157331262E-02   -0.9826168650E-03    0.2873445236E+02
    0.3490000000E+00   -0.6039639823E-03   -0.1303850776E-03    0.9999998122E+00   -0.3376312810E-03    0.2230760329E-04    0.1000000000E+01   -0.1386867378E-03    0.3165296114E-03    0.1603508891E+00    0.9870600149E+00    0.1181323004E-02   -0.9673977227E-03    0.2877567825E+02
    0.3495000000E+00   -0.6113825731E-03   -0.1113017494E-03    0.9999998100E+00   -0.3386633165E-03    0.3347247621E-04    0.1000000000E+01   -0.1370747381E-03    0.3193949890E-03    0.1849603608E+00    0.9827459205E+00    0.1205182301E-02   -0.9516728466E-03    0.2881690414E+02
    0.3500000000E+00   -0.6182154077E-03   -0.9187606816E-04    0.9999998078E+00   -0.3393353849E-03    0.4472938768E-04    0.1000000000E+01   -0.1354317366E-03    0.3222645126E-03    0.2094543732E+00    0.9778183591E+00    0.1228899548E-02   -0.9354417269E-03    0.2885813003E+02
    0.3505000000E+00   -0.6244482262E-03   -0.7212541506E-04    0.9999998056E+00   -0.3396425959E-03    0.5606703865E-04    0.1000000000E+01   -0.1337575245E-03    0.3251379703E-03    0.2338176364E+00    0.9722804068E+00    0.1252465075E-02   -0.9187040193E-03    0.2889935592E+02
    0.3510000000E+00   -0.6300672630E-03   -0.5206772878E-04    0.9999998034E+00   -0.3395804032E-03    0.6747391110E-04    0.1000000000E+01   -0.1320518932E-03    0.3280151473E-03    0.2580349417E+00    0.9661355204E+00    0.1275869154E-02   -0.9014595470E-03    0.2894058181E+02
    0.3515000000E+00   -0.6350592677E-03   -0.3172149206E-04    0.9999998011E+00   -0.3391446139E-03    0.7893827813E-04    0.1000000000E+01   -0.1303146347E-03    0.3308958261E-03    0.2820911720E+00    0.9593875360E+00    0.1299101998E-02   -0.8837083028E-03    0.2898180770E+02
    0.3520000000E+00   -0.6394115258E-03   -0.1110571764E-04    0.9999997988E+00   -0.3383313969E-03    0.9044821441E-04    0.1000000000E+01   -0.1285455414E-03    0.3337797865E-03    0.3059713103E+00    0.9520406658E+00    0.1322153765E-02   -0.8654504508E-03    0.2902303359E+02
    0.3525000000E+00   -0.6431118781E-03    0.9760066396E-05    0.9999997965E+00   -0.3371372912E-03    0.1019916070E-03    0.1000000000E+01   -0.1267444061E-03    0.3366668053E-03    0.3296604498E+00    0.9440994961E+00    0.1345014563E-02   -0.8466863288E-03    0.2906425948E+02
    0.3530000000E+00   -0.6461487416E-03    0.3085583221E-04    0.9999997941E+00   -0.3355592143E-03    0.1135561666E-03    0.1000000000E+01   -0.1249110223E-03    0.3395566564E-03    0.3531438029E+00    0.9355689839E+00    0.1367674448E-02   -0.8274164499E-03    0.2910548537E+02
    0.3535000000E+00   -0.6485111278E-03    0.5216106837E-04    0.9999997918E+00   -0.3335944697E-03    0.1251294388E-03    0.1000000000E+01   -0.1230451839E-03    0.3424491109E-03    0.3764067103E+00    0.9264544544E+00    0.1390123430E-02   -0.8076415040E-03    0.2914671126E+02
    0.3540000000E+00   -0.6501886621E-03    0.7365479685E-04    0.9999997894E+00   -0.3312407544E-03    0.1366988158E-03    0.1000000000E+01   -0.1211466854E-03    0.3453439372E-03    0.3994346505E+00    0.9167615972E+00    0.1412351475E-02   -0.7873623603E-03    0.2918793715E+02
    0.3545000000E+00   -0.6511716023E-03    0.9531559062E-04    0.9999997869E+00   -0.3284961658E-03    0.1482515491E-03    0.1000000000E+01   -0.1192153218E-03    0.3482409005E-03    0.4222132485E+00    0.9064964629E+00    0.1434348510E-02   -0.7665800687E-03    0.2922916304E+02
    0.3550000000E+00   -0.6514508567E-03    0.1171215921E-03    0.9999997845E+00   -0.3253592087E-03    0.1597747609E-03    0.1000000000E+01   -0.1172508889E-03    0.3511397633E-03    0.4447282852E+00    0.8956654595E+00    0.1456104421E-02   -0.7452958615E-03    0.2927038893E+02
    0.3555000000E+00   -0.6510180010E-03    0.1390505319E-03    0.9999997820E+00   -0.3218288016E-03    0.1712554575E-03    0.1000000000E+01   -0.1152531829E-03    0.3540402851E-03    0.4669657057E+00    0.8842753480E+00    0.1477609061E-02   -0.7235111551E-03    0.2931161482E+02
    0.3560000000E+00   -0.6498652962E-03    0.1610797492E-03    0.9999997795E+00   -0.3179042822E-03    0.1826805422E-03    0.1000000000E+01   -0.1132220009E-03    0.3569422226E-03    0.4889116286E+00    0.8723332386E+00    0.1498852251E-02   -0.7012275517E-03    0.2935284071E+02
    0.3565000000E+00   -0.6479857038E-03    0.1831862111E-03    0.9999997769E+00   -0.3135854138E-03    0.1940368278E-03    0.1000000000E+01   -0.1111571405E-03    0.3598453295E-03    0.5105523546E+00    0.8598465860E+00    0.1519823781E-02   -0.6784468411E-03    0.2939406660E+02
    0.3570000000E+00   -0.6453729030E-03    0.2053465347E-03    0.9999997743E+00   -0.3088723895E-03    0.2053110509E-03    0.1000000000E+01   -0.1090584002E-03    0.3627493565E-03    0.5318743745E+00    0.8468231848E+00    0.1540513419E-02   -0.6551710019E-03    0.2943529248E+02
    0.3575000000E+00   -0.6420213045E-03    0.2275370078E-03    0.9999997717E+00   -0.3037658377E-03    0.2164898852E-03    0.1000000000E+01   -0.1069255789E-03    0.3656540512E-03    0.5528643784E+00    0.8332711647E+00    0.1560910906E-02   -0.6314022031E-03    0.2947651837E+02
    0.3580000000E+00   -0.6379260663E-03    0.2497336118E-03    0.9999997691E+00   -0.2982668263E-03    0.2275599551E-03    0.1000000000E+01   -0.1047584767E-03    0.3685591587E-03    0.5735092636E+00    0.8191989855E+00    0.1581005967E-02   -0.6071428057E-03    0.2951774426E+02
    0.3585000000E+00   -0.6330831068E-03    0.2719120443E-03    0.9999997664E+00   -0.2923768661E-03    0.2385078506E-03    0.1000000000E+01   -0.1025568942E-03    0.3714644206E-03    0.5937961427E+00    0.8046154314E+00    0.1600788310E-02   -0.5823953640E-03    0.2955897015E+02
    0.3590000000E+00   -0.6274891186E-03    0.2940477424E-03    0.9999997638E+00   -0.2860979148E-03    0.2493201408E-03    0.1000000000E+01   -0.1003206330E-03    0.3743695759E-03    0.6137123519E+00    0.7895296061E+00    0.1620247628E-02   -0.5571626272E-03    0.2960019604E+02
    0.3595000000E+00   -0.6211415805E-03    0.3161159069E-03    0.9999997610E+00   -0.2794323800E-03    0.2599833888E-03    0.1000000000E+01   -0.9804949538E-04    0.3772743603E-03    0.6332454587E+00    0.7739509268E+00    0.1639373608E-02   -0.5314475402E-03    0.2964142193E+02
    0.3600000000E+00   -0.6140387699E-03    0.3380915266E-03    0.9999997583E+00   -0.2723831212E-03    0.2704841666E-03    0.1000000000E+01   -0.9574328458E-04    0.3801785067E-03    0.6523832700E+00    0.7578891182E+00    0.1658155928E-02   -0.5052532455E-03    0.2968264781E+02
    0.3605000000E+00   -0.6061797736E-03    0.3599494033E-03    0.9999997555E+00   -0.2649534525E-03    0.2808090694E-03    0.1000000000E+01   -0.9340180476E-04    0.3830817448E-03    0.6711138390E+00    0.7413542066E+00    0.1676584265E-02   -0.4785830838E-03    0.2972387370E+02
    0.3610000000E+00   -0.5975644982E-03    0.3816641776E-03    0.9999997527E+00   -0.2571471439E-03    0.2909447312E-03    0.1000000000E+01   -0.9102486099E-04    0.3859838014E-03    0.6894254735E+00    0.7243565139E+00    0.1694648296E-02   -0.4514405957E-03    0.2976509959E+02
    0.3615000000E+00   -0.5881936797E-03    0.4032103547E-03    0.9999997498E+00   -0.2489684223E-03    0.3008778393E-03    0.1000000000E+01   -0.8861225931E-04    0.3888844002E-03    0.7073067427E+00    0.7069066507E+00    0.1712337703E-02   -0.4238295225E-03    0.2980632548E+02
    0.3620000000E+00   -0.5780688921E-03    0.4245623307E-03    0.9999997469E+00   -0.2404219726E-03    0.3105951500E-03    0.1000000000E+01   -0.8616380674E-04    0.3917832619E-03    0.7247464844E+00    0.6890155097E+00    0.1729642174E-02   -0.3957538072E-03    0.2984755136E+02
    0.3625000000E+00   -0.5671925557E-03    0.4456944196E-03    0.9999997440E+00   -0.2315129372E-03    0.3200835038E-03    0.1000000000E+01   -0.8367931133E-04    0.3946801041E-03    0.7417338120E+00    0.6706942593E+00    0.1746551411E-02   -0.3672175958E-03    0.2988877725E+02
    0.3630000000E+00   -0.5555679436E-03    0.4665808807E-03    0.9999997410E+00   -0.2222469161E-03    0.3293298408E-03    0.1000000000E+01   -0.8115858217E-04    0.3975746412E-03    0.7582581215E+00    0.6519543363E+00    0.1763055129E-02   -0.3382252378E-03    0.2993000314E+02
    0.3635000000E+00   -0.5431991887E-03    0.4871959459E-03    0.9999997381E+00   -0.2126299660E-03    0.3383212161E-03    0.1000000000E+01   -0.7860142943E-04    0.4004665847E-03    0.7743090977E+00    0.6328074389E+00    0.1779143063E-02   -0.3087812874E-03    0.2997122902E+02
    0.3640000000E+00   -0.5300912884E-03    0.5075138480E-03    0.9999997350E+00   -0.2026685987E-03    0.3470448157E-03    0.1000000000E+01   -0.7600766439E-04    0.4033556430E-03    0.7898767210E+00    0.6132655193E+00    0.1794804968E-02   -0.2788905044E-03    0.3001245491E+02
    0.3645000000E+00   -0.5162501095E-03    0.5275088487E-03    0.9999997320E+00   -0.1923697793E-03    0.3554879714E-03    0.1000000000E+01   -0.7337709946E-04    0.4062415213E-03    0.8049512736E+00    0.5933407763E+00    0.1810030628E-02   -0.2485578547E-03    0.3005368080E+02
    0.3650000000E+00   -0.5016823916E-03    0.5471552676E-03    0.9999997289E+00   -0.1817409238E-03    0.3636381771E-03    0.1000000000E+01   -0.7070954822E-04    0.4091239217E-03    0.8195233452E+00    0.5730456476E+00    0.1824809856E-02   -0.2177885108E-03    0.3009490668E+02
    0.3655000000E+00   -0.4863957500E-03    0.5664275105E-03    0.9999997258E+00   -0.1707898961E-03    0.3714831042E-03    0.1000000000E+01   -0.6800482545E-04    0.4120025431E-03    0.8335838396E+00    0.5523928023E+00    0.1839132497E-02   -0.1865878533E-03    0.3013613257E+02
    0.3660000000E+00   -0.4703986770E-03    0.5853000991E-03    0.9999997226E+00   -0.1595250046E-03    0.3790106168E-03    0.1000000000E+01   -0.6526274715E-04    0.4148770815E-03    0.8471239795E+00    0.5313951327E+00    0.1852988436E-02   -0.1549614704E-03    0.3017735846E+02
    0.3665000000E+00   -0.4537005431E-03    0.6037477000E-03    0.9999997194E+00   -0.1479549984E-03    0.3862087877E-03    0.1000000000E+01   -0.6248313058E-04    0.4177472297E-03    0.8601353127E+00    0.5100657462E+00    0.1866367597E-02   -0.1229151591E-03    0.3021858434E+02
    0.3670000000E+00   -0.4363115968E-03    0.6217451541E-03    0.9999997162E+00   -0.1360890622E-03    0.3930659137E-03    0.1000000000E+01   -0.5966579430E-04    0.4206126771E-03    0.8726097171E+00    0.4884179575E+00    0.1879259951E-02   -0.9045492540E-04    0.3025981023E+02
    0.3675000000E+00   -0.4182429632E-03    0.6392675064E-03    0.9999997129E+00   -0.1239368118E-03    0.3995705313E-03    0.1000000000E+01   -0.5681055819E-04    0.4234731102E-03    0.8845394057E+00    0.4664652799E+00    0.1891655517E-02   -0.5758698485E-04    0.3030103611E+02
    0.3680000000E+00   -0.3995066421E-03    0.6562900358E-03    0.9999997096E+00   -0.1115082883E-03    0.4057114315E-03    0.1000000000E+01   -0.5391724346E-04    0.4263282123E-03    0.8959169314E+00    0.4442214171E+00    0.1903544367E-02   -0.2431776261E-04    0.3034226200E+02
    0.3685000000E+00   -0.3801155050E-03    0.6727882848E-03    0.9999997062E+00   -0.9881395203E-04    0.4114776755E-03    0.1000000000E+01   -0.5098567273E-04    0.4291776634E-03    0.9067351920E+00    0.4217002547E+00    0.1914916631E-02    0.9346106126E-05    0.3038348788E+02
    0.3690000000E+00   -0.3600832907E-03    0.6887380895E-03    0.9999997028E+00   -0.8586467576E-04    0.4168586099E-03    0.1000000000E+01   -0.4801567002E-04    0.4320211405E-03    0.9169874344E+00    0.3989158510E+00    0.1925762499E-02    0.4339777602E-04    0.3042471377E+02
    0.3695000000E+00   -0.3394246007E-03    0.7041156094E-03    0.9999996994E+00   -0.7267173770E-04    0.4218438813E-03    0.1000000000E+01   -0.4500706082E-04    0.4348583174E-03    0.9266672587E+00    0.3758824291E+00    0.1936072227E-02    0.7783019147E-04    0.3046593965E+02
    0.3700000000E+00   -0.3181548927E-03    0.7188973574E-03    0.9999996959E+00   -0.5924681368E-04    0.4264234514E-03    0.1000000000E+01   -0.4195967207E-04    0.4376888644E-03    0.9357686224E+00    0.3526143672E+00    0.1945836139E-02    0.1126360866E-03    0.3050716554E+02
    0.3705000000E+00   -0.2962904736E-03    0.7330602298E-03    0.9999996924E+00   -0.4560196897E-04    0.4305876115E-03    0.1000000000E+01   -0.3887333224E-04    0.4405124491E-03    0.9442858441E+00    0.3291261902E+00    0.1955044634E-02    0.1478079851E-03    0.3054839142E+02
    0.3710000000E+00   -0.2738484915E-03    0.7465815359E-03    0.9999996889E+00   -0.3174964950E-04    0.4343269971E-03    0.1000000000E+01   -0.3574787136E-04    0.4433287354E-03    0.9522136070E+00    0.3054325603E+00    0.1963688186E-02    0.1833382007E-03    0.3058961730E+02
    0.3715000000E+00   -0.2508469264E-03    0.7594390275E-03    0.9999996853E+00   -0.1770267258E-04    0.4376326022E-03    0.1000000000E+01   -0.3258312101E-04    0.4461373844E-03    0.9595469623E+00    0.2815482678E+00    0.1971757353E-02    0.2192188372E-03    0.3063084319E+02
    0.3720000000E+00   -0.2273045805E-03    0.7716109289E-03    0.9999996816E+00   -0.3474217139E-05    0.4404957930E-03    0.1000000000E+01   -0.2937891441E-04    0.4489380537E-03    0.9662813322E+00    0.2574882223E+00    0.1979242776E-02    0.2554417883E-03    0.3067206907E+02
    0.3725000000E+00   -0.2032410662E-03    0.7830759659E-03    0.9999996780E+00    0.1092218660E-04    0.4429083223E-03    0.1000000000E+01   -0.2613508641E-04    0.4517303977E-03    0.9724125129E+00    0.2332674430E+00    0.1986135186E-02    0.2919987388E-03    0.3071329496E+02
    0.3730000000E+00   -0.1786767949E-03    0.7938133953E-03    0.9999996743E+00    0.2547266792E-04    0.4448623421E-03    0.1000000000E+01   -0.2285147356E-04    0.4545140678E-03    0.9779366771E+00    0.2089010494E+00    0.1992425411E-02    0.3288811639E-03    0.3075452084E+02
    0.3735000000E+00   -0.1536329629E-03    0.8038030332E-03    0.9999996705E+00    0.4016302692E-04    0.4463504178E-03    0.1000000000E+01   -0.1952791410E-04    0.4572887118E-03    0.9828503764E+00    0.1844042519E+00    0.1998104372E-02    0.3660803309E-03    0.3079574672E+02
    0.3740000000E+00   -0.1281315380E-03    0.8130252844E-03    0.9999996667E+00    0.5497874628E-04    0.4473655403E-03    0.1000000000E+01   -0.1616424804E-04    0.4600539746E-03    0.9871505435E+00    0.1597923424E+00    0.2003163097E-02    0.4035872986E-03    0.3083697260E+02
    0.3745000000E+00   -0.1021952435E-03    0.8214611698E-03    0.9999996629E+00    0.6990500358E-04    0.4479011393E-03    0.1000000000E+01   -0.1276031716E-04    0.4628094977E-03    0.9908344939E+00    0.1350806844E+00    0.2007592718E-02    0.4413929188E-03    0.3087819849E+02
    0.3750000000E+00   -0.7584754258E-04    0.8290923553E-03    0.9999996590E+00    0.8492668403E-04    0.4479510950E-03    0.1000000000E+01   -0.9315965079E-05    0.4655549193E-03    0.9938999282E+00    0.1102847040E+00    0.2011384477E-02    0.4794878364E-03    0.3091942437E+02
    0.3755000000E+00   -0.4911262080E-04    0.8359011787E-03    0.9999996550E+00    0.1000283937E-03    0.4475097505E-03    0.1000000000E+01   -0.5831037245E-05    0.4682898743E-03    0.9963449327E+00    0.8541987982E-01    0.2014529734E-02    0.5178624906E-03    0.3096065025E+02
    0.3760000000E+00   -0.2201536782E-04    0.8418706771E-03    0.9999996510E+00    0.1151944732E-03    0.4465719228E-03    0.1000000000E+01   -0.2305381014E-05    0.4710139946E-03    0.9981679811E+00    0.6050173330E-01    0.2017019965E-02    0.5565071155E-03    0.3100187613E+02
    0.3765000000E+00    0.5418641648E-05    0.8469846135E-03    0.9999996470E+00    0.1304090118E-03    0.4451329146E-03    0.1000000000E+01    0.1261154339E-05    0.4737269086E-03    0.9993679354E+00    0.3554581934E-01    0.2018846771E-02    0.5954117412E-03    0.3104310201E+02
    0.3770000000E+00    0.3316316814E-04    0.8512275031E-03    0.9999996429E+00    0.1456558622E-03    0.4431885246E-03    0.1000000000E+01    0.4868717579E-05    0.4764282414E-03    0.9999440466E+00    0.1056771637E-01    0.2020001881E-02    0.6345661947E-03    0.3108432790E+02
    0.3775000000E+00    0.6119132851E-04    0.8545846390E-03    0.9999996388E+00    0.1609186550E-03    0.4407350579E-03    0.1000000000E+01    0.8517455468E-05    0.4791176150E-03    0.9998959551E+00   -0.1441698336E-01    0.2020477154E-02    0.6739601011E-03    0.3112555378E+02
    0.3780000000E+00    0.8947561806E-04    0.8570421171E-03    0.9999996347E+00    0.1761808147E-03    0.4377693362E-03    0.1000000000E+01    0.1220751274E-04    0.4817946480E-03    0.9992236908E+00   -0.3939268344E-01    0.2020264589E-02    0.7135828848E-03    0.3116677966E+02
    0.3785000000E+00    0.1179879336E-03    0.8585868609E-03    0.9999996304E+00    0.1914255754E-03    0.4342887068E-03    0.1000000000E+01    0.1593903206E-04    0.4844589558E-03    0.9979276734E+00   -0.6434379310E-01    0.2019356321E-02    0.7534237707E-03    0.3120800554E+02
    0.3790000000E+00    0.1466995973E-03    0.8592066453E-03    0.9999996262E+00    0.2066359965E-03    0.4302910519E-03    0.1000000000E+01    0.1971215397E-04    0.4871101504E-03    0.9960087120E+00   -0.8925473692E-01    0.2017744635E-02    0.7934717854E-03    0.3124923142E+02
    0.3795000000E+00    0.1755813816E-03    0.8588901198E-03    0.9999996219E+00    0.2217949802E-03    0.4257747970E-03    0.1000000000E+01    0.2352701690E-04    0.4897478407E-03    0.9934680043E+00   -0.1141099645E+00    0.2015421959E-02    0.8337157589E-03    0.3129045730E+02
    0.3800000000E+00    0.2046035351E-03    0.8576268311E-03    0.9999996175E+00    0.2368852875E-03    0.4207389188E-03    0.1000000000E+01    0.2738375707E-04    0.4923716320E-03    0.9903071365E+00   -0.1388939604E+00    0.2012380881E-02    0.8741443261E-03    0.3133168318E+02
    0.3805000000E+00    0.2337358090E-03    0.8554072448E-03    0.9999996131E+00    0.2518895562E-03    0.4151829529E-03    0.1000000000E+01    0.3128250848E-04    0.4949811266E-03    0.9865280816E+00   -0.1635912534E+00    0.2008614141E-02    0.9147459282E-03    0.3137290906E+02
    0.3810000000E+00    0.2629474847E-03    0.8522227668E-03    0.9999996086E+00    0.2667903182E-03    0.4091070005E-03    0.1000000000E+01    0.3522340291E-04    0.4975759233E-03    0.9821331987E+00   -0.1881864266E+00    0.2004114645E-02    0.9555088144E-03    0.3141413494E+02
    0.3815000000E+00    0.2922074018E-03    0.8480657633E-03    0.9999996041E+00    0.2815700176E-03    0.4025117350E-03    0.1000000000E+01    0.3920656979E-04    0.5001556179E-03    0.9771252313E+00   -0.2126641266E+00    0.1998875463E-02    0.9964210438E-03    0.3145536082E+02
    0.3820000000E+00    0.3214839879E-03    0.8429295801E-03    0.9999995995E+00    0.2962110289E-03    0.3953984080E-03    0.1000000000E+01    0.4323213627E-04    0.5027198025E-03    0.9715073054E+00   -0.2370090737E+00    0.1992889836E-02    0.1037470487E-02    0.3149658670E+02
    0.3825000000E+00    0.3507452878E-03    0.8368085619E-03    0.9999995949E+00    0.3106956756E-03    0.3877688540E-03    0.1000000000E+01    0.4730022710E-04    0.5052680663E-03    0.9652829280E+00   -0.2612060707E+00    0.1986151180E-02    0.1078644829E-02    0.3153781258E+02
    0.3830000000E+00    0.3799589944E-03    0.8296980691E-03    0.9999995903E+00    0.3250062488E-03    0.3796254958E-03    0.1000000000E+01    0.5141096462E-04    0.5077999948E-03    0.9584559846E+00   -0.2852400131E+00    0.1978653090E-02    0.1119931570E-02    0.3157903845E+02
    0.3835000000E+00    0.4090924805E-03    0.8215944954E-03    0.9999995855E+00    0.3391250268E-03    0.3709713483E-03    0.1000000000E+01    0.5556446874E-04    0.5103151705E-03    0.9510307369E+00   -0.3090958978E+00    0.1970389344E-02    0.1161318027E-02    0.3162026433E+02
    0.3840000000E+00    0.4381128302E-03    0.8124952832E-03    0.9999995807E+00    0.3530342938E-03    0.3618100220E-03    0.1000000000E+01    0.5976085685E-04    0.5128131725E-03    0.9430118199E+00   -0.3327588332E+00    0.1961353908E-02    0.1202791338E-02    0.3166149021E+02
    0.3845000000E+00    0.4669868725E-03    0.8023989388E-03    0.9999995759E+00    0.3667163598E-03    0.3521457260E-03    0.1000000000E+01    0.6400024386E-04    0.5152935767E-03    0.9344042393E+00   -0.3562140480E+00    0.1951540940E-02    0.1244338463E-02    0.3170271609E+02
    0.3850000000E+00    0.4956812143E-03    0.7913050459E-03    0.9999995710E+00    0.3801535801E-03    0.3419832701E-03    0.1000000000E+01    0.6828274206E-04    0.5177559554E-03    0.9252133684E+00   -0.3794469005E+00    0.1940944792E-02    0.1285946188E-02    0.3174394197E+02
    0.3855000000E+00    0.5241622744E-03    0.7792142791E-03    0.9999995661E+00    0.3933283755E-03    0.3313280669E-03    0.1000000000E+01    0.7260846118E-04    0.5201998780E-03    0.9154449443E+00   -0.4024428879E+00    0.1929560017E-02    0.1327601122E-02    0.3178516784E+02
    0.3860000000E+00    0.5523963188E-03    0.7661284152E-03    0.9999995611E+00    0.4062232521E-03    0.3201861322E-03    0.1000000000E+01    0.7697750828E-04    0.5226249102E-03    0.9051050651E+00   -0.4251876553E+00    0.1917381373E-02    0.1369289708E-02    0.3182639372E+02
    0.3865000000E+00    0.5803494951E-03    0.7520503443E-03    0.9999995560E+00    0.4188208215E-03    0.3085640858E-03    0.1000000000E+01    0.8138998773E-04    0.5250306148E-03    0.8942001850E+00   -0.4476670044E+00    0.1904403826E-02    0.1410998219E-02    0.3186761960E+02
    0.3870000000E+00    0.6079878693E-03    0.7369840793E-03    0.9999995509E+00    0.4311038212E-03    0.2964691510E-03    0.1000000000E+01    0.8584600119E-04    0.5274165509E-03    0.8827371115E+00   -0.4698669029E+00    0.1890622554E-02    0.1452712763E-02    0.3190884547E+02
    0.3875000000E+00    0.6352774614E-03    0.7209347644E-03    0.9999995457E+00    0.4430551351E-03    0.2839091538E-03    0.1000000000E+01    0.9034564753E-04    0.5297822747E-03    0.8707230002E+00   -0.4917734927E+00    0.1876032950E-02    0.1494419287E-02    0.3195007135E+02
    0.3880000000E+00    0.6621842823E-03    0.7039086827E-03    0.9999995404E+00    0.4546578136E-03    0.2708925209E-03    0.1000000000E+01    0.9488902284E-04    0.5321273389E-03    0.8581653507E+00   -0.5133730989E+00    0.1860630632E-02    0.1536103576E-02    0.3199129722E+02
    0.3885000000E+00    0.6886743713E-03    0.6859132622E-03    0.9999995351E+00    0.4658950947E-03    0.2574282780E-03    0.1000000000E+01    0.9947622034E-04    0.5344512928E-03    0.8450720021E+00   -0.5346522382E+00    0.1844411437E-02    0.1577751261E-02    0.3203252310E+02
    0.3890000000E+00    0.7147138335E-03    0.6669570812E-03    0.9999995298E+00    0.4767504241E-03    0.2435260460E-03    0.1000000000E+01    0.1041073304E-03    0.5367536827E-03    0.8314511276E+00   -0.5555976274E+00    0.1827371435E-02    0.1619347819E-02    0.3207374898E+02
    0.3895000000E+00    0.7402688777E-03    0.6470498716E-03    0.9999995244E+00    0.4872074760E-03    0.2291960380E-03    0.1000000000E+01    0.1087824403E-03    0.5390340514E-03    0.8173112299E+00   -0.5761961915E+00    0.1809506926E-02    0.1660878576E-02    0.3211497485E+02
    0.3900000000E+00    0.7653058550E-03    0.6262025222E-03    0.9999995189E+00    0.4972501736E-03    0.2144490545E-03    0.1000000000E+01    0.1135016346E-03    0.5412919384E-03    0.8026611357E+00   -0.5964350722E+00    0.1790814449E-02    0.1702328712E-02    0.3215620072E+02
    0.3905000000E+00    0.7897912971E-03    0.6044270795E-03    0.9999995133E+00    0.5068627096E-03    0.1992964786E-03    0.1000000000E+01    0.1182649947E-03    0.5435268801E-03    0.7875099901E+00   -0.6163016356E+00    0.1771290779E-02    0.1743683264E-02    0.3219742660E+02
    0.3910000000E+00    0.8136919552E-03    0.5817367482E-03    0.9999995077E+00    0.5160295667E-03    0.1837502699E-03    0.1000000000E+01    0.1230725988E-03    0.5457384095E-03    0.7718672511E+00   -0.6357834802E+00    0.1750932940E-02    0.1784927125E-02    0.3223865247E+02
    0.3915000000E+00    0.8369748392E-03    0.5581458899E-03    0.9999995020E+00    0.5247355379E-03    0.1678229583E-03    0.1000000000E+01    0.1279245224E-03    0.5479260564E-03    0.7557426834E+00   -0.6548684447E+00    0.1729738202E-02    0.1826045056E-02    0.3227987835E+02
    0.3920000000E+00    0.8596072568E-03    0.5336700205E-03    0.9999994963E+00    0.5329657471E-03    0.1515276367E-03    0.1000000000E+01    0.1328208374E-03    0.5500893472E-03    0.7391463526E+00   -0.6735446156E+00    0.1707704086E-02    0.1867021682E-02    0.3232110422E+02
    0.3925000000E+00    0.8815568526E-03    0.5083258069E-03    0.9999994905E+00    0.5407056688E-03    0.1348779531E-03    0.1000000000E+01    0.1377616128E-03    0.5522278053E-03    0.7220886187E+00   -0.6918003345E+00    0.1684828371E-02    0.1907841500E-02    0.3236233009E+02
    0.3930000000E+00    0.9027916481E-03    0.4821310618E-03    0.9999994846E+00    0.5479411484E-03    0.1178881020E-03    0.1000000000E+01    0.1427469143E-03    0.5543409505E-03    0.7045801299E+00   -0.7096242054E+00    0.1661109092E-02    0.1948488879E-02    0.3240355596E+02
    0.3935000000E+00    0.9232800804E-03    0.4551047372E-03    0.9999994786E+00    0.5546584218E-03    0.1005728154E-03    0.1000000000E+01    0.1477768044E-03    0.5564282997E-03    0.6866318155E+00   -0.7270051021E+00    0.1636544550E-02    0.1988948068E-02    0.3244478184E+02
    0.3940000000E+00    0.9429910424E-03    0.4272669168E-03    0.9999994726E+00    0.5608441354E-03    0.8294735233E-04    0.1000000000E+01    0.1528513420E-03    0.5584893664E-03    0.6682548796E+00   -0.7439321747E+00    0.1611133311E-02    0.2029203199E-02    0.3248600771E+02
    0.3945000000E+00    0.9618939218E-03    0.3986388072E-03    0.9999994665E+00    0.5664853649E-03    0.6502748850E-04    0.1000000000E+01    0.1579705830E-03    0.5605236608E-03    0.6494607938E+00   -0.7603948567E+00    0.1584874212E-02    0.2069238287E-02    0.3252723358E+02
    0.3950000000E+00    0.9799586402E-03    0.3692427272E-03    0.9999994604E+00    0.5715696351E-03    0.4682950490E-04    0.1000000000E+01    0.1631345798E-03    0.5625306899E-03    0.6302612901E+00   -0.7763828715E+00    0.1557766363E-02    0.2109037239E-02    0.3256845945E+02
    0.3955000000E+00    0.9971556930E-03    0.3391020965E-03    0.9999994542E+00    0.5760849382E-03    0.2837017575E-04    0.1000000000E+01    0.1683433811E-03    0.5645099577E-03    0.6106683534E+00   -0.7918862388E+00    0.1529809152E-02    0.2148583856E-02    0.3260968532E+02
    0.3960000000E+00    0.1013456188E-02    0.3082414226E-03    0.9999994479E+00    0.5800197529E-03    0.9666755683E-05    0.1000000000E+01    0.1735970325E-03    0.5664609647E-03    0.5906942146E+00   -0.8068952806E+00    0.1501002245E-02    0.2187861839E-02    0.3265091119E+02
    0.3965000000E+00    0.1028831883E-02    0.2766862861E-03    0.9999994415E+00    0.5833630622E-03   -0.9263033556E-05    0.1000000000E+01    0.1788955758E-03    0.5683832083E-03    0.5703513420E+00   -0.8214006280E+00    0.1471345595E-02    0.2226854788E-02    0.3269213706E+02
    0.3970000000E+00    0.1043255228E-02    0.2444633255E-03    0.9999994351E+00    0.5861043717E-03   -0.2840101724E-04    0.1000000000E+01    0.1842390492E-03    0.5702761827E-03    0.5496524346E+00   -0.8353932260E+00    0.1440839440E-02    0.2265546215E-02    0.3273336293E+02
    0.3975000000E+00    0.1056699398E-02    0.2116002197E-03    0.9999994285E+00    0.5882337268E-03   -0.4772858239E-04    0.1000000000E+01    0.1896274875E-03    0.5721393791E-03    0.5286104135E+00   -0.8488643399E+00    0.1409484310E-02    0.2303919540E-02    0.3277458880E+02
    0.3980000000E+00    0.1069138336E-02    0.1781256699E-03    0.9999994219E+00    0.5897417301E-03   -0.6722669312E-04    0.1000000000E+01    0.1950609217E-03    0.5739722852E-03    0.5072384137E+00   -0.8618055606E+00    0.1377281028E-02    0.2341958103E-02    0.3281581467E+02
    0.3985000000E+00    0.1080546787E-02    0.1440693799E-03    0.9999994153E+00    0.5906195580E-03   -0.8687590669E-04    0.1000000000E+01    0.2005393789E-03    0.5757743857E-03    0.4855497766E+00   -0.8742088096E+00    0.1344230712E-02    0.2379645162E-02    0.3285704054E+02
    0.3990000000E+00    0.1090900337E-02    0.1094620347E-03    0.9999994085E+00    0.5908589774E-03   -0.1066563902E-03    0.1000000000E+01    0.2060628828E-03    0.5775451621E-03    0.4635580409E+00   -0.8860663444E+00    0.1310334782E-02    0.2416963903E-02    0.3289826641E+02
    0.3995000000E+00    0.1100175448E-02    0.7433527862E-04    0.9999994017E+00    0.5904523608E-03   -0.1265479377E-03    0.1000000000E+01    0.2116314531E-03    0.5792840930E-03    0.4412769348E+00   -0.8973707631E+00    0.1275594960E-02    0.2453897441E-02    0.3293949228E+02
    0.4000000000E+00    0.1108349495E-02    0.3872169112E-04    0.9999993948E+00    0.5893927023E-03   -0.1465299884E-03    0.1000000000E+01    0.2172451056E-03    0.5809906534E-03    0.4187203670E+00   -0.9081150090E+00    0.1240013272E-02    0.2490428829E-02    0.3298071814E+02
    0.4005000000E+00    0.1115400801E-02    0.2654762171E-05    0.9999993878E+00    0.5876736324E-03   -0.1665816447E-03    0.1000000000E+01    0.2229038522E-03    0.5826643156E-03    0.3959024181E+00   -0.9182923751E+00    0.1203592056E-02    0.2526541058E-02    0.3302194401E+02
    0.4010000000E+00    0.1121308672E-02   -0.3383113413E-04    0.9999993808E+00    0.5852894320E-03   -0.1866816918E-03    0.1000000000E+01    0.2286077011E-03    0.5843045485E-03    0.3728373320E+00   -0.9278965084E+00    0.1166333957E-02    0.2562217067E-02    0.3306316988E+02
    0.4015000000E+00    0.1126053431E-02   -0.7070076713E-04    0.9999993736E+00    0.5822350464E-03   -0.2068086168E-03    0.1000000000E+01    0.2343566562E-03    0.5859108182E-03    0.3495395067E+00   -0.9369214135E+00    0.1128241936E-02    0.2597439744E-02    0.3310439575E+02
    0.4020000000E+00    0.1129616450E-02   -0.1079180784E-03    0.9999993664E+00    0.5785060985E-03   -0.2269406292E-03    0.1000000000E+01    0.2401507176E-03    0.5874825873E-03    0.3260234857E+00   -0.9453614568E+00    0.1089319272E-02    0.2632191934E-02    0.3314562161E+02
    0.4025000000E+00    0.1131980184E-02   -0.1454462118E-03    0.9999993591E+00    0.5740989016E-03   -0.2470556815E-03    0.1000000000E+01    0.2459898811E-03    0.5890193157E-03    0.3023039485E+00   -0.9532113697E+00    0.1049569559E-02    0.2666456444E-02    0.3318684748E+02
    0.4030000000E+00    0.1133128205E-02   -0.1832475447E-03    0.9999993517E+00    0.5690104709E-03   -0.2671314907E-03    0.1000000000E+01    0.2518741385E-03    0.5905204601E-03    0.2783957018E+00   -0.9604662519E+00    0.1008996717E-02    0.2700216046E-02    0.3322807334E+02
    0.4035000000E+00    0.1133045227E-02   -0.2212837205E-03    0.9999993442E+00    0.5632385355E-03   -0.2871455595E-03    0.1000000000E+01    0.2578034775E-03    0.5919854741E-03    0.2543136700E+00   -0.9671215748E+00    0.9676049869E-03    0.2733453487E-02    0.3326929921E+02
    0.4040000000E+00    0.1131717141E-02   -0.2595156823E-03    0.9999993366E+00    0.5567815487E-03   -0.3070751992E-03    0.1000000000E+01    0.2637778815E-03    0.5934138083E-03    0.2300728860E+00   -0.9731731837E+00    0.9253989365E-03    0.2766151490E-02    0.3331052507E+02
    0.4045000000E+00    0.1129131042E-02   -0.2979037076E-03    0.9999993290E+00    0.5496386981E-03   -0.3268975519E-03    0.1000000000E+01    0.2697973294E-03    0.5948049104E-03    0.2056884818E+00   -0.9786173011E+00    0.8823834624E-03    0.2798292760E-02    0.3335175093E+02
    0.4050000000E+00    0.1125275259E-02   -0.3364074443E-03    0.9999993212E+00    0.5418099153E-03   -0.3465896138E-03    0.1000000000E+01    0.2758617963E-03    0.5961582250E-03    0.1811756791E+00   -0.9834505284E+00    0.8385637914E-03    0.2829859993E-02    0.3339297680E+02
    0.4055000000E+00    0.1120139379E-02   -0.3749859479E-03    0.9999993134E+00    0.5332958840E-03   -0.3661282590E-03    0.1000000000E+01    0.2819712524E-03    0.5974731936E-03    0.1565497797E+00   -0.9876698487E+00    0.7939454831E-03    0.2860835880E-02    0.3343420266E+02
    0.4060000000E+00    0.1113714274E-02   -0.4135977194E-03    0.9999993055E+00    0.5240980486E-03   -0.3854902631E-03    0.1000000000E+01    0.2881256638E-03    0.5987492549E-03    0.1318261561E+00   -0.9912726280E+00    0.7485344315E-03    0.2891203111E-02    0.3347542852E+02
    0.4065000000E+00    0.1105992128E-02   -0.4522007444E-03    0.9999992975E+00    0.5142186206E-03   -0.4046523278E-03    0.1000000000E+01    0.2943249920E-03    0.5999858446E-03    0.1070202416E+00   -0.9942566174E+00    0.7023368670E-03    0.2920944383E-02    0.3351665439E+02
    0.4070000000E+00    0.1096966458E-02   -0.4907525337E-03    0.9999992894E+00    0.5036605857E-03   -0.4235911058E-03    0.1000000000E+01    0.3005691942E-03    0.6011823954E-03    0.8214752104E-01   -0.9966199542E+00    0.6553593582E-03    0.2950042406E-02    0.3355788025E+02
    0.4075000000E+00    0.1086632138E-02   -0.5292101641E-03    0.9999992812E+00    0.4924277091E-03   -0.4422832252E-03    0.1000000000E+01    0.3068582227E-03    0.6023383372E-03    0.5722352094E-01   -0.9983611630E+00    0.6076088135E-03    0.2978479908E-02    0.3359910611E+02
    0.4080000000E+00    0.1074985420E-02   -0.5675303206E-03    0.9999992729E+00    0.4805245406E-03   -0.4607053157E-03    0.1000000000E+01    0.3131920256E-03    0.6034530969E-03    0.3226379979E-01   -0.9994791569E+00    0.5590924828E-03    0.3006239641E-02    0.3364033197E+02
    0.4085000000E+00    0.1062023952E-02   -0.6056693396E-03    0.9999992645E+00    0.4679564183E-03   -0.4788340340E-03    0.1000000000E+01    0.3195705459E-03    0.6045260985E-03    0.7283938397E-02   -0.9999732380E+00    0.5098179589E-03    0.3033304388E-02    0.3368155783E+02
    0.4090000000E+00    0.1047746802E-02   -0.6435832527E-03    0.9999992560E+00    0.4547294722E-03   -0.4966460892E-03    0.1000000000E+01    0.3259937223E-03    0.6055567633E-03   -0.1770046987E-01   -0.9998430979E+00    0.4597931787E-03    0.3059656968E-02    0.3372278369E+02
    0.4095000000E+00    0.1032154469E-02   -0.6812278314E-03    0.9999992474E+00    0.4408506263E-03   -0.5141182700E-03    0.1000000000E+01    0.3324614885E-03    0.6065445095E-03   -0.4267382879E-01   -0.9990888178E+00    0.4090264249E-03    0.3085280243E-02    0.3376400955E+02
    0.4100000000E+00    0.1015248903E-02   -0.7185586327E-03    0.9999992387E+00    0.4263276003E-03   -0.5312274700E-03    0.1000000000E+01    0.3389737736E-03    0.6074887528E-03   -0.6762054904E-01   -0.9977108687E+00    0.3575263270E-03    0.3110157125E-02    0.3380523541E+02
    0.4105000000E+00    0.9970335186E-03   -0.7555310457E-03    0.9999992300E+00    0.4111689105E-03   -0.5479507154E-03    0.1000000000E+01    0.3455305016E-03    0.6083889057E-03   -0.9252505794E-01   -0.9957101105E+00    0.3053018622E-03    0.3134270582E-02    0.3384646127E+02
    0.4110000000E+00    0.9775132080E-03   -0.7921003383E-03    0.9999992211E+00    0.3953838693E-03   -0.5642651907E-03    0.1000000000E+01    0.3521315917E-03    0.6092443782E-03   -0.1173718092E+00   -0.9930877923E+00    0.2523623565E-03    0.3157603642E-02    0.3388768712E+02
    0.4115000000E+00    0.9566943524E-03   -0.8282217048E-03    0.9999992121E+00    0.3789825841E-03   -0.5801482662E-03    0.1000000000E+01    0.3587769583E-03    0.6100545774E-03   -0.1421452924E+00   -0.9898455511E+00    0.1987174856E-03    0.3180139403E-02    0.3392891298E+02
    0.4120000000E+00    0.9345848329E-03   -0.8638503149E-03    0.9999992030E+00    0.3619759560E-03   -0.5955775251E-03    0.1000000000E+01    0.3654665107E-03    0.6108189079E-03   -0.1668300431E+00   -0.9859854107E+00    0.1443772757E-03    0.3201861038E-02    0.3397013884E+02
    0.4125000000E+00    0.9111940384E-03   -0.8989413620E-03    0.9999991938E+00    0.3443756762E-03   -0.6105307901E-03    0.1000000000E+01    0.3722001531E-03    0.6115367712E-03   -0.1914106521E+00   -0.9815097808E+00    0.8935210408E-04    0.3222751801E-02    0.3401136470E+02
    0.4130000000E+00    0.8865328731E-03   -0.9334501130E-03    0.9999991845E+00    0.3261942228E-03   -0.6249861506E-03    0.1000000000E+01    0.3789777846E-03    0.6122075664E-03   -0.2158717753E+00   -0.9764214552E+00    0.3365269959E-04    0.3242795034E-02    0.3405259055E+02
    0.4135000000E+00    0.8606137622E-03   -0.9673319580E-03    0.9999991751E+00    0.3074448558E-03   -0.6389219904E-03    0.1000000000E+01    0.3857992992E-03    0.6128306899E-03   -0.2401981430E+00   -0.9707236104E+00   -0.2270985686E-04    0.3261974174E-02    0.3409381641E+02
    0.4140000000E+00    0.8334506552E-03   -0.1000542461E-02    0.9999991656E+00    0.2881416121E-03   -0.6523170140E-03    0.1000000000E+01    0.3926645859E-03    0.6134055352E-03   -0.2643745700E+00   -0.9644198030E+00   -0.7972413202E-04    0.3280272760E-02    0.3413504226E+02
    0.4145000000E+00    0.8050590286E-03   -0.1033037411E-02    0.9999991560E+00    0.2682992984E-03   -0.6651502743E-03    0.1000000000E+01    0.3995735280E-03    0.6139314935E-03   -0.2883859642E+00   -0.9575139681E+00   -0.1373783401E-03    0.3297674439E-02    0.3417626812E+02
    0.4150000000E+00    0.7754558865E-03   -0.1064772871E-02    0.9999991462E+00    0.2479334843E-03   -0.6774011994E-03    0.1000000000E+01    0.4065260040E-03    0.6144079532E-03   -0.3122173369E+00   -0.9500104167E+00   -0.1956603426E-03    0.3314162973E-02    0.3421749397E+02
    0.4155000000E+00    0.7446597594E-03   -0.1095705234E-02    0.9999991364E+00    0.2270604939E-03   -0.6890496195E-03    0.1000000000E+01    0.4135218867E-03    0.6148343002E-03   -0.3358538117E+00   -0.9419138327E+00   -0.2545576485E-03    0.3329722244E-02    0.3425871982E+02
    0.4160000000E+00    0.7126907015E-03   -0.1125791270E-02    0.9999991264E+00    0.2056973962E-03   -0.7000757937E-03    0.1000000000E+01    0.4205610437E-03    0.6152099178E-03   -0.3592806337E+00   -0.9332292703E+00   -0.3140574144E-03    0.3344336267E-02    0.3429994567E+02
    0.4165000000E+00    0.6795702864E-03   -0.1154988179E-02    0.9999991163E+00    0.1838619957E-03   -0.7104604367E-03    0.1000000000E+01    0.4276433371E-03    0.6155341869E-03   -0.3824831790E+00   -0.9239621508E+00   -0.3741464448E-03    0.3357989188E-02    0.3434117153E+02
    0.4170000000E+00    0.6453216007E-03   -0.1183253646E-02    0.9999991061E+00    0.1615728205E-03   -0.7201847451E-03    0.1000000000E+01    0.4347686233E-03    0.6158064857E-03   -0.4054469638E+00   -0.9141182590E+00   -0.4348111923E-03    0.3370665298E-02    0.3438239738E+02
    0.4175000000E+00    0.6099692363E-03   -0.1210545887E-02    0.9999990958E+00    0.1388491110E-03   -0.7292304237E-03    0.1000000000E+01    0.4419367536E-03    0.6160261901E-03   -0.4281576531E+00   -0.9037037398E+00   -0.4960377584E-03    0.3382349038E-02    0.3442362323E+02
    0.4180000000E+00    0.5735392805E-03   -0.1236823708E-02    0.9999990854E+00    0.1157108066E-03   -0.7375797115E-03    0.1000000000E+01    0.4491475733E-03    0.6161926735E-03   -0.4506010701E+00   -0.8927250945E+00   -0.5578118941E-03    0.3393025005E-02    0.3446484908E+02
    0.4185000000E+00    0.5360593052E-03   -0.1262046553E-02    0.9999990748E+00    0.9217853186E-04   -0.7452154072E-03    0.1000000000E+01    0.4564009223E-03    0.6163053070E-03   -0.4727632047E+00   -0.8811891762E+00   -0.6201190005E-03    0.3402677957E-02    0.3450607493E+02
    0.4190000000E+00    0.4975583530E-03   -0.1286174555E-02    0.9999990642E+00    0.6827358200E-04   -0.7521208947E-03    0.1000000000E+01    0.4636966347E-03    0.6163634591E-03   -0.4946302225E+00   -0.8691031861E+00   -0.6829441301E-03    0.3411292826E-02    0.3454730078E+02
    0.4195000000E+00    0.4580669227E-03   -0.1309168591E-02    0.9999990534E+00    0.4401790703E-04   -0.7582801679E-03    0.1000000000E+01    0.4710345388E-03    0.6163664961E-03   -0.5161884732E+00   -0.8564746688E+00   -0.7462719872E-03    0.3418854720E-02    0.3458852663E+02
    0.4200000000E+00    0.4176169525E-03   -0.1330990331E-02    0.9999990425E+00    0.1943409532E-04   -0.7636778558E-03    0.1000000000E+01    0.4784144571E-03    0.6163137819E-03   -0.5374244995E+00   -0.8433115075E+00   -0.8100869298E-03    0.3425348933E-02    0.3462975247E+02
    0.4205000000E+00    0.3762418016E-03   -0.1351602290E-02    0.9999990314E+00   -0.5454643900E-05   -0.7682992459E-03    0.1000000000E+01    0.4858362065E-03    0.6162046782E-03   -0.5583250448E+00   -0.8296219191E+00   -0.8743729704E-03    0.3430760949E-02    0.3467097832E+02
    0.4210000000E+00    0.3339762300E-03   -0.1370967881E-02    0.9999990202E+00   -0.3062449883E-04   -0.7721303087E-03    0.1000000000E+01    0.4932995976E-03    0.6160385444E-03   -0.5788770624E+00   -0.8154144491E+00   -0.9391137774E-03    0.3435076452E-02    0.3471220417E+02
    0.4215000000E+00    0.2908563763E-03   -0.1389051460E-02    0.9999990089E+00   -0.5605107430E-04   -0.7751577206E-03    0.1000000000E+01    0.5008044354E-03    0.6158147376E-03   -0.5990677228E+00   -0.8006979664E+00   -0.1004292677E-02    0.3438281332E-02    0.3475343001E+02
    0.4220000000E+00    0.2469197340E-03   -0.1405818382E-02    0.9999989975E+00   -0.8170941186E-04   -0.7773688868E-03    0.1000000000E+01    0.5083505188E-03    0.6155326129E-03   -0.6188844224E+00   -0.7854816576E+00   -0.1069892655E-02    0.3440361693E-02    0.3479465586E+02
    0.4225000000E+00    0.2022051261E-03   -0.1421235047E-02    0.9999989859E+00   -0.1075740106E-03   -0.7787519634E-03    0.1000000000E+01    0.5159376404E-03    0.6151915229E-03   -0.6383147906E+00   -0.7697750213E+00   -0.1135896358E-02    0.3441303858E-02    0.3483588171E+02
    0.4230000000E+00    0.1567526777E-03   -0.1435268952E-02    0.9999989742E+00   -0.1336188491E-03   -0.7792958794E-03    0.1000000000E+01    0.5235655872E-03    0.6147908185E-03   -0.6573466984E+00   -0.7535878622E+00   -0.1202286096E-02    0.3441094378E-02    0.3487710755E+02
    0.4235000000E+00    0.1106037869E-03   -0.1447888736E-02    0.9999989624E+00   -0.1598174076E-03   -0.7789903572E-03    0.1000000000E+01    0.5312341394E-03    0.6143298481E-03   -0.6759682654E+00   -0.7369302848E+00   -0.1269043843E-02    0.3439720039E-02    0.3491833339E+02
    0.4240000000E+00    0.6380109401E-04   -0.1459064228E-02    0.9999989504E+00   -0.1861426919E-03   -0.7778259336E-03    0.1000000000E+01    0.5389430716E-03    0.6138079583E-03   -0.6941678671E+00   -0.7198126875E+00   -0.1336151243E-02    0.3437167870E-02    0.3495955924E+02
    0.4245000000E+00    0.1638844930E-04   -0.1468766496E-02    0.9999989383E+00   -0.2125672571E-03   -0.7757939793E-03    0.1000000000E+01    0.5466921518E-03    0.6132244936E-03   -0.7119341428E+00   -0.7022457558E+00   -0.1403589608E-02    0.3433425148E-02    0.3500078508E+02
    0.4250000000E+00   -0.3158912144E-04   -0.1476967892E-02    0.9999989261E+00   -0.2390632327E-03   -0.7728867182E-03    0.1000000000E+01    0.5544811417E-03    0.6125787965E-03   -0.7292560020E+00   -0.6842404555E+00   -0.1471339921E-02    0.3428479406E-02    0.3504201092E+02
    0.4255000000E+00   -0.8008545271E-04   -0.1483642097E-02    0.9999989137E+00   -0.2656023484E-03   -0.7690972453E-03    0.1000000000E+01    0.5623097968E-03    0.6118702075E-03   -0.7461226317E+00   -0.6658080263E+00   -0.1539382845E-02    0.3422318441E-02    0.3508323676E+02
    0.4260000000E+00   -0.1290532768E-03   -0.1488764166E-02    0.9999989012E+00   -0.2921559602E-03   -0.7644195450E-03    0.1000000000E+01    0.5701778661E-03    0.6110980654E-03   -0.7625235033E+00   -0.6469599744E+00   -0.1607698715E-02    0.3414930321E-02    0.3512446260E+02
    0.4265000000E+00   -0.1784442631E-03   -0.1492310569E-02    0.9999988885E+00   -0.3186950780E-03   -0.7588485074E-03    0.1000000000E+01    0.5780850920E-03    0.6102617068E-03   -0.7784483785E+00   -0.6277080654E+00   -0.1676267550E-02    0.3406303391E-02    0.3516568844E+02
    0.4270000000E+00   -0.2282090586E-03   -0.1494259237E-02    0.9999988757E+00   -0.3451903930E-03   -0.7523799449E-03    0.1000000000E+01    0.5860312107E-03    0.6093604667E-03   -0.7938873166E+00   -0.6080643172E+00   -0.1745069052E-02    0.3396426283E-02    0.3520691428E+02
    0.4275000000E+00   -0.2782973308E-03   -0.1494589598E-02    0.9999988627E+00   -0.3716123065E-03   -0.7450106067E-03    0.1000000000E+01    0.5940159516E-03    0.6083936782E-03   -0.8088306798E+00   -0.5880409921E+00   -0.1814082611E-02    0.3385287918E-02    0.3524814012E+02
    0.4280000000E+00   -0.3286578112E-03   -0.1493282622E-02    0.9999988496E+00   -0.3979309590E-03   -0.7367381940E-03    0.1000000000E+01    0.6020390375E-03    0.6073606727E-03   -0.8232691401E+00   -0.5676505894E+00   -0.1883287307E-02    0.3372877519E-02    0.3528936595E+02
    0.4285000000E+00   -0.3792383411E-03   -0.1490320856E-02    0.9999988363E+00   -0.4241162599E-03   -0.7275613729E-03    0.1000000000E+01    0.6101001845E-03    0.6062607798E-03   -0.8371936843E+00   -0.5469058376E+00   -0.1952661913E-02    0.3359184614E-02    0.3533059179E+02
    0.4290000000E+00   -0.4299859184E-03   -0.1485688464E-02    0.9999988229E+00   -0.4501379179E-03   -0.7174797872E-03    0.1000000000E+01    0.6181991023E-03    0.6050933276E-03   -0.8505956202E+00   -0.5258196864E+00   -0.2022184900E-02    0.3344199044E-02    0.3537181762E+02
    0.4295000000E+00   -0.4808467461E-03   -0.1479371260E-02    0.9999988093E+00   -0.4759654719E-03   -0.7064940702E-03    0.1000000000E+01    0.6263354933E-03    0.6038576422E-03   -0.8634665818E+00   -0.5044052985E+00   -0.2091834441E-02    0.3327910972E-02    0.3541304346E+02
    0.4300000000E+00   -0.5317662825E-03   -0.1471356747E-02    0.9999987956E+00   -0.5015683227E-03   -0.6946058552E-03    0.1000000000E+01    0.6345090535E-03    0.6025530485E-03   -0.8757985346E+00   -0.4826760416E+00   -0.2161588415E-02    0.3310310888E-02    0.3545426929E+02
    0.4305000000E+00   -0.5826892920E-03   -0.1461634145E-02    0.9999987817E+00   -0.5269157648E-03   -0.6818177853E-03    0.1000000000E+01    0.6427194719E-03    0.6011788697E-03   -0.8875837805E+00   -0.4606454799E+00   -0.2231424409E-02    0.3291389616E-02    0.3549549513E+02
    0.4310000000E+00   -0.6335598982E-03   -0.1450194426E-02    0.9999987676E+00   -0.5519770188E-03   -0.6681335224E-03    0.1000000000E+01    0.6509664306E-03    0.5997344273E-03   -0.8988149626E+00   -0.4383273658E+00   -0.2301319723E-02    0.3271138321E-02    0.3553672096E+02
    0.4315000000E+00   -0.6843216377E-03   -0.1437030344E-02    0.9999987534E+00   -0.5767212648E-03   -0.6535577544E-03    0.1000000000E+01    0.6592496045E-03    0.5982190417E-03   -0.9094850700E+00   -0.4157356311E+00   -0.2371251379E-02    0.3249548518E-02    0.3557794679E+02
    0.4320000000E+00   -0.7349175151E-03   -0.1422136463E-02    0.9999987390E+00   -0.6011176752E-03   -0.6380962025E-03    0.1000000000E+01    0.6675686619E-03    0.5966320316E-03   -0.9195874421E+00   -0.3928843784E+00   -0.2441196116E-02    0.3226612075E-02    0.3561917262E+02
    0.4325000000E+00   -0.7852900598E-03   -0.1405509183E-02    0.9999987245E+00   -0.6251354489E-03   -0.6217556263E-03    0.1000000000E+01    0.6759232636E-03    0.5949727145E-03   -0.9291157725E+00   -0.3697878722E+00   -0.2511130405E-02    0.3202321226E-02    0.3566039845E+02
    0.4330000000E+00   -0.8353813835E-03   -0.1387146766E-02    0.9999987097E+00   -0.6487438451E-03   -0.6045438288E-03    0.1000000000E+01    0.6843130636E-03    0.5932404063E-03   -0.9380641133E+00   -0.3464605304E+00   -0.2581030447E-02    0.3176668569E-02    0.3570162428E+02
    0.4335000000E+00   -0.8851332388E-03   -0.1367049358E-02    0.9999986949E+00   -0.6719122181E-03   -0.5864696594E-03    0.1000000000E+01    0.6927377085E-03    0.5914344219E-03   -0.9464268786E+00   -0.3229169148E+00   -0.2650872179E-02    0.3149647082E-02    0.3574285011E+02
    0.4340000000E+00   -0.9344870793E-03   -0.1345219015E-02    0.9999986798E+00   -0.6946100516E-03   -0.5675430169E-03    0.1000000000E+01    0.7011968377E-03    0.5895540749E-03   -0.9541988480E+00   -0.2991717221E+00   -0.2720631284E-02    0.3121250123E-02    0.3578407594E+02
    0.4345000000E+00   -0.9833841201E-03   -0.1321659717E-02    0.9999986646E+00   -0.7168069942E-03   -0.5477748501E-03    0.1000000000E+01    0.7096900835E-03    0.5875986777E-03   -0.9613751699E+00   -0.2752397751E+00   -0.2790283188E-02    0.3091471440E-02    0.3582530176E+02
    0.4350000000E+00   -0.1031765400E-02   -0.1296377389E-02    0.9999986492E+00   -0.7384728944E-03   -0.5271771580E-03    0.1000000000E+01    0.7182170707E-03    0.5855675414E-03   -0.9679513646E+00   -0.2511360130E+00   -0.2859803073E-02    0.3060305176E-02    0.3586652759E+02
    0.4355000000E+00   -0.1079571844E-02   -0.1269379916E-02    0.9999986336E+00   -0.7595778358E-03   -0.5057629893E-03    0.1000000000E+01    0.7267774167E-03    0.5834599762E-03   -0.9739233271E+00   -0.2268754822E+00   -0.2929165877E-02    0.3027745876E-02    0.3590775342E+02
    0.4360000000E+00   -0.1126744326E-02   -0.1240677158E-02    0.9999986178E+00   -0.7800921729E-03   -0.4835464394E-03    0.1000000000E+01    0.7353707315E-03    0.5812752913E-03   -0.9792873292E+00   -0.2024733271E+00   -0.2998346304E-02    0.2993788497E-02    0.3594897924E+02
    0.4365000000E+00   -0.1173223735E-02   -0.1210280962E-02    0.9999986019E+00   -0.7999865670E-03   -0.4605426476E-03    0.1000000000E+01    0.7439966178E-03    0.5790127947E-03   -0.9840400227E+00   -0.1779447805E+00   -0.3067318828E-02    0.2958428406E-02    0.3599020506E+02
    0.4370000000E+00   -0.1218951040E-02   -0.1178205169E-02    0.9999985858E+00   -0.8192320213E-03   -0.4367677920E-03    0.1000000000E+01    0.7526546705E-03    0.5766717937E-03   -0.9881784408E+00   -0.1533051540E+00   -0.3136057696E-02    0.2921661396E-02    0.3603143089E+02
    0.4375000000E+00   -0.1263867352E-02   -0.1144465625E-02    0.9999985694E+00   -0.8377999175E-03   -0.4122390843E-03    0.1000000000E+01    0.7613444770E-03    0.5742515944E-03   -0.9916999999E+00   -0.1285698286E+00   -0.3204536942E-02    0.2883483685E-02    0.3607265671E+02
    0.4380000000E+00   -0.1307913996E-02   -0.1109080187E-02    0.9999985529E+00   -0.8556620507E-03   -0.3869747624E-03    0.1000000000E+01    0.7700656171E-03    0.5717515024E-03   -0.9946025019E+00   -0.1037542451E+00   -0.3272730383E-02    0.2843891926E-02    0.3611388253E+02
    0.4385000000E+00   -0.1351032573E-02   -0.1072068723E-02    0.9999985362E+00   -0.8727906662E-03   -0.3609940823E-03    0.1000000000E+01    0.7788176630E-03    0.5691708224E-03   -0.9968841349E+00   -0.7887389429E-01   -0.3340611635E-02    0.2802883212E-02    0.3615510835E+02
    0.4390000000E+00   -0.1393165032E-02   -0.1033453117E-02    0.9999985194E+00   -0.8891584939E-03   -0.3343173087E-03    0.1000000000E+01    0.7876001790E-03    0.5665088582E-03   -0.9985434745E+00   -0.5394430747E-01   -0.3408154113E-02    0.2760455082E-02    0.3619633417E+02
    0.4395000000E+00   -0.1434253732E-02   -0.9932572662E-03    0.9999985023E+00   -0.9047387852E-03   -0.3069657046E-03    0.1000000000E+01    0.7964127218E-03    0.5637649133E-03   -0.9995794850E+00   -0.2898104661E-01   -0.3475331041E-02    0.2716605529E-02    0.3623755998E+02
    0.4400000000E+00   -0.1474241516E-02   -0.9515070799E-03    0.9999984850E+00   -0.9195053471E-03   -0.2789615190E-03    0.1000000000E+01    0.8052548400E-03    0.5609382901E-03   -0.9999915197E+00   -0.3999694758E-02   -0.3542115457E-02    0.2671333001E-02    0.3627878580E+02
    0.4405000000E+00   -0.1513071775E-02   -0.9082304719E-03    0.9999984675E+00   -0.9334325784E-03   -0.2503279744E-03    0.1000000000E+01    0.8141260745E-03    0.5580282909E-03   -0.9997793212E+00    0.2098415377E-01   -0.3608480222E-02    0.2624636412E-02    0.3632001162E+02
    0.4410000000E+00   -0.1550688518E-02   -0.8634573545E-03    0.9999984498E+00   -0.9464955041E-03   -0.2210892521E-03    0.1000000000E+01    0.8230259583E-03    0.5550342172E-03   -0.9989430221E+00    0.4595490311E-01   -0.3674398026E-02    0.2576515146E-02    0.3636123743E+02
    0.4415000000E+00   -0.1587036442E-02   -0.8172196282E-03    0.9999984320E+00   -0.9586698099E-03   -0.1912704769E-03    0.1000000000E+01    0.8319540164E-03    0.5519553701E-03   -0.9974831445E+00    0.7089696554E-01   -0.3739841393E-02    0.2526969060E-02    0.3640246325E+02
    0.4420000000E+00   -0.1622060997E-02   -0.7695511697E-03    0.9999984139E+00   -0.9699318772E-03   -0.1608977004E-03    0.1000000000E+01    0.8409097658E-03    0.5487910505E-03   -0.9954005995E+00    0.9579477128E-01   -0.3804782694E-02    0.2475998494E-02    0.3644368906E+02
    0.4425000000E+00   -0.1655708458E-02   -0.7204878178E-03    0.9999983956E+00   -0.9802588164E-03   -0.1299978830E-03    0.1000000000E+01    0.8498927151E-03    0.5455405588E-03   -0.9926966873E+00    0.1206327782E+00   -0.3869194149E-02    0.2423604274E-02    0.3648491487E+02
    0.4430000000E+00   -0.1687925994E-02   -0.6700673560E-03    0.9999983771E+00   -0.9896285007E-03   -0.9859887482E-04    0.1000000000E+01    0.8589023653E-03    0.5422031950E-03   -0.9893730956E+00    0.1453954813E+00   -0.3933047839E-02    0.2369787715E-02    0.3652614068E+02
    0.4435000000E+00   -0.1718661733E-02   -0.6183294942E-03    0.9999983583E+00   -0.9980195991E-03   -0.6672939542E-04    0.1000000000E+01    0.8679382088E-03    0.5387782592E-03   -0.9854318993E+00    0.1700674230E+00   -0.3996315708E-02    0.2314550632E-02    0.3656736649E+02
    0.4440000000E+00   -0.1747864831E-02   -0.5653158467E-03    0.9999983394E+00   -0.1005411609E-02   -0.3441901225E-04    0.1000000000E+01    0.8769997299E-03    0.5352650512E-03   -0.9808755584E+00    0.1946332019E+00   -0.4058969579E-02    0.2257895341E-02    0.3660859230E+02
    0.4445000000E+00   -0.1775485542E-02   -0.5110699089E-03    0.9999983202E+00   -0.1011784890E-02   -0.1698117977E-05    0.1000000000E+01    0.8860864048E-03    0.5316628706E-03   -0.9757069174E+00    0.2190774832E+00   -0.4120981156E-02    0.2199824663E-02    0.3664981811E+02
    0.4450000000E+00   -0.1801475283E-02   -0.4556370310E-03    0.9999983009E+00   -0.1017120690E-02    0.3140209338E-04    0.1000000000E+01    0.8951977012E-03    0.5279710172E-03   -0.9699292025E+00    0.2433850078E+00   -0.4182322033E-02    0.2140341934E-02    0.3669104391E+02
    0.4455000000E+00   -0.1825786701E-02   -0.3990643896E-03    0.9999982813E+00   -0.1021401183E-02    0.6484965145E-04    0.1000000000E+01    0.9043330784E-03    0.5241887907E-03   -0.9635460206E+00    0.2675406020E+00   -0.4242963706E-02    0.2079451003E-02    0.3673226972E+02
    0.4460000000E+00   -0.1848373741E-02   -0.3414009572E-03    0.9999982614E+00   -0.1024609496E-02    0.9861183565E-04    0.1000000000E+01    0.9134919874E-03    0.5203154909E-03   -0.9565613561E+00    0.2915291870E+00   -0.4302877575E-02    0.2017156243E-02    0.3677349552E+02
    0.4465000000E+00   -0.1869191710E-02   -0.2826974690E-03    0.9999982414E+00   -0.1026729737E-02    0.1326552025E-03    0.1000000000E+01    0.9226738706E-03    0.5163504177E-03   -0.9489795692E+00    0.3153357882E+00   -0.4362034962E-02    0.1953462552E-02    0.3681472133E+02
    0.4470000000E+00   -0.1888197340E-02   -0.2230063872E-03    0.9999982211E+00   -0.1027747027E-02    0.1669456139E-03    0.1000000000E+01    0.9318781621E-03    0.5122928715E-03   -0.9408053928E+00    0.3389455445E+00   -0.4420407109E-02    0.1888375357E-02    0.3685594713E+02
    0.4475000000E+00   -0.1905348857E-02   -0.1623818639E-03    0.9999982006E+00   -0.1027647526E-02    0.2014482667E-03    0.1000000000E+01    0.9411042873E-03    0.5081421527E-03   -0.9320439294E+00    0.3623437178E+00   -0.4477965194E-02    0.1821900621E-02    0.3689717293E+02
    0.4480000000E+00   -0.1920606038E-02   -0.1008797009E-03    0.9999981798E+00   -0.1026418460E-02    0.2361277234E-03    0.1000000000E+01    0.9503516630E-03    0.5038975622E-03   -0.9227006483E+00    0.3855157022E+00   -0.4534680341E-02    0.1754044845E-02    0.3693839873E+02
    0.4485000000E+00   -0.1933930278E-02   -0.3855730713E-04    0.9999981588E+00   -0.1024048148E-02    0.2709479433E-03    0.1000000000E+01    0.9596196973E-03    0.4995584013E-03   -0.9127813819E+00    0.4084470327E+00   -0.4590523621E-02    0.1684815072E-02    0.3697962453E+02
    0.4490000000E+00   -0.1945284649E-02    0.2452634535E-04    0.9999981376E+00   -0.1020526029E-02    0.3058723155E-03    0.1000000000E+01    0.9689077897E-03    0.4951239719E-03   -0.9022923222E+00    0.4311233947E+00   -0.4645466071E-02    0.1614218891E-02    0.3702085032E+02
    0.4495000000E+00   -0.1954633959E-02    0.8831076837E-04    0.9999981161E+00   -0.1015842683E-02    0.3408636925E-03    0.1000000000E+01    0.9782153309E-03    0.4905935764E-03   -0.8912400168E+00    0.4535306327E+00   -0.4699478696E-02    0.1542264444E-02    0.3706207612E+02
    0.4500000000E+00   -0.1961944813E-02    0.1527340065E-03    0.9999980944E+00   -0.1009989858E-02    0.3758844245E-03    0.1000000000E+01    0.9875417030E-03    0.4859665176E-03   -0.8796313651E+00    0.4756547594E+00   -0.4752532484E-02    0.1468960424E-02    0.3710330192E+02
    0.4505000000E+00   -0.1967185669E-02    0.2177326882E-03    0.9999980724E+00   -0.1002960489E-02    0.4108963954E-03    0.1000000000E+01    0.9968862789E-03    0.4812420995E-03   -0.8674736136E+00    0.4974819639E+00   -0.4804598410E-02    0.1394316082E-02    0.3714452771E+02
    0.4510000000E+00   -0.1970326894E-02    0.2832420789E-03    0.9999980501E+00   -0.9947487243E-03    0.4458610589E-03    0.1000000000E+01    0.1006248423E-02    0.4764196265E-03   -0.8547743516E+00    0.5189986208E+00   -0.4855647452E-02    0.1318341230E-02    0.3718575350E+02
    0.4515000000E+00   -0.1971340816E-02    0.3491961367E-03    0.9999980276E+00   -0.9853499400E-03    0.4807394760E-03    0.1000000000E+01    0.1015627490E-02    0.4714984039E-03   -0.8415415065E+00    0.5401912986E+00   -0.4905650593E-02    0.1241046242E-02    0.3722697929E+02
    0.4520000000E+00   -0.1970201785E-02    0.4155275694E-03    0.9999980049E+00   -0.9747607642E-03    0.5154923532E-03    0.1000000000E+01    0.1025022827E-02    0.4664777381E-03   -0.8277833387E+00    0.5610467681E+00   -0.4954578840E-02    0.1162442062E-02    0.3726820508E+02
    0.4525000000E+00   -0.1966886215E-02    0.4821678944E-03    0.9999979819E+00   -0.9629790925E-03    0.5500800816E-03    0.1000000000E+01    0.1034433772E-02    0.4613569363E-03   -0.8135084366E+00    0.5815520104E+00   -0.5002403227E-02    0.1082540200E-02    0.3730943087E+02
    0.4530000000E+00   -0.1961372639E-02    0.5490474995E-03    0.9999979586E+00   -0.9500041060E-03    0.5844627768E-03    0.1000000000E+01    0.1043859651E-02    0.4561353069E-03   -0.7987257111E+00    0.6016942253E+00   -0.5049094829E-02    0.1001352741E-02    0.3735065666E+02
    0.4535000000E+00   -0.1953641757E-02    0.6160957073E-03    0.9999979351E+00   -0.9358362865E-03    0.6186003193E-03    0.1000000000E+01    0.1053299785E-02    0.4508121595E-03   -0.7834443902E+00    0.6214608393E+00   -0.5094624768E-02    0.9188923410E-03    0.3739188245E+02
    0.4540000000E+00   -0.1943676479E-02    0.6832408396E-03    0.9999979112E+00   -0.9204774311E-03    0.6524523962E-03    0.1000000000E+01    0.1062753484E-02    0.4453868046E-03   -0.7676740131E+00    0.6408395134E+00   -0.5138964230E-02    0.8351722371E-03    0.3743310823E+02
    0.4545000000E+00   -0.1931461974E-02    0.7504102850E-03    0.9999978871E+00   -0.9039306656E-03    0.6859785429E-03    0.1000000000E+01    0.1072220047E-02    0.4398585545E-03   -0.7514244241E+00    0.6598181505E+00   -0.5182084469E-02    0.7502062433E-03    0.3747433401E+02
    0.4550000000E+00   -0.1916985707E-02    0.8175305678E-03    0.9999978628E+00   -0.8862004562E-03    0.7191381859E-03    0.1000000000E+01    0.1081698768E-02    0.4342267224E-03   -0.7347057671E+00    0.6783849034E+00   -0.5223956822E-02    0.6640087551E-03    0.3751555980E+02
    0.4555000000E+00   -0.1900237484E-02    0.8845274187E-03    0.9999978381E+00   -0.8672926200E-03    0.7518906861E-03    0.1000000000E+01    0.1091188928E-02    0.4284906232E-03   -0.7175284783E+00    0.6965281822E+00   -0.5264552716E-02    0.5765947513E-03    0.3755678558E+02
    0.4560000000E+00   -0.1881209487E-02    0.9513258472E-03    0.9999978132E+00   -0.8472143346E-03    0.7841953828E-03    0.1000000000E+01    0.1100689800E-02    0.4226495734E-03   -0.6999032805E+00    0.7142366610E+00   -0.5303843682E-02    0.4879797953E-03    0.3759801136E+02
    0.4565000000E+00   -0.1859896311E-02    0.1017850216E-02    0.9999977879E+00   -0.8259741453E-03    0.8160116379E-03    0.1000000000E+01    0.1110200648E-02    0.4167028910E-03   -0.6818411760E+00    0.7314992854E+00   -0.5341801363E-02    0.3981800364E-03    0.3763923713E+02
    0.4570000000E+00   -0.1836295000E-02    0.1084024315E-02    0.9999977624E+00   -0.8035819721E-03    0.8472988807E-03    0.1000000000E+01    0.1119720726E-02    0.4106498956E-03   -0.6633534399E+00    0.7483052796E+00   -0.5378397529E-02    0.3072122117E-03    0.3768046291E+02
    0.4575000000E+00   -0.1810405074E-02    0.1149771441E-02    0.9999977366E+00   -0.7800491140E-03    0.8780166536E-03    0.1000000000E+01    0.1129249279E-02    0.4044899087E-03   -0.6444516129E+00    0.7646441524E+00   -0.5413604082E-02    0.2150936466E-03    0.3772168868E+02
    0.4580000000E+00   -0.1782228562E-02    0.1215014474E-02    0.9999977105E+00   -0.7553882534E-03    0.9081246576E-03    0.1000000000E+01    0.1138785543E-02    0.3982222537E-03   -0.6251474943E+00    0.7805057046E+00   -0.5447393073E-02    0.1218422562E-03    0.3776291446E+02
    0.4585000000E+00   -0.1751770025E-02    0.1279675959E-02    0.9999976841E+00   -0.7296134571E-03    0.9375827983E-03    0.1000000000E+01    0.1148328742E-02    0.3918462558E-03   -0.6054531345E+00    0.7958800348E+00   -0.5479736709E-02    0.2747654555E-04    0.3780414023E+02
    0.4590000000E+00   -0.1719036586E-02    0.1343678184E-02    0.9999976574E+00   -0.7027401777E-03    0.9663512324E-03    0.1000000000E+01    0.1157878094E-02    0.3853612424E-03   -0.5853808274E+00    0.8107575456E+00   -0.5510607367E-02   -0.6798438938E-04    0.3784536600E+02
    0.4595000000E+00   -0.1684037945E-02    0.1406943267E-02    0.9999976303E+00   -0.6747852520E-03    0.9943904144E-03    0.1000000000E+01    0.1167432805E-02    0.3787665428E-03   -0.5649431029E+00    0.8251289500E+00   -0.5539977602E-02   -0.1645208616E-03    0.3788659177E+02
    0.4600000000E+00   -0.1646786403E-02    0.1469393235E-02    0.9999976030E+00   -0.6457668990E-03    0.1021661143E-02    0.1000000000E+01    0.1176992072E-02    0.3720614887E-03   -0.5441527190E+00    0.8389852768E+00   -0.5567820163E-02   -0.2621125927E-03    0.3792781754E+02
    0.4605000000E+00   -0.1607296876E-02    0.1530950111E-02    0.9999975754E+00   -0.6157047153E-03    0.1048124610E-02    0.1000000000E+01    0.1186555083E-02    0.3652454139E-03   -0.5230226540E+00    0.8523178762E+00   -0.5594108001E-02   -0.3607387133E-03    0.3796904330E+02
    0.4610000000E+00   -0.1565586909E-02    0.1591536000E-02    0.9999975474E+00   -0.5846196700E-03    0.1073742443E-02    0.1000000000E+01    0.1196121014E-02    0.3583176546E-03   -0.5015660980E+00    0.8651184256E+00   -0.5618814279E-02   -0.4603777629E-03    0.3801026907E+02
    0.4615000000E+00   -0.1521676689E-02    0.1651073175E-02    0.9999975191E+00   -0.5525340970E-03    0.1098476758E-02    0.1000000000E+01    0.1205689035E-02    0.3512775496E-03   -0.4797964451E+00    0.8773789342E+00   -0.5641912390E-02   -0.5610076905E-03    0.3805149483E+02
    0.4620000000E+00   -0.1475589051E-02    0.1709484161E-02    0.9999974905E+00   -0.5194716867E-03    0.1122290205E-02    0.1000000000E+01    0.1215258303E-02    0.3441244401E-03   -0.4577272846E+00    0.8890917488E+00   -0.5663375961E-02   -0.6626058553E-03    0.3809272059E+02
    0.4625000000E+00   -0.1427349484E-02    0.1766691830E-02    0.9999974615E+00   -0.4854574752E-03    0.1145146010E-02    0.1000000000E+01    0.1224827966E-02    0.3368576699E-03   -0.4353723930E+00    0.9002495575E+00   -0.5683178871E-02   -0.7651490274E-03    0.3813394635E+02
    0.4630000000E+00   -0.1376986135E-02    0.1822619482E-02    0.9999974322E+00   -0.4505178328E-03    0.1167008031E-02    0.1000000000E+01    0.1234397163E-02    0.3294765857E-03   -0.4127457252E+00    0.9108453953E+00   -0.5701295258E-02   -0.8686133892E-03    0.3817517211E+02
    0.4635000000E+00   -0.1324529807E-02    0.1877190941E-02    0.9999974026E+00   -0.4146804499E-03    0.1187840798E-02    0.1000000000E+01    0.1243965022E-02    0.3219805368E-03   -0.3898614055E+00    0.9208726478E+00   -0.5717699533E-02   -0.9729745361E-03    0.3821639787E+02
    0.4640000000E+00   -0.1270013957E-02    0.1930330638E-02    0.9999973727E+00   -0.3779743223E-03    0.1207609562E-02    0.1000000000E+01    0.1253530662E-02    0.3143688754E-03   -0.3667337192E+00    0.9303250556E+00   -0.5732366392E-02   -0.1078207479E-02    0.3825762362E+02
    0.4645000000E+00   -0.1213474688E-02    0.1981963708E-02    0.9999973424E+00   -0.3404297340E-03    0.1226280343E-02    0.1000000000E+01    0.1263093191E-02    0.3066409570E-03   -0.3433771035E+00    0.9391967181E+00   -0.5745270828E-02   -0.1184286644E-02    0.3829884937E+02
    0.4650000000E+00   -0.1154950744E-02    0.2032016074E-02    0.9999973117E+00   -0.3020782393E-03    0.1243819972E-02    0.1000000000E+01    0.1272651709E-02    0.2987961398E-03   -0.3198061386E+00    0.9474820974E+00   -0.5756388141E-02   -0.1291185877E-02    0.3834007512E+02
    0.4655000000E+00   -0.1094483493E-02    0.2080414541E-02    0.9999972807E+00   -0.2629526423E-03    0.1260196143E-02    0.1000000000E+01    0.1282205303E-02    0.2908337854E-03   -0.2960355383E+00    0.9551760212E+00   -0.5765693951E-02   -0.1398878444E-02    0.3838130087E+02
    0.4660000000E+00   -0.1032116915E-02    0.2127086887E-02    0.9999972493E+00   -0.2230869757E-03    0.1275377451E-02    0.1000000000E+01    0.1291753053E-02    0.2827532586E-03   -0.2720801413E+00    0.9622736867E+00   -0.5773164211E-02   -0.1507337035E-02    0.3842252662E+02
    0.4665000000E+00   -0.9678975828E-03    0.2171961950E-02    0.9999972176E+00   -0.1825164772E-03    0.1289333444E-02    0.1000000000E+01    0.1301294026E-02    0.2745539277E-03   -0.2479549013E+00    0.9687706634E+00   -0.5778775219E-02   -0.1616533764E-02    0.3846375237E+02
    0.4670000000E+00   -0.9018746403E-03    0.2214969722E-02    0.9999971855E+00   -0.1412775651E-03    0.1302034663E-02    0.1000000000E+01    0.1310827281E-02    0.2662351642E-03   -0.2236748783E+00    0.9746628954E+00   -0.5782503626E-02   -0.1726440174E-02    0.3850497811E+02
    0.4675000000E+00   -0.8340997795E-03    0.2256041439E-02    0.9999971530E+00   -0.9940781174E-04    0.1313452686E-02    0.1000000000E+01    0.1320351867E-02    0.2577963433E-03   -0.1992552288E+00    0.9799467047E+00   -0.5784326454E-02   -0.1837027240E-02    0.3854620385E+02
    0.4680000000E+00   -0.7646272122E-03    0.2295109667E-02    0.9999971202E+00   -0.5694591558E-04    0.1323560174E-02    0.1000000000E+01    0.1329866820E-02    0.2492368441E-03   -0.1747111966E+00    0.9846187928E+00   -0.5784221104E-02   -0.1948265371E-02    0.3858742960E+02
    0.4685000000E+00   -0.6935136397E-03    0.2332108396E-02    0.9999970870E+00   -0.1393167165E-04    0.1332330909E-02    0.1000000000E+01    0.1339371169E-02    0.2405560490E-03   -0.1500581029E+00    0.9886762433E+00   -0.5782165370E-02   -0.2060124414E-02    0.3862865533E+02
    0.4690000000E+00   -0.6208182194E-03    0.2366973127E-02    0.9999970534E+00    0.2959405942E-04    0.1339739843E-02    0.1000000000E+01    0.1348863931E-02    0.2317533446E-03   -0.1253113373E+00    0.9921165232E+00   -0.5778137448E-02   -0.2172573660E-02    0.3866988107E+02
    0.4695000000E+00   -0.5466025280E-03    0.2399640958E-02    0.9999970194E+00    0.7358938402E-04    0.1345763129E-02    0.1000000000E+01    0.1358344113E-02    0.2228281213E-03   -0.1004863475E+00    0.9949374851E+00   -0.5772115952E-02   -0.2285581843E-02    0.3871110681E+02
    0.4700000000E+00   -0.4709305218E-03    0.2430050677E-02    0.9999969850E+00    0.1180114096E-03    0.1350378170E-02    0.1000000000E+01    0.1367810712E-02    0.2137797737E-03   -0.7559863043E-01    0.9971373679E+00   -0.5764079924E-02   -0.2399117149E-02    0.3875233254E+02
    0.4705000000E+00   -0.3938684942E-03    0.2458142843E-02    0.9999969502E+00    0.1628162804E-03    0.1353563653E-02    0.1000000000E+01    0.1377262715E-02    0.2046077004E-03   -0.5066372186E-01    0.9987147984E+00   -0.5754008847E-02   -0.2513147218E-02    0.3879355827E+02
    0.4710000000E+00   -0.3154850295E-03    0.2483859876E-02    0.9999969150E+00    0.2079592142E-03    0.1355299591E-02    0.1000000000E+01    0.1386699098E-02    0.1953113042E-03   -0.2569718718E-01    0.9996687919E+00   -0.5741882655E-02   -0.2627639149E-02    0.3883478400E+02
    0.4715000000E+00   -0.2358509542E-03    0.2507146137E-02    0.9999968794E+00    0.2533945411E-03    0.1355567356E-02    0.1000000000E+01    0.1396118826E-02    0.1858899926E-03   -0.7146114727E-03    0.9999987528E+00   -0.5727681748E-02   -0.2742559506E-02    0.3887600973E+02
    0.4720000000E+00   -0.1550392851E-03    0.2527948017E-02    0.9999968434E+00    0.2990757433E-03    0.1354349717E-02    0.1000000000E+01    0.1405520855E-02    0.1763431773E-03    0.2426841015E-01    0.9997044752E+00   -0.5711386999E-02   -0.2857874320E-02    0.3891723545E+02
    0.4725000000E+00   -0.7312517436E-04    0.2546214017E-02    0.9999968070E+00    0.3449554964E-03    0.1351630877E-02    0.1000000000E+01    0.1414904129E-02    0.1666702746E-03    0.4923628230E-01    0.9987861427E+00   -0.5692979774E-02   -0.2973549100E-02    0.3895846117E+02
    0.4730000000E+00    0.9814148368E-05    0.2561894825E-02    0.9999967702E+00    0.3909857120E-03    0.1347396504E-02    0.1000000000E+01    0.1424267584E-02    0.1568707055E-03    0.7417341906E-01    0.9972443285E+00   -0.5672441936E-02   -0.3089548832E-02    0.3899968690E+02
    0.4735000000E+00    0.9369943684E-04    0.2574943403E-02    0.9999967329E+00    0.4371175818E-03    0.1341633766E-02    0.1000000000E+01    0.1433610142E-02    0.1469438959E-03    0.9906425366E-01    0.9950799952E+00   -0.5649755861E-02   -0.3205837990E-02    0.3904091261E+02
    0.4740000000E+00    0.1784494919E-03    0.2585315058E-02    0.9999966952E+00    0.4833016230E-03    0.1334331361E-02    0.1000000000E+01    0.1442930718E-02    0.1368892763E-03    0.1238932483E+00    0.9922944937E+00   -0.5624904449E-02   -0.3322380539E-02    0.3908213833E+02
    0.4745000000E+00    0.2639812283E-03    0.2592967521E-02    0.9999966571E+00    0.5294877245E-03    0.1325479545E-02    0.1000000000E+01    0.1452228214E-02    0.1267062826E-03    0.1486449036E+00    0.9888895629E+00   -0.5597871137E-02   -0.3439139945E-02    0.3912336405E+02
    0.4750000000E+00    0.3502097437E-03    0.2597861023E-02    0.9999966186E+00    0.5756251949E-03    0.1315070165E-02    0.1000000000E+01    0.1461501522E-02    0.1163943555E-03    0.1733037688E+00    0.9848673282E+00   -0.5568639907E-02   -0.3556079175E-02    0.3916458976E+02
    0.4755000000E+00    0.4370483915E-03    0.2599958364E-02    0.9999965795E+00    0.6216628116E-03    0.1303096685E-02    0.1000000000E+01    0.1470749524E-02    0.1059529411E-03    0.1978544508E+00    0.9802303005E+00   -0.5537195304E-02   -0.3673160712E-02    0.3920581547E+02
    0.4760000000E+00    0.5244088557E-03    0.2599224987E-02    0.9999965401E+00    0.6675488707E-03    0.1289554209E-02    0.1000000000E+01    0.1479971091E-02    0.9538149066E-04    0.2222816240E+00    0.9749813743E+00   -0.5503522441E-02   -0.3790346556E-02    0.3924704118E+02
    0.4765000000E+00    0.6122012283E-03    0.2595629043E-02    0.9999965002E+00    0.7132312382E-03    0.1274439509E-02    0.1000000000E+01    0.1489165083E-02    0.8467946103E-04    0.2465700400E+00    0.9691238263E+00   -0.5467607015E-02   -0.3907598232E-02    0.3928826688E+02
    0.4770000000E+00    0.7003340901E-03    0.2589141459E-02    0.9999964598E+00    0.7586574025E-03    0.1257751045E-02    0.1000000000E+01    0.1498330351E-02    0.7384631455E-04    0.2707045371E+00    0.9626613128E+00   -0.5429435318E-02   -0.4024876803E-02    0.3932949259E+02
    0.4775000000E+00    0.7887145933E-03    0.2579736004E-02    0.9999964190E+00    0.8037745274E-03    0.1239488988E-02    0.1000000000E+01    0.1507465733E-02    0.6288151923E-04    0.2946700494E+00    0.9555978681E+00   -0.5388994246E-02   -0.4142142869E-02    0.3937071829E+02
    0.4780000000E+00    0.8772485472E-03    0.2567389345E-02    0.9999963777E+00    0.8485295069E-03    0.1219655240E-02    0.1000000000E+01    0.1516570058E-02    0.5178454888E-04    0.3184516169E+00    0.9479379015E+00   -0.5346271314E-02   -0.4259356584E-02    0.3941194399E+02
    0.4785000000E+00    0.9658405062E-03    0.2552081112E-02    0.9999963359E+00    0.8928690197E-03    0.1198253448E-02    0.1000000000E+01    0.1525642143E-02    0.4055488317E-04    0.3420343941E+00    0.9396861945E+00   -0.5301254665E-02   -0.4376477656E-02    0.3945316968E+02
    0.4790000000E+00    0.1054393860E-02    0.2533793952E-02    0.9999962936E+00    0.9367395858E-03    0.1175289024E-02    0.1000000000E+01    0.1534680796E-02    0.2919200780E-04    0.3654036597E+00    0.9308478981E+00   -0.5253933081E-02   -0.4493465363E-02    0.3949439538E+02
    0.4795000000E+00    0.1142810925E-02    0.2512513581E-02    0.9999962508E+00    0.9800876232E-03    0.1150769161E-02    0.1000000000E+01    0.1543684812E-02    0.1769541459E-04    0.3885448256E+00    0.9214285297E+00   -0.5204295996E-02   -0.4610278557E-02    0.3953562107E+02
    0.4800000000E+00    0.1230993043E-02    0.2488228838E-02    0.9999962076E+00    0.1022859506E-02    0.1124702838E-02    0.1000000000E+01    0.1552652977E-02    0.6064601616E-05    0.4114434462E+00    0.9114339690E+00   -0.5152333506E-02   -0.4726875674E-02    0.3957684676E+02
    0.4805000000E+00    0.1318840674E-02    0.2460931734E-02    0.9999961638E+00    0.1065001621E-02    0.1097100840E-02    0.1000000000E+01    0.1561584067E-02   -0.5700926715E-05    0.4340852272E+00    0.9008704552E+00   -0.5098036380E-02   -0.4843214744E-02    0.3961807245E+02
    0.4810000000E+00    0.1406253496E-02    0.2430617493E-02    0.9999961196E+00    0.1106460429E-02    0.1067975761E-02    0.1000000000E+01    0.1570476844E-02   -0.1760165951E-04    0.4564560348E+00    0.8897445822E+00   -0.5041396069E-02   -0.4959253400E-02    0.3965929813E+02
    0.4815000000E+00    0.1493130510E-02    0.2397284597E-02    0.9999960748E+00    0.1147182524E-02    0.1037342011E-02    0.1000000000E+01    0.1579330062E-02   -0.2963807926E-04    0.4785419042E+00    0.8780632954E+00   -0.4982404723E-02   -0.5074948890E-02    0.3970052381E+02
    0.4820000000E+00    0.1579370138E-02    0.2360934828E-02    0.9999960296E+00    0.1187114693E-02    0.1005215826E-02    0.1000000000E+01    0.1588142464E-02   -0.4181066177E-04    0.5003290485E+00    0.8658338867E+00   -0.4921055194E-02   -0.5190258083E-02    0.3974174949E+02
    0.4825000000E+00    0.1664870331E-02    0.2321573298E-02    0.9999959838E+00    0.1226203975E-02    0.9716152669E-03    0.1000000000E+01    0.1596912781E-02   -0.5411987598E-04    0.5218038673E+00    0.8530639900E+00   -0.4857341051E-02   -0.5305137480E-02    0.3978297517E+02
    0.4830000000E+00    0.1749528675E-02    0.2279208487E-02    0.9999959374E+00    0.1264397725E-02    0.9365602207E-03    0.1000000000E+01    0.1605639733E-02   -0.6656618391E-04    0.5429529551E+00    0.8397615769E+00   -0.4791256590E-02   -0.5419543229E-02    0.3982420085E+02
    0.4835000000E+00    0.1833242498E-02    0.2233852271E-02    0.9999958906E+00    0.1301643673E-02    0.9000724022E-03    0.1000000000E+01    0.1614322031E-02   -0.7915004046E-04    0.5637631099E+00    0.8259349512E+00   -0.4722796842E-02   -0.5533431130E-02    0.3986542652E+02
    0.4840000000E+00    0.1915908982E-02    0.2185519945E-02    0.9999958432E+00    0.1337889988E-02    0.8621753496E-03    0.1000000000E+01    0.1622958374E-02   -0.9187189335E-04    0.5842213410E+00    0.8115927441E+00   -0.4651957587E-02   -0.5646756651E-02    0.3990665219E+02
    0.4845000000E+00    0.1997425272E-02    0.2134230251E-02    0.9999957952E+00    0.1373085339E-02    0.8228944200E-03    0.1000000000E+01    0.1631547450E-02   -0.1047321830E-03    0.6043148776E+00    0.7967439086E+00   -0.4578735361E-02   -0.5759474933E-02    0.3994787785E+02
    0.4850000000E+00    0.2077688590E-02    0.2080005394E-02    0.9999957467E+00    0.1407178954E-02    0.7822567826E-03    0.1000000000E+01    0.1640087935E-02   -0.1177313423E-03    0.6240311765E+00    0.7813977137E+00   -0.4503127467E-02   -0.5871540808E-02    0.3998910352E+02
    0.4855000000E+00    0.2156596349E-02    0.2022871057E-02    0.9999956976E+00    0.1440120689E-02    0.7402914099E-03    0.1000000000E+01    0.1648578498E-02   -0.1308697966E-03    0.6433579301E+00    0.7655637393E+00   -0.4425131984E-02   -0.5982908807E-02    0.4003032918E+02
    0.4860000000E+00    0.2234046265E-02    0.1962856417E-02    0.9999956480E+00    0.1471861083E-02    0.6970290664E-03    0.1000000000E+01    0.1657017793E-02   -0.1441479636E-03    0.6622830736E+00    0.7492518695E+00   -0.4344747778E-02   -0.6093533174E-02    0.4007155484E+02
    0.4865000000E+00    0.2309936477E-02    0.1899994147E-02    0.9999955978E+00    0.1502351427E-02    0.6525022957E-03    0.1000000000E+01    0.1665404464E-02   -0.1575662532E-03    0.6807947934E+00    0.7324722868E+00   -0.4261974511E-02   -0.6203367874E-02    0.4011278049E+02
    0.4870000000E+00    0.2384165661E-02    0.1834320426E-02    0.9999955470E+00    0.1531543820E-02    0.6067454051E-03    0.1000000000E+01    0.1673737147E-02   -0.1711250671E-03    0.6988815335E+00    0.7152354657E+00   -0.4176812650E-02   -0.6312366612E-02    0.4015400615E+02
    0.4875000000E+00    0.2456633147E-02    0.1765874935E-02    0.9999954957E+00    0.1559391235E-02    0.5597944487E-03    0.1000000000E+01    0.1682014464E-02   -0.1848247993E-03    0.7165320036E+00    0.6975521661E+00   -0.4089263474E-02   -0.6420482838E-02    0.4019523179E+02
    0.4880000000E+00    0.2527239040E-02    0.1694700860E-02    0.9999954437E+00    0.1585847578E-02    0.5116872072E-03    0.1000000000E+01    0.1690235027E-02   -0.1986658352E-03    0.7337351855E+00    0.6794334267E+00   -0.3999329088E-02   -0.6527669768E-02    0.4023645744E+02
    0.4885000000E+00    0.2595884335E-02    0.1620844878E-02    0.9999953911E+00    0.1610867752E-02    0.4624631673E-03    0.1000000000E+01    0.1698397438E-02   -0.2126485522E-03    0.7504803402E+00    0.6608905577E+00   -0.3907012428E-02   -0.6633880390E-02    0.4027768309E+02
    0.4890000000E+00    0.2662471040E-02    0.1544357151E-02    0.9999953380E+00    0.1634407718E-02    0.4121634971E-03    0.1000000000E+01    0.1706500286E-02   -0.2267733190E-03    0.7667570147E+00    0.6419351345E+00   -0.3812317268E-02   -0.6739067482E-02    0.4031890873E+02
    0.4895000000E+00    0.2726902292E-02    0.1465291309E-02    0.9999952842E+00    0.1656424552E-02    0.3608310210E-03    0.1000000000E+01    0.1714542152E-02   -0.2410404957E-03    0.7825550485E+00    0.6225789897E+00   -0.3715248235E-02   -0.6843183622E-02    0.4036013437E+02
    0.4900000000E+00    0.2789082475E-02    0.1383704432E-02    0.9999952298E+00    0.1676876507E-02    0.3085101912E-03    0.1000000000E+01    0.1722521604E-02   -0.2554504338E-03    0.7978645797E+00    0.6028342062E+00   -0.3615810809E-02   -0.6946181205E-02    0.4040136000E+02
    0.4905000000E+00    0.2848917347E-02    0.1299657027E-02    0.9999951748E+00    0.1695723076E-02    0.2552470581E-03    0.1000000000E+01    0.1730437200E-02   -0.2700034759E-03    0.8126760515E+00    0.5827131095E+00   -0.3514011339E-02   -0.7048012455E-02    0.4044258563E+02
    0.4910000000E+00    0.2906314149E-02    0.1213212999E-02    0.9999951191E+00    0.1712925045E-02    0.2010892381E-03    0.1000000000E+01    0.1738287487E-02   -0.2846999555E-03    0.8269802180E+00    0.5622282600E+00   -0.3409857044E-02   -0.7148629441E-02    0.4048381126E+02
    0.4915000000E+00    0.2961181733E-02    0.1124439624E-02    0.9999950628E+00    0.1728444553E-02    0.1460858791E-03    0.1000000000E+01    0.1746071000E-02   -0.2995401970E-03    0.8407681499E+00    0.5413924452E+00   -0.3303356025E-02   -0.7247984088E-02    0.4052503689E+02
    0.4920000000E+00    0.3013430674E-02    0.1033407511E-02    0.9999950058E+00    0.1742245153E-02    0.9028762463E-04    0.1000000000E+01    0.1753786266E-02   -0.3145245155E-03    0.8540312402E+00    0.5202186715E+00   -0.3194517270E-02   -0.7346028195E-02    0.4056626251E+02
    0.4925000000E+00    0.3062973393E-02    0.9401905635E-03    0.9999949482E+00    0.1754291861E-02    0.3374657505E-04    0.1000000000E+01    0.1761431798E-02   -0.3296532169E-03    0.8667612094E+00    0.4987201565E+00   -0.3083350664E-02   -0.7442713449E-02    0.4060748813E+02
    0.4930000000E+00    0.3109724272E-02    0.8448659363E-03    0.9999948900E+00    0.1764551217E-02   -0.2348375255E-04    0.1000000000E+01    0.1769006101E-02   -0.3449265974E-03    0.8789501112E+00    0.4769103205E+00   -0.2969866993E-02   -0.7537991440E-02    0.4064871374E+02
    0.4935000000E+00    0.3153599770E-02    0.7475139895E-03    0.9999948310E+00    0.1772991339E-02   -0.8134846687E-04    0.1000000000E+01    0.1776507666E-02   -0.3603449434E-03    0.8905903365E+00    0.4548027779E+00   -0.2854077951E-02   -0.7631813676E-02    0.4068993936E+02
    0.4940000000E+00    0.3194518539E-02    0.6482182359E-03    0.9999947714E+00    0.1779581974E-02   -0.1397913469E-03    0.1000000000E+01    0.1783934977E-02   -0.3759085316E-03    0.9016746190E+00    0.4324113293E+00   -0.2735996149E-02   -0.7724131596E-02    0.4073116497E+02
    0.4945000000E+00    0.3232401543E-02    0.5470652860E-03    0.9999947111E+00    0.1784294549E-02   -0.1987548880E-03    0.1000000000E+01    0.1791286503E-02   -0.3916176289E-03    0.9121960396E+00    0.4097499522E+00   -0.2615635120E-02   -0.7814896592E-02    0.4077239057E+02
    0.4950000000E+00    0.3267172163E-02    0.4441447889E-03    0.9999946501E+00    0.1787102227E-02   -0.2581803508E-03    0.1000000000E+01    0.1798560707E-02   -0.4074724919E-03    0.9221480302E+00    0.3868327929E+00   -0.2493009323E-02   -0.7904060019E-02    0.4081361618E+02
    0.4955000000E+00    0.3298756317E-02    0.3395493685E-03    0.9999945883E+00    0.1787979950E-02   -0.3180078109E-03    0.1000000000E+01    0.1805756036E-02   -0.4234733670E-03    0.9315243784E+00    0.3636741570E+00   -0.2368134152E-02   -0.7991573214E-02    0.4085484177E+02
    0.4960000000E+00    0.3327082566E-02    0.2333745566E-03    0.9999945259E+00    0.1786904491E-02   -0.3781762114E-03    0.1000000000E+01    0.1812870930E-02   -0.4396204903E-03    0.9403192310E+00    0.3402885012E+00   -0.2241025939E-02   -0.8077387509E-02    0.4089606737E+02
    0.4965000000E+00    0.3352082225E-02    0.1257187212E-03    0.9999944628E+00    0.1783854502E-02   -0.4386234165E-03    0.1000000000E+01    0.1819903818E-02   -0.4559140872E-03    0.9485270980E+00    0.3166904238E+00   -0.2111701963E-02   -0.8161454253E-02    0.4093729296E+02
    0.4970000000E+00    0.3373689469E-02    0.1668299125E-04    0.9999943989E+00    0.1778810554E-02   -0.4992862676E-03    0.1000000000E+01    0.1826853117E-02   -0.4723543728E-03    0.9561428556E+00    0.2928946555E+00   -0.1980180450E-02   -0.8243724824E-02    0.4097851855E+02
    0.4975000000E+00    0.3391841440E-02   -0.9362882259E-04    0.9999943343E+00    0.1771755185E-02   -0.5601006408E-03    0.1000000000E+01    0.1833717233E-02   -0.4889415510E-03    0.9631617497E+00    0.2689160508E+00   -0.1846480581E-02   -0.8324150647E-02    0.4101974414E+02
    0.4980000000E+00    0.3406478347E-02   -0.2051103108E-03    0.9999942689E+00    0.1762672940E-02   -0.6210015062E-03    0.1000000000E+01    0.1840494563E-02   -0.5056758150E-03    0.9695793988E+00    0.2447695780E+00   -0.1710622495E-02   -0.8402683212E-02    0.4106096972E+02
    0.4985000000E+00    0.3417543570E-02   -0.3176525521E-03    0.9999942028E+00    0.1751550410E-02   -0.6819229884E-03    0.1000000000E+01    0.1847183492E-02   -0.5225573469E-03    0.9753917968E+00    0.2204703103E+00   -0.1572627297E-02   -0.8479274090E-02    0.4110219529E+02
    0.4990000000E+00    0.3424983759E-02   -0.4311442038E-03    0.9999941359E+00    0.1738376274E-02   -0.7427984300E-03    0.1000000000E+01    0.1853782395E-02   -0.5395863175E-03    0.9805953151E+00    0.1960334163E+00   -0.1432517056E-02   -0.8553874951E-02    0.4114342087E+02
    0.4995000000E+00    0.3428748926E-02   -0.5454715965E-03    0.9999940683E+00    0.1723141331E-02   -0.8035604547E-03    0.1000000000E+01    0.1860289637E-02   -0.5567628862E-03    0.9851867057E+00    0.1714741505E+00   -0.1290314812E-02   -0.8626437581E-02    0.4118464644E+02
    0.5000000000E+00    0.3428792547E-02   -0.6605188317E-03    0.9999939999E+00    0.1705838539E-02   -0.8641410340E-03    0.1000000000E+01    0.1866703570E-02   -0.5740872010E-03    0.9891631022E+00    0.1468078439E+00   -0.1146044582E-02   -0.8696913900E-02    0.4122587201E+02
    0.5005000000E+00    0.3425071642E-02   -0.7761678838E-03    0.9999939307E+00    0.1686463044E-02   -0.9244715537E-03    0.1000000000E+01    0.1873022538E-02   -0.5915593981E-03    0.9925220225E+00    0.1220498941E+00   -0.9997313552E-03   -0.8765255980E-02    0.4126709757E+02
    0.5010000000E+00    0.3417546872E-02   -0.8922987045E-03    0.9999938606E+00    0.1665012211E-02   -0.9844828826E-03    0.1000000000E+01    0.1879244874E-02   -0.6091796020E-03    0.9952613698E+00    0.9721575613E-01   -0.8514011056E-03   -0.8831416063E-02    0.4130832313E+02
    0.5015000000E+00    0.3406182622E-02   -0.1008789332E-02    0.9999937898E+00    0.1641485656E-02   -0.1044105443E-02    0.1000000000E+01    0.1885368900E-02   -0.6269479252E-03    0.9973794339E+00    0.7232093239E-01   -0.7010807872E-03   -0.8895346577E-02    0.4134954868E+02
    0.5020000000E+00    0.3390947080E-02   -0.1125516002E-02    0.9999937182E+00    0.1615885268E-02   -0.1103269280E-02    0.1000000000E+01    0.1891392927E-02   -0.6448644680E-03    0.9988748926E+00    0.4738096328E-01   -0.5487983393E-03   -0.8957000160E-02    0.4139077423E+02
    0.5025000000E+00    0.3371812318E-02   -0.1242353265E-02    0.9999936457E+00    0.1588215235E-02   -0.1161904138E-02    0.1000000000E+01    0.1897315257E-02   -0.6629293186E-03    0.9997468125E+00    0.2241141737E-01   -0.3945826881E-03   -0.9016329670E-02    0.4143199978E+02
    0.5030000000E+00    0.3348754371E-02   -0.1359174100E-02    0.9999935724E+00    0.1558482066E-02   -0.1219939529E-02    0.1000000000E+01    0.1903134180E-02   -0.6811425527E-03    0.9999946492E+00   -0.2572118316E-02   -0.2384637475E-03   -0.9073288212E-02    0.4147322532E+02
    0.5035000000E+00    0.3321753300E-02   -0.1475850041E-02    0.9999934983E+00    0.1526694612E-02   -0.1277304813E-02    0.1000000000E+01    0.1908847977E-02   -0.6995042334E-03    0.9996182479E+00   -0.2755404803E-01   -0.8047242135E-04   -0.9127829150E-02    0.4151445086E+02
    0.5040000000E+00    0.3290793270E-02   -0.1592251300E-02    0.9999934233E+00    0.1492864081E-02   -0.1333929269E-02    0.1000000000E+01    0.1914454919E-02   -0.7180144111E-03    0.9986178435E+00   -0.5251877701E-01    0.7935939627E-04   -0.9179906130E-02    0.4155567639E+02
    0.5045000000E+00    0.3255862609E-02   -0.1708246890E-02    0.9999933474E+00    0.1457004052E-02   -0.1389742174E-02    0.1000000000E+01    0.1919953265E-02   -0.7366731235E-03    0.9969940606E+00   -0.7745072123E-01    0.2409988202E-03   -0.9229473098E-02    0.4159690192E+02
    0.5050000000E+00    0.3216953871E-02   -0.1823704762E-02    0.9999932707E+00    0.1419130492E-02   -0.1444672880E-02    0.1000000000E+01    0.1925341264E-02   -0.7554803951E-03    0.9947479127E+00   -0.1023343171E+00    0.4044119737E-03   -0.9276484317E-02    0.4163812745E+02
    0.5055000000E+00    0.3174063891E-02   -0.1938491932E-02    0.9999931930E+00    0.1379261761E-02   -0.1498650894E-02    0.1000000000E+01    0.1930617157E-02   -0.7744362373E-03    0.9918808020E+00   -0.1271540314E+00    0.5695639891E-03   -0.9320894389E-02    0.4167935297E+02
    0.5060000000E+00    0.3127193840E-02   -0.2052474620E-02    0.9999931145E+00    0.1337418622E-02   -0.1551605955E-02    0.1000000000E+01    0.1935779172E-02   -0.7935406483E-03    0.9883945181E+00   -0.1518943704E+00    0.7364190074E-03   -0.9362658272E-02    0.4172057849E+02
    0.5065000000E+00    0.3076349275E-02   -0.2165518385E-02    0.9999930351E+00    0.1293624247E-02   -0.1603468116E-02    0.1000000000E+01    0.1940825529E-02   -0.8127936125E-03    0.9842912373E+00   -0.1765398902E+00    0.9049401795E-03   -0.9401731302E-02    0.4176180400E+02
    0.5070000000E+00    0.3021540177E-02   -0.2277488266E-02    0.9999929548E+00    0.1247904216E-02   -0.1654167820E-02    0.1000000000E+01    0.1945754436E-02   -0.8321951012E-03    0.9795735210E+00   -0.2010752062E+00    0.1075089667E-02   -0.9438069209E-02    0.4180302951E+02
    0.5075000000E+00    0.2962780998E-02   -0.2388248926E-02    0.9999928735E+00    0.1200286521E-02   -0.1703635989E-02    0.1000000000E+01    0.1950564093E-02   -0.8517450713E-03    0.9742443142E+00   -0.2254850022E+00    0.1246828644E-02   -0.9471628140E-02    0.4184425501E+02
    0.5080000000E+00    0.2900090696E-02   -0.2497664793E-02    0.9999927913E+00    0.1150801557E-02   -0.1751804096E-02    0.1000000000E+01    0.1955252690E-02   -0.8714434663E-03    0.9683069435E+00   -0.2497540407E+00    0.1420117298E-02   -0.9502364676E-02    0.4188548051E+02
    0.5085000000E+00    0.2833492761E-02   -0.2605600209E-02    0.9999927081E+00    0.1099482123E-02   -0.1798604254E-02    0.1000000000E+01    0.1959818404E-02   -0.8912902154E-03    0.9617651152E+00   -0.2738671719E+00    0.1594914833E-02   -0.9530235853E-02    0.4192670600E+02
    0.5090000000E+00    0.2763015246E-02   -0.2711919575E-02    0.9999926240E+00    0.1046363409E-02   -0.1843969292E-02    0.1000000000E+01    0.1964259406E-02   -0.9112852334E-03    0.9546229131E+00   -0.2978093434E+00    0.1771179471E-02   -0.9555199182E-02    0.4196793149E+02
    0.5095000000E+00    0.2688690788E-02   -0.2816487505E-02    0.9999925389E+00    0.9914829887E-03   -0.1887832844E-02    0.1000000000E+01    0.1968573854E-02   -0.9314284209E-03    0.9468847955E+00   -0.3215656094E+00    0.1948868457E-02   -0.9577212667E-02    0.4200915698E+02
    0.5100000000E+00    0.2610556625E-02   -0.2919168971E-02    0.9999924529E+00    0.9348808017E-03   -0.1930129424E-02    0.1000000000E+01    0.1972759899E-02   -0.9517196639E-03    0.9385555929E+00   -0.3451211403E+00    0.2127938057E-02   -0.9596234829E-02    0.4205038246E+02
    0.5105000000E+00    0.2528654607E-02   -0.3019829463E-02    0.9999923658E+00    0.8765991397E-03   -0.1970794513E-02    0.1000000000E+01    0.1976815680E-02   -0.9721588337E-03    0.9296405046E+00   -0.3684612318E+00    0.2308343570E-02   -0.9612224721E-02    0.4209160793E+02
    0.5110000000E+00    0.2443031205E-02   -0.3118335135E-02    0.9999922777E+00    0.8166826264E-03   -0.2009764638E-02    0.1000000000E+01    0.1980739328E-02   -0.9927457867E-03    0.9201450958E+00   -0.3915713138E+00    0.2490039322E-02   -0.9625141952E-02    0.4213283340E+02
    0.5115000000E+00    0.2353737512E-02   -0.3214552965E-02    0.9999921887E+00    0.7551781953E-03   -0.2046977455E-02    0.1000000000E+01    0.1984528963E-02   -0.1013480364E-02    0.9100752939E+00   -0.4144369602E+00    0.2672978680E-02   -0.9634946703E-02    0.4217405887E+02
    0.5120000000E+00    0.2260829240E-02   -0.3308350909E-02    0.9999920986E+00    0.6921350651E-03   -0.2082371833E-02    0.1000000000E+01    0.1988182696E-02   -0.1034362392E-02    0.8994373848E+00   -0.4370438971E+00    0.2857114047E-02   -0.9641599752E-02    0.4221528433E+02
    0.5125000000E+00    0.2164366715E-02   -0.3399598054E-02    0.9999920074E+00    0.6276047118E-03   -0.2115887928E-02    0.1000000000E+01    0.1991698630E-02   -0.1055391682E-02    0.8882380092E+00   -0.4593780125E+00    0.3042396876E-02   -0.9645062490E-02    0.4225650978E+02
    0.5130000000E+00    0.2064414858E-02   -0.3488164783E-02    0.9999919152E+00    0.5616408381E-03   -0.2147467273E-02    0.1000000000E+01    0.1995074856E-02   -0.1076568028E-02    0.8764841581E+00   -0.4814253642E+00    0.3228777671E-02   -0.9645296944E-02    0.4229773523E+02
    0.5135000000E+00    0.1961043173E-02   -0.3573922923E-02    0.9999918219E+00    0.4942993404E-03   -0.2177052850E-02    0.1000000000E+01    0.1998309457E-02   -0.1097891211E-02    0.8641831687E+00   -0.5031721896E+00    0.3416205991E-02   -0.9642265796E-02    0.4233896068E+02
    0.5140000000E+00    0.1854325721E-02   -0.3656745908E-02    0.9999917276E+00    0.4256382726E-03   -0.2204589173E-02    0.1000000000E+01    0.2001400507E-02   -0.1119360995E-02    0.8513427198E+00   -0.5246049131E+00    0.3604630460E-02   -0.9635932403E-02    0.4238018612E+02
    0.5145000000E+00    0.1744341090E-02   -0.3736508934E-02    0.9999916322E+00    0.3557178074E-03   -0.2230022369E-02    0.1000000000E+01    0.2004346070E-02   -0.1140977126E-02    0.8379708270E+00   -0.5457101556E+00    0.3793998772E-02   -0.9626260816E-02    0.4242141155E+02
    0.5150000000E+00    0.1631172364E-02   -0.3813089119E-02    0.9999915357E+00    0.2846001941E-03   -0.2253300248E-02    0.1000000000E+01    0.2007144200E-02   -0.1162739336E-02    0.8240758374E+00   -0.5664747423E+00    0.3984257699E-02   -0.9613215804E-02    0.4246263698E+02
    0.5155000000E+00    0.1514907080E-02   -0.3886365658E-02    0.9999914380E+00    0.2123497150E-03   -0.2274372389E-02    0.1000000000E+01    0.2009792946E-02   -0.1184647342E-02    0.8096664249E+00   -0.5868857110E+00    0.4175353095E-02   -0.9596762869E-02    0.4250386240E+02
    0.5160000000E+00    0.1395637185E-02   -0.3956219980E-02    0.9999913393E+00    0.1390326377E-03   -0.2293190210E-02    0.1000000000E+01    0.2012290342E-02   -0.1206700842E-02    0.7947515844E+00   -0.6069303203E+00    0.4367229909E-02   -0.9576868272E-02    0.4254508782E+02
    0.5165000000E+00    0.1273458988E-02   -0.4022535903E-02    0.9999912394E+00    0.6471716547E-04   -0.2309707043E-02    0.1000000000E+01    0.2014634418E-02   -0.1228899518E-02    0.7793406264E+00   -0.6265960574E+00    0.4559832188E-02   -0.9553499049E-02    0.4258631323E+02
    0.5170000000E+00    0.1148473099E-02   -0.4085199791E-02    0.9999911383E+00   -0.1052661543E-04   -0.2323878209E-02    0.1000000000E+01    0.2016823192E-02   -0.1251243035E-02    0.7634431710E+00   -0.6458706461E+00    0.4753103089E-02   -0.9526623030E-02    0.4262753864E+02
    0.5175000000E+00    0.1020784375E-02   -0.4144100708E-02    0.9999910361E+00   -0.8662679090E-04   -0.2335661090E-02    0.1000000000E+01    0.2018854676E-02   -0.1273731041E-02    0.7470691421E+00   -0.6647420544E+00    0.4946984888E-02   -0.9496208864E-02    0.4266876404E+02
    0.5180000000E+00    0.8905018499E-03   -0.4199130571E-02    0.9999909327E+00   -0.1635096769E-03   -0.2345015198E-02    0.1000000000E+01    0.2020726870E-02   -0.1296363169E-02    0.7302287609E+00   -0.6831985018E+00    0.5141418986E-02   -0.9462226035E-02    0.4270998944E+02
    0.5185000000E+00    0.7577386614E-03   -0.4250184297E-02    0.9999908281E+00   -0.2410998800E-03   -0.2351902245E-02    0.1000000000E+01    0.2022437769E-02   -0.1319139033E-02    0.7129325400E+00   -0.7012284671E+00    0.5336345923E-02   -0.9424644885E-02    0.4275121483E+02
    0.5190000000E+00    0.6226119781E-03   -0.4297159963E-02    0.9999907223E+00   -0.3193203604E-03   -0.2356286211E-02    0.1000000000E+01    0.2023985356E-02   -0.1342058227E-02    0.6951912763E+00   -0.7188206951E+00    0.5531705385E-02   -0.9383436629E-02    0.4279244021E+02
    0.5195000000E+00    0.4852429151E-03   -0.4339958942E-02    0.9999906153E+00   -0.3980924975E-03   -0.2358133409E-02    0.1000000000E+01    0.2025367607E-02   -0.1365120332E-02    0.6770160447E+00   -0.7359642040E+00    0.5727436216E-02   -0.9338573382E-02    0.4283366559E+02
    0.5200000000E+00    0.3457564468E-03   -0.4378486060E-02    0.9999905070E+00   -0.4773361580E-03   -0.2357412547E-02    0.1000000000E+01    0.2026582491E-02   -0.1388324909E-02    0.6584181910E+00   -0.7526482920E+00    0.5923476429E-02   -0.9290028171E-02    0.4287489096E+02
    0.5205000000E+00    0.2042813142E-03   -0.4412649735E-02    0.9999903975E+00   -0.5569697666E-03   -0.2354094795E-02    0.1000000000E+01    0.2027627966E-02   -0.1411671501E-02    0.6394093245E+00   -0.7688625440E+00    0.6119763218E-02   -0.9237774961E-02    0.4291611632E+02
    0.5210000000E+00    0.6094992735E-04   -0.4442362119E-02    0.9999902867E+00   -0.6369103788E-03   -0.2348153840E-02    0.1000000000E+01    0.2028501985E-02   -0.1435159632E-02    0.6200013116E+00   -0.7845968386E+00    0.6316232968E-02   -0.9181788673E-02    0.4295734168E+02
    0.5215000000E+00   -0.8410173821E-04   -0.4467539239E-02    0.9999901747E+00   -0.7170737561E-03   -0.2339565946E-02    0.1000000000E+01    0.2029202490E-02   -0.1458788810E-02    0.6002062675E+00   -0.7998413535E+00    0.6512821269E-02   -0.9122045199E-02    0.4299856703E+02
    0.5220000000E+00   -0.2307342494E-03   -0.4488101133E-02    0.9999900613E+00   -0.7973744438E-03   -0.2328310011E-02    0.1000000000E+01    0.2029727415E-02   -0.1482558522E-02    0.5800365490E+00   -0.8145865725E+00    0.6709462926E-02   -0.9058521428E-02    0.4303979238E+02
    0.5225000000E+00   -0.3788048287E-03   -0.4503971985E-02    0.9999899467E+00   -0.8777258506E-03   -0.2314367617E-02    0.1000000000E+01    0.2030074689E-02   -0.1506468239E-02    0.5595047470E+00   -0.8288232909E+00    0.6906091977E-02   -0.8991195262E-02    0.4308101772E+02
    0.5230000000E+00   -0.5281674726E-03   -0.4515080257E-02    0.9999898307E+00   -0.9580403307E-03   -0.2297723087E-02    0.1000000000E+01    0.2030242231E-02   -0.1530517410E-02    0.5386236783E+00   -0.8425426214E+00    0.7102641700E-02   -0.8920045635E-02    0.4312224305E+02
    0.5235000000E+00   -0.6786730746E-03   -0.4521358812E-02    0.9999897134E+00   -0.1038229268E-02   -0.2278363526E-02    0.1000000000E+01    0.2030227951E-02   -0.1554705469E-02    0.5174063777E+00   -0.8557359999E+00    0.7299044633E-02   -0.8845052532E-02    0.4316346838E+02
    0.5240000000E+00   -0.8301695532E-03   -0.4522745044E-02    0.9999895948E+00   -0.1118203161E-02   -0.2256278876E-02    0.1000000000E+01    0.2030029755E-02   -0.1579031828E-02    0.4958660899E+00   -0.8683951903E+00    0.7495232584E-02   -0.8766197011E-02    0.4320469370E+02
    0.5245000000E+00   -0.9825019845E-03   -0.4519180998E-02    0.9999894747E+00   -0.1197871714E-02   -0.2231461951E-02    0.1000000000E+01    0.2029645539E-02   -0.1603495880E-02    0.4740162614E+00   -0.8805122903E+00    0.7691136648E-02   -0.8683461215E-02    0.4324591902E+02
    0.5250000000E+00   -0.1135512739E-02   -0.4510613484E-02    0.9999893533E+00   -0.1277143924E-02   -0.2203908485E-02    0.1000000000E+01    0.2029073191E-02   -0.1628096999E-02    0.4518705317E+00   -0.8920797357E+00    0.7886687220E-02   -0.8596828400E-02    0.4328714432E+02
    0.5255000000E+00   -0.1289041626E-02   -0.4496994195E-02    0.9999892305E+00   -0.1355928172E-02   -0.2173617167E-02    0.1000000000E+01    0.2028310593E-02   -0.1652834540E-02    0.4294427252E+00   -0.9030903055E+00    0.8081814013E-02   -0.8506282943E-02    0.4332836962E+02
    0.5260000000E+00   -0.1442926035E-02   -0.4478279811E-02    0.9999891063E+00   -0.1434132319E-02   -0.2140589677E-02    0.1000000000E+01    0.2027355620E-02   -0.1677707837E-02    0.4067468422E+00   -0.9135371265E+00    0.8276446072E-02   -0.8411810370E-02    0.4336959492E+02
    0.5265000000E+00   -0.1597001091E-02   -0.4454432110E-02    0.9999889806E+00   -0.1511663802E-02   -0.2104830720E-02    0.1000000000E+01    0.2026206139E-02   -0.1702716205E-02    0.3837970504E+00   -0.9234136773E+00    0.8470511792E-02   -0.8313397368E-02    0.4341082020E+02
    0.5270000000E+00   -0.1751099809E-02   -0.4425418065E-02    0.9999888535E+00   -0.1588429727E-02   -0.2066348054E-02    0.1000000000E+01    0.2024860011E-02   -0.1727858939E-02    0.3606076763E+00   -0.9327137923E+00    0.8663938933E-02   -0.8211031803E-02    0.4345204548E+02
    0.5275000000E+00   -0.1905053249E-02   -0.4391209939E-02    0.9999887249E+00   -0.1664336968E-02   -0.2025152516E-02    0.1000000000E+01    0.2023315088E-02   -0.1753135311E-02    0.3371931954E+00   -0.9414316660E+00    0.8856654637E-02   -0.8104702742E-02    0.4349327075E+02
    0.5280000000E+00   -0.2058690684E-02   -0.4351785382E-02    0.9999885949E+00   -0.1739292270E-02   -0.1981258048E-02    0.1000000000E+01    0.2021569219E-02   -0.1778544577E-02    0.3135682243E+00   -0.9495618562E+00    0.9048585449E-02   -0.7994400467E-02    0.4353449602E+02
    0.5285000000E+00   -0.2211839763E-02   -0.4307127513E-02    0.9999884633E+00   -0.1813202347E-02   -0.1934681717E-02    0.1000000000E+01    0.2019620242E-02   -0.1804085969E-02    0.2897475106E+00   -0.9570992877E+00    0.9239657330E-02   -0.7880116492E-02    0.4357572127E+02
    0.5290000000E+00   -0.2364326685E-02   -0.4257225000E-02    0.9999883302E+00   -0.1885973984E-02   -0.1885443732E-02    0.1000000000E+01    0.2017465991E-02   -0.1829758700E-02    0.2657459243E+00   -0.9640392552E+00    0.9429795679E-02   -0.7761843583E-02    0.4361694652E+02
    0.5295000000E+00   -0.2515976370E-02   -0.4202072144E-02    0.9999881956E+00   -0.1957514141E-02   -0.1833567455E-02    0.1000000000E+01    0.2015104293E-02   -0.1855561960E-02    0.2415784481E+00   -0.9703774264E+00    0.9618925349E-02   -0.7639575772E-02    0.4365817177E+02
    0.5300000000E+00   -0.2666612638E-02   -0.4141668943E-02    0.9999880595E+00   -0.2027730057E-02   -0.1779079418E-02    0.1000000000E+01    0.2012532970E-02   -0.1881494920E-02    0.2172601686E+00   -0.9761098447E+00    0.9806970671E-02   -0.7513308375E-02    0.4369939700E+02
    0.5305000000E+00   -0.2816058388E-02   -0.4076021159E-02    0.9999879217E+00   -0.2096529356E-02   -0.1722009324E-02    0.1000000000E+01    0.2009749836E-02   -0.1907556729E-02    0.1928062663E+00   -0.9812329315E+00    0.9993855467E-02   -0.7383038008E-02    0.4374062223E+02
    0.5310000000E+00   -0.2964135787E-02   -0.4005140383E-02    0.9999877824E+00   -0.2163820150E-02   -0.1662390058E-02    0.1000000000E+01    0.2006752700E-02   -0.1933746514E-02    0.1682320063E+00   -0.9857434888E+00    0.1017950307E-01   -0.7248762605E-02    0.4378184745E+02
    0.5315000000E+00   -0.3110666449E-02   -0.3929044082E-02    0.9999876415E+00   -0.2229511150E-02   -0.1600257678E-02    0.1000000000E+01    0.2003539363E-02   -0.1960063380E-02    0.1435527290E+00   -0.9896387007E+00    0.1036383636E-01   -0.7110481430E-02    0.4382307266E+02
    0.5320000000E+00   -0.3255471633E-02   -0.3847755656E-02    0.9999874989E+00   -0.2293511768E-02   -0.1535651422E-02    0.1000000000E+01    0.2000107625E-02   -0.1986506413E-02    0.1187838403E+00   -0.9929161358E+00    0.1054677777E-01   -0.6968195095E-02    0.4386429786E+02
    0.5325000000E+00   -0.3398372426E-02   -0.3761304471E-02    0.9999873547E+00   -0.2355732230E-02   -0.1468613694E-02    0.1000000000E+01    0.1996455274E-02   -0.2013074672E-02    0.9394080217E-01   -0.9955737479E+00    0.1072824928E-01   -0.6821905578E-02    0.4390552306E+02
    0.5330000000E+00   -0.3539189948E-02   -0.3669725906E-02    0.9999872089E+00   -0.2416083680E-02   -0.1399190061E-02    0.1000000000E+01    0.1992580099E-02   -0.2039767199E-02    0.6903912261E-01   -0.9976098779E+00    0.1090817251E-01   -0.6671616231E-02    0.4394674824E+02
    0.5335000000E+00   -0.3677745537E-02   -0.3573061374E-02    0.9999870613E+00   -0.2474478287E-02   -0.1327429230E-02    0.1000000000E+01    0.1988479878E-02   -0.2066583010E-02    0.4409434642E-01   -0.9990232549E+00    0.1108646868E-01   -0.6517331802E-02    0.4398797342E+02
    0.5340000000E+00   -0.3813860959E-02   -0.3471358354E-02    0.9999869121E+00   -0.2530829360E-02   -0.1253383042E-02    0.1000000000E+01    0.1984152387E-02   -0.2093521100E-02    0.1912204526E-01   -0.9998129964E+00    0.1126305865E-01   -0.6359058446E-02    0.4402919859E+02
    0.5345000000E+00   -0.3947358601E-02   -0.3364670404E-02    0.9999867611E+00   -0.2585051449E-02   -0.1177106441E-02    0.1000000000E+01    0.1979595397E-02   -0.2120580443E-02   -0.5862192018E-02   -0.9999786093E+00    0.1143786296E-01   -0.6196803739E-02    0.4407042376E+02
    0.5350000000E+00   -0.4078061677E-02   -0.3253057173E-02    0.9999866084E+00   -0.2637060456E-02   -0.1098657456E-02    0.1000000000E+01    0.1974806672E-02   -0.2147759986E-02   -0.3084276912E-01   -0.9995199902E+00    0.1161080180E-01   -0.6030576693E-02    0.4411164891E+02
    0.5355000000E+00   -0.4205794428E-02   -0.3136584407E-02    0.9999864539E+00   -0.2686773744E-02   -0.1018097171E-02    0.1000000000E+01    0.1969783972E-02   -0.2175058656E-02   -0.5580409203E-01   -0.9984374254E+00    0.1178179513E-01   -0.5860387767E-02    0.4415287405E+02
    0.5360000000E+00   -0.4330382332E-02   -0.3015323947E-02    0.9999862976E+00   -0.2734110245E-02   -0.9354896917E-03    0.1000000000E+01    0.1964525055E-02   -0.2202475358E-02   -0.8073057874E-01   -0.9967315905E+00    0.1195076259E-01   -0.5686248886E-02    0.4419409919E+02
    0.5365000000E+00   -0.4451652306E-02   -0.2889353719E-02    0.9999861396E+00   -0.2778990563E-02   -0.8509021128E-03    0.1000000000E+01    0.1959027670E-02   -0.2230008969E-02   -0.1056066690E+00   -0.9944035503E+00    0.1211762361E-01   -0.5508173446E-02    0.4423532432E+02
    0.5370000000E+00   -0.4569432914E-02   -0.2758757721E-02    0.9999859797E+00   -0.2821337084E-02   -0.7644044759E-03    0.1000000000E+01    0.1953289565E-02   -0.2257658348E-02   -0.1304168340E+00   -0.9914547580E+00    0.1228229739E-01   -0.5326176333E-02    0.4427654944E+02
    0.5375000000E+00   -0.4683554573E-02   -0.2623625998E-02    0.9999858180E+00   -0.2861074083E-02   -0.6760697286E-03    0.1000000000E+01    0.1947308482E-02   -0.2285422326E-02   -0.1551455860E+00   -0.9878870543E+00    0.1244470296E-01   -0.5140273931E-02    0.4431777455E+02
    0.5380000000E+00   -0.4793849763E-02   -0.2484054615E-02    0.9999856544E+00   -0.2898127824E-02   -0.5859736770E-03    0.1000000000E+01    0.1941082160E-02   -0.2313299712E-02   -0.1797774883E+00   -0.9837026663E+00    0.1260475916E-01   -0.4950484136E-02    0.4435899965E+02
    0.5385000000E+00   -0.4900153234E-02   -0.2340145620E-02    0.9999854889E+00   -0.2932426669E-02   -0.4941949358E-03    0.1000000000E+01    0.1934608334E-02   -0.2341289292E-02   -0.2042971644E+00   -0.9789042059E+00    0.1276238469E-01   -0.4756826367E-02    0.4440022474E+02
    0.5390000000E+00   -0.5002302210E-02   -0.2192007002E-02    0.9999853215E+00   -0.2963901178E-02   -0.4008148740E-03    0.1000000000E+01    0.1927884734E-02   -0.2369389826E-02   -0.2286893080E+00   -0.9734946685E+00    0.1291749815E-01   -0.4559321577E-02    0.4444144982E+02
    0.5395000000E+00   -0.5100136602E-02   -0.2039752640E-02    0.9999851522E+00   -0.2992484211E-02   -0.3059175579E-03    0.1000000000E+01    0.1920909089E-02   -0.2397600050E-02   -0.2529386924E+00   -0.9674774310E+00    0.1307001804E-01   -0.4357992261E-02    0.4448267489E+02
    0.5400000000E+00   -0.5193499213E-02   -0.1883502244E-02    0.9999849809E+00   -0.3018111029E-02   -0.2095896892E-03    0.1000000000E+01    0.1913679121E-02   -0.2425918676E-02   -0.2770301800E+00   -0.9608562495E+00    0.1321986281E-01   -0.4152862472E-02    0.4452389995E+02
    0.5405000000E+00   -0.5282235939E-02   -0.1723381295E-02    0.9999848077E+00   -0.3040719393E-02   -0.1119205409E-03    0.1000000000E+01    0.1906192553E-02   -0.2454344391E-02   -0.3009487316E+00   -0.9536352571E+00    0.1336695087E-01   -0.3943957823E-02    0.4456512501E+02
    0.5410000000E+00   -0.5366195982E-02   -0.1559520972E-02    0.9999846325E+00   -0.3060249659E-02   -0.1300188825E-04    0.1000000000E+01    0.1898447102E-02   -0.2482875858E-02   -0.3246794163E+00   -0.9458189615E+00    0.1351120061E-01   -0.3731305505E-02    0.4460635005E+02
    0.5415000000E+00   -0.5445232048E-02   -0.1392058072E-02    0.9999844552E+00   -0.3076644876E-02    0.8707206249E-04    0.1000000000E+01    0.1890440482E-02   -0.2511511714E-02   -0.3482074201E+00   -0.9374122418E+00    0.1365253045E-01   -0.3514934288E-02    0.4464757508E+02
    0.5420000000E+00   -0.5519200551E-02   -0.1221134925E-02    0.9999842759E+00   -0.3089850878E-02    0.1882047500E-03    0.1000000000E+01    0.1882170406E-02   -0.2540250571E-02   -0.3715180558E+00   -0.9284203460E+00    0.1379085887E-01   -0.3294874535E-02    0.4468880011E+02
    0.5425000000E+00   -0.5587961813E-02   -0.1046899306E-02    0.9999840945E+00   -0.3099816378E-02    0.2902973366E-03    0.1000000000E+01    0.1873634584E-02   -0.2569091016E-02   -0.3945967717E+00   -0.9188488869E+00    0.1392610439E-01   -0.3071158208E-02    0.4473002512E+02
    0.5430000000E+00   -0.5651380263E-02   -0.8695043293E-03    0.9999839110E+00   -0.3106493053E-02    0.3932487902E-03    0.1000000000E+01    0.1864830722E-02   -0.2598031610E-02   -0.4174291610E+00   -0.9087038397E+00    0.1405818568E-01   -0.2843818875E-02    0.4477125012E+02
    0.5435000000E+00   -0.5709324634E-02   -0.6891083444E-03    0.9999837254E+00   -0.3109835636E-02    0.4969559706E-03    0.1000000000E+01    0.1855756526E-02   -0.2627070888E-02   -0.4400009705E+00   -0.8979915371E+00    0.1418702151E-01   -0.2612891719E-02    0.4481247512E+02
    0.5440000000E+00   -0.5761668155E-02   -0.5058748239E-03    0.9999835377E+00   -0.3109801998E-02    0.6013137177E-03    0.1000000000E+01    0.1846409699E-02   -0.2656207361E-02   -0.4622981099E+00   -0.8867186662E+00    0.1431253083E-01   -0.2378413542E-02    0.4485370010E+02
    0.5445000000E+00   -0.5808288743E-02   -0.3199722417E-03    0.9999833478E+00   -0.3106353231E-02    0.7062149441E-03    0.1000000000E+01    0.1836787942E-02   -0.2685439513E-02   -0.4843066602E+00   -0.8748922640E+00    0.1443463276E-01   -0.2140422775E-02    0.4489492507E+02
    0.5450000000E+00   -0.5849069191E-02   -0.1315739458E-03    0.9999831557E+00   -0.3099453730E-02    0.8115507306E-03    0.1000000000E+01    0.1826888955E-02   -0.2714765800E-02   -0.5060128824E+00   -0.8625197130E+00    0.1455324666E-01   -0.1898959481E-02    0.4493615003E+02
    0.5455000000E+00   -0.5883897352E-02    0.5914197555E-04    0.9999829614E+00   -0.3089071267E-02    0.9172104240E-03    0.1000000000E+01    0.1816710435E-02   -0.2744184655E-02   -0.5274032266E+00   -0.8496087368E+00    0.1466829214E-01   -0.1654065359E-02    0.4497737498E+02
    0.5460000000E+00   -0.5912666323E-02    0.2519928350E-03    0.9999827649E+00   -0.3075177066E-02    0.1023081740E-02    0.1000000000E+01    0.1806250081E-02   -0.2773694483E-02   -0.5484643398E+00   -0.8361673948E+00    0.1477968909E-01   -0.1405783753E-02    0.4501859992E+02
    0.5465000000E+00   -0.5935274621E-02    0.4467914935E-03    0.9999825661E+00   -0.3057745877E-02    0.1129050865E-02    0.1000000000E+01    0.1795505587E-02   -0.2803293661E-02   -0.5691830746E+00   -0.8222040777E+00    0.1488735769E-01   -0.1154159654E-02    0.4505982485E+02
    0.5470000000E+00   -0.5951626357E-02    0.6433465143E-03    0.9999823650E+00   -0.3036756043E-02    0.1235002566E-02    0.1000000000E+01    0.1784474649E-02   -0.2832980541E-02   -0.5895464972E+00   -0.8077275020E+00    0.1499121849E-01   -0.8992397011E-03    0.4510104976E+02
    0.5475000000E+00   -0.5961631406E-02    0.8414623240E-03    0.9999821616E+00   -0.3012189562E-02    0.1340820302E-02    0.1000000000E+01    0.1773154961E-02   -0.2862753447E-02   -0.6095418959E+00   -0.7927467047E+00    0.1509119241E-01   -0.6410721903E-03    0.4514227467E+02
    0.5480000000E+00   -0.5965205574E-02    0.1040939379E-02    0.9999819558E+00   -0.2984032155E-02    0.1446386331E-02    0.1000000000E+01    0.1761544218E-02   -0.2892610677E-02   -0.6291567884E+00   -0.7772710373E+00    0.1518720075E-01   -0.3797070728E-03    0.4518349956E+02
    0.5485000000E+00   -0.5962270755E-02    0.1241574340E-02    0.9999817477E+00   -0.2952273319E-02    0.1551581832E-02    0.1000000000E+01    0.1749640112E-02   -0.2922550501E-02   -0.6483789301E+00   -0.7613101605E+00    0.1527916527E-01   -0.1151959590E-03    0.4522472444E+02
    0.5490000000E+00   -0.5952755093E-02    0.1443160249E-02    0.9999815371E+00   -0.2916906386E-02    0.1656287020E-02    0.1000000000E+01    0.1737440338E-02   -0.2952571162E-02   -0.6671963216E+00   -0.7448740377E+00    0.1536700819E-01    0.1524078800E-03    0.4526594932E+02
    0.5495000000E+00   -0.5936593126E-02    0.1645486718E-02    0.9999813242E+00   -0.2877928572E-02    0.1760381265E-02    0.1000000000E+01    0.1724942588E-02   -0.2982670874E-02   -0.6855972161E+00   -0.7279729291E+00    0.1545065222E-01    0.4230495116E-03    0.4530717417E+02
    0.5500000000E+00   -0.5913725936E-02    0.1848340118E-02    0.9999811088E+00   -0.2835341028E-02    0.1863743219E-02    0.1000000000E+01    0.1712144559E-02   -0.3012847826E-02   -0.7035701267E+00   -0.7106173852E+00    0.1553002061E-01    0.6966723410E-03    0.4534839902E+02
    0.5505000000E+00   -0.5884101290E-02    0.2051503779E-02    0.9999808908E+00   -0.2789148878E-02    0.1966250935E-02    0.1000000000E+01    0.1699043943E-02   -0.3043100176E-02   -0.7211038338E+00   -0.6928182400E+00    0.1560503716E-01    0.9732181110E-03    0.4538962385E+02
    0.5510000000E+00   -0.5847673772E-02    0.2254758188E-02    0.9999806704E+00   -0.2739361268E-02    0.2067782001E-02    0.1000000000E+01    0.1685638437E-02   -0.3073426055E-02   -0.7381873920E+00   -0.6745866046E+00    0.1567562628E-01    0.1252626903E-02    0.4543084868E+02
    0.5515000000E+00   -0.5804404911E-02    0.2457881202E-02    0.9999804475E+00   -0.2685991393E-02    0.2168213663E-02    0.1000000000E+01    0.1671925737E-02   -0.3103823568E-02   -0.7548101367E+00   -0.6559338599E+00    0.1574171300E-01    0.1534837137E-02    0.4547207349E+02
    0.5520000000E+00   -0.5754263306E-02    0.2660648261E-02    0.9999802219E+00   -0.2629056538E-02    0.2267422960E-02    0.1000000000E+01    0.1657903542E-02   -0.3134290788E-02   -0.7709616911E+00   -0.6368716499E+00    0.1580322302E-01    0.1819785575E-02    0.4551329828E+02
    0.5525000000E+00   -0.5697224741E-02    0.2862832602E-02    0.9999799938E+00   -0.2568578099E-02    0.2365286853E-02    0.1000000000E+01    0.1643569549E-02   -0.3164825762E-02   -0.7866319726E+00   -0.6174118742E+00    0.1586008270E-01    0.2107407322E-02    0.4555452307E+02
    0.5530000000E+00   -0.5633272293E-02    0.3064205490E-02    0.9999797630E+00   -0.2504581611E-02    0.2461682362E-02    0.1000000000E+01    0.1628921462E-02   -0.3195426507E-02   -0.8018111988E+00   -0.5975666803E+00    0.1591221916E-01    0.2397635830E-02    0.4559574784E+02
    0.5535000000E+00   -0.5562396436E-02    0.3264536441E-02    0.9999795296E+00   -0.2437096768E-02    0.2556486701E-02    0.1000000000E+01    0.1613956981E-02   -0.3226091013E-02   -0.8164898942E+00   -0.5773484565E+00    0.1595956027E-01    0.2690402899E-02    0.4563697260E+02
    0.5540000000E+00   -0.5484595137E-02    0.3463593455E-02    0.9999792935E+00   -0.2366157434E-02    0.2649577415E-02    0.1000000000E+01    0.1598673813E-02   -0.3256817239E-02   -0.8306588953E+00   -0.5567698241E+00    0.1600203469E-01    0.2985638685E-02    0.4567819734E+02
    0.5545000000E+00   -0.5399873946E-02    0.3661143257E-02    0.9999790546E+00   -0.2291801659E-02    0.2740832518E-02    0.1000000000E+01    0.1583069664E-02   -0.3287603115E-02   -0.8443093572E+00   -0.5358436293E+00    0.1603957189E-01    0.3283271700E-02    0.4571942207E+02
    0.5550000000E+00   -0.5308246072E-02    0.3856951536E-02    0.9999788130E+00   -0.2214071683E-02    0.2830130633E-02    0.1000000000E+01    0.1567142245E-02   -0.3318446544E-02   -0.8574327583E+00   -0.5145829350E+00    0.1607210222E-01    0.3583228822E-02    0.4576064679E+02
    0.5555000000E+00   -0.5209732465E-02    0.4050783188E-02    0.9999785686E+00   -0.2133013938E-02    0.2917351131E-02    0.1000000000E+01    0.1550889269E-02   -0.3349345396E-02   -0.8700209064E+00   -0.4930010133E+00    0.1609955691E-01    0.3885435296E-02    0.4580187150E+02
    0.5560000000E+00   -0.5104361874E-02    0.4242402571E-02    0.9999783214E+00   -0.2048679047E-02    0.3002374274E-02    0.1000000000E+01    0.1534308451E-02   -0.3380297516E-02   -0.8820659432E+00   -0.4711113366E+00    0.1612186812E-01    0.4189814747E-02    0.4584309619E+02
    0.5565000000E+00   -0.4992170911E-02    0.4431573752E-02    0.9999780714E+00   -0.1961121814E-02    0.3085081354E-02    0.1000000000E+01    0.1517397511E-02   -0.3411300714E-02   -0.8935603493E+00   -0.4489275695E+00    0.1613896896E-01    0.4496289179E-02    0.4588432087E+02
    0.5570000000E+00   -0.4873204100E-02    0.4618060765E-02    0.9999778184E+00   -0.1870401214E-02    0.3165354839E-02    0.1000000000E+01    0.1500154172E-02   -0.3442352774E-02   -0.9044969494E+00   -0.4264635603E+00    0.1615079356E-01    0.4804778990E-02    0.4592554553E+02
    0.5575000000E+00   -0.4747513919E-02    0.4801627872E-02    0.9999775626E+00   -0.1776580376E-02    0.3243078513E-02    0.1000000000E+01    0.1482576161E-02   -0.3473451449E-02   -0.9148689162E+00   -0.4037333319E+00    0.1615727703E-01    0.5115202975E-02    0.4596677018E+02
    0.5580000000E+00   -0.4615160833E-02    0.4982039818E-02    0.9999773038E+00   -0.1679726562E-02    0.3318137618E-02    0.1000000000E+01    0.1464661208E-02   -0.3504594461E-02   -0.9246697748E+00   -0.3807510739E+00    0.1615835559E-01    0.5427478340E-02    0.4600799481E+02
    0.5585000000E+00   -0.4476213323E-02    0.5159062102E-02    0.9999770420E+00   -0.1579911138E-02    0.3390419000E-02    0.1000000000E+01    0.1446407048E-02   -0.3535779504E-02   -0.9338934068E+00   -0.3575311327E+00    0.1615396652E-01    0.5741520706E-02    0.4604921943E+02
    0.5590000000E+00   -0.4330747900E-02    0.5332461239E-02    0.9999767772E+00   -0.1477209549E-02    0.3459811248E-02    0.1000000000E+01    0.1427811421E-02   -0.3567004238E-02   -0.9425340544E+00   -0.3340880036E+00    0.1614404824E-01    0.6057244126E-02    0.4609044403E+02
    0.5595000000E+00   -0.4178849114E-02    0.5502005031E-02    0.9999765093E+00   -0.1371701276E-02    0.3526204841E-02    0.1000000000E+01    0.1408872072E-02   -0.3598266295E-02   -0.9505863235E+00   -0.3104363207E+00    0.1612854034E-01    0.6374561089E-02    0.4613166862E+02
    0.5600000000E+00   -0.4020609557E-02    0.5667462831E-02    0.9999762383E+00   -0.1263469802E-02    0.3589492286E-02    0.1000000000E+01    0.1389586751E-02   -0.3629563277E-02   -0.9580451872E+00   -0.2865908488E+00    0.1610738358E-01    0.6693382536E-02    0.4617289320E+02
    0.5605000000E+00   -0.3856129851E-02    0.5828605824E-02    0.9999759643E+00   -0.1152602559E-02    0.3649568260E-02    0.1000000000E+01    0.1369953212E-02   -0.3660892752E-02   -0.9649059893E+00   -0.2625664733E+00    0.1608051998E-01    0.7013617874E-02    0.4621411776E+02
    0.5610000000E+00   -0.3685518630E-02    0.5985207290E-02    0.9999756870E+00   -0.1039190887E-02    0.3706329754E-02    0.1000000000E+01    0.1349969216E-02   -0.3692252260E-02   -0.9711644468E+00   -0.2383781915E+00    0.1604789280E-01    0.7335174982E-02    0.4625534230E+02
    0.5615000000E+00   -0.3508892515E-02    0.6137042880E-02    0.9999754066E+00   -0.9233299689E-03    0.3759676208E-02    0.1000000000E+01    0.1329632529E-02   -0.3723639308E-02   -0.9768166526E+00   -0.2140411029E+00    0.1600944661E-01    0.7657960231E-02    0.4629656683E+02
    0.5620000000E+00   -0.3326376077E-02    0.6283890894E-02    0.9999751229E+00   -0.8051187776E-03    0.3809509652E-02    0.1000000000E+01    0.1308940925E-02   -0.3755051373E-02   -0.9818590783E+00   -0.1895704001E+00    0.1596512731E-01    0.7981878497E-02    0.4633779134E+02
    0.5625000000E+00   -0.3138101792E-02    0.6425532550E-02    0.9999748360E+00   -0.6846600076E-03    0.3855734847E-02    0.1000000000E+01    0.1287892182E-02   -0.3786485901E-02   -0.9862885760E+00   -0.1649813589E+00    0.1591488217E-01    0.8306833174E-02    0.4637901584E+02
    0.5630000000E+00   -0.2944209987E-02    0.6561752257E-02    0.9999745457E+00   -0.5620600062E-03    0.3898259413E-02    0.1000000000E+01    0.1266484087E-02   -0.3817940304E-02   -0.9901023803E+00   -0.1402893290E+00    0.1585865984E-01    0.8632726190E-02    0.4642024032E+02
    0.5635000000E+00   -0.2744848777E-02    0.6692337895E-02    0.9999742521E+00   -0.4374286983E-03    0.3936993971E-02    0.1000000000E+01    0.1244714432E-02   -0.3849411965E-02   -0.9932981105E+00   -0.1155097245E+00    0.1579641041E-01    0.8959458026E-02    0.4646146478E+02
    0.5640000000E+00   -0.2540173990E-02    0.6817081082E-02    0.9999739551E+00   -0.3108795077E-03    0.3971852272E-02    0.1000000000E+01    0.1222581018E-02   -0.3880898234E-02   -0.9958737713E+00   -0.9065801413E-01    0.1572808544E-01    0.9286927728E-02    0.4650268923E+02
    0.5645000000E+00   -0.2330349087E-02    0.6935777448E-02    0.9999736547E+00   -0.1825292721E-03    0.4002751329E-02    0.1000000000E+01    0.1200081651E-02   -0.3912396429E-02   -0.9978277549E+00   -0.6574971167E-01    0.1565363800E-01    0.9615032932E-02    0.4654391366E+02
    0.5650000000E+00   -0.2115545070E-02    0.7048226906E-02    0.9999733508E+00   -0.5249815490E-04    0.4029611543E-02    0.1000000000E+01    0.1177214149E-02   -0.3943903837E-02   -0.9991588412E+00   -0.4080036619E-01    0.1557302266E-01    0.9943669874E-02    0.4658513807E+02
    0.5655000000E+00   -0.1895940382E-02    0.7154233920E-02    0.9999730434E+00    0.7909044894E-04    0.4052356837E-02    0.1000000000E+01    0.1153976334E-02   -0.3975417713E-02   -0.9998661992E+00   -0.1582555242E-01    0.1548619557E-01    0.1027273341E-01    0.4662636247E+02
    0.5660000000E+00   -0.1671720793E-02    0.7253607773E-02    0.9999727325E+00    0.2121100108E-03    0.4070914769E-02    0.1000000000E+01    0.1130366038E-02   -0.4006935277E-02   -0.9999493872E+00    0.9159139021E-02    0.1539311450E-01    0.1060211706E-01    0.4666758685E+02
    0.5665000000E+00   -0.1443079287E-02    0.7346162834E-02    0.9999724180E+00    0.3464309714E-03    0.4085216663E-02    0.1000000000E+01    0.1106381103E-02   -0.4038453719E-02   -0.9994083531E+00    0.3413811133E-01    0.1529373881E-01    0.1093171297E-01    0.4670881121E+02
    0.5670000000E+00   -0.1210215928E-02    0.7431718816E-02    0.9999720998E+00    0.4819208478E-03    0.4095197724E-02    0.1000000000E+01    0.1082019379E-02   -0.4069970197E-02   -0.9982434345E+00    0.5909577128E-01    0.1518802955E-01    0.1126141200E-01    0.4675003555E+02
    0.5675000000E+00   -0.9733377248E-03    0.7510101040E-02    0.9999717780E+00    0.6184443456E-03    0.4100797153E-02    0.1000000000E+01    0.1057278724E-02   -0.4101481835E-02   -0.9964553584E+00    0.8401653891E-01    0.1507594946E-01    0.1159110371E-01    0.4679125988E+02
    0.5680000000E+00   -0.7326584809E-03    0.7581140689E-02    0.9999714525E+00    0.7558634748E-03    0.4101958263E-02    0.1000000000E+01    0.1032157007E-02   -0.4132985724E-02   -0.9940452409E+00    0.1088848573E+00    0.1495746301E-01    0.1192067639E-01    0.4683248418E+02
    0.5685000000E+00   -0.4883986417E-03    0.7644675060E-02    0.9999711232E+00    0.8940376700E-03    0.4098628585E-02    0.1000000000E+01    0.1006652107E-02   -0.4164478924E-02   -0.9910145864E+00    0.1336852023E+00    0.1483253641E-01    0.1225001706E-01    0.4687370847E+02
    0.5690000000E+00   -0.2407851267E-03    0.7700547817E-02    0.9999707901E+00    0.1032823916E-02    0.4090759978E-02    0.1000000000E+01    0.9807619133E-03   -0.4195958461E-02   -0.9873652867E+00    0.1584020921E+00    0.1470113769E-01    0.1257901154E-01    0.4691493274E+02
    0.5695000000E+00    0.9948844473E-05    0.7748609234E-02    0.9999704532E+00    0.1172076875E-02    0.4078308727E-02    0.1000000000E+01    0.9544843249E-03   -0.4227421326E-02   -0.9830996196E+00    0.1830200970E+00    0.1456323668E-01    0.1290754445E-01    0.4695615700E+02
    0.5700000000E+00    0.2635639352E-03    0.7788716435E-02    0.9999701124E+00    0.1311649020E-02    0.4061235648E-02    0.1000000000E+01    0.9278172524E-03   -0.4258864481E-02   -0.9782202479E+00    0.2075238491E+00    0.1441880508E-01    0.1323549923E-01    0.4699738123E+02
    0.5705000000E+00    0.5198148845E-03    0.7820733630E-02    0.9999697677E+00    0.1451390774E-02    0.4039506177E-02    0.1000000000E+01    0.9007586172E-03   -0.4290284851E-02   -0.9727302173E+00    0.2318980517E+00    0.1426781645E-01    0.1356275816E-01    0.4703860544E+02
    0.5710000000E+00    0.7784507078E-03    0.7844532346E-02    0.9999694190E+00    0.1591150647E-02    0.4013090468E-02    0.1000000000E+01    0.8733063524E-03   -0.4321679328E-02   -0.9666329550E+00    0.2561274891E+00    0.1411024631E-01    0.1388920240E-01    0.4707982964E+02
    0.5715000000E+00    0.1039214907E-02    0.7859991655E-02    0.9999690662E+00    0.1730775381E-02    0.3981963474E-02    0.1000000000E+01    0.8454584026E-03   -0.4353044774E-02   -0.9599322671E+00    0.2801970358E+00    0.1394607208E-01    0.1421471205E-01    0.4712105381E+02
    0.5720000000E+00    0.1301845687E-02    0.7866998391E-02    0.9999687094E+00    0.1870110100E-02    0.3946105034E-02    0.1000000000E+01    0.8172127247E-03   -0.4384378013E-02   -0.9526323362E+00    0.3040916662E+00    0.1377527318E-01    0.1453916609E-01    0.4716227796E+02
    0.5725000000E+00    0.1566076184E-02    0.7865447363E-02    0.9999683485E+00    0.2008998460E-02    0.3905499948E-02    0.1000000000E+01    0.7885672882E-03   -0.4415675837E-02   -0.9447377193E+00    0.3277964639E+00    0.1359783102E-01    0.1486244249E-01    0.4720350210E+02
    0.5730000000E+00    0.1831634700E-02    0.7855241565E-02    0.9999679834E+00    0.2147282802E-02    0.3860138055E-02    0.1000000000E+01    0.7595200752E-03   -0.4446935006E-02   -0.9362533445E+00    0.3512966310E+00    0.1341372907E-01    0.1518441823E-01    0.4724472621E+02
    0.5735000000E+00    0.2098244943E-02    0.7836292377E-02    0.9999676141E+00    0.2284804315E-02    0.3810014300E-02    0.1000000000E+01    0.7300690809E-03   -0.4478152243E-02   -0.9271845080E+00    0.3745774971E+00    0.1322295284E-01    0.1550496926E-01    0.4728595030E+02
    0.5740000000E+00    0.2365626281E-02    0.7808519757E-02    0.9999672406E+00    0.2421403190E-02    0.3755128798E-02    0.1000000000E+01    0.7002123139E-03   -0.4509324238E-02   -0.9175368710E+00    0.3976245291E+00    0.1302548995E-01    0.1582397063E-01    0.4732717438E+02
    0.5745000000E+00    0.2633493997E-02    0.7771852428E-02    0.9999668627E+00    0.2556918791E-02    0.3695486893E-02    0.1000000000E+01    0.6699477968E-03   -0.4540447650E-02   -0.9073164559E+00    0.4204233395E+00    0.1282133013E-01    0.1614129646E-01    0.4736839843E+02
    0.5750000000E+00    0.2901559556E-02    0.7726228060E-02    0.9999664805E+00    0.2691189817E-02    0.3631099215E-02    0.1000000000E+01    0.6392735660E-03   -0.4571519098E-02   -0.8965296427E+00    0.4429596960E+00    0.1261046526E-01    0.1645681996E-01    0.4740962246E+02
    0.5755000000E+00    0.3169530876E-02    0.7671593439E-02    0.9999660939E+00    0.2824054475E-02    0.3561981729E-02    0.1000000000E+01    0.6081876726E-03   -0.4602535172E-02   -0.8851831651E+00    0.4652195300E+00    0.1239288941E-01    0.1677041353E-01    0.4745084646E+02
    0.5760000000E+00    0.3437112613E-02    0.7607904632E-02    0.9999657028E+00    0.2955350647E-02    0.3488155776E-02    0.1000000000E+01    0.5766881824E-03   -0.4633492426E-02   -0.8732841060E+00    0.4871889454E+00    0.1216859883E-01    0.1708194871E-01    0.4749207045E+02
    0.5765000000E+00    0.3704006441E-02    0.7535127141E-02    0.9999653072E+00    0.3084916070E-02    0.3409648113E-02    0.1000000000E+01    0.5447731764E-03   -0.4664387377E-02   -0.8608398932E+00    0.5088542276E+00    0.1193759203E-01    0.1739129629E-01    0.4753329442E+02
    0.5770000000E+00    0.3969911350E-02    0.7453236051E-02    0.9999649071E+00    0.3212588510E-02    0.3326490950E-02    0.1000000000E+01    0.5124407510E-03   -0.4695216512E-02   -0.8478582952E+00    0.5302018518E+00    0.1169986974E-01    0.1769832629E-01    0.4757451836E+02
    0.5775000000E+00    0.4234523941E-02    0.7362216167E-02    0.9999645023E+00    0.3338205938E-02    0.3238721969E-02    0.1000000000E+01    0.4796890185E-03   -0.4725976279E-02   -0.8343474155E+00    0.5512184914E+00    0.1145543502E-01    0.1800290802E-01    0.4761574228E+02
    0.5780000000E+00    0.4497538739E-02    0.7262062146E-02    0.9999640929E+00    0.3461606716E-02    0.3146384355E-02    0.1000000000E+01    0.4465161073E-03   -0.4756663095E-02   -0.8203156884E+00    0.5718910265E+00    0.1120429319E-01    0.1830491011E-01    0.4765696617E+02
    0.5785000000E+00    0.4758648497E-02    0.7152778609E-02    0.9999636787E+00    0.3582629773E-02    0.3049526806E-02    0.1000000000E+01    0.4129201626E-03   -0.4787273340E-02   -0.8057718731E+00    0.5922065519E+00    0.1094645193E-01    0.1860420056E-01    0.4769819005E+02
    0.5790000000E+00    0.5017544516E-02    0.7034380259E-02    0.9999632598E+00    0.3701114793E-02    0.2948203546E-02    0.1000000000E+01    0.3788993462E-03   -0.4817803359E-02   -0.7907250485E+00    0.6121523854E+00    0.1068192128E-01    0.1890064675E-01    0.4773941390E+02
    0.5795000000E+00    0.5273916968E-02    0.6906891976E-02    0.9999628360E+00    0.3816902396E-02    0.2842474327E-02    0.1000000000E+01    0.3444518375E-03   -0.4848249465E-02   -0.7751846076E+00    0.6317160754E+00    0.1041071365E-01    0.1919411550E-01    0.4778063772E+02
    0.5800000000E+00    0.5527455221E-02    0.6770348912E-02    0.9999624074E+00    0.3929834328E-02    0.2732404429E-02    0.1000000000E+01    0.3095758332E-03   -0.4878607932E-02   -0.7591602516E+00    0.6508854090E+00    0.1013284385E-01    0.1948447310E-01    0.4782186152E+02
    0.5805000000E+00    0.5777848176E-02    0.6624796563E-02    0.9999619738E+00    0.4039753642E-02    0.2618064652E-02    0.1000000000E+01    0.2742695483E-03   -0.4908875002E-02   -0.7426619837E+00    0.6696484195E+00    0.9848329130E-02    0.1977158535E-01    0.4786308530E+02
    0.5810000000E+00    0.6024784595E-02    0.6470290847E-02    0.9999615352E+00    0.4146504894E-02    0.2499531300E-02    0.1000000000E+01    0.2385312160E-03   -0.4939046881E-02   -0.7257001030E+00    0.6879933935E+00    0.9557189179E-02    0.2005531762E-01    0.4790430906E+02
    0.5815000000E+00    0.6267953447E-02    0.6306898157E-02    0.9999610915E+00    0.4249934321E-02    0.2376886163E-02    0.1000000000E+01    0.2023590883E-03   -0.4969119739E-02   -0.7082851978E+00    0.7059088790E+00    0.9259446160E-02    0.2033553484E-01    0.4794553278E+02
    0.5820000000E+00    0.6507044253E-02    0.6134695412E-02    0.9999606428E+00    0.4349890036E-02    0.2250216490E-02    0.1000000000E+01    0.1657514363E-03   -0.4999089712E-02   -0.6904281397E+00    0.7233836919E+00    0.8955124728E-02    0.2061210159E-01    0.4798675649E+02
    0.5825000000E+00    0.6741747428E-02    0.5953770092E-02    0.9999601888E+00    0.4446222216E-02    0.2119614953E-02    0.1000000000E+01    0.1287065506E-03   -0.5028952900E-02   -0.6721400757E+00    0.7404069230E+00    0.8644252050E-02    0.2088488213E-01    0.4802798017E+02
    0.5830000000E+00    0.6971754635E-02    0.5764220263E-02    0.9999597296E+00    0.4538783287E-02    0.1985179614E-02    0.1000000000E+01    0.9122274182E-04   -0.5058705369E-02   -0.6534324225E+00    0.7569679455E+00    0.8326857825E-02    0.2115374042E-01    0.4806920382E+02
    0.5835000000E+00    0.7196759139E-02    0.5566154597E-02    0.9999592652E+00    0.4627428115E-02    0.1847013873E-02    0.1000000000E+01    0.5329834065E-04   -0.5088343147E-02   -0.6343168583E+00    0.7730564205E+00    0.8002974300E-02    0.2141854019E-01    0.4811042745E+02
    0.5840000000E+00    0.7416456158E-02    0.5359692368E-02    0.9999587953E+00    0.4712014191E-02    0.1705226422E-02    0.1000000000E+01    0.1493169852E-04   -0.5117862229E-02   -0.6148053160E+00    0.7886623046E+00    0.7672636295E-02    0.2167914497E-01    0.4815165105E+02
    0.5845000000E+00    0.7630543223E-02    0.5144963446E-02    0.9999583201E+00    0.4792401821E-02    0.1559931181E-02    0.1000000000E+01   -0.2387881211E-04   -0.5147258573E-02   -0.5949099760E+00    0.8037758554E+00    0.7335881216E-02    0.2193541814E-01    0.4819287462E+02
    0.5850000000E+00    0.7838720540E-02    0.4922108279E-02    0.9999578393E+00    0.4868454309E-02    0.1411247236E-02    0.1000000000E+01   -0.6313479736E-04   -0.5176528103E-02   -0.5746432579E+00    0.8183876378E+00    0.6992749073E-02    0.2218722296E-01    0.4823409817E+02
    0.5855000000E+00    0.8040691342E-02    0.4691277858E-02    0.9999573531E+00    0.4940038143E-02    0.1259298769E-02    0.1000000000E+01   -0.1028378415E-03   -0.5205666706E-02   -0.5540178134E+00    0.8324885302E+00    0.6643282496E-02    0.2243442264E-01    0.4827532169E+02
    0.5860000000E+00    0.8236162257E-02    0.4452633672E-02    0.9999568612E+00    0.5007023179E-02    0.1104214979E-02    0.1000000000E+01   -0.1429895067E-03   -0.5234670235E-02   -0.5330465182E+00    0.8460697296E+00    0.6287526754E-02    0.2267688037E-01    0.4831654518E+02
    0.5865000000E+00    0.8424843667E-02    0.4206347655E-02    0.9999563636E+00    0.5069282819E-02    0.9461299965E-03    0.1000000000E+01   -0.1835913323E-03   -0.5263534506E-02   -0.5117424636E+00    0.8591227575E+00    0.5925529766E-02    0.2291445934E-01    0.4835776865E+02
    0.5870000000E+00    0.8606450068E-02    0.3952602115E-02    0.9999558603E+00    0.5126694197E-02    0.7851827964E-03    0.1000000000E+01   -0.2246448349E-03   -0.5292255299E-02   -0.4901189490E+00    0.8716394653E+00    0.5557342119E-02    0.2314702286E-01    0.4839899208E+02
    0.5875000000E+00    0.8780700433E-02    0.3691589655E-02    0.9999553512E+00    0.5179138352E-02    0.6215170987E-03    0.1000000000E+01   -0.2661515074E-03   -0.5320828360E-02   -0.4681894731E+00    0.8836120389E+00    0.5183017076E-02    0.2337443433E-01    0.4844021549E+02
    0.5880000000E+00    0.8947318571E-02    0.3423513080E-02    0.9999548363E+00    0.5226500407E-02    0.4552812663E-03    0.1000000000E+01   -0.3081128190E-03   -0.5349249398E-02   -0.4459677254E+00    0.8950330042E+00    0.4802610597E-02    0.2359655733E-01    0.4848143887E+02
    0.5885000000E+00    0.9106033488E-02    0.3148585290E-02    0.9999543154E+00    0.5268669738E-02    0.2866281955E-03    0.1000000000E+01   -0.3505302149E-03   -0.5377514087E-02   -0.4234675782E+00    0.9058952311E+00    0.4416181345E-02    0.2381325564E-01    0.4852266222E+02
    0.5890000000E+00    0.9256579740E-02    0.2867029167E-02    0.9999537884E+00    0.5305540150E-02    0.1157152008E-03    0.1000000000E+01   -0.3934051152E-03   -0.5405618065E-02   -0.4007030775E+00    0.9161919386E+00    0.4023790698E-02    0.2402439334E-01    0.4856388554E+02
    0.5895000000E+00    0.9398697793E-02    0.2579077439E-02    0.9999532555E+00    0.5337010040E-02   -0.5729610775E-04    0.1000000000E+01   -0.4367389152E-03   -0.5433556934E-02   -0.3776884341E+00    0.9259166985E+00    0.3625502763E-02    0.2422983480E-01    0.4860510883E+02
    0.5900000000E+00    0.9532134377E-02    0.2284972545E-02    0.9999527163E+00    0.5362982564E-02   -0.2322399515E-03    0.1000000000E+01   -0.4805329848E-03   -0.5461326260E-02   -0.3544380154E+00    0.9350634397E+00    0.3221384381E-02    0.2442944475E-01    0.4864633209E+02
    0.5905000000E+00    0.9656642831E-02    0.1984966476E-02    0.9999521710E+00    0.5383365798E-02   -0.4089465179E-03    0.1000000000E+01   -0.5247886680E-03   -0.5488921574E-02   -0.3309663357E+00    0.9436264521E+00    0.2811505140E-02    0.2462308836E-01    0.4868755532E+02
    0.5910000000E+00    0.9771983455E-02    0.1679320610E-02    0.9999516193E+00    0.5398072895E-02   -0.5872420999E-03    0.1000000000E+01   -0.5695072822E-03   -0.5516338370E-02   -0.3072880474E+00    0.9516003897E+00    0.2395937381E-02    0.2481063123E-01    0.4872877852E+02
    0.5915000000E+00    0.9877923850E-02    0.1368305533E-02    0.9999510613E+00    0.5407022240E-02   -0.7669492425E-03    0.1000000000E+01   -0.6146901184E-03   -0.5543572109E-02   -0.2834179320E+00    0.9589802745E+00    0.1974756206E-02    0.2499193952E-01    0.4877000169E+02
    0.5920000000E+00    0.9974239262E-02    0.1052200850E-02    0.9999504969E+00    0.5410137599E-02   -0.9478868934E-03    0.1000000000E+01   -0.6603384403E-03   -0.5570618212E-02   -0.2593708910E+00    0.9657614991E+00    0.1548039482E-02    0.2516687991E-01    0.4881122483E+02
    0.5925000000E+00    0.1006071291E-01    0.7312949762E-03    0.9999499259E+00    0.5407348264E-02   -0.1129870561E-02    0.1000000000E+01   -0.7064534840E-03   -0.5597472068E-02   -0.2351619358E+00    0.9719398300E+00    0.1115867852E-02    0.2533531974E-01    0.4885244793E+02
    0.5930000000E+00    0.1013713633E-01    0.4058849302E-03    0.9999493484E+00    0.5398589196E-02   -0.1312712478E-02    0.1000000000E+01   -0.7530364576E-03   -0.5624129028E-02   -0.2108061795E+00    0.9775114101E+00    0.6783247331E-03    0.2549712699E-01    0.4889367101E+02
    0.5935000000E+00    0.1020330967E-01    0.7627610052E-04    0.9999487642E+00    0.5383801162E-02   -0.1496221768E-02    0.1000000000E+01   -0.8000885408E-03   -0.5650584407E-02   -0.1863188264E+00    0.9824727608E+00    0.2354963265E-03    0.2565217038E-01    0.4893489405E+02
    0.5940000000E+00    0.1025904205E-01   -0.2572179904E-03    0.9999481733E+00    0.5362930867E-02   -0.1680204620E-02    0.1000000000E+01   -0.8476108844E-03   -0.5676833486E-02   -0.1617151632E+00    0.9868207847E+00   -0.2125283845E-03    0.2580031940E-01    0.4897611706E+02
    0.5945000000E+00    0.1030415185E-01   -0.5942759374E-03    0.9999475755E+00    0.5335931077E-02   -0.1864464469E-02    0.1000000000E+01   -0.8956046097E-03   -0.5702871509E-02   -0.1370105491E+00    0.9905527672E+00   -0.6656576302E-03    0.2594144437E-01    0.4901734003E+02
    0.5950000000E+00    0.1033846702E-01   -0.9345687142E-03    0.9999469709E+00    0.5302760747E-02   -0.2048802178E-02    0.1000000000E+01   -0.9440708085E-03   -0.5728693685E-02   -0.1122204066E+00    0.9936663782E+00   -0.1123796854E-02    0.2607541651E-01    0.4905856297E+02
    0.5955000000E+00    0.1036182535E-01   -0.1277759947E-02    0.9999463593E+00    0.5263385134E-02   -0.2233016227E-02    0.1000000000E+01   -0.9930105422E-03   -0.5754295186E-02   -0.8736021118E-01    0.9961596737E+00   -0.1586848711E-02    0.2620210794E-01    0.4909978588E+02
    0.5960000000E+00    0.1037407485E-01   -0.1623506200E-02    0.9999457406E+00    0.5217775908E-02   -0.2416902908E-02    0.1000000000E+01   -0.1042424842E-02   -0.5779671149E-02   -0.6244548243E-01    0.9980310970E+00   -0.2054713072E-02    0.2632139181E-01    0.4914100875E+02
    0.5965000000E+00    0.1037507392E-01   -0.1971457270E-02    0.9999451148E+00    0.5165911257E-02   -0.2600256525E-02    0.1000000000E+01   -0.1092314707E-02   -0.5804816677E-02   -0.3749177383E-01    0.9992794794E+00   -0.2527287021E-02    0.2643314228E-01    0.4918223158E+02
    0.5970000000E+00    0.1036469172E-01   -0.2321256492E-02    0.9999444818E+00    0.5107775987E-02   -0.2782869591E-02    0.1000000000E+01   -0.1142681105E-02   -0.5829726834E-02   -0.1251466326E-01    0.9999040413E+00   -0.3004464862E-02    0.2653723464E-01    0.4922345439E+02
    0.5975000000E+00    0.1034280837E-01   -0.2672541058E-02    0.9999438415E+00    0.5043361615E-02   -0.2964533043E-02    0.1000000000E+01   -0.1193524974E-02   -0.5854396650E-02    0.1247025679E-01    0.9999043926E+00   -0.3486138119E-02    0.2663354531E-01    0.4926467715E+02
    0.5980000000E+00    0.1030931526E-01   -0.3024942346E-02    0.9999431938E+00    0.4972666454E-02   -0.3145036447E-02    0.1000000000E+01   -0.1244847215E-02   -0.5878821121E-02    0.3744738893E-01    0.9992805326E+00   -0.3972195545E-02    0.2672195195E-01    0.4930589988E+02
    0.5985000000E+00    0.1026411527E-01   -0.3378086254E-02    0.9999425387E+00    0.4895695696E-02   -0.3324168217E-02    0.1000000000E+01   -0.1296648702E-02   -0.5902995206E-02    0.6240114060E-01    0.9980328507E+00   -0.4462523123E-02    0.2680233344E-01    0.4934712257E+02
    0.5990000000E+00    0.1020712301E-01   -0.3731593550E-02    0.9999418760E+00    0.4812461483E-02   -0.3501715833E-02    0.1000000000E+01   -0.1348930269E-02   -0.5926913828E-02    0.8731593385E-01    0.9961621253E+00   -0.4957004075E-02    0.2687457003E-01    0.4938834523E+02
    0.5995000000E+00    0.1013826506E-01   -0.4085080229E-02    0.9999412056E+00    0.4722982977E-02   -0.3677466063E-02    0.1000000000E+01   -0.1401692723E-02   -0.5950571875E-02    0.1121762150E+00    0.9936695239E+00   -0.5455518871E-02    0.2693854332E-01    0.4942956785E+02
    0.6000000000E+00    0.1005748018E-01   -0.4438157878E-02    0.9999405275E+00    0.4627286415E-02   -0.3851205189E-02    0.1000000000E+01   -0.1454936830E-02   -0.5973964201E-02    0.1369664644E+00    0.9905566024E+00   -0.5957945236E-02    0.2699413634E-01    0.4947079043E+02
    0.6005000000E+00    0.9964719528E-02   -0.4790434056E-02    0.9999398416E+00    0.4525405168E-02   -0.4022719238E-02    0.1000000000E+01   -0.1508663327E-02   -0.5997085622E-02    0.1616712062E+00    0.9868253037E+00   -0.6464158158E-02    0.2704123363E-01    0.4951201297E+02
    0.6010000000E+00    0.9859946841E-02   -0.5141512673E-02    0.9999391478E+00    0.4417379779E-02   -0.4191794211E-02    0.1000000000E+01   -0.1562872912E-02   -0.6019930922E-02    0.1862750176E+00    0.9824779569E+00   -0.6974029904E-02    0.2707972124E-01    0.4955323547E+02
    0.6015000000E+00    0.9743138637E-02   -0.5490994387E-02    0.9999384460E+00    0.4303258011E-02   -0.4358216321E-02    0.1000000000E+01   -0.1617566249E-02   -0.6042494847E-02    0.2107625391E+00    0.9775172755E+00   -0.7487430027E-02    0.2710948686E-01    0.4959445794E+02
    0.6020000000E+00    0.9614284374E-02   -0.5838477002E-02    0.9999377361E+00    0.4183094868E-02   -0.4521772226E-02    0.1000000000E+01   -0.1672743965E-02   -0.6064772109E-02    0.2351184838E+00    0.9719463561E+00   -0.8004225380E-02    0.2713041981E-01    0.4963568036E+02
    0.6025000000E+00    0.9473386622E-02   -0.6183555881E-02    0.9999370180E+00    0.4056952624E-02   -0.4682249273E-02    0.1000000000E+01   -0.1728406652E-02   -0.6086757385E-02    0.2593276466E+00    0.9657686761E+00   -0.8524280132E-02    0.2714241114E-01    0.4967690275E+02
    0.6030000000E+00    0.9320461204E-02   -0.6525824357E-02    0.9999362916E+00    0.3924900838E-02   -0.4839435737E-02    0.1000000000E+01   -0.1784554862E-02   -0.6108445318E-02    0.2833749143E+00    0.9589880918E+00   -0.9047455781E-02    0.2714535368E-01    0.4971812509E+02
    0.6035000000E+00    0.9155537334E-02   -0.6864874160E-02    0.9999355569E+00    0.3787016358E-02   -0.4993121064E-02    0.1000000000E+01   -0.1841189112E-02   -0.6129830514E-02    0.3072452746E+00    0.9516088359E+00   -0.9573611170E-02    0.2713914205E-01    0.4975934739E+02
    0.6040000000E+00    0.8978657738E-02   -0.7200295846E-02    0.9999348136E+00    0.3643383327E-02   -0.5143096117E-02    0.1000000000E+01   -0.1898309880E-02   -0.6150907547E-02    0.3309238257E+00    0.9436355146E+00   -0.1010260250E-01    0.2712367280E-01    0.4980056966E+02
    0.6045000000E+00    0.8789878768E-02   -0.7531679231E-02    0.9999340619E+00    0.3494093167E-02   -0.5289153420E-02    0.1000000000E+01   -0.1955917605E-02   -0.6171670953E-02    0.3543957856E+00    0.9350731052E+00   -0.1063428337E-01    0.2709884439E-01    0.4984179187E+02
    0.6050000000E+00    0.8589270490E-02   -0.7858613837E-02    0.9999333014E+00    0.3339244570E-02   -0.5431087409E-02    0.1000000000E+01   -0.2014012687E-02   -0.6192115235E-02    0.3776465010E+00    0.9259269527E+00   -0.1116850477E-01    0.2706455729E-01    0.4988301405E+02
    0.6055000000E+00    0.8376916770E-02   -0.8180689336E-02    0.9999325322E+00    0.3178943468E-02   -0.5568694673E-02    0.1000000000E+01   -0.2072595487E-02   -0.6212234863E-02    0.4006614570E+00    0.9162027666E+00   -0.1170511509E-01    0.2702071404E-01    0.4992423619E+02
    0.6060000000E+00    0.8152915340E-02   -0.8497496002E-02    0.9999317541E+00    0.3013303002E-02   -0.5701774210E-02    0.1000000000E+01   -0.2131666326E-02   -0.6232024270E-02    0.4234262855E+00    0.9059066170E+00   -0.1224396019E-01    0.2696721926E-01    0.4996545828E+02
    0.6065000000E+00    0.7917377851E-02   -0.8808625172E-02    0.9999309670E+00    0.2842443482E-02   -0.5830127671E-02    0.1000000000E+01   -0.2191225484E-02   -0.6251477857E-02    0.4459267748E+00    0.8950449313E+00   -0.1278488340E-01    0.2690397976E-01    0.5000668032E+02
    0.6070000000E+00    0.7670429910E-02   -0.9113669702E-02    0.9999301709E+00    0.2666492338E-02   -0.5953559608E-02    0.1000000000E+01   -0.2251273201E-02   -0.6270589989E-02    0.4681488783E+00    0.8836244900E+00   -0.1332772551E-01    0.2683090458E-01    0.5004790233E+02
    0.6075000000E+00    0.7412211102E-02   -0.9412224436E-02    0.9999293655E+00    0.2485584059E-02   -0.6071877724E-02    0.1000000000E+01   -0.2311809673E-02   -0.6289354997E-02    0.4900787228E+00    0.8716524222E+00   -0.1387232484E-01    0.2674790502E-01    0.5008912428E+02
    0.6080000000E+00    0.7142875003E-02   -0.9703886670E-02    0.9999285509E+00    0.2299860128E-02   -0.6184893120E-02    0.1000000000E+01   -0.2372835057E-02   -0.6307767181E-02    0.5117026177E+00    0.8591362015E+00   -0.1441851726E-01    0.2665489474E-01    0.5013034619E+02
    0.6085000000E+00    0.6862589166E-02   -0.9988256626E-02    0.9999277269E+00    0.2109468949E-02   -0.6292420541E-02    0.1000000000E+01   -0.2434349466E-02   -0.6325820802E-02    0.5330070636E+00    0.8460836413E+00   -0.1496613620E-01    0.2655178978E-01    0.5017156806E+02
    0.6090000000E+00    0.6571535102E-02   -0.1026493792E-01    0.9999268934E+00    0.1914565764E-02   -0.6394278623E-02    0.1000000000E+01   -0.2496352970E-02   -0.6343510093E-02    0.5539787602E+00    0.8325028897E+00   -0.1551501267E-01    0.2643850863E-01    0.5021278988E+02
    0.6095000000E+00    0.6269908242E-02   -0.1053353805E-01    0.9999260503E+00    0.1715312557E-02   -0.6490290136E-02    0.1000000000E+01   -0.2558845595E-02   -0.6360829248E-02    0.5746046150E+00    0.8184024246E+00   -0.1606497533E-01    0.2631497231E-01    0.5025401165E+02
    0.6100000000E+00    0.5957917881E-02   -0.1079366885E-01    0.9999251975E+00    0.1511877961E-02   -0.6580282224E-02    0.1000000000E+01   -0.2621827325E-02   -0.6377772433E-02    0.5948717514E+00    0.8037910484E+00   -0.1661585047E-01    0.2618110436E-01    0.5029523338E+02
    0.6105000000E+00    0.5635787110E-02   -0.1104494698E-01    0.9999243348E+00    0.1304437141E-02   -0.6664086651E-02    0.1000000000E+01   -0.2685298097E-02   -0.6394333776E-02    0.6147675168E+00    0.7886778822E+00   -0.1716746210E-01    0.2603683098E-01    0.5033645505E+02
    0.6110000000E+00    0.5303752729E-02   -0.1128699440E-01    0.9999234622E+00    0.1093171685E-02   -0.6741540033E-02    0.1000000000E+01   -0.2749257804E-02   -0.6410507374E-02    0.6342794903E+00    0.7730723609E+00   -0.1771963192E-01    0.2588208101E-01    0.5037767668E+02
    0.6115000000E+00    0.4962065144E-02   -0.1151943885E-01    0.9999225796E+00    0.8782694737E-03   -0.6812484076E-02    0.1000000000E+01   -0.2813706294E-02   -0.6426287293E-02    0.6533954906E+00    0.7569842262E+00   -0.1827217941E-01    0.2571678604E-01    0.5041889826E+02
    0.6120000000E+00    0.4610988252E-02   -0.1174191433E-01    0.9999216867E+00    0.6599245483E-03   -0.6876765812E-02    0.1000000000E+01   -0.2878643368E-02   -0.6441667562E-02    0.6721035836E+00    0.7404235215E+00   -0.1882492181E-01    0.2554088042E-01    0.5046011979E+02
    0.6125000000E+00    0.4250799304E-02   -0.1195406156E-01    0.9999207836E+00    0.4383369684E-03   -0.6934237819E-02    0.1000000000E+01   -0.2944068781E-02   -0.6456642180E-02    0.6903920899E+00    0.7234005851E+00   -0.1937767422E-01    0.2535430137E-01    0.5050134126E+02
    0.6130000000E+00    0.3881788756E-02   -0.1215552844E-01    0.9999198700E+00    0.2137126618E-03   -0.6984758459E-02    0.1000000000E+01   -0.3009982241E-02   -0.6471205113E-02    0.7082495917E+00    0.7059260438E+00   -0.1993024957E-01    0.2515698895E-01    0.5054256269E+02
    0.6135000000E+00    0.3504260102E-02   -0.1234597057E-01    0.9999189460E+00   -0.1373673426E-04   -0.7028192090E-02    0.1000000000E+01   -0.3076383408E-02   -0.6485350295E-02    0.7256649408E+00    0.6880108065E+00   -0.2048245873E-01    0.2494888622E-01    0.5058378407E+02
    0.6140000000E+00    0.3118529690E-02   -0.1252505166E-01    0.9999180112E+00   -0.2437940395E-03   -0.7064409290E-02    0.1000000000E+01   -0.3143271895E-02   -0.6499071628E-02    0.7426272645E+00    0.6696660571E+00   -0.2103411048E-01    0.2472993920E-01    0.5062500539E+02
    0.6145000000E+00    0.2724926526E-02   -0.1269244403E-01    0.9999170657E+00   -0.4762367050E-03   -0.7093287067E-02    0.1000000000E+01   -0.3210647264E-02   -0.6512362981E-02    0.7591259731E+00    0.6509032477E+00   -0.2158501160E-01    0.2450009697E-01    0.5066622666E+02
    0.6150000000E+00    0.2323792054E-02   -0.1284782906E-01    0.9999161093E+00   -0.7108369961E-03   -0.7114709074E-02    0.1000000000E+01   -0.3278509030E-02   -0.6525218192E-02    0.7751507664E+00    0.6317340914E+00   -0.2213496689E-01    0.2425931171E-01    0.5070744788E+02
    0.6155000000E+00    0.1915479928E-02   -0.1299089764E-01    0.9999151419E+00   -0.9473621824E-03   -0.7128565806E-02    0.1000000000E+01   -0.3346856657E-02   -0.6537631067E-02    0.7906916399E+00    0.6121705551E+00   -0.2268377922E-01    0.2400753876E-01    0.5074866904E+02
    0.6160000000E+00    0.1500355765E-02   -0.1312135061E-01    0.9999141633E+00   -0.1185574736E-02   -0.7134754804E-02    0.1000000000E+01   -0.3415689559E-02   -0.6549595382E-02    0.8057388913E+00    0.5922248517E+00   -0.2323124958E-01    0.2374473667E-01    0.5078989015E+02
    0.6165000000E+00    0.1078796877E-02   -0.1323889922E-01    0.9999131734E+00   -0.1425232535E-02   -0.7133180848E-02    0.1000000000E+01   -0.3485007102E-02   -0.6561104880E-02    0.8202831262E+00    0.5719094329E+00   -0.2377717711E-01    0.2347086724E-01    0.5083111120E+02
    0.6170000000E+00    0.6511919980E-03   -0.1334326558E-01    0.9999121721E+00   -0.1666089082E-02   -0.7123756146E-02    0.1000000000E+01   -0.3554808595E-02   -0.6572153274E-02    0.8343152646E+00    0.5512369812E+00   -0.2432135916E-01    0.2318589557E-01    0.5087233220E+02
    0.6175000000E+00    0.2179409817E-03   -0.1343418303E-01    0.9999111593E+00   -0.1907893716E-02   -0.7106400511E-02    0.1000000000E+01   -0.3625093301E-02   -0.6582734246E-02    0.8478265458E+00    0.5302204019E+00   -0.2486359134E-01    0.2288979013E-01    0.5091355314E+02
    0.6180000000E+00   -0.2205455036E-03   -0.1351139665E-01    0.9999101348E+00   -0.2150391848E-02   -0.7081041545E-02    0.1000000000E+01   -0.3695860427E-02   -0.6592841449E-02    0.8608085344E+00    0.5088728153E+00   -0.2540366754E-01    0.2258252280E-01    0.5095477402E+02
    0.6185000000E+00   -0.6638463041E-03   -0.1357466361E-01    0.9999090984E+00   -0.2393325189E-02   -0.7047614800E-02    0.1000000000E+01   -0.3767109128E-02   -0.6602468502E-02    0.8732531256E+00    0.4872075482E+00   -0.2594138004E-01    0.2226406890E-01    0.5099599485E+02
    0.6190000000E+00   -0.1111530121E-02   -0.1362375358E-01    0.9999080502E+00   -0.2636431995E-02   -0.7006063948E-02    0.1000000000E+01   -0.3838838507E-02   -0.6611608998E-02    0.8851525496E+00    0.4652381260E+00   -0.2647651949E-01    0.2193440727E-01    0.5103721562E+02
    0.6195000000E+00   -0.1563155869E-02   -0.1365844916E-01    0.9999069898E+00   -0.2879447312E-02   -0.6956340929E-02    0.1000000000E+01   -0.3911047611E-02   -0.6620256497E-02    0.8964993775E+00    0.4429782636E+00   -0.2700887501E-01    0.2159352030E-01    0.5107843632E+02
    0.6200000000E+00   -0.2018273045E-02   -0.1367854626E-01    0.9999059173E+00   -0.3122103231E-02   -0.6898406105E-02    0.1000000000E+01   -0.3983735435E-02   -0.6628404533E-02    0.9072865250E+00    0.4204418577E+00   -0.2753823425E-01    0.2124139395E-01    0.5111965697E+02
    0.6205000000E+00   -0.2476422116E-02   -0.1368385446E-01    0.9999048323E+00   -0.3364129150E-02   -0.6832228400E-02    0.1000000000E+01   -0.4056900915E-02   -0.6636046606E-02    0.9175072572E+00    0.3976429774E+00   -0.2806438339E-01    0.2087801788E-01    0.5116087756E+02
    0.6210000000E+00   -0.2937134920E-02   -0.1367419736E-01    0.9999037349E+00   -0.3605252035E-02   -0.6757785428E-02    0.1000000000E+01   -0.4130542937E-02   -0.6643176191E-02    0.9271551929E+00    0.3745958557E+00   -0.2858710726E-01    0.2050338538E-01    0.5120209808E+02
    0.6215000000E+00   -0.3399935078E-02   -0.1364941301E-01    0.9999026248E+00   -0.3845196697E-02   -0.6675063626E-02    0.1000000000E+01   -0.4204660325E-02   -0.6649786732E-02    0.9362243085E+00    0.3513148807E+00   -0.2910618935E-01    0.2011749352E-01    0.5124331855E+02
    0.6220000000E+00   -0.3864338427E-02   -0.1360935416E-01    0.9999015019E+00   -0.4083686068E-02   -0.6584058360E-02    0.1000000000E+01   -0.4279251850E-02   -0.6655871646E-02    0.9447089416E+00    0.3278145864E+00   -0.2962141191E-01    0.1972034314E-01    0.5128453895E+02
    0.6225000000E+00   -0.4329853459E-02   -0.1355388867E-01    0.9999003661E+00   -0.4320441483E-02   -0.6484774045E-02    0.1000000000E+01   -0.4354316226E-02   -0.6661424319E-02    0.9526037948E+00    0.3041096439E+00   -0.3013255595E-01    0.1931193888E-01    0.5132575929E+02
    0.6230000000E+00   -0.4795981773E-02   -0.1348289976E-01    0.9998992171E+00   -0.4555182965E-02   -0.6377224235E-02    0.1000000000E+01   -0.4429852108E-02   -0.6666438111E-02    0.9599039388E+00    0.2802148519E+00   -0.3063940137E-01    0.1889228927E-01    0.5136697956E+02
    0.6235000000E+00   -0.5262218551E-02   -0.1339628640E-01    0.9998980550E+00   -0.4787629522E-02   -0.6261431717E-02    0.1000000000E+01   -0.4505858092E-02   -0.6670906355E-02    0.9666048157E+00    0.2561451279E+00   -0.3114172697E-01    0.1846140673E-01    0.5140819977E+02
    0.6240000000E+00   -0.5728053031E-02   -0.1329396351E-01    0.9998968794E+00   -0.5017499443E-02   -0.6137428595E-02    0.1000000000E+01   -0.4582332718E-02   -0.6674822355E-02    0.9727022415E+00    0.2319154983E+00   -0.3163931053E-01    0.1801930765E-01    0.5144941991E+02
    0.6245000000E+00   -0.6192969002E-02   -0.1317586230E-01    0.9998956903E+00   -0.5244510596E-02   -0.6005256356E-02    0.1000000000E+01   -0.4659274463E-02   -0.6678179387E-02    0.9781924091E+00    0.2075410897E+00   -0.3213192888E-01    0.1756601238E-01    0.5149063999E+02
    0.6250000000E+00   -0.6656445309E-02   -0.1304193052E-01    0.9998944874E+00   -0.5468380735E-02   -0.5864965941E-02    0.1000000000E+01   -0.4736681747E-02   -0.6680970703E-02    0.9830718904E+00    0.1830371189E+00   -0.3261935795E-01    0.1710154532E-01    0.5153186000E+02
    0.6255000000E+00   -0.7117956367E-02   -0.1289213270E-01    0.9998932707E+00   -0.5688827810E-02   -0.5716617789E-02    0.1000000000E+01   -0.4814552929E-02   -0.6683189526E-02    0.9873376385E+00    0.1584188837E+00   -0.3310137285E-01    0.1662593492E-01    0.5157307994E+02
    0.6260000000E+00   -0.7576972689E-02   -0.1272645037E-01    0.9998920400E+00   -0.5905570276E-02   -0.5560281887E-02    0.1000000000E+01   -0.4892886305E-02   -0.6684829054E-02    0.9909869898E+00    0.1337017532E+00   -0.3357774794E-01    0.1613921374E-01    0.5161429981E+02
    0.6265000000E+00   -0.8032961419E-02   -0.1254488231E-01    0.9998907951E+00   -0.6118327411E-02   -0.5396037801E-02    0.1000000000E+01   -0.4971680113E-02   -0.6685882458E-02    0.9940176654E+00    0.1089011583E+00   -0.3404825686E-01    0.1564141848E-01    0.5165551962E+02
    0.6270000000E+00   -0.8485386883E-02   -0.1234744474E-01    0.9998895359E+00   -0.6326819631E-02   -0.5223974697E-02    0.1000000000E+01   -0.5050932525E-02   -0.6686342884E-02    0.9964277726E+00    0.8403258220E-01   -0.3451267265E-01    0.1513259001E-01    0.5169673935E+02
    0.6275000000E+00   -0.8933711141E-02   -0.1213417146E-01    0.9998882621E+00   -0.6530768812E-02   -0.5044191359E-02    0.1000000000E+01   -0.5130641652E-02   -0.6686203453E-02    0.9982158063E+00    0.5911155033E-01   -0.3497076778E-01    0.1461277340E-01    0.5173795901E+02
    0.6280000000E+00   -0.9377394552E-02   -0.1190511410E-01    0.9998869737E+00   -0.6729898612E-02   -0.4856796184E-02    0.1000000000E+01   -0.5210805544E-02   -0.6685457261E-02    0.9993806494E+00    0.3415362103E-01   -0.3542231426E-01    0.1408201799E-01    0.5177917860E+02
    0.6285000000E+00   -0.9815896350E-02   -0.1166034217E-01    0.9998856704E+00   -0.6923934796E-02   -0.4661907182E-02    0.1000000000E+01   -0.5291422184E-02   -0.6684097378E-02    0.9999215742E+00    0.9174375685E-02   -0.3586708366E-01    0.1354037735E-01    0.5182039812E+02
    0.6290000000E+00   -0.1024867522E-01   -0.1139994329E-01    0.9998843520E+00   -0.7112605558E-02   -0.4459651950E-02    0.1000000000E+01   -0.5372489491E-02   -0.6682116851E-02    0.9998382424E+00   -0.1581059098E-01   -0.3630484724E-01    0.1298790939E-01    0.5186161756E+02
    0.6295000000E+00   -0.1067518990E-01   -0.1112402321E-01    0.9998830185E+00   -0.7295641851E-02   -0.4250167648E-02    0.1000000000E+01   -0.5454005322E-02   -0.6679508704E-02    0.9991307053E+00   -0.4078568061E-01   -0.3673537596E-01    0.1242467635E-01    0.5190283693E+02
    0.6300000000E+00   -0.1109489975E-01   -0.1083270597E-01    0.9998816696E+00   -0.7472777715E-02   -0.4033600955E-02    0.1000000000E+01   -0.5535967465E-02   -0.6676265934E-02    0.9977994041E+00   -0.6573530102E-01   -0.3715844063E-01    0.1185074482E-01    0.5194405623E+02
    0.6305000000E+00   -0.1150726538E-01   -0.1052613394E-01    0.9998803052E+00   -0.7643750599E-02   -0.3810108019E-02    0.1000000000E+01   -0.5618373645E-02   -0.6672381519E-02    0.9958451692E+00   -0.9064387585E-01   -0.3757381191E-01    0.1126618579E-01    0.5198527545E+02
    0.6310000000E+00   -0.1191174924E-01   -0.1020446791E-01    0.9998789250E+00   -0.7808301696E-02   -0.3579854397E-02    0.1000000000E+01   -0.5701221518E-02   -0.6667848412E-02    0.9932692201E+00   -0.1154958543E+00   -0.3798126045E-01    0.1067107467E-01    0.5202649459E+02
    0.6315000000E+00   -0.1230781623E-01   -0.9867887057E-02    0.9998775290E+00   -0.7966176265E-02   -0.3343014975E-02    0.1000000000E+01   -0.5784508674E-02   -0.6662659542E-02    0.9900731642E+00   -0.1402757211E+00   -0.3838055691E-01    0.1006549131E-01    0.5206771365E+02
    0.6320000000E+00   -0.1269493434E-01   -0.9516589047E-02    0.9998761168E+00   -0.8117123960E-02   -0.3099773892E-02    0.1000000000E+01   -0.5868232636E-02   -0.6656807819E-02    0.9862589964E+00   -0.1649680055E+00   -0.3877147208E-01    0.9449520028E-02    0.5210893263E+02
    0.6325000000E+00   -0.1307257525E-01   -0.9150789968E-02    0.9998746884E+00   -0.8260899155E-02   -0.2850324439E-02    0.1000000000E+01   -0.5952390857E-02   -0.6650286130E-02    0.9818290971E+00   -0.1895572918E+00   -0.3915377696E-01    0.8823249638E-02    0.5215015154E+02
    0.6330000000E+00   -0.1344021493E-01   -0.8770724331E-02    0.9998732435E+00   -0.8397261269E-02   -0.2594868953E-02    0.1000000000E+01   -0.6036980724E-02   -0.6643087340E-02    0.9767862313E+00   -0.2140282285E+00   -0.3952724280E-01    0.8186773461E-02    0.5219137036E+02
    0.6335000000E+00   -0.1379733432E-01   -0.8376645019E-02    0.9998717819E+00   -0.8525975086E-02   -0.2333618701E-02    0.1000000000E+01   -0.6121999552E-02   -0.6635204295E-02    0.9711335468E+00   -0.2383655377E+00   -0.3989164121E-01    0.7540189352E-02    0.5223258910E+02
    0.6340000000E+00   -0.1414341992E-01   -0.7968823226E-02    0.9998703035E+00   -0.8646811080E-02   -0.2066793748E-02    0.1000000000E+01   -0.6207444587E-02   -0.6626629817E-02    0.9648745718E+00   -0.2625540251E+00   -0.4024674426E-01    0.6883599721E-02    0.5227380776E+02
    0.6345000000E+00   -0.1447796442E-01   -0.7547548361E-02    0.9998688081E+00   -0.8759545727E-02   -0.1794622821E-02    0.1000000000E+01   -0.6293313006E-02   -0.6617356712E-02    0.9580132134E+00   -0.2865785894E+00   -0.4059232453E-01    0.6217111544E-02    0.5231502634E+02
    0.6350000000E+00   -0.1480046734E-01   -0.7113127952E-02    0.9998672954E+00   -0.8863961823E-02   -0.1517343152E-02    0.1000000000E+01   -0.6379601912E-02   -0.6607377763E-02    0.9505537544E+00   -0.3104242312E+00   -0.4092815517E-01    0.5540836386E-02    0.5235624483E+02
    0.6355000000E+00   -0.1511043566E-01   -0.6665887508E-02    0.9998657653E+00   -0.8959848795E-02   -0.1235200322E-02    0.1000000000E+01   -0.6466308339E-02   -0.6596685737E-02    0.9425008513E+00   -0.3340760631E+00   -0.4125401007E-01    0.4854890413E-02    0.5239746323E+02
    0.6360000000E+00   -0.1540738442E-01   -0.6206170371E-02    0.9998642176E+00   -0.9047003009E-02   -0.9484480815E-03    0.1000000000E+01   -0.6553429248E-02   -0.6585273380E-02    0.9338595310E+00   -0.3575193185E+00   -0.4156966386E-01    0.4159394407E-02    0.5243868155E+02
    0.6365000000E+00   -0.1569083739E-01   -0.5734337548E-02    0.9998626520E+00   -0.9125228073E-02   -0.6573481712E-03    0.1000000000E+01   -0.6640961528E-02   -0.6573133419E-02    0.9246351878E+00   -0.3807393611E+00   -0.4187489202E-01    0.3454473777E-02    0.5247989979E+02
    0.6370000000E+00   -0.1596032766E-01   -0.5250767516E-02    0.9998610684E+00   -0.9194335135E-02   -0.3621701228E-03    0.1000000000E+01   -0.6728901994E-02   -0.6560258566E-02    0.9148335799E+00   -0.4037216938E+00   -0.4216947100E-01    0.2740258569E-02    0.5252111793E+02
    0.6375000000E+00   -0.1621539826E-01   -0.4755856006E-02    0.9998594665E+00   -0.9254143180E-02   -0.6319105491E-04    0.1000000000E+01   -0.6817247387E-02   -0.6546641513E-02    0.9044608260E+00   -0.4264519679E+00   -0.4245317826E-01    0.2016883481E-02    0.5256233598E+02
    0.6380000000E+00   -0.1645560281E-01   -0.4250015771E-02    0.9998578462E+00   -0.9304479317E-02    0.2393045446E-03    0.1000000000E+01   -0.6905994373E-02   -0.6532274935E-02    0.8935234014E+00   -0.4489159920E+00   -0.4272579237E-01    0.1284487862E-02    0.5260355395E+02
    0.6385000000E+00   -0.1668050609E-01   -0.3733676324E-02    0.9998562072E+00   -0.9345179066E-02    0.5450250458E-03    0.1000000000E+01   -0.6995139547E-02   -0.6517151493E-02    0.8820281339E+00   -0.4710997409E+00   -0.4298709312E-01    0.5432157283E-03    0.5264477182E+02
    0.6390000000E+00   -0.1688968468E-01   -0.3207283667E-02    0.9998545493E+00   -0.9376086629E-02    0.8536719146E-03    0.1000000000E+01   -0.7084679423E-02   -0.6501263830E-02    0.8699821996E+00   -0.4929893644E+00   -0.4323686159E-01   -0.2067842400E-03    0.5268598960E+02
    0.6395000000E+00   -0.1708272754E-01   -0.2671299984E-02    0.9998528723E+00   -0.9397055169E-02    0.1164939961E-02    0.1000000000E+01   -0.7174610443E-02   -0.6484604573E-02    0.8573931184E+00   -0.5145711957E+00   -0.4347488024E-01   -0.9653586901E-03    0.5272720729E+02
    0.6400000000E+00   -0.1725923662E-01   -0.2126203324E-02    0.9998511760E+00   -0.9407947069E-02    0.1478517598E-02    0.1000000000E+01   -0.7264928971E-02   -0.6467166335E-02    0.8442687493E+00   -0.5358317605E+00   -0.4370093299E-01   -0.1732349597E-02    0.5276842488E+02
    0.6405000000E+00   -0.1741882742E-01   -0.1572487257E-02    0.9998494602E+00   -0.9408634191E-02    0.1794087109E-02    0.1000000000E+01   -0.7355631293E-02   -0.6448941714E-02    0.8306172857E+00   -0.5567577845E+00   -0.4391480535E-01   -0.2507594262E-02    0.5280964237E+02
    0.6410000000E+00   -0.1756112961E-01   -0.1010660514E-02    0.9998477245E+00   -0.9398998128E-02    0.2111324927E-02    0.1000000000E+01   -0.7446713621E-02   -0.6429923296E-02    0.8164472498E+00   -0.5773362027E+00   -0.4411628444E-01   -0.3290925314E-02    0.5285085977E+02
    0.6415000000E+00   -0.1768578756E-01   -0.4412465968E-03    0.9998459689E+00   -0.9378930444E-02    0.2429901923E-02    0.1000000000E+01   -0.7538172083E-02   -0.6410103649E-02    0.8017674877E+00   -0.5975541668E+00   -0.4430515917E-01   -0.4082170715E-02    0.5289207707E+02
    0.6420000000E+00   -0.1779246094E-01    0.1352166182E-03    0.9998441930E+00   -0.9348332908E-02    0.2749483700E-02    0.1000000000E+01   -0.7630002734E-02   -0.6389475333E-02    0.7865871638E+00   -0.6173990536E+00   -0.4448122025E-01   -0.4881153759E-02    0.5293329427E+02
    0.6425000000E+00   -0.1788082522E-01    0.7181773115E-03    0.9998423967E+00   -0.9307117721E-02    0.3069730906E-02    0.1000000000E+01   -0.7722201545E-02   -0.6368030892E-02    0.7709157551E+00   -0.6368584727E+00   -0.4464426034E-01   -0.5687693083E-02    0.5297451137E+02
    0.6430000000E+00   -0.1795057227E-01    0.1307070163E-02    0.9998405797E+00   -0.9255207732E-02    0.3390299542E-02    0.1000000000E+01   -0.7814764411E-02   -0.6345762859E-02    0.7547630451E+00   -0.6559202745E+00   -0.4479407410E-01   -0.6501602673E-02    0.5301572837E+02
    0.6435000000E+00   -0.1800141082E-01    0.1901316819E-02    0.9998387417E+00   -0.9192536646E-02    0.3710841291E-02    0.1000000000E+01   -0.7907687143E-02   -0.6322663756E-02    0.7381391179E+00   -0.6745725574E+00   -0.4493045831E-01   -0.7322691874E-02    0.5305694527E+02
    0.6440000000E+00   -0.1803306703E-01    0.2500326375E-02    0.9998368826E+00   -0.9119049220E-02    0.4031003851E-02    0.1000000000E+01   -0.8000965473E-02   -0.6298726095E-02    0.7210543516E+00   -0.6928036754E+00   -0.4505321198E-01   -0.8150765399E-02    0.5309816206E+02
    0.6445000000E+00   -0.1804528497E-01    0.3103495880E-02    0.9998350020E+00   -0.9034701454E-02    0.4350431274E-02    0.1000000000E+01   -0.8094595053E-02   -0.6273942375E-02    0.7035194124E+00   -0.7106022457E+00   -0.4516213638E-01   -0.8985623343E-02    0.5313937875E+02
    0.6450000000E+00   -0.1803782710E-01    0.3710210863E-02    0.9998330998E+00   -0.8939460768E-02    0.4668764313E-02    0.1000000000E+01   -0.8188571449E-02   -0.6248305088E-02    0.6855452474E+00   -0.7279571552E+00   -0.4525703519E-01   -0.9827061201E-02    0.5318059533E+02
    0.6455000000E+00   -0.1801047476E-01    0.4319845871E-02    0.9998311756E+00   -0.8833306168E-02    0.4985640784E-02    0.1000000000E+01   -0.8282890148E-02   -0.6221806716E-02    0.6671430779E+00   -0.7448575680E+00   -0.4533771460E-01   -0.1067486988E-01    0.5322181181E+02
    0.6460000000E+00   -0.1796302862E-01    0.4931765033E-02    0.9998292293E+00   -0.8716228403E-02    0.5300695925E-02    0.1000000000E+01   -0.8377546552E-02   -0.6194439731E-02    0.6483243925E+00   -0.7612929316E+00   -0.4540398334E-01   -0.1152883570E-01    0.5326302817E+02
    0.6465000000E+00   -0.1789530911E-01    0.5545322636E-02    0.9998272606E+00   -0.8588230114E-02    0.5613562772E-02    0.1000000000E+01   -0.8472535979E-02   -0.6166196599E-02    0.6291009400E+00   -0.7772529842E+00   -0.4545565284E-01   -0.1238874047E-01    0.5330424443E+02
    0.6470000000E+00   -0.1780715687E-01    0.6159863719E-02    0.9998252691E+00   -0.8449325963E-02    0.5923872529E-02    0.1000000000E+01   -0.8567853664E-02   -0.6137069778E-02    0.6094847219E+00   -0.7927277604E+00   -0.4549253731E-01   -0.1325436144E-01    0.5334546057E+02
    0.6475000000E+00   -0.1769843314E-01    0.6774724691E-02    0.9998232548E+00   -0.8299542759E-02    0.6231254959E-02    0.1000000000E+01   -0.8663494757E-02   -0.6107051718E-02    0.5894879847E+00   -0.8077075979E+00   -0.4551445381E-01   -0.1412547136E-01    0.5338667661E+02
    0.6480000000E+00   -0.1756902016E-01    0.7389233957E-02    0.9998212172E+00   -0.8138919568E-02    0.6535338771E-02    0.1000000000E+01   -0.8759454321E-02   -0.6076134865E-02    0.5691232129E+00   -0.8221831433E+00   -0.4552122237E-01   -0.1500183851E-01    0.5342789252E+02
    0.6485000000E+00   -0.1741882152E-01    0.8002712563E-02    0.9998191561E+00   -0.7967507810E-02    0.6835752016E-02    0.1000000000E+01   -0.8855727336E-02   -0.6044311658E-02    0.5484031206E+00   -0.8361453580E+00   -0.4551266606E-01   -0.1588322671E-01    0.5346910833E+02
    0.6490000000E+00   -0.1724776254E-01    0.8614474857E-02    0.9998170713E+00   -0.7785371347E-02    0.7132122489E-02    0.1000000000E+01   -0.8952308693E-02   -0.6011574531E-02    0.5273406437E+00   -0.8495855240E+00   -0.4548861113E-01   -0.1676939534E-01    0.5351032401E+02
    0.6495000000E+00   -0.1705579061E-01    0.9223829168E-02    0.9998149625E+00   -0.7592586556E-02    0.7424078131E-02    0.1000000000E+01   -0.9049193197E-02   -0.5977915913E-02    0.5059489322E+00   -0.8624952491E+00   -0.4544888706E-01   -0.1766009943E-01    0.5355153958E+02
    0.6500000000E+00   -0.1684287544E-01    0.9830078491E-02    0.9998128294E+00   -0.7389242387E-02    0.7711247446E-02    0.1000000000E+01   -0.9146375566E-02   -0.5943328232E-02    0.4842413415E+00   -0.8748664720E+00   -0.4539332666E-01   -0.1855508961E-01    0.5359275503E+02
    0.6505000000E+00   -0.1660900944E-01    0.1043252120E-01    0.9998106717E+00   -0.7175440413E-02    0.7993259908E-02    0.1000000000E+01   -0.9243850430E-02   -0.5907803910E-02    0.4622314242E+00   -0.8866914681E+00   -0.4532176620E-01   -0.1945411219E-01    0.5363397036E+02
    0.6510000000E+00   -0.1635420792E-01    0.1103045175E-01    0.9998084892E+00   -0.6951294864E-02    0.8269746386E-02    0.1000000000E+01   -0.9341612330E-02   -0.5871335368E-02    0.4399329219E+00   -0.8979628533E+00   -0.4523404548E-01   -0.2035690919E-01    0.5367518557E+02
    0.6515000000E+00   -0.1607850935E-01    0.1162316142E-01    0.9998062815E+00   -0.6716932644E-02    0.8540339560E-02    0.1000000000E+01   -0.9439655718E-02   -0.5833915026E-02    0.4173597563E+00   -0.9086735895E+00   -0.4513000792E-01   -0.2126321840E-01    0.5371640065E+02
    0.6520000000E+00   -0.1578197564E-01    0.1220993906E-01    0.9998040484E+00   -0.6472493343E-02    0.8804674348E-02    0.1000000000E+01   -0.9537974955E-02   -0.5795535301E-02    0.3945260207E+00   -0.9188169882E+00   -0.4500950065E-01   -0.2217277335E-01    0.5375761561E+02
    0.6525000000E+00   -0.1546469225E-01    0.1279007182E-01    0.9998017896E+00   -0.6218129226E-02    0.9062388334E-02    0.1000000000E+01   -0.9636564315E-02   -0.5756188612E-02    0.3714459710E+00   -0.9283867156E+00   -0.4487237464E-01   -0.2308530345E-01    0.5379883045E+02
    0.6530000000E+00   -0.1512676845E-01    0.1336284595E-01    0.9997995047E+00   -0.5954005212E-02    0.9313122193E-02    0.1000000000E+01   -0.9735417980E-02   -0.5715867376E-02    0.3481340171E+00   -0.9373767955E+00   -0.4471848477E-01   -0.2400053394E-01    0.5384004515E+02
    0.6535000000E+00   -0.1476833743E-01    0.1392754752E-01    0.9997971935E+00   -0.5680298842E-02    0.9556520126E-02    0.1000000000E+01   -0.9834530039E-02   -0.5674564013E-02    0.3246047137E+00   -0.9457816139E+00   -0.4454768991E-01   -0.2491818599E-01    0.5388125973E+02
    0.6540000000E+00   -0.1438955644E-01    0.1448346328E-01    0.9997948557E+00   -0.5397200227E-02    0.9792230288E-02    0.1000000000E+01   -0.9933894492E-02   -0.5632270944E-02    0.3008727512E+00   -0.9535959222E+00   -0.4435985304E-01   -0.2583797675E-01    0.5392247418E+02
    0.6545000000E+00   -0.1399060690E-01    0.1502988136E-01    0.9997924910E+00   -0.5104911983E-02    0.1001990522E-01    0.1000000000E+01   -0.1003350524E-01   -0.5588980591E-02    0.2769529468E+00   -0.9608148403E+00   -0.4415484133E-01   -0.2675961938E-01    0.5396368849E+02
    0.6550000000E+00   -0.1357169447E-01    0.1556609214E-01    0.9997900990E+00   -0.4803649156E-02    0.1023920228E-01    0.1000000000E+01   -0.1013335611E-01   -0.5544685381E-02    0.2528602346E+00   -0.9674338599E+00   -0.4393252625E-01   -0.2768282308E-01    0.5400490267E+02
    0.6555000000E+00   -0.1313304913E-01    0.1609138903E-01    0.9997876795E+00   -0.4493639126E-02    0.1044978409E-01    0.1000000000E+01   -0.1023344082E-01   -0.5499377745E-02    0.2286096573E+00   -0.9734488472E+00   -0.4369278364E-01   -0.2860729319E-01    0.5404611672E+02
    0.6560000000E+00   -0.1267492515E-01    0.1660506927E-01    0.9997852321E+00   -0.4175121501E-02    0.1065131893E-01    0.1000000000E+01   -0.1033375298E-01   -0.5453050117E-02    0.2042163557E+00   -0.9788560455E+00   -0.4343549380E-01   -0.2953273123E-01    0.5408733063E+02
    0.6565000000E+00   -0.1219760115E-01    0.1710643476E-01    0.9997827565E+00   -0.3848347996E-02    0.1084348122E-01    0.1000000000E+01   -0.1043428614E-01   -0.5405694939E-02    0.1796955601E+00   -0.9836520777E+00   -0.4316054163E-01   -0.3045883493E-01    0.5412854440E+02
    0.6570000000E+00   -0.1170138006E-01    0.1759479288E-01    0.9997802524E+00   -0.3513582293E-02    0.1102595190E-01    0.1000000000E+01   -0.1053503374E-01   -0.5357304655E-02    0.1550625803E+00   -0.9878339479E+00   -0.4286781665E-01   -0.3138529833E-01    0.5416975803E+02
    0.6575000000E+00   -0.1118658905E-01    0.1806945731E-01    0.9997777195E+00   -0.3171099891E-02    0.1119841888E-01    0.1000000000E+01   -0.1063598911E-01   -0.5307871721E-02    0.1303327962E+00   -0.9913990440E+00   -0.4255721316E-01   -0.3231181180E-01    0.5421097152E+02
    0.6580000000E+00   -0.1065357946E-01    0.1852974887E-01    0.9997751574E+00   -0.2821187941E-02    0.1136057747E-01    0.1000000000E+01   -0.1073714551E-01   -0.5257388596E-02    0.1055216485E+00   -0.9943451389E+00   -0.4222863026E-01   -0.3323806215E-01    0.5425218487E+02
    0.6585000000E+00   -0.1010272669E-01    0.1897499631E-01    0.9997725658E+00   -0.2464145063E-02    0.1151213077E-01    0.1000000000E+01   -0.1083849608E-01   -0.5205847750E-02    0.8064462839E-01   -0.9966703919E+00   -0.4188197202E-01   -0.3416373263E-01    0.5429339807E+02
    0.6590000000E+00   -0.9534430079E-02    0.1940453719E-01    0.9997699443E+00   -0.2100281150E-02    0.1165279013E-01    0.1000000000E+01   -0.1094003388E-01   -0.5153241663E-02    0.5571726845E-01   -0.9983733499E+00   -0.4151714750E-01   -0.3508850307E-01    0.5433461112E+02
    0.6595000000E+00   -0.8949112725E-02    0.1981771868E-01    0.9997672927E+00   -0.1729917159E-02    0.1178227551E-01    0.1000000000E+01   -0.1104175187E-01   -0.5099562821E-02    0.3075513271E-01   -0.9994529484E+00   -0.4113407089E-01   -0.3601204990E-01    0.5437582403E+02
    0.6600000000E+00   -0.8347221301E-02    0.2021389838E-01    0.9997646105E+00   -0.1353384885E-02    0.1190031594E-01    0.1000000000E+01   -0.1114364290E-01   -0.5044803726E-02    0.5773807016E-02   -0.9999085120E+00   -0.4073266154E-01   -0.3693404623E-01    0.5441703679E+02
    0.6605000000E+00   -0.7729225840E-02    0.2059244517E-01    0.9997618974E+00   -0.9710267245E-03    0.1200664988E-01    0.1000000000E+01   -0.1124569974E-01   -0.4988956887E-02   -0.1921111075E-01   -0.9997397550E+00   -0.4031284412E-01   -0.3785416194E-01    0.5445824939E+02
    0.6610000000E+00   -0.7095619480E-02    0.2095274002E-01    0.9997591531E+00   -0.5831954155E-03    0.1210102563E-01    0.1000000000E+01   -0.1134791506E-01   -0.4932014829E-02   -0.4418402038E-01   -0.9989467816E+00   -0.3987454865E-01   -0.3877206372E-01    0.5449946185E+02
    0.6615000000E+00   -0.6446918198E-02    0.2129417682E-01    0.9997563772E+00   -0.1902537748E-03    0.1218320173E-01    0.1000000000E+01   -0.1145028141E-01   -0.4873970089E-02   -0.6912932911E-01   -0.9975300854E+00   -0.3941771060E-01   -0.3968741519E-01    0.5454067414E+02
    0.6620000000E+00   -0.5783660497E-02    0.2161616318E-01    0.9997535693E+00    0.2074255867E-03    0.1225294734E-01    0.1000000000E+01   -0.1155279125E-01   -0.4814815217E-02   -0.9403146131E-01   -0.9954905499E+00   -0.3894227099E-01   -0.4059987695E-01    0.5458188629E+02
    0.6625000000E+00   -0.5106407082E-02    0.2191812123E-01    0.9997507291E+00    0.6094605598E-03    0.1231004259E-01    0.1000000000E+01   -0.1165543697E-01   -0.4754542779E-02   -0.1188748682E+00   -0.9928294470E+00   -0.3844817646E-01   -0.4150910664E-01    0.5462309827E+02
    0.6630000000E+00   -0.4415740496E-02    0.2219948847E-01    0.9997478561E+00    0.1015459848E-02    0.1235427901E-01    0.1000000000E+01   -0.1175821081E-01   -0.4693145356E-02   -0.1436440377E+00   -0.9895484371E+00   -0.3793537934E-01   -0.4241475909E-01    0.5466431009E+02
    0.6635000000E+00   -0.3712264734E-02    0.2245971851E-01    0.9997449501E+00    0.1425023289E-02    0.1238545980E-01    0.1000000000E+01   -0.1186110494E-01   -0.4630615548E-02   -0.1683235039E+00   -0.9856495674E+00   -0.3740383778E-01   -0.4331648634E-01    0.5470552175E+02
    0.6640000000E+00   -0.2996604824E-02    0.2269828189E-01    0.9997420106E+00    0.1837742195E-02    0.1240340026E-01    0.1000000000E+01   -0.1196411142E-01   -0.4566945969E-02   -0.1928978569E+00   -0.9811352709E+00   -0.3685351578E-01   -0.4421393775E-01    0.5474673325E+02
    0.6645000000E+00   -0.2269406386E-02    0.2291466684E-01    0.9997390373E+00    0.2253199704E-02    0.1240792811E-01    0.1000000000E+01   -0.1206722222E-01   -0.4502129255E-02   -0.2173517522E+00   -0.9760083651E+00   -0.3628438328E-01   -0.4510676009E-01    0.5478794457E+02
    0.6650000000E+00   -0.1531335159E-02    0.2310838005E-01    0.9997360297E+00    0.2670971137E-02    0.1239888379E-01    0.1000000000E+01   -0.1217042918E-01   -0.4436158059E-02   -0.2416699206E+00   -0.9702720498E+00   -0.3569641626E-01   -0.4599459762E-01    0.5482915574E+02
    0.6655000000E+00   -0.7830765018E-03    0.2327894745E-01    0.9997329876E+00    0.3090624383E-02    0.1237612082E-01    0.1000000000E+01   -0.1227372407E-01   -0.4369025054E-02   -0.2658371775E+00   -0.9639299053E+00   -0.3508959680E-01   -0.4687709220E-01    0.5487036673E+02
    0.6660000000E+00   -0.2533486524E-04    0.2342591490E-01    0.9997299103E+00    0.3511720283E-02    0.1233950611E-01    0.1000000000E+01   -0.1237709853E-01   -0.4300722935E-02   -0.2898384324E+00   -0.9569858904E+00   -0.3446391318E-01   -0.4775388336E-01    0.5491157755E+02
    0.6665000000E+00    0.7411667599E-03    0.2354884897E-01    0.9997267977E+00    0.3933813030E-02    0.1228892024E-01    0.1000000000E+01   -0.1248054412E-01   -0.4231244420E-02   -0.3136586985E+00   -0.9494443393E+00   -0.3381935990E-01   -0.4862460841E-01    0.5495278819E+02
    0.6670000000E+00    0.1515687424E-02    0.2364733763E-01    0.9997236492E+00    0.4356450586E-02    0.1222425774E-01    0.1000000000E+01   -0.1258405227E-01   -0.4160582247E-02   -0.3372831018E+00   -0.9413099598E+00   -0.3315593783E-01   -0.4948890254E-01    0.5499399866E+02
    0.6675000000E+00    0.2297468827E-02    0.2372099095E-01    0.9997204645E+00    0.4779175105E-02    0.1214542742E-01    0.1000000000E+01   -0.1268761433E-01   -0.4088729181E-02   -0.3606968904E+00   -0.9325878296E+00   -0.3247365422E-01   -0.5034639892E-01    0.5503520896E+02
    0.6680000000E+00    0.3085735947E-02    0.2376944179E-01    0.9997172431E+00    0.5201523369E-02    0.1205235257E-01    0.1000000000E+01   -0.1279122154E-01   -0.4015678011E-02   -0.3838854442E+00   -0.9232833935E+00   -0.3177252280E-01   -0.5119672876E-01    0.5507641907E+02
    0.6685000000E+00    0.3879697706E-02    0.2379234647E-01    0.9997139846E+00    0.5623027232E-02    0.1194497126E-01    0.1000000000E+01   -0.1289486501E-01   -0.3941421549E-02   -0.4068342833E+00   -0.9134024598E+00   -0.3105256386E-01   -0.5203952150E-01    0.5511762900E+02
    0.6690000000E+00    0.4678547645E-02    0.2378938539E-01    0.9997106886E+00    0.6043214083E-02    0.1182323654E-01    0.1000000000E+01   -0.1299853578E-01   -0.3865952638E-02   -0.4295290775E+00   -0.9029511970E+00   -0.3031380427E-01   -0.5287440482E-01    0.5515883875E+02
    0.6695000000E+00    0.5481464642E-02    0.2376026370E-01    0.9997073547E+00    0.6461607310E-02    0.1168711671E-01    0.1000000000E+01   -0.1310222477E-01   -0.3789264146E-02   -0.4519556552E+00   -0.8919361294E+00   -0.2955627763E-01   -0.5370100480E-01    0.5520004831E+02
    0.6700000000E+00    0.6287613638E-02    0.2370471189E-01    0.9997039824E+00    0.6877726779E-02    0.1153659548E-01    0.1000000000E+01   -0.1320592278E-01   -0.3711348969E-02   -0.4741000121E+00   -0.8803641338E+00   -0.2878002424E-01   -0.5451894603E-01    0.5524125768E+02
    0.6705000000E+00    0.7096146396E-02    0.2362248638E-01    0.9997005712E+00    0.7291089318E-02    0.1137167221E-01    0.1000000000E+01   -0.1330962051E-01   -0.3632200036E-02   -0.4959483201E+00   -0.8682424344E+00   -0.2798509123E-01   -0.5532785170E-01    0.5528246686E+02
    0.6710000000E+00    0.7906202282E-02    0.2351337006E-01    0.9996971208E+00    0.7701209216E-02    0.1119236204E-01    0.1000000000E+01   -0.1341330857E-01   -0.3551810303E-02   -0.5174869358E+00   -0.8555785990E+00   -0.2717153262E-01   -0.5612734370E-01    0.5532367585E+02
    0.6715000000E+00    0.8716909067E-02    0.2337717290E-01    0.9996936307E+00    0.8107598726E-02    0.1099869613E-01    0.1000000000E+01   -0.1351697745E-01   -0.3470172760E-02   -0.5387024092E+00   -0.8423805337E+00   -0.2633940935E-01   -0.5691704278E-01    0.5536488465E+02
    0.6720000000E+00    0.9527383751E-02    0.2321373239E-01    0.9996901004E+00    0.8509768579E-02    0.1079072173E-01    0.1000000000E+01   -0.1362061753E-01   -0.3387280428E-02   -0.5595814919E+00   -0.8286564783E+00   -0.2548878934E-01   -0.5769656863E-01    0.5540609324E+02
    0.6725000000E+00    0.1033673341E-01    0.2302291410E-01    0.9996865295E+00    0.8907228499E-02    0.1056850236E-01    0.1000000000E+01   -0.1372421907E-01   -0.3303126363E-02   -0.5801111455E+00   -0.8144150012E+00   -0.2461974759E-01   -0.5846553998E-01    0.5544730164E+02
    0.6730000000E+00    0.1114405606E-01    0.2280461212E-01    0.9996829175E+00    0.9299487737E-02    0.1033211793E-01    0.1000000000E+01   -0.1382777225E-01   -0.3217703654E-02   -0.6002785496E+00   -0.7996649936E+00   -0.2373236618E-01   -0.5922357478E-01    0.5548850984E+02
    0.6735000000E+00    0.1194844155E-01    0.2255874953E-01    0.9996792639E+00    0.9686055597E-02    0.1008166481E-01    0.1000000000E+01   -0.1393126711E-01   -0.3131005428E-02   -0.6200711100E+00   -0.7844156648E+00   -0.2282673437E-01   -0.5997029025E-01    0.5552971783E+02
    0.6740000000E+00    0.1274897245E-01    0.2228527876E-01    0.9996755682E+00    0.1006644198E-01    0.9817255951E-02    0.1000000000E+01   -0.1403469361E-01   -0.3043024847E-02   -0.6394764666E+00   -0.7686765354E+00   -0.2190294864E-01   -0.6070530305E-01    0.5557092561E+02
    0.6745000000E+00    0.1354472501E-01    0.2198418207E-01    0.9996718301E+00    0.1044015794E-01    0.9539020919E-02    0.1000000000E+01   -0.1413804159E-01   -0.2953755112E-02   -0.6584825007E+00   -0.7524574323E+00   -0.2096111271E-01   -0.6142822940E-01    0.5561213319E+02
    0.6750000000E+00    0.1433477007E-01    0.2165547184E-01    0.9996680489E+00    0.1080671621E-01    0.9247105968E-02    0.1000000000E+01   -0.1424130076E-01   -0.2863189461E-02   -0.6770773431E+00   -0.7357684819E+00   -0.2000133764E-01   -0.6213868516E-01    0.5565334056E+02
    0.6755000000E+00    0.1511817402E-01    0.2129919094E-01    0.9996642241E+00    0.1116563176E-01    0.8941674060E-02    0.1000000000E+01   -0.1434446074E-01   -0.2771321174E-02   -0.6952493812E+00   -0.7186201042E+00   -0.1902374183E-01   -0.6283628601E-01    0.5569454771E+02
    0.6760000000E+00    0.1589399980E-01    0.2091541301E-01    0.9996603554E+00    0.1151642240E-01    0.8622904880E-02    0.1000000000E+01   -0.1444751103E-01   -0.2678143571E-02   -0.7129872663E+00   -0.7010230061E+00   -0.1802845110E-01   -0.6352064757E-01    0.5573575465E+02
    0.6765000000E+00    0.1666130787E-01    0.2050424277E-01    0.9996564421E+00    0.1185860927E-01    0.8290994836E-02    0.1000000000E+01   -0.1455044104E-01   -0.2583650015E-02   -0.7302799207E+00   -0.6829881748E+00   -0.1701559871E-01   -0.6419138549E-01    0.5577696136E+02
    0.6770000000E+00    0.1741915720E-01    0.2006581622E-01    0.9996524839E+00    0.1219171747E-01    0.7946157030E-02    0.1000000000E+01   -0.1465324004E-01   -0.2487833910E-02   -0.7471165447E+00   -0.6645268707E+00   -0.1598532540E-01   -0.6484811561E-01    0.5581816786E+02
    0.6775000000E+00    0.1816660633E-01    0.1960030089E-01    0.9996484800E+00    0.1251527659E-01    0.7588621219E-02    0.1000000000E+01   -0.1475589720E-01   -0.2390688707E-02   -0.7634866233E+00   -0.6456506208E+00   -0.1493777946E-01   -0.6549045412E-01    0.5585937413E+02
    0.6780000000E+00    0.1890271435E-01    0.1910789600E-01    0.9996444301E+00    0.1282882128E-01    0.7218633756E-02    0.1000000000E+01   -0.1485840158E-01   -0.2292207902E-02   -0.7793799326E+00   -0.6263712113E+00   -0.1387311672E-01   -0.6611801764E-01    0.5590058018E+02
    0.6785000000E+00    0.1962654198E-01    0.1858883260E-01    0.9996403336E+00    0.1313189184E-01    0.6836457508E-02    0.1000000000E+01   -0.1496074212E-01   -0.2192385035E-02   -0.7947865465E+00   -0.6067006801E+00   -0.1279150061E-01   -0.6673042337E-01    0.5594178600E+02
    0.6790000000E+00    0.2033715261E-01    0.1804337371E-01    0.9996361900E+00    0.1342403477E-01    0.6442371759E-02    0.1000000000E+01   -0.1506290766E-01   -0.2091213696E-02   -0.8096968426E+00   -0.5866513093E+00   -0.1169310222E-01   -0.6732728925E-01    0.5598299159E+02
    0.6795000000E+00    0.2103361333E-01    0.1747181437E-01    0.9996319986E+00    0.1370480336E-01    0.6036672092E-02    0.1000000000E+01   -0.1516488692E-01   -0.1988687524E-02   -0.8241015085E+00   -0.5662356180E+00   -0.1057810027E-01   -0.6790823410E-01    0.5602419694E+02
    0.6800000000E+00    0.2171499605E-01    0.1687448169E-01    0.9996277591E+00    0.1397375823E-01    0.5619670253E-02    0.1000000000E+01   -0.1526666851E-01   -0.1884800208E-02   -0.8379915473E+00   -0.5454663538E+00   -0.9446681166E-02   -0.6847287771E-01    0.5606540205E+02
    0.6805000000E+00    0.2238037853E-01    0.1625173488E-01    0.9996234708E+00    0.1423046793E-01    0.5191693994E-02    0.1000000000E+01   -0.1536824091E-01   -0.1779545486E-02   -0.8513582834E+00   -0.5243564853E+00   -0.8299039050E-02   -0.6902084104E-01    0.5610660693E+02
    0.6810000000E+00    0.2302884549E-01    0.1560396523E-01    0.9996191331E+00    0.1447450946E-01    0.4753086895E-02    0.1000000000E+01   -0.1546959251E-01   -0.1672917150E-02   -0.8641933681E+00   -0.5029191940E+00   -0.7135375785E-02   -0.6955174632E-01    0.5614781157E+02
    0.6815000000E+00    0.2365948967E-01    0.1493159599E-01    0.9996147456E+00    0.1470546891E-01    0.4304208175E-02    0.1000000000E+01   -0.1557071157E-01   -0.1564909046E-02   -0.8764887843E+00   -0.4811678657E+00   -0.5955900995E-02   -0.7006521723E-01    0.5618901596E+02
    0.6820000000E+00    0.2427141296E-01    0.1423508235E-01    0.9996103075E+00    0.1492294192E-01    0.3845432472E-02    0.1000000000E+01   -0.1567158625E-01   -0.1455515075E-02   -0.8882368522E+00   -0.4591160827E+00   -0.4760832080E-02   -0.7056087899E-01    0.5623022010E+02
    0.6825000000E+00    0.2486372745E-01    0.1351491128E-01    0.9996058184E+00    0.1512653432E-01    0.3377149611E-02    0.1000000000E+01   -0.1577220458E-01   -0.1344729190E-02   -0.8994302333E+00   -0.4367776147E+00   -0.3550394232E-02   -0.7103835856E-01    0.5627142399E+02
    0.6830000000E+00    0.2543555654E-01    0.1277160133E-01    0.9996012777E+00    0.1531586262E-01    0.2899764351E-02    0.1000000000E+01   -0.1587255448E-01   -0.1232545407E-02   -0.9100619359E+00   -0.4141664107E+00   -0.2324820450E-02   -0.7149728476E-01    0.5631262763E+02
    0.6835000000E+00    0.2598603604E-01    0.1200570247E-01    0.9995966848E+00    0.1549055461E-01    0.2413696113E-02    0.1000000000E+01   -0.1597262376E-01   -0.1118957796E-02   -0.9201253185E+00   -0.3912965903E+00   -0.1084351545E-02   -0.7193728844E-01    0.5635383101E+02
    0.6840000000E+00    0.2651431525E-01    0.1121779582E-01    0.9995920390E+00    0.1565024985E-01    0.1919378687E-02    0.1000000000E+01   -0.1607240011E-01   -0.1003960487E-02   -0.9296140948E+00   -0.3681824342E+00    0.1707638440E-03   -0.7235800257E-01    0.5639503413E+02
    0.6845000000E+00    0.2701955807E-01    0.1040849340E-01    0.9995873398E+00    0.1579460021E-01    0.1417259922E-02    0.1000000000E+01   -0.1617187111E-01   -0.8875476726E-03   -0.9385223370E+00   -0.3448383764E+00    0.1440269247E-02   -0.7275906246E-01    0.5643623699E+02
    0.6850000000E+00    0.2750094406E-01    0.9578437751E-02    0.9995825865E+00    0.1592327043E-01    0.9078013931E-03    0.1000000000E+01   -0.1627102422E-01   -0.7697136062E-03   -0.9468444800E+00   -0.3212789941E+00    0.2723900362E-02   -0.7314010588E-01    0.5647743958E+02
    0.6855000000E+00    0.2795766956E-01    0.8728301668E-02    0.9995777785E+00    0.1603593860E-01    0.3914780585E-03    0.1000000000E+01   -0.1636984678E-01   -0.6504526045E-03   -0.9545753245E+00   -0.2975189993E+00    0.4021385049E-02   -0.7350077320E-01    0.5651864191E+02
    0.6860000000E+00    0.2838894871E-01    0.7858787741E-02    0.9995729153E+00    0.1613229666E-01   -0.1312221140E-03    0.1000000000E+01   -0.1646832603E-01   -0.5297590489E-03   -0.9617100404E+00   -0.2735732294E+00    0.5332443340E-02   -0.7384070756E-01    0.5655984396E+02
    0.6865000000E+00    0.2879401459E-01    0.6970627957E-02    0.9995679961E+00    0.1621205096E-01   -0.6597985304E-03    0.1000000000E+01   -0.1656644907E-01   -0.4076273863E-03   -0.9682441698E+00   -0.2494566379E+00    0.6656787434E-02   -0.7415955502E-01    0.5660104574E+02
    0.6870000000E+00    0.2917212022E-01    0.6064583226E-02    0.9995630204E+00    0.1627492266E-01   -0.1193738375E-02    0.1000000000E+01   -0.1666420291E-01   -0.2840521310E-03   -0.9741736300E+00   -0.2251842851E+00    0.7994121712E-02   -0.7445696470E-01    0.5664224724E+02
    0.6875000000E+00    0.2952253964E-01    0.5141442882E-02    0.9995579874E+00    0.1632064828E-01   -0.1732517035E-02    0.1000000000E+01   -0.1676157442E-01   -0.1590278654E-03   -0.9794947156E+00   -0.2007713287E+00    0.9344142743E-02   -0.7473258896E-01    0.5668344846E+02
    0.6880000000E+00    0.2984456895E-01    0.4202024139E-02    0.9995528966E+00    0.1634898014E-01   -0.2275598537E-02    0.1000000000E+01   -0.1685855037E-01   -0.3254924158E-04   -0.9842041013E+00   -0.1762330142E+00    0.1070653930E-01   -0.7498608353E-01    0.5672464940E+02
    0.6885000000E+00    0.3013752733E-01    0.3247171520E-02    0.9995477472E+00    0.1635968680E-01   -0.2822436009E-02    0.1000000000E+01   -0.1695511740E-01    0.9538901743E-04   -0.9882988435E+00   -0.1515846658E+00    0.1208099237E-01   -0.7521710767E-01    0.5676585005E+02
    0.6890000000E+00    0.3040075806E-01    0.2277756239E-02    0.9995425386E+00    0.1635255352E-01   -0.3372472153E-02    0.1000000000E+01   -0.1705126205E-01    0.2247921164E-03   -0.9917763826E+00   -0.1268416764E+00    0.1346717517E-01   -0.7542532434E-01    0.5680705040E+02
    0.6895000000E+00    0.3063362952E-01    0.1294675554E-02    0.9995372701E+00    0.1632738268E-01   -0.3925139740E-02    0.1000000000E+01   -0.1714697073E-01    0.3556651864E-03   -0.9946345444E+00   -0.1020194981E+00    0.1486475320E-01   -0.7561040036E-01    0.5684825047E+02
    0.6900000000E+00    0.3083553616E-01    0.2988520803E-03    0.9995319411E+00    0.1628399422E-01   -0.4479862116E-02    0.1000000000E+01   -0.1724222974E-01    0.4880132838E-03   -0.9968715414E+00   -0.7713363256E-01    0.1627338421E-01   -0.7577200655E-01    0.5688945023E+02
    0.6905000000E+00    0.3100589950E-01   -0.7087669325E-03    0.9995265508E+00    0.1622222598E-01   -0.5036053728E-02    0.1000000000E+01   -0.1733702524E-01    0.6218413887E-03   -0.9984859741E+00   -0.5219962154E-01    0.1769271828E-01   -0.7590981788E-01    0.5693064970E+02
    0.6910000000E+00    0.3114416903E-01   -0.1727210355E-02    0.9995210985E+00    0.1614193416E-01   -0.5593120663E-02    0.1000000000E+01   -0.1743134332E-01    0.7571544034E-03   -0.9994768315E+00   -0.2723303686E-01    0.1912239782E-01   -0.7602351367E-01    0.5697184886E+02
    0.6915000000E+00    0.3124982318E-01   -0.2755483970E-02    0.9995155835E+00    0.1604299362E-01   -0.6150461210E-02    0.1000000000E+01   -0.1752516990E-01    0.8939571516E-03   -0.9998434923E+00   -0.2249470884E-02    0.2056205761E-01   -0.7611277770E-01    0.5701304771E+02
    0.6920000000E+00    0.3132237021E-01   -0.3792571302E-02    0.9995100051E+00    0.1592529828E-01   -0.6707466424E-02    0.1000000000E+01   -0.1761849082E-01    0.1032254377E-02   -0.9995857250E+00    0.2273547329E-01    0.2201132485E-01   -0.7617729840E-01    0.5705424625E+02
    0.6925000000E+00    0.3136134908E-01   -0.4837434475E-02    0.9995043626E+00    0.1578876144E-01   -0.7263520716E-02    0.1000000000E+01   -0.1771129179E-01    0.1172050740E-02   -0.9987036877E+00    0.4770619154E-01    0.2346981917E-01   -0.7621676901E-01    0.5709544448E+02
    0.6930000000E+00    0.3136633035E-01   -0.5889015107E-02    0.9994986552E+00    0.1563331610E-01   -0.7818002454E-02    0.1000000000E+01   -0.1780355840E-01    0.1313350820E-02   -0.9971979287E+00    0.7264708847E-01    0.2493715269E-01   -0.7623088770E-01    0.5713664239E+02
    0.6935000000E+00    0.3133691698E-01   -0.6946235237E-02    0.9994928823E+00    0.1545891526E-01   -0.8370284571E-02    0.1000000000E+01   -0.1789527612E-01    0.1456159111E-02   -0.9950693857E+00    0.9754258716E-01    0.2641293009E-01   -0.7621935780E-01    0.5717783997E+02
    0.6940000000E+00    0.3127274514E-01   -0.8007998285E-02    0.9994870430E+00    0.1526553219E-01   -0.8919735197E-02    0.1000000000E+01   -0.1798643032E-01    0.1600480021E-02   -0.9923193854E+00    0.1223771389E+00    0.2789674859E-01   -0.7618188789E-01    0.5721903723E+02
    0.6945000000E+00    0.3117348502E-01   -0.9073190042E-02    0.9994811365E+00    0.1505316071E-01   -0.9465718294E-02    0.1000000000E+01   -0.1807700623E-01    0.1746317871E-02   -0.9889496426E+00    0.1471352328E+00    0.2938819807E-01   -0.7611819201E-01    0.5726023416E+02
    0.6950000000E+00    0.3103884157E-01   -0.1014067969E-01    0.9994751622E+00    0.1482181545E-01   -0.1000759431E-01    0.1000000000E+01   -0.1816698896E-01    0.1893676894E-02   -0.9849622589E+00    0.1718014058E+00    0.3088686110E-01   -0.7602798978E-01    0.5730143076E+02
    0.6955000000E+00    0.3086855522E-01   -0.1120932085E-01    0.9994691192E+00    0.1457153202E-01   -0.1054472084E-01    0.1000000000E+01   -0.1825636354E-01    0.2042561231E-02   -0.9803597221E+00    0.1963602517E+00    0.3239231298E-01   -0.7591100659E-01    0.5734262702E+02
    0.6960000000E+00    0.3066240260E-01   -0.1227795269E-01    0.9994630068E+00    0.1430236726E-01   -0.1107645330E-01    0.1000000000E+01   -0.1834511484E-01    0.2192974935E-02   -0.9751449039E+00    0.2207964314E+00    0.3390412182E-01   -0.7576697375E-01    0.5738382293E+02
    0.6965000000E+00    0.3042019714E-01   -0.1334540097E-01    0.9994568241E+00    0.1401439941E-01   -0.1160214561E-01    0.1000000000E+01   -0.1843322763E-01    0.2344921961E-02   -0.9693210584E+00    0.2450946824E+00    0.3542184860E-01   -0.7559562864E-01    0.5742501850E+02
    0.6970000000E+00    0.3014178979E-01   -0.1441047927E-01    0.9994505704E+00    0.1370772825E-01   -0.1212115087E-01    0.1000000000E+01   -0.1852068657E-01    0.2498406174E-02   -0.9628918201E+00    0.2692398278E+00    0.3694504723E-01   -0.7539671489E-01    0.5746621373E+02
    0.6975000000E+00    0.2982706953E-01   -0.1547199005E-01    0.9994442448E+00    0.1338247527E-01   -0.1263282211E-01    0.1000000000E+01   -0.1860747619E-01    0.2653431342E-02   -0.9558612019E+00    0.2932167864E+00    0.3847326463E-01   -0.7516998251E-01    0.5750740860E+02
    0.6980000000E+00    0.2947596401E-01   -0.1652872595E-01    0.9994378466E+00    0.1303878377E-01   -0.1313651293E-01    0.1000000000E+01   -0.1869358090E-01    0.2810001134E-02   -0.9482335920E+00    0.3170105819E+00    0.4000604080E-01   -0.7491518809E-01    0.5754860311E+02
    0.6985000000E+00    0.2908843999E-01   -0.1757947089E-01    0.9994313748E+00    0.1267681896E-01   -0.1363157828E-01    0.1000000000E+01   -0.1877898501E-01    0.2968119121E-02   -0.9400137515E+00    0.3406063520E+00    0.4154290889E-01   -0.7463209492E-01    0.5758979726E+02
    0.6990000000E+00    0.2866450391E-01   -0.1862300140E-01    0.9994248287E+00    0.1229676802E-01   -0.1411737514E-01    0.1000000000E+01   -0.1886367270E-01    0.3127788776E-02   -0.9312068116E+00    0.3639893582E+00    0.4308339528E-01   -0.7432047315E-01    0.5763099104E+02
    0.6995000000E+00    0.2820420228E-01   -0.1965808783E-01    0.9994182074E+00    0.1189884015E-01   -0.1459326330E-01    0.1000000000E+01   -0.1894762803E-01    0.3289013467E-02   -0.9218182701E+00    0.3871449944E+00    0.4462701968E-01   -0.7398009997E-01    0.5767218446E+02
    0.7000000000E+00    0.2770762213E-01   -0.2068349564E-01    0.9994115100E+00    0.1148326660E-01   -0.1505860603E-01    0.1000000000E+01   -0.1903083495E-01    0.3451796460E-02   -0.9118539882E+00    0.4100587966E+00    0.4617329519E-01   -0.7361075977E-01    0.5771337750E+02
    0.7005000000E+00    0.2717489137E-01   -0.2169798671E-01    0.9994047356E+00    0.1105030069E-01   -0.1551277086E-01    0.1000000000E+01   -0.1911327729E-01    0.3616140917E-02   -0.9013201866E+00    0.4327164515E+00    0.4772172842E-01   -0.7321224426E-01    0.5775457017E+02
    0.7010000000E+00    0.2660617909E-01   -0.2270032065E-01    0.9993978835E+00    0.1060021773E-01   -0.1595513034E-01    0.1000000000E+01   -0.1919493877E-01    0.3782049892E-02   -0.8902234419E+00    0.4551038057E+00    0.4927181954E-01   -0.7278435265E-01    0.5779576245E+02
    0.7015000000E+00    0.2600169590E-01   -0.2368925612E-01    0.9993909526E+00    0.1013331503E-01   -0.1638506274E-01    0.1000000000E+01   -0.1927580299E-01    0.3949526332E-02   -0.8785706822E+00    0.4772068744E+00    0.5082306241E-01   -0.7232689182E-01    0.5783695434E+02
    0.7020000000E+00    0.2536169414E-01   -0.2466355225E-01    0.9993839422E+00    0.9649911781E-02   -0.1680195285E-01    0.1000000000E+01   -0.1935585342E-01    0.4118573076E-02   -0.8663691832E+00    0.4990118502E+00    0.5237494468E-01   -0.7183967644E-01    0.5787814584E+02
    0.7025000000E+00    0.2468646812E-01   -0.2562196993E-01    0.9993768512E+00    0.9150348990E-02   -0.1720519268E-01    0.1000000000E+01   -0.1943507343E-01    0.4289192851E-02   -0.8536265632E+00    0.5205051117E+00    0.5392694787E-01   -0.7132252914E-01    0.5791933695E+02
    0.7030000000E+00    0.2397635422E-01   -0.2656327322E-01    0.9993696788E+00    0.8634989340E-02   -0.1759418225E-01    0.1000000000E+01   -0.1951344628E-01    0.4461388270E-02   -0.8403507787E+00    0.5416732320E+00    0.5547854749E-01   -0.7077528067E-01    0.5796052766E+02
    0.7035000000E+00    0.2323173108E-01   -0.2748623079E-01    0.9993624240E+00    0.8104217042E-02   -0.1796833034E-01    0.1000000000E+01   -0.1959095509E-01    0.4635161834E-02   -0.8265501191E+00    0.5625029871E+00    0.5702921315E-01   -0.7019777004E-01    0.5800171796E+02
    0.7040000000E+00    0.2245301961E-01   -0.2838961725E-01    0.9993550859E+00    0.7558437665E-02   -0.1832705520E-01    0.1000000000E+01   -0.1966758288E-01    0.4810515928E-02   -0.8122332018E+00    0.5829813642E+00    0.5857840865E-01   -0.6958984466E-01    0.5804290785E+02
    0.7045000000E+00    0.2164068305E-01   -0.2927221463E-01    0.9993476636E+00    0.6998077933E-02   -0.1866978536E-01    0.1000000000E+01   -0.1974331255E-01    0.4987452820E-02   -0.7974089670E+00    0.6030955698E+00    0.6012559215E-01   -0.6895136052E-01    0.5808409732E+02
    0.7050000000E+00    0.2079522693E-01   -0.3013281377E-01    0.9993401560E+00    0.6423585499E-02   -0.1899596033E-01    0.1000000000E+01   -0.1981812689E-01    0.5165974659E-02   -0.7820866715E+00    0.6228330378E+00    0.6167021621E-01   -0.6828218231E-01    0.5812528638E+02
    0.7055000000E+00    0.1991719902E-01   -0.3097021576E-01    0.9993325623E+00    0.5835428699E-02   -0.1930503135E-01    0.1000000000E+01   -0.1989200858E-01    0.5346083473E-02   -0.7662758835E+00    0.6421814368E+00    0.6321172798E-01   -0.6758218357E-01    0.5816647502E+02
    0.7060000000E+00    0.1900718919E-01   -0.3178323338E-01    0.9993248813E+00    0.5234096269E-02   -0.1959646214E-01    0.1000000000E+01   -0.1996494016E-01    0.5527781169E-02   -0.7499864764E+00    0.6611286789E+00    0.6474956929E-01   -0.6685124685E-01    0.5820766322E+02
    0.7065000000E+00    0.1806582928E-01   -0.3257069253E-01    0.9993171122E+00    0.4620097048E-02   -0.1986972964E-01    0.1000000000E+01   -0.2003690409E-01    0.5711069532E-02   -0.7332286228E+00    0.6796629260E+00    0.6628317679E-01   -0.6608926385E-01    0.5824885099E+02
    0.7070000000E+00    0.1709379284E-01   -0.3333143370E-01    0.9993092538E+00    0.3993959648E-02   -0.2012432471E-01    0.1000000000E+01   -0.2010788268E-01    0.5895950218E-02   -0.7160127877E+00    0.6977725981E+00    0.6781198208E-01   -0.6529613553E-01    0.5829003832E+02
    0.7075000000E+00    0.1609179494E-01   -0.3406431336E-01    0.9993013053E+00    0.3356232101E-02   -0.2035975287E-01    0.1000000000E+01   -0.2017785816E-01    0.6082424760E-02   -0.6983497227E+00    0.7154463802E+00    0.6933541183E-01   -0.6447177232E-01    0.5833122521E+02
    0.7080000000E+00    0.1506059179E-01   -0.3476820548E-01    0.9992932656E+00    0.2707481480E-02   -0.2057553501E-01    0.1000000000E+01   -0.2024681263E-01    0.6270494561E-02   -0.6802504586E+00    0.7326732294E+00    0.7085288795E-01   -0.6361609417E-01    0.5837241165E+02
    0.7085000000E+00    0.1400098043E-01   -0.3544200288E-01    0.9992851335E+00    0.2048293496E-02   -0.2077120809E-01    0.1000000000E+01   -0.2031472807E-01    0.6460160893E-02   -0.6617262988E+00    0.7494423818E+00    0.7236382771E-01   -0.6272903077E-01    0.5841359764E+02
    0.7090000000E+00    0.1291379832E-01   -0.3608461874E-01    0.9992769081E+00    0.1379272067E-02   -0.2094632583E-01    0.1000000000E+01   -0.2038158637E-01    0.6651424900E-02   -0.6427888125E+00    0.7657433591E+00    0.7386764387E-01   -0.6181052165E-01    0.5845478316E+02
    0.7095000000E+00    0.1179992286E-01   -0.3669498799E-01    0.9992685884E+00    0.7010388669E-03   -0.2110045941E-01    0.1000000000E+01   -0.2044736927E-01    0.6844287588E-02   -0.6234498271E+00    0.7815659754E+00    0.7536374487E-01   -0.6086051628E-01    0.5849596822E+02
    0.7100000000E+00    0.1066027091E-01   -0.3727206873E-01    0.9992601731E+00    0.1423284374E-04   -0.2123319811E-01    0.1000000000E+01   -0.2051205844E-01    0.7038749832E-02   -0.6037214208E+00    0.7969003436E+00    0.7685153494E-01   -0.5987897427E-01    0.5853715282E+02
    0.7105000000E+00    0.9495798227E-02   -0.3781484367E-01    0.9992516613E+00   -0.6804902821E-03   -0.2134415002E-01    0.1000000000E+01   -0.2057563542E-01    0.7234812369E-02   -0.5836159154E+00    0.8117368810E+00    0.7833041427E-01   -0.5886586546E-01    0.5857833693E+02
    0.7110000000E+00    0.8307498855E-02   -0.3832232152E-01    0.9992430518E+00   -0.1382458546E-02   -0.2143294264E-01    0.1000000000E+01   -0.2063808162E-01    0.7432475797E-02   -0.5631458685E+00    0.8260663162E+00    0.7979977918E-01   -0.5782117005E-01    0.5861952057E+02
    0.7115000000E+00    0.7096404496E-02   -0.3879353837E-01    0.9992343436E+00   -0.2090984290E-02   -0.2149922352E-01    0.1000000000E+01   -0.2069937837E-01    0.7631740574E-02   -0.5423240654E+00    0.8398796940E+00    0.8125902226E-01   -0.5674487875E-01    0.5866070372E+02
    0.7120000000E+00    0.5863583787E-02   -0.3922755906E-01    0.9992255354E+00   -0.2805364739E-02   -0.2154266091E-01    0.1000000000E+01   -0.2075950688E-01    0.7832607019E-02   -0.5211635114E+00    0.8531683817E+00    0.8270753253E-01   -0.5563699285E-01    0.5870188638E+02
    0.7125000000E+00    0.4610141565E-02   -0.3962347857E-01    0.9992166262E+00   -0.3524882600E-02   -0.2156294434E-01    0.1000000000E+01   -0.2081844825E-01    0.8035075305E-02   -0.4996774237E+00    0.8659240741E+00    0.8414469564E-01   -0.5449752442E-01    0.5874306854E+02
    0.7130000000E+00    0.3337218060E-02   -0.3998042336E-01    0.9992076148E+00   -0.4248806678E-02   -0.2155978520E-01    0.1000000000E+01   -0.2087618345E-01    0.8239145461E-02   -0.4778792227E+00    0.8781387988E+00    0.8556989401E-01   -0.5332649635E-01    0.5878425019E+02
    0.7135000000E+00    0.2045988053E-02   -0.4029755264E-01    0.9991985000E+00   -0.4976392529E-02   -0.2153291732E-01    0.1000000000E+01   -0.2093269337E-01    0.8444817370E-02   -0.4557825245E+00    0.8898049212E+00    0.8698250700E-01   -0.5212394254E-01    0.5882543134E+02
    0.7140000000E+00    0.7376599854E-03   -0.4057405975E-01    0.9991892806E+00   -0.5706883116E-02   -0.2148209752E-01    0.1000000000E+01   -0.2098795879E-01    0.8652090765E-02   -0.4334011314E+00    0.9009151493E+00    0.8838191110E-01   -0.5088990797E-01    0.5886661198E+02
    0.7145000000E+00   -0.5865249883E-03   -0.4080917338E-01    0.9991799556E+00   -0.6439509503E-02   -0.2140710614E-01    0.1000000000E+01   -0.2104196035E-01    0.8860965230E-02   -0.4107490240E+00    0.9114625382E+00    0.8976748012E-01   -0.4962444881E-01    0.5890779209E+02
    0.7150000000E+00   -0.1925293983E-02   -0.4100215886E-01    0.9991705236E+00   -0.7173491560E-02   -0.2130774754E-01    0.1000000000E+01   -0.2109467862E-01    0.9071440197E-02   -0.3878403523E+00    0.9214404944E+00    0.9113858535E-01   -0.4832763255E-01    0.5894897168E+02
    0.7155000000E+00   -0.3277343421E-02   -0.4115231938E-01    0.9991609834E+00   -0.7908038694E-02   -0.2118385064E-01    0.1000000000E+01   -0.2114609405E-01    0.9283514945E-02   -0.3646894265E+00    0.9308427801E+00    0.9249459574E-01   -0.4699953811E-01    0.5899015073E+02
    0.7160000000E+00   -0.4641340108E-02   -0.4125899718E-01    0.9991513338E+00   -0.8642350594E-02   -0.2103526931E-01    0.1000000000E+01   -0.2119618698E-01    0.9497188598E-02   -0.3413107087E+00    0.9396635170E+00    0.9383487811E-01   -0.4564025595E-01    0.5903132924E+02
    0.7165000000E+00   -0.6015922362E-02   -0.4132157476E-01    0.9991415736E+00   -0.9375618002E-02   -0.2086188290E-01    0.1000000000E+01   -0.2124493764E-01    0.9712460120E-02   -0.3177188033E+00    0.9478971900E+00    0.9515879734E-01   -0.4424988811E-01    0.5907250721E+02
    0.7170000000E+00   -0.7399701180E-02   -0.4133947597E-01    0.9991317015E+00   -0.1010702350E-01   -0.2066359660E-01    0.1000000000E+01   -0.2129232617E-01    0.9929328321E-02   -0.2939284482E+00    0.9555386505E+00    0.9646571652E-01   -0.4282854842E-01    0.5911368463E+02
    0.7175000000E+00   -0.8791261452E-02   -0.4131216717E-01    0.9991217162E+00   -0.1083574231E-01   -0.2044034189E-01    0.1000000000E+01   -0.2133833260E-01    0.1014779185E-01   -0.2699545056E+00    0.9625831199E+00    0.9775499723E-01   -0.4137636248E-01    0.5915486149E+02
    0.7180000000E+00   -0.1018916322E-01   -0.4123915829E-01    0.9991116164E+00   -0.1156094313E-01   -0.2019207689E-01    0.1000000000E+01   -0.2138293684E-01    0.1036784918E-01   -0.2458119527E+00    0.9690261925E+00    0.9902599964E-01   -0.3989346785E-01    0.5919603779E+02
    0.7185000000E+00   -0.1159194295E-01   -0.4112000385E-01    0.9991014009E+00   -0.1228178894E-01   -0.1991878673E-01    0.1000000000E+01   -0.2142611872E-01    0.1058949865E-01   -0.2215158720E+00    0.9748638379E+00    0.1002780828E+00   -0.3838001409E-01    0.5923721352E+02
    0.7190000000E+00   -0.1299811493E-01   -0.4095430402E-01    0.9990910683E+00   -0.1299743791E-01   -0.1962048385E-01    0.1000000000E+01   -0.2146785796E-01    0.1081273840E-01   -0.1970814424E+00    0.9800924043E+00    0.1015106048E+00   -0.3683616283E-01    0.5927838867E+02
    0.7195000000E+00   -0.1440617258E-01   -0.4074170551E-01    0.9990806172E+00   -0.1370704420E-01   -0.1929720834E-01    0.1000000000E+01   -0.2150813417E-01    0.1103756643E-01   -0.1725239295E+00    0.9847086199E+00    0.1027229229E+00   -0.3526208792E-01    0.5931956324E+02
    0.7200000000E+00   -0.1581458992E-01   -0.4048190255E-01    0.9990700464E+00   -0.1440975892E-01   -0.1894902818E-01    0.1000000000E+01   -0.2154692687E-01    0.1126398055E-01   -0.1478586760E+00    0.9887095957E+00    0.1039143940E+00   -0.3365797545E-01    0.5936073721E+02
    0.7205000000E+00   -0.1722182297E-01   -0.4017463777E-01    0.9990593544E+00   -0.1510473097E-01   -0.1857603950E-01    0.1000000000E+01   -0.2158421548E-01    0.1149197840E-01   -0.1231010922E+00    0.9920928269E+00    0.1050843745E+00   -0.3202402386E-01    0.5940191059E+02
    0.7210000000E+00   -0.1862631132E-01   -0.3981970302E-01    0.9990485400E+00   -0.1579110797E-01   -0.1817836681E-01    0.1000000000E+01   -0.2161997931E-01    0.1172155747E-01   -0.9826664653E-01    0.9948561945E+00    0.1062322208E+00   -0.3036044401E-01    0.5944308337E+02
    0.7215000000E+00   -0.2002647958E-01   -0.3941694018E-01    0.9990376016E+00   -0.1646803719E-01   -0.1775616316E-01    0.1000000000E+01   -0.2165419758E-01    0.1195271505E-01   -0.7337085545E-01    0.9969979669E+00    0.1073572894E+00   -0.2866745924E-01    0.5948425553E+02
    0.7220000000E+00   -0.2142073898E-01   -0.3896624190E-01    0.9990265379E+00   -0.1713466648E-01   -0.1730961033E-01    0.1000000000E+01   -0.2168684941E-01    0.1218544827E-01   -0.4842927422E-01    0.9985168005E+00    0.1084589370E+00   -0.2694530546E-01    0.5952542708E+02
    0.7225000000E+00   -0.2280748897E-01   -0.3846755232E-01    0.9990153474E+00   -0.1779014520E-01   -0.1683891894E-01    0.1000000000E+01   -0.2171791382E-01    0.1241975407E-01   -0.2345748698E-01    0.9994117411E+00    0.1095365210E+00   -0.2519423118E-01    0.5956659800E+02
    0.7230000000E+00   -0.2418511883E-01   -0.3792086773E-01    0.9990040288E+00   -0.1843362519E-01   -0.1634432858E-01    0.1000000000E+01   -0.2174736973E-01    0.1265562921E-01    0.1528902974E-02    0.9996822242E+00    0.1105893996E+00   -0.2341449761E-01    0.5960776829E+02
    0.7235000000E+00   -0.2555200929E-01   -0.3732623714E-01    0.9989925805E+00   -0.1906426172E-01   -0.1582610782E-01    0.1000000000E+01   -0.2177519599E-01    0.1289307029E-01    0.2651428290E-01    0.9993280755E+00    0.1116169319E+00   -0.2160637869E-01    0.5964893794E+02
    0.7240000000E+00   -0.2690653431E-01   -0.3668376286E-01    0.9989810012E+00   -0.1968121447E-01   -0.1528455431E-01    0.1000000000E+01   -0.2180137132E-01    0.1313207369E-01    0.5148304039E-01    0.9983495107E+00    0.1126184783E+00   -0.1977016116E-01    0.5969010695E+02
    0.7245000000E+00   -0.2824706269E-01   -0.3599360101E-01    0.9989692892E+00   -0.2028364848E-01   -0.1471999479E-01    0.1000000000E+01   -0.2182587437E-01    0.1337263563E-01    0.7641957309E-01    0.9967471358E+00    0.1135934005E+00   -0.1790614461E-01    0.5973127530E+02
    0.7250000000E+00   -0.2957195985E-01   -0.3525596195E-01    0.9989574430E+00   -0.2087073517E-01   -0.1413278498E-01    0.1000000000E+01   -0.2184868370E-01    0.1361475213E-01    0.1013082985E+00    0.9945219466E+00    0.1145410622E+00   -0.1601464151E-01    0.5977244299E+02
    0.7255000000E+00   -0.3087958960E-01   -0.3447111068E-01    0.9989454613E+00   -0.2144165328E-01   -0.1352330964E-01    0.1000000000E+01   -0.2186977775E-01    0.1385841904E-01    0.1261336635E+00    0.9916753279E+00    0.1154608288E+00   -0.1409597725E-01    0.5981361001E+02
    0.7260000000E+00   -0.3216831590E-01   -0.3363936718E-01    0.9989333424E+00   -0.2199558990E-01   -0.1289198239E-01    0.1000000000E+01   -0.2188913489E-01    0.1410363201E-01    0.1508801546E+00    0.9882090529E+00    0.1163520679E+00   -0.1215049022E-01    0.5985477635E+02
    0.7265000000E+00   -0.3343650468E-01   -0.3276110670E-01    0.9989210847E+00   -0.2253174142E-01   -0.1223924562E-01    0.1000000000E+01   -0.2190673341E-01    0.1435038647E-01    0.1755323068E+00    0.9841252820E+00    0.1172141497E+00   -0.1017853180E-01    0.5989594201E+02
    0.7270000000E+00   -0.3468252562E-01   -0.3183675995E-01    0.9989086867E+00   -0.2304931454E-01   -0.1156557036E-01    0.1000000000E+01   -0.2192255150E-01    0.1459867770E-01    0.2000747141E+00    0.9794265614E+00    0.1180464468E+00   -0.8180466394E-02    0.5993710698E+02
    0.7275000000E+00   -0.3590475406E-01   -0.3086681332E-01    0.9988961468E+00   -0.2354752726E-01   -0.1087145604E-01    0.1000000000E+01   -0.2193656725E-01    0.1484850075E-01    0.2244920386E+00    0.9741158215E+00    0.1188483348E+00   -0.6156671495E-02    0.5997827125E+02
    0.7280000000E+00   -0.3710157279E-01   -0.2985180895E-01    0.9988834634E+00   -0.2402560990E-01   -0.1015743030E-01    0.1000000000E+01   -0.2194875868E-01    0.1509985049E-01    0.2487690200E+00    0.9681963754E+00    0.1196191927E+00   -0.4107537661E-02    0.6001943481E+02
    0.7285000000E+00   -0.3827137394E-01   -0.2879234478E-01    0.9988706348E+00   -0.2448280601E-01   -0.9424048745E-02    0.1000000000E+01   -0.2195910371E-01    0.1535272158E-01    0.2728904857E+00    0.9616719163E+00    0.1203584024E+00   -0.2033468561E-02    0.6006059765E+02
    0.7290000000E+00   -0.3941256085E-01   -0.2768907453E-01    0.9988576595E+00   -0.2491837344E-01   -0.8671894619E-02    0.1000000000E+01   -0.2196758021E-01    0.1560710848E-01    0.2968413597E+00    0.9545465158E+00    0.1210653499E+00    0.6511902383E-04    0.6010175977E+02
    0.7295000000E+00   -0.4052354997E-01   -0.2654270765E-01    0.9988445356E+00   -0.2533158526E-01   -0.7901578511E-02    0.1000000000E+01   -0.2197416591E-01    0.1586300545E-01    0.3206066725E+00    0.9468246209E+00    0.1217394248E+00    0.2187795184E-02    0.6014292115E+02
    0.7300000000E+00   -0.4160277274E-01   -0.2535400916E-01    0.9988312617E+00   -0.2572173077E-01   -0.7113737987E-02    0.1000000000E+01   -0.2197883851E-01    0.1612040655E-01    0.3441715698E+00    0.9385110515E+00    0.1223800210E+00    0.4334116879E-02    0.6018408180E+02
    0.7305000000E+00   -0.4264867749E-01   -0.2412379945E-01    0.9988178359E+00   -0.2608811645E-01   -0.6309037199E-02    0.1000000000E+01   -0.2198157560E-01    0.1637930561E-01    0.3675213226E+00    0.9296109972E+00    0.1229865368E+00    0.6503627938E-02    0.6022524169E+02
    0.7310000000E+00   -0.4365973137E-01   -0.2285295402E-01    0.9988042565E+00   -0.2643006692E-01   -0.5488166466E-02    0.1000000000E+01   -0.2198235470E-01    0.1663969626E-01    0.3906413357E+00    0.9201300144E+00    0.1235583751E+00    0.8695859060E-02    0.6026640083E+02
    0.7315000000E+00   -0.4463442220E-01   -0.2154240315E-01    0.9987905217E+00   -0.2674692592E-01   -0.4651841810E-02    0.1000000000E+01   -0.2198115324E-01    0.1690157195E-01    0.4135171573E+00    0.9100740225E+00    0.1240949438E+00    0.1091032783E-01    0.6030755920E+02
    0.7320000000E+00   -0.4557126042E-01   -0.2019313150E-01    0.9987766300E+00   -0.2703805721E-01   -0.3800804464E-02    0.1000000000E+01   -0.2197794859E-01    0.1716492586E-01    0.4361344877E+00    0.8994493003E+00    0.1245956558E+00    0.1314653871E-01    0.6034871679E+02
    0.7325000000E+00   -0.4646878097E-01   -0.1880617769E-01    0.9987625793E+00   -0.2730284551E-01   -0.2935820353E-02    0.1000000000E+01   -0.2197271803E-01    0.1742975100E-01    0.4584791884E+00    0.8882624822E+00    0.1250599297E+00    0.1540398310E-01    0.6038987360E+02
    0.7330000000E+00   -0.4732554521E-01   -0.1738263372E-01    0.9987483680E+00   -0.2754069745E-01   -0.2057679528E-02    0.1000000000E+01   -0.2196543877E-01    0.1769604015E-01    0.4805372911E+00    0.8765205540E+00    0.1254871896E+00    0.1768213932E-01    0.6043102962E+02
    0.7335000000E+00   -0.4814014276E-01   -0.1592364442E-01    0.9987339942E+00   -0.2775104244E-01   -0.1167195581E-02    0.1000000000E+01   -0.2195608794E-01    0.1796378585E-01    0.5022950060E+00    0.8642308486E+00    0.1258768656E+00    0.1998047263E-01    0.6047218483E+02
    0.7340000000E+00   -0.4891119342E-01   -0.1443040680E-01    0.9987194561E+00   -0.2793333357E-01   -0.2652050144E-03    0.1000000000E+01   -0.2194464261E-01    0.1823298046E-01    0.5237387307E+00    0.8514010413E+00    0.1262283941E+00    0.2229843531E-01    0.6051333924E+02
    0.7345000000E+00   -0.4963734903E-01   -0.1290416933E-01    0.9987047519E+00   -0.2808704849E-01    0.6474334088E-03    0.1000000000E+01   -0.2193107977E-01    0.1850361609E-01    0.5448550589E+00    0.8380391451E+00    0.1265412178E+00    0.2463546666E-01    0.6055449282E+02
    0.7350000000E+00   -0.5031729530E-01   -0.1134623114E-01    0.9986898795E+00   -0.2821169025E-01    0.1569839359E-02    0.1000000000E+01   -0.2191537634E-01    0.1877568463E-01    0.5656307883E+00    0.8241535059E+00    0.1268147864E+00    0.2699099305E-01    0.6059564557E+02
    0.7355000000E+00   -0.5094975369E-01   -0.9757941191E-02    0.9986748372E+00   -0.2830678817E-01    0.2501111657E-02    0.1000000000E+01   -0.2189750916E-01    0.1904917773E-01    0.5860529292E+00    0.8097527970E+00    0.1270485564E+00    0.2936442796E-01    0.6063679748E+02
    0.7360000000E+00   -0.5153348317E-01   -0.8140697375E-02    0.9986596230E+00   -0.2837189862E-01    0.3440329029E-02    0.1000000000E+01   -0.2187745504E-01    0.1932408685E-01    0.6061087125E+00    0.7948460136E+00    0.1272419918E+00    0.3175517204E-01    0.6067794854E+02
    0.7365000000E+00   -0.5206728210E-01   -0.6495945518E-02    0.9986442350E+00   -0.2840660586E-01    0.4386550884E-02    0.1000000000E+01   -0.2185519068E-01    0.1960040318E-01    0.6257855977E+00    0.7794424678E+00    0.1273945639E+00    0.3416261316E-01    0.6071909875E+02
    0.7370000000E+00   -0.5254998993E-01   -0.4825178349E-02    0.9986286712E+00   -0.2841052277E-01    0.5338818131E-02    0.1000000000E+01   -0.2183069274E-01    0.1987811769E-01    0.6450712809E+00    0.7635517820E+00    0.1275057520E+00    0.3658612649E-01    0.6076024808E+02
    0.7375000000E+00   -0.5298048899E-01   -0.3129934402E-02    0.9986129296E+00   -0.2838329165E-01    0.6296154018E-02    0.1000000000E+01   -0.2180393782E-01    0.2015722114E-01    0.6639537022E+00    0.7471838837E+00    0.1275750434E+00    0.3902507453E-01    0.6080139653E+02
    0.7380000000E+00   -0.5335770620E-01   -0.1411796841E-02    0.9985970082E+00   -0.2832458495E-01    0.7257565007E-02    0.1000000000E+01   -0.2177490244E-01    0.2043770402E-01    0.6824210534E+00    0.7303489986E+00    0.1276019339E+00    0.4147880722E-01    0.6084254410E+02
    0.7385000000E+00   -0.5368061480E-01    0.3276077607E-03    0.9985809050E+00   -0.2823410592E-01    0.8222041669E-02    0.1000000000E+01   -0.2174356308E-01    0.2071955660E-01    0.7004617855E+00    0.7130576446E+00    0.1275859276E+00    0.4394666197E-01    0.6088369077E+02
    0.7390000000E+00   -0.5394823595E-01    0.2086610715E-02    0.9985646179E+00   -0.2811158937E-01    0.9188559617E-02    0.1000000000E+01   -0.2170989615E-01    0.2100276890E-01    0.7180646155E+00    0.6953206254E+00    0.1275265378E+00    0.4642796382E-01    0.6092483653E+02
    0.7395000000E+00   -0.5415964044E-01    0.3863502573E-02    0.9985481448E+00   -0.2795680226E-01    0.1015608046E-01    0.1000000000E+01   -0.2167387801E-01    0.2128733072E-01    0.7352185342E+00    0.6771490232E+00    0.1274232869E+00    0.4892202543E-01    0.6096598136E+02
    0.7400000000E+00   -0.5431395021E-01    0.5656534532E-02    0.9985314836E+00   -0.2776954436E-01    0.1112355278E-01    0.1000000000E+01   -0.2163548495E-01    0.2157323159E-01    0.7519128123E+00    0.6585541923E+00    0.1272757066E+00    0.5142814723E-01    0.6100712527E+02
    0.7405000000E+00   -0.5441033996E-01    0.7463919914E-02    0.9985146323E+00   -0.2754964885E-01    0.1208991313E-01    0.1000000000E+01   -0.2159469322E-01    0.2186046081E-01    0.7681370076E+00    0.6395477520E+00    0.1270833385E+00    0.5394561753E-01    0.6104826824E+02
    0.7410000000E+00   -0.5444803864E-01    0.9283835693E-02    0.9984975886E+00   -0.2729698286E-01    0.1305408712E-01    0.1000000000E+01   -0.2155147903E-01    0.2214900743E-01    0.7838809715E+00    0.6201415789E+00    0.1268457339E+00    0.5647371258E-01    0.6108941025E+02
    0.7415000000E+00   -0.5442633095E-01    0.1111442408E-01    0.9984803505E+00   -0.2701144803E-01    0.1401499037E-01    0.1000000000E+01   -0.2150581851E-01    0.2243886026E-01    0.7991348550E+00    0.6003477999E+00    0.1265624545E+00    0.5901169669E-01    0.6113055131E+02
    0.7420000000E+00   -0.5434455873E-01    0.1295379419E-01    0.9984629156E+00   -0.2669298102E-01    0.1497152971E-01    0.1000000000E+01   -0.2145768776E-01    0.2273000784E-01    0.8138891154E+00    0.5801787848E+00    0.1262330725E+00    0.6155882237E-01    0.6117169139E+02
    0.7425000000E+00   -0.5420212239E-01    0.1480002371E-01    0.9984452818E+00   -0.2634155395E-01    0.1592260417E-01    0.1000000000E+01   -0.2140706284E-01    0.2302243846E-01    0.8281345217E+00    0.5596471379E+00    0.1258571709E+00    0.6411433042E-01    0.6121283048E+02
    0.7430000000E+00   -0.5399848219E-01    0.1665116067E-01    0.9984274468E+00   -0.2595717486E-01    0.1686710618E-01    0.1000000000E+01   -0.2135391974E-01    0.2331614019E-01    0.8418621611E+00    0.5387656908E+00    0.1254343436E+00    0.6667745006E-01    0.6125396858E+02
    0.7435000000E+00   -0.5373315959E-01    0.1850522526E-01    0.9984094084E+00   -0.2553988814E-01    0.1780392270E-01    0.1000000000E+01   -0.2129823443E-01    0.2361110079E-01    0.8550634436E+00    0.5175474940E+00    0.1249641960E+00    0.6924739906E-01    0.6129510567E+02
    0.7440000000E+00   -0.5340573844E-01    0.2036021168E-01    0.9983911643E+00   -0.2508977483E-01    0.1873193632E-01    0.1000000000E+01   -0.2123998283E-01    0.2390730780E-01    0.8677301084E+00    0.4960058091E+00    0.1244463448E+00    0.7182338388E-01    0.6133624175E+02
    0.7445000000E+00   -0.5301586617E-01    0.2221409005E-01    0.9983727121E+00   -0.2460695302E-01    0.1965002654E-01    0.1000000000E+01   -0.2117914083E-01    0.2420474848E-01    0.8798542285E+00    0.4741541002E+00    0.1238804188E+00    0.7440459983E-01    0.6137737679E+02
    0.7450000000E+00   -0.5256325489E-01    0.2406480838E-01    0.9983540495E+00   -0.2409157812E-01    0.2055707088E-01    0.1000000000E+01   -0.2111568425E-01    0.2450340984E-01    0.8914282156E+00    0.4520060256E+00    0.1232660587E+00    0.7699023116E-01    0.6141851079E+02
    0.7455000000E+00   -0.5204768251E-01    0.2591029456E-01    0.9983351742E+00   -0.2354384310E-01    0.2145194614E-01    0.1000000000E+01   -0.2104958892E-01    0.2480327863E-01    0.9024448253E+00    0.4295754293E+00    0.1226029176E+00    0.7957945127E-01    0.6145964374E+02
    0.7460000000E+00   -0.5146899366E-01    0.2774845841E-01    0.9983160837E+00   -0.2296397875E-01    0.2233352961E-01    0.1000000000E+01   -0.2098083060E-01    0.2510434132E-01    0.9128971612E+00    0.4068763325E+00    0.1218906614E+00    0.8217142282E-01    0.6150077563E+02
    0.7465000000E+00   -0.5082710071E-01    0.2957719379E-01    0.9982967756E+00   -0.2235225380E-01    0.2320070031E-01    0.1000000000E+01   -0.2090938504E-01    0.2540658412E-01    0.9227786794E+00    0.3839229245E+00    0.1211289685E+00    0.8476529793E-01    0.6154190643E+02
    0.7470000000E+00   -0.5012198459E-01    0.3139438074E-01    0.9982772475E+00   -0.2170897513E-01    0.2405234028E-01    0.1000000000E+01   -0.2083522794E-01    0.2570999296E-01    0.9320831928E+00    0.3607295543E+00    0.1203175309E+00    0.8736021832E-01    0.6158303614E+02
    0.7475000000E+00   -0.4935369565E-01    0.3319788761E-01    0.9982574969E+00   -0.2103448782E-01    0.2488733577E-01    0.1000000000E+01   -0.2075833498E-01    0.2601455352E-01    0.9408048746E+00    0.3373107211E+00    0.1194560537E+00    0.8995531552E-01    0.6162416476E+02
    0.7480000000E+00   -0.4852235436E-01    0.3498557336E-01    0.9982375213E+00   -0.2032917524E-01    0.2570457859E-01    0.1000000000E+01   -0.2067868184E-01    0.2632025118E-01    0.9489382622E+00    0.3136810658E+00    0.1185442555E+00    0.9254971098E-01    0.6166529225E+02
    0.7485000000E+00   -0.4762815200E-01    0.3675528972E-01    0.9982173182E+00   -0.1959345903E-01    0.2650296735E-01    0.1000000000E+01   -0.2059624412E-01    0.2662707108E-01    0.9564782607E+00    0.2898553615E+00    0.1175818693E+00    0.9514251635E-01    0.6170641862E+02
    0.7490000000E+00   -0.4667135129E-01    0.3850488354E-01    0.9981968849E+00   -0.1882779913E-01    0.2728140877E-01    0.1000000000E+01   -0.2051099746E-01    0.2693499805E-01    0.9634201460E+00    0.2658485044E+00    0.1165686418E+00    0.9773283357E-01    0.6174754385E+02
    0.7495000000E+00   -0.4565228688E-01    0.4023219907E-01    0.9981762190E+00   -0.1803269365E-01    0.2803881895E-01    0.1000000000E+01   -0.2042291744E-01    0.2724401665E-01    0.9697595674E+00    0.2416755045E+00    0.1155043342E+00    0.1003197551E+00    0.6178866792E+02
    0.7500000000E+00   -0.4457136586E-01    0.4193508031E-01    0.9981553177E+00   -0.1720867882E-01    0.2877412473E-01    0.1000000000E+01   -0.2033197962E-01    0.2755411117E-01    0.9754925512E+00    0.2173514761E+00    0.1143887226E+00    0.1029023643E+00    0.6182979083E+02
    0.7505000000E+00   -0.4342906809E-01    0.4361137340E-01    0.9981341785E+00   -0.1635632880E-01    0.2948626490E-01    0.1000000000E+01   -0.2023815958E-01    0.2786526561E-01    0.9806155024E+00    0.1928916287E+00    0.1132215977E+00    0.1054797352E+00    0.6187091256E+02
    0.7510000000E+00   -0.4222594657E-01    0.4525892903E-01    0.9981127988E+00   -0.1547625549E-01    0.3017419160E-01    0.1000000000E+01   -0.2014143284E-01    0.2817746369E-01    0.9851252073E+00    0.1683112571E+00    0.1120027655E+00    0.1080509332E+00    0.6191203309E+02
    0.7515000000E+00   -0.4096262762E-01    0.4687560481E-01    0.9980911756E+00   -0.1456910830E-01    0.3083687157E-01    0.1000000000E+01   -0.2004177495E-01    0.2849068884E-01    0.9890188355E+00    0.1436257321E+00    0.1107320474E+00    0.1106150149E+00    0.6195315242E+02
    0.7520000000E+00   -0.3963981108E-01    0.4845926775E-01    0.9980693065E+00   -0.1363557386E-01    0.3147328748E-01    0.1000000000E+01   -0.1993916144E-01    0.2880492420E-01    0.9922939419E+00    0.1188504907E+00    0.1094092802E+00    0.1131710287E+00    0.6199427052E+02
    0.7525000000E+00   -0.3825827035E-01    0.5000779673E-01    0.9980471885E+00   -0.1267637568E-01    0.3208243922E-01    0.1000000000E+01   -0.1983356780E-01    0.2912015263E-01    0.9949484677E+00    0.9400102668E-01    0.1080343169E+00    0.1157180147E+00    0.6203538740E+02
    0.7530000000E+00   -0.3681885240E-01    0.5151908493E-01    0.9980248190E+00   -0.1169227380E-01    0.3266334519E-01    0.1000000000E+01   -0.1972496957E-01    0.2943635669E-01    0.9969807422E+00    0.6909288090E-01    0.1066070262E+00    0.1182550049E+00    0.6207650302E+02
    0.7535000000E+00   -0.3532247770E-01    0.5299104236E-01    0.9980021950E+00   -0.1068406437E-01    0.3321504363E-01    0.1000000000E+01   -0.1961334225E-01    0.2975351864E-01    0.9983894838E+00    0.4414163139E-01    0.1051272936E+00    0.1207810240E+00    0.6211761738E+02
    0.7540000000E+00   -0.3377014001E-01    0.5442159836E-01    0.9979793138E+00   -0.9652579149E-02    0.3373659387E-01    0.1000000000E+01   -0.1949866135E-01    0.3007162047E-01    0.9991738006E+00    0.1916288380E-01    0.1035950207E+00    0.1232950888E+00    0.6215873046E+02
    0.7545000000E+00   -0.3216290617E-01    0.5580870405E-01    0.9979561724E+00   -0.8598685054E-02    0.3422707762E-01    0.1000000000E+01   -0.1938090238E-01    0.3039064385E-01    0.9993331911E+00   -0.5827738408E-02    0.1020101262E+00    0.1257962091E+00    0.6219984225E+02
    0.7550000000E+00   -0.3050191575E-01    0.5715033491E-01    0.9979327680E+00   -0.7523283572E-02    0.3468560023E-01    0.1000000000E+01   -0.1926004087E-01    0.3071057016E-01    0.9988675447E+00   -0.3081460372E-01    0.1003725455E+00    0.1282833879E+00    0.6224095273E+02
    0.7555000000E+00   -0.2878838064E-01    0.5844449326E-01    0.9979090975E+00   -0.6427310177E-02    0.3511129198E-01    0.1000000000E+01   -0.1913605234E-01    0.3103138048E-01    0.9977771416E+00   -0.5578208235E-01    0.9868223152E-01    0.1307556211E+00    0.6228206189E+02
    0.7560000000E+00   -0.2702358454E-01    0.5968921075E-01    0.9978851581E+00   -0.5311733688E-02    0.3550330927E-01    0.1000000000E+01   -0.1900891233E-01    0.3135305560E-01    0.9960626525E+00   -0.8071455595E-01    0.9693915438E-01    0.1332118986E+00    0.6232316972E+02
    0.7565000000E+00   -0.2520888235E-01    0.6088255092E-01    0.9978609466E+00   -0.4177555584E-02    0.3586083589E-01    0.1000000000E+01   -0.1887859638E-01    0.3167557597E-01    0.9937251386E+00   -0.1055964275E+00    0.9514330196E-01    0.1356512038E+00    0.6236427619E+02
    0.7570000000E+00   -0.2334569954E-01    0.6202261166E-01    0.9978364602E+00   -0.3025809278E-02    0.3618308423E-01    0.1000000000E+01   -0.1874508007E-01    0.3199892178E-01    0.9907660507E+00   -0.1304121308E+00    0.9329467994E-01    0.1380725145E+00    0.6240538130E+02
    0.7575000000E+00   -0.2143553137E-01    0.6310752774E-01    0.9978116956E+00   -0.1857559344E-02    0.3646929644E-01    0.1000000000E+01   -0.1860833898E-01    0.3232307288E-01    0.9871872283E+00   -0.1551461405E+00    0.9139331209E-01    0.1404748027E+00    0.6244648503E+02
    0.7580000000E+00   -0.1947994203E-01    0.6413547324E-01    0.9977866498E+00   -0.6739007034E-03    0.3671874566E-01    0.1000000000E+01   -0.1846834870E-01    0.3264800883E-01    0.9829908988E+00   -0.1797829817E+00    0.8943924040E-01    0.1428570352E+00    0.6248758735E+02
    0.7585000000E+00   -0.1748056374E-01    0.6510466407E-01    0.9977613196E+00    0.5240422342E-03    0.3693073713E-01    0.1000000000E+01   -0.1832508487E-01    0.3297370887E-01    0.9781796756E+00   -0.2043072395E+00    0.8743252534E-01    0.1452181737E+00    0.6252868826E+02
    0.7590000000E+00   -0.1543909570E-01    0.6601336041E-01    0.9977357019E+00    0.1735116470E-02    0.3710460934E-01    0.1000000000E+01   -0.1817852314E-01    0.3330015192E-01    0.9727565568E+00   -0.2287035687E+00    0.8537324600E-01    0.1475571754E+00    0.6256978775E+02
    0.7595000000E+00   -0.1335730303E-01    0.6685986909E-01    0.9977097935E+00    0.2958141357E-02    0.3723973515E-01    0.1000000000E+01   -0.1802863918E-01    0.3362731662E-01    0.9667249236E+00   -0.2529567036E+00    0.8326150032E-01    0.1498729926E+00    0.6261088578E+02
    0.7600000000E+00   -0.1123701554E-01    0.6764254608E-01    0.9976835910E+00    0.4191909587E-02    0.3733552286E-01    0.1000000000E+01   -0.1787540872E-01    0.3395518126E-01    0.9600885376E+00   -0.2770514673E+00    0.8109740524E-01    0.1521645741E+00    0.6265198236E+02
    0.7605000000E+00   -0.9080126469E-02    0.6835979879E-01    0.9976570913E+00    0.5435188207E-02    0.3739141729E-01    0.1000000000E+01   -0.1771880748E-01    0.3428372382E-01    0.9528515389E+00   -0.3009727810E+00    0.7888109690E-01    0.1544308645E+00    0.6269307745E+02
    0.7610000000E+00   -0.6888591150E-02    0.6901008847E-01    0.9976302910E+00    0.6686719692E-02    0.3740690076E-01    0.1000000000E+01   -0.1755881127E-01    0.3461292197E-01    0.9450184437E+00   -0.3247056741E+00    0.7661273083E-01    0.1566708050E+00    0.6273417105E+02
    0.7615000000E+00   -0.4664425540E-02    0.6959193251E-01    0.9976031868E+00    0.7945223041E-02    0.3738149416E-01    0.1000000000E+01   -0.1739539589E-01    0.3494275306E-01    0.9365941410E+00   -0.3482352929E+00    0.7429248207E-01    0.1588833338E+00    0.6277526313E+02
    0.7620000000E+00   -0.2409704708E-02    0.7010390671E-01    0.9975757753E+00    0.9209394925E-02    0.3731475786E-01    0.1000000000E+01   -0.1722853721E-01    0.3527319410E-01    0.9275838899E+00   -0.3715469103E+00    0.7192054539E-01    0.1610673860E+00    0.6281635369E+02
    0.7625000000E+00   -0.1265612232E-03    0.7054464756E-01    0.9975480530E+00    0.1047791086E-01    0.3720629269E-01    0.1000000000E+01   -0.1705821115E-01    0.3560422181E-01    0.9179933162E+00   -0.3946259346E+00    0.6949713542E-01    0.1632218944E+00    0.6285744270E+02
    0.7630000000E+00    0.2182816536E-02    0.7091285441E-01    0.9975200165E+00    0.1174942643E-01    0.3705574081E-01    0.1000000000E+01   -0.1688439366E-01    0.3593581255E-01    0.9078284091E+00   -0.4174579192E+00    0.6702248680E-01    0.1653457897E+00    0.6289853014E+02
    0.7635000000E+00    0.4516186154E-02    0.7120729165E-01    0.9974916623E+00    0.1302257853E-01    0.3686278662E-01    0.1000000000E+01   -0.1670706075E-01    0.3626794237E-01    0.8970955173E+00   -0.4400285711E+00    0.6449685438E-01    0.1674380005E+00    0.6293961600E+02
    0.7640000000E+00    0.6871253026E-02    0.7142679082E-01    0.9974629869E+00    0.1429598667E-01    0.3662715752E-01    0.1000000000E+01   -0.1652618848E-01    0.3660058699E-01    0.8858013450E+00   -0.4623237602E+00    0.6192051329E-01    0.1694974543E+00    0.6298070026E+02
    0.7645000000E+00    0.9245672296E-02    0.7157025265E-01    0.9974339867E+00    0.1556825428E-01    0.3634862480E-01    0.1000000000E+01   -0.1634175297E-01    0.3693372181E-01    0.8739529482E+00   -0.4843295280E+00    0.5929375914E-01    0.1715230772E+00    0.6302178290E+02
    0.7650000000E+00    0.1163705086E-01    0.7163664910E-01    0.9974046581E+00    0.1683797007E-01    0.3602700430E-01    0.1000000000E+01   -0.1615373041E-01    0.3726732188E-01    0.8615577295E+00   -0.5060320964E+00    0.5661690814E-01    0.1735137947E+00    0.6306286390E+02
    0.7655000000E+00    0.1404294946E-01    0.7162502533E-01    0.9973749974E+00    0.1810370943E-01    0.3566215720E-01    0.1000000000E+01   -0.1596209704E-01    0.3760136193E-01    0.8486234343E+00   -0.5274178760E+00    0.5389029721E-01    0.1754685317E+00    0.6310394324E+02
    0.7660000000E+00    0.1646088484E-01    0.7153450153E-01    0.9973450009E+00    0.1936403581E-01    0.3525399065E-01    0.1000000000E+01   -0.1576682918E-01    0.3793581635E-01    0.8351581455E+00   -0.5484734752E+00    0.5111428414E-01    0.1773862133E+00    0.6314502092E+02
    0.7665000000E+00    0.1888833196E-01    0.7136427483E-01    0.9973146650E+00    0.2061750220E-01    0.3480245840E-01    0.1000000000E+01   -0.1556790319E-01    0.3827065920E-01    0.8211702788E+00   -0.5691857081E+00    0.4828924768E-01    0.1792657649E+00    0.6318609690E+02
    0.7670000000E+00    0.2132272634E-01    0.7111362103E-01    0.9972839859E+00    0.2186265261E-01    0.3430756139E-01    0.1000000000E+01   -0.1536529554E-01    0.3860586419E-01    0.8066685770E+00   -0.5895416031E+00    0.4541558763E-01    0.1811061124E+00    0.6322717116E+02
    0.7675000000E+00    0.2376146643E-01    0.7078189632E-01    0.9972529597E+00    0.2309802354E-01    0.3376934833E-01    0.1000000000E+01   -0.1515898276E-01    0.3894140471E-01    0.7916621052E+00   -0.6095284107E+00    0.4249372503E-01    0.1829061829E+00    0.6326824370E+02
    0.7680000000E+00    0.2620191601E-01    0.7036853891E-01    0.9972215826E+00    0.2432214552E-01    0.3318791611E-01    0.1000000000E+01   -0.1494894146E-01    0.3927725380E-01    0.7761602445E+00   -0.6291336117E+00    0.3952410215E-01    0.1846649050E+00    0.6330931448E+02
    0.7685000000E+00    0.2864140677E-01    0.6987307062E-01    0.9971898508E+00    0.2553354468E-01    0.3256341034E-01    0.1000000000E+01   -0.1473514833E-01    0.3961338415E-01    0.7601726867E+00   -0.6483449249E+00    0.3650718269E-01    0.1863812092E+00    0.6335038349E+02
    0.7690000000E+00    0.3107724083E-01    0.6929509832E-01    0.9971577602E+00    0.2673074430E-01    0.3189602565E-01    0.1000000000E+01   -0.1451758015E-01    0.3994976812E-01    0.7437094279E+00   -0.6671503149E+00    0.3344345177E-01    0.1880540281E+00    0.6339145071E+02
    0.7695000000E+00    0.3350669342E-01    0.6863431541E-01    0.9971253070E+00    0.2791226641E-01    0.3118600612E-01    0.1000000000E+01   -0.1429621378E-01    0.4028637773E-01    0.7267807625E+00   -0.6855379999E+00    0.3033341610E-01    0.1896822970E+00    0.6343251612E+02
    0.7700000000E+00    0.3592701554E-01    0.6789050308E-01    0.9970924871E+00    0.2907663341E-01    0.3043364556E-01    0.1000000000E+01   -0.1407102620E-01    0.4062318463E-01    0.7093972767E+00   -0.7034964584E+00    0.2717760398E-01    0.1912649542E+00    0.6347357970E+02
    0.7705000000E+00    0.3833543676E-01    0.6706353165E-01    0.9970592964E+00    0.3022236970E-01    0.2963928769E-01    0.1000000000E+01   -0.1384199445E-01    0.4096016015E-01    0.6915698418E+00   -0.7210144370E+00    0.2397656544E-01    0.1928009414E+00    0.6351464143E+02
    0.7710000000E+00    0.4072916800E-01    0.6615336165E-01    0.9970257309E+00    0.3134800332E-01    0.2880332643E-01    0.1000000000E+01   -0.1360909570E-01    0.4129727526E-01    0.6733096077E+00   -0.7380809575E+00    0.2073087222E-01    0.1942892041E+00    0.6355570128E+02
    0.7715000000E+00    0.4310540440E-01    0.6516004499E-01    0.9969917865E+00    0.3245206765E-01    0.2792620598E-01    0.1000000000E+01   -0.1337230721E-01    0.4163450059E-01    0.6546279957E+00   -0.7546853232E+00    0.1744111791E-01    0.1957286923E+00    0.6359675923E+02
    0.7720000000E+00    0.4546132826E-01    0.6408372588E-01    0.9969574589E+00    0.3353310304E-01    0.2700842091E-01    0.1000000000E+01   -0.1313160634E-01    0.4197180639E-01    0.6355366915E+00   -0.7708171263E+00    0.1410791793E-01    0.1971183602E+00    0.6363781527E+02
    0.7725000000E+00    0.4779411199E-01    0.6292464177E-01    0.9969227439E+00    0.3458965853E-01    0.2605051621E-01    0.1000000000E+01   -0.1288697057E-01    0.4230916258E-01    0.6160476378E+00   -0.7864662540E+00    0.1073190959E-01    0.1984571675E+00    0.6367886938E+02
    0.7730000000E+00    0.5010092112E-01    0.6168312418E-01    0.9968876372E+00    0.3562029353E-01    0.2505308725E-01    0.1000000000E+01   -0.1263837750E-01    0.4264653875E-01    0.5961730273E+00   -0.8016228950E+00    0.7313752172E-02    0.1997440790E+00    0.6371992152E+02
    0.7735000000E+00    0.5237891732E-01    0.6035959938E-01    0.9968521346E+00    0.3662357956E-01    0.2401677973E-01    0.1000000000E+01   -0.1238580484E-01    0.4298390408E-01    0.5759252942E+00   -0.8162775455E+00    0.3854126872E-02    0.2009780657E+00    0.6376097168E+02
    0.7740000000E+00    0.5462526158E-01    0.5895458902E-01    0.9968162316E+00    0.3759810191E-01    0.2294228950E-01    0.1000000000E+01   -0.1212923042E-01    0.4332122745E-01    0.5553171076E+00   -0.8304210156E+00    0.3537368866E-03    0.2021581048E+00    0.6380201984E+02
    0.7745000000E+00    0.5683711725E-01    0.5746871066E-01    0.9967799239E+00    0.3854246142E-01    0.2183036240E-01    0.1000000000E+01   -0.1186863219E-01    0.4365847733E-01    0.5343613625E+00   -0.8440444344E+00   -0.3186692606E-02    0.2032831801E+00    0.6384306597E+02
    0.7750000000E+00    0.5901165324E-01    0.5590267821E-01    0.9967432070E+00    0.3945527614E-01    0.2068179399E-01    0.1000000000E+01   -0.1160398825E-01    0.4399562189E-01    0.5130711725E+00   -0.8571392563E+00   -0.6766414431E-02    0.2043522828E+00    0.6388411005E+02
    0.7755000000E+00    0.6114604721E-01    0.5425730221E-01    0.9967060764E+00    0.4033518311E-01    0.1949742927E-01    0.1000000000E+01   -0.1133527682E-01    0.4433262889E-01    0.4914598614E+00   -0.8696972658E+00   -0.1038465943E-01    0.2053644115E+00    0.6392515206E+02
    0.7760000000E+00    0.6323748881E-01    0.5253349007E-01    0.9966685276E+00    0.4118084002E-01    0.1827816227E-01    0.1000000000E+01   -0.1106247624E-01    0.4466946575E-01    0.4695409548E+00   -0.8817105830E+00   -0.1404063645E-01    0.2063185730E+00    0.6396619197E+02
    0.7765000000E+00    0.6528318288E-01    0.5073224619E-01    0.9966305559E+00    0.4199092698E-01    0.1702493566E-01    0.1000000000E+01   -0.1078556502E-01    0.4500609954E-01    0.4473281718E+00   -0.8931716685E+00   -0.1773353239E-01    0.2072137825E+00    0.6400722976E+02
    0.7770000000E+00    0.6728035275E-01    0.4885467195E-01    0.9965921568E+00    0.4276414820E-01    0.1573874026E-01    0.1000000000E+01   -0.1050452181E-01    0.4534249696E-01    0.4248354162E+00   -0.9040733279E+00   -0.2146251221E-01    0.2080490642E+00    0.6404826541E+02
    0.7775000000E+00    0.6922624353E-01    0.4690196561E-01    0.9965533254E+00    0.4349923370E-01    0.1442061449E-01    0.1000000000E+01   -0.1021932537E-01    0.4567862432E-01    0.4020767682E+00   -0.9144087167E+00   -0.2522671897E-01    0.2088234513E+00    0.6408929890E+02
    0.7780000000E+00    0.7111812536E-01    0.4487542214E-01    0.9965140572E+00    0.4419494102E-01    0.1307164378E-01    0.1000000000E+01   -0.9929954675E-02    0.4601444761E-01    0.3790664753E+00   -0.9241713445E+00   -0.2902527387E-01    0.2095359872E+00    0.6413033019E+02
    0.7785000000E+00    0.7295329677E-01    0.4277643282E-01    0.9964743473E+00    0.4485005690E-01    0.1169295989E-01    0.1000000000E+01   -0.9636388805E-02    0.4634993243E-01    0.3558189436E+00   -0.9333550788E+00   -0.3285727631E-01    0.2101857254E+00    0.6417135926E+02
    0.7790000000E+00    0.7472908797E-01    0.4060648490E-01    0.9964341909E+00    0.4546339892E-01    0.1028574022E-01    0.1000000000E+01   -0.9338607024E-02    0.4668504401E-01    0.3323487287E+00   -0.9419541495E+00   -0.3672180393E-01    0.2107717300E+00    0.6421238610E+02
    0.7795000000E+00    0.7644286417E-01    0.3836716100E-01    0.9963935830E+00    0.4603381722E-01    0.8851207002E-02    0.1000000000E+01   -0.9036588756E-02    0.4701974723E-01    0.3086705265E+00   -0.9499631517E+00   -0.4061791269E-01    0.2112930761E+00    0.6425341066E+02
    0.7800000000E+00    0.7809202887E-01    0.3606013849E-01    0.9963525188E+00    0.4656019609E-01    0.7390626499E-02    0.1000000000E+01   -0.8730313593E-02    0.4735400659E-01    0.2847991644E+00   -0.9573770499E+00   -0.4454463693E-01    0.2117488508E+00    0.6429443294E+02
    0.7805000000E+00    0.7967402725E-01    0.3368718870E-01    0.9963109933E+00    0.4704145559E-01    0.5905308077E-02    0.1000000000E+01   -0.8419761302E-02    0.4768778621E-01    0.2607495916E+00   -0.9641911808E+00   -0.4850098950E-01    0.2121381527E+00    0.6433545289E+02
    0.7810000000E+00    0.8118634939E-01    0.3125017607E-01    0.9962690013E+00    0.4747655320E-01    0.4396603276E-02    0.1000000000E+01   -0.8104911825E-02    0.4802104987E-01    0.2365368701E+00   -0.9704012563E+00   -0.5248596178E-01    0.2124600932E+00    0.6437647051E+02
    0.7815000000E+00    0.8262653361E-01    0.2875105714E-01    0.9962265379E+00    0.4786448535E-01    0.2865904789E-02    0.1000000000E+01   -0.7785745286E-02    0.4835376096E-01    0.2121761651E+00   -0.9760033663E+00   -0.5649852384E-01    0.2127137966E+00    0.6441748575E+02
    0.7820000000E+00    0.8399216974E-01    0.2619187944E-01    0.9961835979E+00    0.4820428898E-01    0.1314645403E-02    0.1000000000E+01   -0.7462241996E-02    0.4868588250E-01    0.1876827357E+00   -0.9809939809E+00   -0.6053762452E-01    0.2128984004E+00    0.6445849860E+02
    0.7825000000E+00    0.8528090238E-01    0.2357478031E-01    0.9961401761E+00    0.4849504308E-01   -0.2557031299E-03    0.1000000000E+01   -0.7134382454E-02    0.4901737713E-01    0.1630719250E+00   -0.9853699532E+00   -0.6460219155E-01    0.2130130560E+00    0.6449950902E+02
    0.7830000000E+00    0.8649043413E-01    0.2090198552E-01    0.9960962672E+00    0.4873587020E-01   -0.1843631267E-02    0.1000000000E+01   -0.6802147354E-02    0.4934820715E-01    0.1383591511E+00   -0.9891285208E+00   -0.6869113169E-01    0.2130569292E+00    0.6454051699E+02
    0.7835000000E+00    0.8761852883E-01    0.1817580786E-01    0.9960518660E+00    0.4892593786E-01   -0.3447592914E-02    0.1000000000E+01   -0.6465517590E-02    0.4967833444E-01    0.1135598969E+00   -0.9922673077E+00   -0.7280333085E-01    0.2130292003E+00    0.6458152249E+02
    0.7840000000E+00    0.8866301469E-01    0.1539864555E-01    0.9960069670E+00    0.4906446005E-01   -0.5066006706E-02    0.1000000000E+01   -0.6124474258E-02    0.5000772055E-01    0.8868970069E-01   -0.9947843262E+00   -0.7693765424E-01    0.2129290649E+00    0.6462252548E+02
    0.7845000000E+00    0.8962178749E-01    0.1257298062E-01    0.9959615649E+00    0.4915069858E-01   -0.6697257362E-02    0.1000000000E+01   -0.5778998663E-02    0.5033632662E-01    0.6376414647E-01   -0.9966779776E+00   -0.8109294653E-01    0.2127557344E+00    0.6466352593E+02
    0.7850000000E+00    0.9049281362E-01    0.9701377064E-02    0.9959156543E+00    0.4918396447E-01   -0.8339697068E-02    0.1000000000E+01   -0.5429072319E-02    0.5066411344E-01    0.3879885412E-01   -0.9979470536E+00   -0.8526803199E-01    0.2125084359E+00    0.6470452382E+02
    0.7855000000E+00    0.9127413323E-01    0.6786478996E-02    0.9958692294E+00    0.4916361926E-01   -0.9991646934E-02    0.1000000000E+01   -0.5074676961E-02    0.5099104141E-01    0.1380946964E-01   -0.9985907370E+00   -0.8946171470E-01    0.2121864135E+00    0.6474551913E+02
    0.7860000000E+00    0.9196386318E-01    0.3831008620E-02    0.9958222850E+00    0.4908907628E-01   -0.1165139849E-01    0.1000000000E+01   -0.4715794543E-02    0.5131707057E-01   -0.1118834460E-01   -0.9986086023E+00   -0.9367277867E-01    0.2117889278E+00    0.6478651181E+02
    0.7865000000E+00    0.9256020004E-01    0.8377641192E-03    0.9957748151E+00    0.4895980193E-01   -0.1331721523E-01    0.1000000000E+01   -0.4352407245E-02    0.5164216056E-01   -0.3617891967E-01   -0.9980006160E+00   -0.9789998811E-01    0.2113152573E+00    0.6482750184E+02
    0.7870000000E+00    0.9306142298E-01   -0.2190382567E-02    0.9957268143E+00    0.4877531681E-01   -0.1498733421E-01    0.1000000000E+01   -0.3984497478E-02    0.5196627065E-01   -0.6114658991E-01   -0.9967671368E+00   -0.1021420875E+00    0.2107646982E+00    0.6486848919E+02
    0.7875000000E+00    0.9346589667E-01   -0.5250488074E-02    0.9956782767E+00    0.4853519693E-01   -0.1665996770E-01    0.1000000000E+01   -0.3612047889E-02    0.5228935976E-01   -0.8607570268E-01   -0.9949089151E+00   -0.1063978021E+00    0.2101365650E+00    0.6490947384E+02
    0.7880000000E+00    0.9377207402E-01   -0.8339540054E-02    0.9956291965E+00    0.4823907479E-01   -0.1833330489E-01    0.1000000000E+01   -0.3235041363E-02    0.5261138639E-01   -0.1109506282E+00   -0.9924270929E+00   -0.1106658376E+00    0.2094301910E+00    0.6495045574E+02
    0.7885000000E+00    0.9397849898E-01   -0.1145445971E-01    0.9955795679E+00    0.4788664041E-01   -0.2000551356E-01    0.1000000000E+01   -0.2853461033E-02    0.5293230870E-01   -0.1357557692E+00   -0.9893232028E+00   -0.1149448810E+00    0.2086449289E+00    0.6499143488E+02
    0.7890000000E+00    0.9408380913E-01   -0.1459210446E-01    0.9955293849E+00    0.4747764235E-01   -0.2167474196E-01    0.1000000000E+01   -0.2467290280E-02    0.5325208444E-01   -0.1604755710E+00   -0.9855991676E+00   -0.1192336003E+00    0.2077801510E+00    0.6503241121E+02
    0.7895000000E+00    0.9408673829E-01   -0.1774927066E-01    0.9954786416E+00    0.4701188864E-01   -0.2333912054E-01    0.1000000000E+01   -0.2076512738E-02    0.5357067100E-01   -0.1850945309E+00   -0.9812572986E+00   -0.1235306452E+00    0.2068352497E+00    0.6507338471E+02
    0.7900000000E+00    0.9398611906E-01   -0.2092269647E-01    0.9954273319E+00    0.4648924771E-01   -0.2499676388E-01    0.1000000000E+01   -0.1681112303E-02    0.5388802539E-01   -0.2095972080E+00   -0.9763002945E+00   -0.1278346470E+00    0.2058096381E+00    0.6511435535E+02
    0.7905000000E+00    0.9378088523E-01   -0.2410906479E-01    0.9953754498E+00    0.4590964917E-01   -0.2664577253E-01    0.1000000000E+01   -0.1281073135E-02    0.5420410424E-01   -0.2339682329E+00   -0.9707312398E+00   -0.1321442191E+00    0.2047027501E+00    0.6515532310E+02
    0.7910000000E+00    0.9347007411E-01   -0.2730500630E-01    0.9953229889E+00    0.4527308462E-01   -0.2828423501E-01    0.1000000000E+01   -0.8763796614E-03    0.5451886380E-01   -0.2581923175E+00   -0.9645536028E+00   -0.1364579571E+00    0.2035140413E+00    0.6519628791E+02
    0.7915000000E+00    0.9305282881E-01   -0.3050710262E-01    0.9952699433E+00    0.4457960834E-01   -0.2991022975E-01    0.1000000000E+01   -0.4670165861E-03    0.5483225994E-01   -0.2822542641E+00   -0.9577712334E+00   -0.1407744391E+00    0.2022429891E+00    0.6523724977E+02
    0.7920000000E+00    0.9252840041E-01   -0.3371188947E-01    0.9952163064E+00    0.4382933800E-01   -0.3152182709E-01    0.1000000000E+01   -0.5296889142E-04    0.5514424814E-01   -0.3061389754E+00   -0.9503883611E+00   -0.1450922261E+00    0.2008890933E+00    0.6527820863E+02
    0.7925000000E+00    0.9189615001E-01   -0.3691586007E-01    0.9951620721E+00    0.4302245516E-01   -0.3311709134E-01    0.1000000000E+01    0.3657781558E-03    0.5545478354E-01   -0.3298314638E+00   -0.9424095918E+00   -0.1494098624E+00    0.1994518764E+00    0.6531916447E+02
    0.7930000000E+00    0.9115555073E-01   -0.4011546846E-01    0.9951072339E+00    0.4215920590E-01   -0.3469408285E-01    0.1000000000E+01    0.7892389990E-03    0.5576382085E-01   -0.3533168606E+00   -0.9338399057E+00   -0.1537258755E+00    0.1979308840E+00    0.6536011725E+02
    0.7935000000E+00    0.9030618956E-01   -0.4330713303E-01    0.9950517853E+00    0.4123990121E-01   -0.3625086011E-01    0.1000000000E+01    0.1217427787E-02    0.5607131444E-01   -0.3765804258E+00   -0.9246846536E+00   -0.1580387768E+00    0.1963256856E+00    0.6540106693E+02
    0.7940000000E+00    0.8934776917E-01   -0.4648724006E-01    0.9949957197E+00    0.4026491741E-01   -0.3778548184E-01    0.1000000000E+01    0.1650358368E-02    0.5637721828E-01   -0.3996075566E+00   -0.9149495540E+00   -0.1623470618E+00    0.1946358745E+00    0.6544201348E+02
    0.7945000000E+00    0.8828010951E-01   -0.4965214738E-01    0.9949390307E+00    0.3923469649E-01   -0.3929600918E-01    0.1000000000E+01    0.2088044286E-02    0.5668148597E-01   -0.4223837974E+00   -0.9046406894E+00   -0.1666492106E+00    0.1928610686E+00    0.6548295687E+02
    0.7950000000E+00    0.8710314939E-01   -0.5279818806E-01    0.9948817115E+00    0.3814974634E-01   -0.4078050786E-01    0.1000000000E+01    0.2530498774E-02    0.5698407074E-01   -0.4448948483E+00   -0.8937645027E+00   -0.1709436878E+00    0.1910009106E+00    0.6552389706E+02
    0.7955000000E+00    0.8581694795E-01   -0.5592167418E-01    0.9948237553E+00    0.3701064099E-01   -0.4223705034E-01    0.1000000000E+01    0.2977734749E-02    0.5728492543E-01   -0.4671265742E+00   -0.8823277929E+00   -0.1752289433E+00    0.1890550685E+00    0.6556483402E+02
    0.7960000000E+00    0.8442168592E-01   -0.5901890075E-01    0.9947651555E+00    0.3581802066E-01   -0.4366371810E-01    0.1000000000E+01    0.3429764808E-02    0.5758400250E-01   -0.4890650137E+00   -0.8703377113E+00   -0.1795034126E+00    0.1870232361E+00    0.6560576770E+02
    0.7965000000E+00    0.8291766684E-01   -0.6208614954E-01    0.9947059051E+00    0.3457259187E-01   -0.4505860377E-01    0.1000000000E+01    0.3886601220E-02    0.5788125405E-01   -0.5106963880E+00   -0.8578017569E+00   -0.1837655169E+00    0.1849051332E+00    0.6564669808E+02
    0.7970000000E+00    0.8130531815E-01   -0.6511969310E-01    0.9946459972E+00    0.3327512737E-01   -0.4641981344E-01    0.1000000000E+01    0.4348255923E-02    0.5817663179E-01   -0.5320071092E+00   -0.8447277715E+00   -0.1880136640E+00    0.1827005061E+00    0.6568762512E+02
    0.7975000000E+00    0.7958519212E-01   -0.6811579879E-01    0.9945854248E+00    0.3192646605E-01   -0.4774546888E-01    0.1000000000E+01    0.4814740517E-02    0.5847008705E-01   -0.5529837893E+00   -0.8311239354E+00   -0.1922462480E+00    0.1804091281E+00    0.6572854878E+02
    0.7980000000E+00    0.7775796671E-01   -0.7107073285E-01    0.9945241809E+00    0.3052751280E-01   -0.4903370980E-01    0.1000000000E+01    0.5286066260E-02    0.5876157081E-01   -0.5736132481E+00   -0.8169987619E+00   -0.1964616504E+00    0.1780307998E+00    0.6576946902E+02
    0.7985000000E+00    0.7582444621E-01   -0.7398076455E-01    0.9944622582E+00    0.2907923818E-01   -0.5028269608E-01    0.1000000000E+01    0.5762244060E-02    0.5905103365E-01   -0.5938825221E+00   -0.8023610920E+00   -0.2006582400E+00    0.1755653493E+00    0.6581038580E+02
    0.7990000000E+00    0.7378556183E-01   -0.7684217034E-01    0.9943996497E+00    0.2758267820E-01   -0.5149061009E-01    0.1000000000E+01    0.6243284473E-02    0.5933842578E-01   -0.6137788720E+00   -0.7872200892E+00   -0.2048343735E+00    0.1730126328E+00    0.6585129909E+02
    0.7995000000E+00    0.7164237214E-01   -0.7965123810E-01    0.9943363481E+00    0.2603893383E-01   -0.5265565892E-01    0.1000000000E+01    0.6729197694E-02    0.5962369704E-01   -0.6332897912E+00   -0.7715852338E+00   -0.2089883962E+00    0.1703725352E+00    0.6589220885E+02
    0.8000000000E+00    0.6939606332E-01   -0.8240427136E-01    0.9942723460E+00    0.2444917055E-01   -0.5377607665E-01    0.1000000000E+01    0.7219993553E-02    0.5990679691E-01   -0.6524030132E+00   -0.7554663168E+00   -0.2131186420E+00    0.1676449699E+00    0.6593311504E+02
    0.8005000000E+00    0.6704794935E-01   -0.8509759364E-01    0.9942076360E+00    0.2281461781E-01   -0.5485012662E-01    0.1000000000E+01    0.7715681510E-02    0.6018767448E-01   -0.6711065200E+00   -0.7388734337E+00   -0.2172234341E+00    0.1648298796E+00    0.6597401762E+02
    0.8010000000E+00    0.6459947199E-01   -0.8772755268E-01    0.9941422106E+00    0.2113656840E-01   -0.5587610366E-01    0.1000000000E+01    0.8216270646E-02    0.6046627847E-01   -0.6893885489E+00   -0.7218169787E+00   -0.2213010853E+00    0.1619272364E+00    0.6601491654E+02
    0.8015000000E+00    0.6205220066E-01   -0.9029052487E-01    0.9940760623E+00    0.1941637768E-01   -0.5685233638E-01    0.1000000000E+01    0.8721769663E-02    0.6074255725E-01   -0.7072376005E+00   -0.7043076380E+00   -0.2253498987E+00    0.1589370423E+00    0.6605581178E+02
    0.8020000000E+00    0.5940783218E-01   -0.9278291952E-01    0.9940091835E+00    0.1765546289E-01   -0.5777718935E-01    0.1000000000E+01    0.9232186872E-02    0.6101645881E-01   -0.7246424457E+00   -0.6863563830E+00   -0.2293681681E+00    0.1558593298E+00    0.6609670328E+02
    0.8025000000E+00    0.5666819032E-01   -0.9520118332E-01    0.9939415664E+00    0.1585530219E-01   -0.5864906535E-01    0.1000000000E+01    0.9747530190E-02    0.6128793076E-01   -0.7415921326E+00   -0.6679744637E+00   -0.2333541784E+00    0.1526941615E+00    0.6613759101E+02
    0.8030000000E+00    0.5383522524E-01   -0.9754180462E-01    0.9938732034E+00    0.1401743377E-01   -0.5946640759E-01    0.1000000000E+01    0.1026780714E-01    0.6155692037E-01   -0.7580759938E+00   -0.6491734016E+00   -0.2373062061E+00    0.1494416313E+00    0.6617847492E+02
    0.8035000000E+00    0.5091101279E-01   -0.9980131789E-01    0.9938040865E+00    0.1214345483E-01   -0.6022770182E-01    0.1000000000E+01    0.1079302482E-01    0.6182337452E-01   -0.7740836528E+00   -0.6299649827E+00   -0.2412225199E+00    0.1461018640E+00    0.6621935498E+02
    0.8040000000E+00    0.4789775365E-01   -0.1019763081E+00    0.9937342080E+00    0.1023502044E-01   -0.6093147859E-01    0.1000000000E+01    0.1132318995E-01    0.6208723973E-01   -0.7896050309E+00   -0.6103612498E+00   -0.2451013810E+00    0.1426750161E+00    0.6626023114E+02
    0.8045000000E+00    0.4479777228E-01   -0.1040634150E+00    0.9936635597E+00    0.8293842417E-02   -0.6157631530E-01    0.1000000000E+01    0.1185830880E-01    0.6234846218E-01   -0.8046303530E+00   -0.5903744955E+00   -0.2489410441E+00    0.1391612759E+00    0.6630110336E+02
    0.8050000000E+00    0.4161351580E-01   -0.1060593376E+00    0.9935921336E+00    0.6321688045E-02   -0.6216083835E-01    0.1000000000E+01    0.1239838724E-01    0.6260698766E-01   -0.8191501543E+00   -0.5700172540E+00   -0.2527397573E+00    0.1355608638E+00    0.6634197160E+02
    0.8055000000E+00    0.3834755267E-01   -0.1079608385E+00    0.9935199216E+00    0.4320378751E-02   -0.6268372519E-01    0.1000000000E+01    0.1294343068E-01    0.6286276163E-01   -0.8331552862E+00   -0.5493022937E+00   -0.2564957632E+00    0.1318740327E+00    0.6638283580E+02
    0.8060000000E+00    0.3500257121E-01   -0.1097647483E+00    0.9934469155E+00    0.2291788705E-02   -0.6314370642E-01    0.1000000000E+01    0.1349344413E-01    0.6311572916E-01   -0.8466369218E+00   -0.5282426093E+00   -0.2602072990E+00    0.1281010682E+00    0.6642369593E+02
    0.8065000000E+00    0.3158137800E-01   -0.1114679695E+00    0.9933731071E+00    0.2378433437E-03   -0.6353956773E-01    0.1000000000E+01    0.1404843214E-01    0.6336583498E-01   -0.8595865619E+00   -0.5068514133E+00   -0.2638725975E+00    0.1242422890E+00    0.6646455194E+02
    0.8070000000E+00    0.2808689610E-01   -0.1130674815E+00    0.9932984879E+00   -0.1839482182E-02   -0.6387015190E-01    0.1000000000E+01    0.1460839881E-01    0.6361302347E-01   -0.8719960400E+00   -0.4851421279E+00   -0.2674898872E+00    0.1202980468E+00    0.6650540379E+02
    0.8075000000E+00    0.2452216318E-01   -0.1145603442E+00    0.9932230495E+00   -0.3938164629E-02   -0.6413436074E-01    0.1000000000E+01    0.1517334779E-01    0.6385723866E-01   -0.8838575276E+00   -0.4631283770E+00   -0.2710573932E+00    0.1162687271E+00    0.6654625143E+02
    0.8080000000E+00    0.2089032940E-01   -0.1159437023E+00    0.9931467834E+00   -0.6056134361E-02   -0.6433115697E-01    0.1000000000E+01    0.1574328227E-01    0.6409842420E-01   -0.8951635393E+00   -0.4408239773E+00   -0.2745733378E+00    0.1121547492E+00    0.6658709482E+02
    0.8085000000E+00    0.1719465522E-01   -0.1172147900E+00    0.9930696810E+00   -0.8191277110E-02   -0.6445956603E-01    0.1000000000E+01    0.1631820497E-01    0.6433652343E-01   -0.9059069376E+00   -0.4182429299E+00   -0.2780359407E+00    0.1079565661E+00    0.6662793390E+02
    0.8090000000E+00    0.1343850906E-01   -0.1183709342E+00    0.9929917337E+00   -0.1034143582E-01   -0.6451867793E-01    0.1000000000E+01    0.1689811814E-01    0.6457147932E-01   -0.9160809371E+00   -0.3953994112E+00   -0.2814434201E+00    0.1036746655E+00    0.6666876864E+02
    0.8095000000E+00    0.9625364745E-02   -0.1194095594E+00    0.9929129327E+00   -0.1250441255E-01   -0.6450764892E-01    0.1000000000E+01    0.1748302355E-01    0.6480323450E-01   -0.9256791092E+00   -0.3723077646E+00   -0.2847939930E+00    0.9930956936E-01    0.6670959898E+02
    0.8100000000E+00    0.5758798878E-02   -0.1203281912E+00    0.9928332692E+00   -0.1467797044E-01   -0.6442570324E-01    0.1000000000E+01    0.1807292249E-01    0.6503173125E-01   -0.9346953858E+00   -0.3489824912E+00   -0.2880858759E+00    0.9486183432E-01    0.6675042487E+02
    0.8105000000E+00    0.1842488032E-02   -0.1211244603E+00    0.9927527342E+00   -0.1685983575E-01   -0.6427213472E-01    0.1000000000E+01    0.1866781574E-01    0.6525691152E-01   -0.9431240637E+00   -0.3254382408E+00   -0.2913172855E+00    0.9033205202E-01    0.6679124628E+02
    0.8110000000E+00   -0.2119794208E-02   -0.1217961065E+00    0.9926713189E+00   -0.1904769998E-01   -0.6404630833E-01    0.1000000000E+01    0.1926770361E-01    0.6547871692E-01   -0.9509598078E+00   -0.3016898029E+00   -0.2944864390E+00    0.8572084919E-01    0.6683206313E+02
    0.8115000000E+00   -0.6124180323E-02   -0.1223409822E+00    0.9925890141E+00   -0.2123922202E-01   -0.6374766173E-01    0.1000000000E+01    0.1987258587E-01    0.6569708871E-01   -0.9581976547E+00   -0.2777520970E+00   -0.2975915553E+00    0.8102888785E-01    0.6687287540E+02
    0.8120000000E+00   -0.1016671210E-01   -0.1227570564E+00    0.9925058107E+00   -0.2343203038E-01   -0.6337570671E-01    0.1000000000E+01    0.2048246182E-01    0.6591196784E-01   -0.9648330159E+00   -0.2536401640E+00   -0.3006308550E+00    0.7625686550E-01    0.6691368303E+02
    0.8125000000E+00   -0.1424334400E-01   -0.1230424181E+00    0.9924216995E+00   -0.2562372545E-01   -0.6293003052E-01    0.1000000000E+01    0.2109733021E-01    0.6612329491E-01   -0.9708616805E+00   -0.2293691563E+00   -0.3036025615E+00    0.7140551528E-01    0.6695448596E+02
    0.8130000000E+00   -0.1834994667E-01   -0.1231952799E+00    0.9923366711E+00   -0.2781188191E-01   -0.6241029727E-01    0.1000000000E+01    0.2171718927E-01    0.6633101020E-01   -0.9762798186E+00   -0.2049543282E+00   -0.3065049016E+00    0.6647560611E-01    0.6699528415E+02
    0.8135000000E+00   -0.2248231056E-01   -0.1232139812E+00    0.9922507163E+00   -0.2999405105E-01   -0.6181624908E-01    0.1000000000E+01    0.2234203672E-01    0.6653505366E-01   -0.9810839829E+00   -0.1804110270E+00   -0.3093361061E+00    0.6146794286E-01    0.6703607755E+02
    0.8140000000E+00   -0.2663614974E-01   -0.1230969920E+00    0.9921638254E+00   -0.3216776327E-01   -0.6114770732E-01    0.1000000000E+01    0.2297186971E-01    0.6673536491E-01   -0.9852711115E+00   -0.1557546827E+00   -0.3120944102E+00    0.5638336646E-01    0.6707686610E+02
    0.8145000000E+00   -0.3080710577E-01   -0.1228429155E+00    0.9920759890E+00   -0.3433053058E-01   -0.6040457367E-01    0.1000000000E+01    0.2360668488E-01    0.6693188327E-01   -0.9888385299E+00   -0.1310007987E+00   -0.3147780547E+00    0.5122275404E-01    0.6711764975E+02
    0.8150000000E+00   -0.3499075173E-01   -0.1224504915E+00    0.9919871975E+00   -0.3647984912E-01   -0.5958683112E-01    0.1000000000E+01    0.2424647829E-01    0.6712454772E-01   -0.9917839525E+00   -0.1061649423E+00   -0.3173852864E+00    0.4598701900E-01    0.6715842844E+02
    0.8155000000E+00   -0.3918259640E-01   -0.1219185997E+00    0.9918974411E+00   -0.3861320181E-01   -0.5869454497E-01    0.1000000000E+01    0.2489124547E-01    0.6731329695E-01   -0.9941054843E+00   -0.8126273432E-01   -0.3199143586E+00    0.4067711119E-01    0.6719920213E+02
    0.8160000000E+00   -0.4337808851E-01   -0.1212462617E+00    0.9918067100E+00   -0.4072806095E-01   -0.5772786361E-01    0.1000000000E+01    0.2554098136E-01    0.6749806931E-01   -0.9958016222E+00   -0.5630984000E-01   -0.3223635321E+00    0.3529401689E-01    0.6723997076E+02
    0.8165000000E+00   -0.4757262113E-01   -0.1204326445E+00    0.9917149944E+00   -0.4282189092E-01   -0.5668701937E-01    0.1000000000E+01    0.2619568034E-01    0.6767880286E-01   -0.9968712559E+00   -0.3132195878E-01   -0.3247310759E+00    0.2983875897E-01    0.6728073427E+02
    0.8170000000E+00   -0.5176153620E-01   -0.1194770629E+00    0.9916222842E+00   -0.4489215091E-01   -0.5557232913E-01    0.1000000000E+01    0.2685533623E-01    0.6785543536E-01   -0.9973136688E+00   -0.6314814605E-02   -0.3270152676E+00    0.2431239691E-01    0.6732149261E+02
    0.8175000000E+00   -0.5594012912E-01   -0.1183789818E+00    0.9915285695E+00   -0.4693629767E-01   -0.5438419501E-01    0.1000000000E+01    0.2751994223E-01    0.6802790425E-01   -0.9971285384E+00    0.1869585396E-01   -0.3292143945E+00    0.1871602686E-01    0.6736224572E+02
    0.8180000000E+00   -0.6010365346E-01   -0.1171380185E+00    0.9914338401E+00   -0.4895178832E-01   -0.5312310481E-01    0.1000000000E+01    0.2818949099E-01    0.6819614668E-01   -0.9963159369E+00    0.4369430358E-01   -0.3313267541E+00    0.1305078168E-01    0.6740299355E+02
    0.8185000000E+00   -0.6424732582E-01   -0.1157539452E+00    0.9913380857E+00   -0.5093608318E-01   -0.5178963249E-01    0.1000000000E+01    0.2886397452E-01    0.6836009952E-01   -0.9948763308E+00    0.6866479602E-01   -0.3333506547E+00    0.7317830954E-02    0.6744373603E+02
    0.8190000000E+00   -0.6836633072E-01   -0.1142266907E+00    0.9912412961E+00   -0.5288664859E-01   -0.5038443845E-01    0.1000000000E+01    0.2954338426E-01    0.6851969933E-01   -0.9928105812E+00    0.9359160805E-01   -0.3352844164E+00    0.1518381017E-02    0.6748447312E+02
    0.8195000000E+00   -0.7245582564E-01   -0.1125563423E+00    0.9911434609E+00   -0.5480095984E-01   -0.4890826984E-01    0.1000000000E+01    0.3022771102E-01    0.6867488239E-01   -0.9901199430E+00    0.1184590413E+00   -0.3371263717E+00   -0.4346325063E-02    0.6752520475E+02
    0.8200000000E+00   -0.7651094607E-01   -0.1107431479E+00    0.9910445696E+00   -0.5667650406E-01   -0.4736196066E-01    0.1000000000E+01    0.3091694499E-01    0.6882558470E-01   -0.9868060644E+00    0.1432514319E+00   -0.3388748661E+00   -0.1027500749E-01    0.6756593087E+02
    0.8205000000E+00   -0.8052681077E-01   -0.1087875171E+00    0.9909446117E+00   -0.5851078313E-01   -0.4574643181E-01    0.1000000000E+01    0.3161107576E-01    0.6897174197E-01   -0.9828709857E+00    0.1679531608E+00   -0.3405282592E+00   -0.1626634977E-01    0.6760665140E+02
    0.8210000000E+00   -0.8449852696E-01   -0.1066900227E+00    0.9908435764E+00   -0.6030131662E-01   -0.4406269108E-01    0.1000000000E+01    0.3231009225E-01    0.6911328965E-01   -0.9783171385E+00    0.1925486632E+00   -0.3420849250E+00   -0.2231899876E-01    0.6764736631E+02
    0.8215000000E+00   -0.8842119573E-01   -0.1044514021E+00    0.9907414531E+00   -0.6204564476E-01   -0.4231183299E-01    0.1000000000E+01    0.3301398277E-01    0.6925016291E-01   -0.9731473440E+00    0.2170224382E+00   -0.3435432531E+00   -0.2843156471E-01    0.6768807552E+02
    0.8220000000E+00   -0.9228991739E-01   -0.1020725584E+00    0.9906382310E+00   -0.6374133143E-01   -0.4049503853E-01    0.1000000000E+01    0.3372273497E-01    0.6938229666E-01   -0.9673648116E+00    0.2413590591E+00   -0.3449016489E+00   -0.3460262134E-01    0.6772877897E+02
    0.8225000000E+00   -0.9609979698E-01   -0.9955456107E-01    0.9905338990E+00   -0.6538596707E-01   -0.3861357487E-01    0.1000000000E+01    0.3443633586E-01    0.6950962553E-01   -0.9609731365E+00    0.2655431824E+00   -0.3461585349E+00   -0.4083070592E-01    0.6776947660E+02
    0.8230000000E+00   -0.9984594980E-01   -0.9689864665E-01    0.9904284463E+00   -0.6697717171E-01   -0.3666879489E-01    0.1000000000E+01    0.3515477176E-01    0.6963208391E-01   -0.9539762981E+00    0.2895595580E+00   -0.3473123512E+00   -0.4711431939E-01    0.6781016835E+02
    0.8235000000E+00   -0.1035235070E+00   -0.9410621952E-01    0.9903218618E+00   -0.6851259794E-01   -0.3466213664E-01    0.1000000000E+01    0.3587802837E-01    0.6974960593E-01   -0.9463786573E+00    0.3133930386E+00   -0.3483615562E+00   -0.5345192644E-01    0.6785085416E+02
    0.8240000000E+00   -0.1071276211E+00   -0.9117885210E-01    0.9902141342E+00   -0.6998993387E-01   -0.3259512269E-01    0.1000000000E+01    0.3660609067E-01    0.6986212548E-01   -0.9381849539E+00    0.3370285892E+00   -0.3493046275E+00   -0.5984195563E-01    0.6789153395E+02
    0.8245000000E+00   -0.1106534718E+00   -0.8811828503E-01    0.9901052523E+00   -0.7140690611E-01   -0.3046935942E-01    0.1000000000E+01    0.3733894298E-01    0.6996957619E-01   -0.9294003038E+00    0.3604512965E+00   -0.3501400626E+00   -0.6628279959E-01    0.6793220768E+02
    0.8250000000E+00   -0.1140962719E+00   -0.8492642716E-01    0.9899952048E+00   -0.7276128274E-01   -0.2828653617E-01    0.1000000000E+01    0.3807656894E-01    0.7007189147E-01   -0.9200301958E+00    0.3836463785E+00   -0.3508663796E+00   -0.7277281511E-01    0.6797287527E+02
    0.8255000000E+00   -0.1174512724E+00   -0.8160535534E-01    0.9898839803E+00   -0.7405087624E-01   -0.2604842425E-01    0.1000000000E+01    0.3881895148E-01    0.7016900447E-01   -0.9100804885E+00    0.4065991937E+00   -0.3514821181E+00   -0.7931032334E-01    0.6801353665E+02
    0.8260000000E+00   -0.1207137689E+00   -0.7815731399E-01    0.9897715671E+00   -0.7527354644E-01   -0.2375687596E-01    0.1000000000E+01    0.3956607283E-01    0.7026084813E-01   -0.8995574064E+00    0.4292952502E+00   -0.3519858400E+00   -0.8589360998E-01    0.6805419177E+02
    0.8265000000E+00   -0.1238791071E+00   -0.7458471458E-01    0.9896579538E+00   -0.7642720343E-01   -0.2141382337E-01    0.1000000000E+01    0.4031791452E-01    0.7034735517E-01   -0.8884675361E+00    0.4517202151E+00   -0.3523761298E+00   -0.9252092547E-01    0.6809484055E+02
    0.8270000000E+00   -0.1269426885E+00   -0.7089013476E-01    0.9895431286E+00   -0.7750981043E-01   -0.1902127711E-01    0.1000000000E+01    0.4107445736E-01    0.7042845809E-01   -0.8768178228E+00    0.4738599233E+00   -0.3526515963E+00   -0.9919048520E-01    0.6813548292E+02
    0.8275000000E+00   -0.1298999766E+00   -0.6707631742E-01    0.9894270796E+00   -0.7851938669E-01   -0.1658132501E-01    0.1000000000E+01    0.4183568142E-01    0.7050408915E-01   -0.8646155653E+00    0.4957003867E+00   -0.3528108724E+00   -0.1059004698E+00    0.6817611883E+02
    0.8280000000E+00   -0.1327465020E+00   -0.6314616948E-01    0.9893097952E+00   -0.7945401029E-01   -0.1409613062E-01    0.1000000000E+01    0.4260156606E-01    0.7057418045E-01   -0.8518684122E+00    0.5172278028E+00   -0.3528526164E+00   -0.1126490252E+00    0.6821674819E+02
    0.8285000000E+00   -0.1354778692E+00   -0.5910276055E-01    0.9891912632E+00   -0.8031182097E-01   -0.1156793168E-01    0.1000000000E+01    0.4337208989E-01    0.7063866384E-01   -0.8385843566E+00    0.5384285635E+00   -0.3527755127E+00   -0.1194342632E+00    0.6825737095E+02
    0.8290000000E+00   -0.1380897611E+00   -0.5494932129E-01    0.9890714716E+00   -0.8109102287E-01   -0.8999038436E-02    0.1000000000E+01    0.4414723079E-01    0.7069747101E-01   -0.8247717316E+00    0.5592892636E+00   -0.3525782725E+00   -0.1262542615E+00    0.6829798702E+02
    0.8295000000E+00   -0.1405779460E+00   -0.5068924169E-01    0.9889504083E+00   -0.8178988724E-01   -0.6391831896E-02    0.1000000000E+01    0.4492696587E-01    0.7075053344E-01   -0.8104392051E+00    0.5797967097E+00   -0.3522596347E+00   -0.1331070641E+00    0.6833859635E+02
    0.8300000000E+00   -0.1429382824E+00   -0.4632606905E-01    0.9888280610E+00   -0.8240675517E-01   -0.3748761963E-02    0.1000000000E+01    0.4571127149E-01    0.7079778244E-01   -0.7955957744E+00    0.5999379280E+00   -0.3518183664E+00   -0.1399906815E+00    0.6837919885E+02
    0.8305000000E+00   -0.1451667253E+00   -0.4186350581E-01    0.9887044175E+00   -0.8294004018E-01   -0.1072345481E-02    0.1000000000E+01    0.4650012324E-01    0.7083914913E-01   -0.7802507606E+00    0.6197001727E+00   -0.3512532640E+00   -0.1469030912E+00    0.6841979445E+02
    0.8310000000E+00   -0.1472593313E+00   -0.3730540716E-01    0.9885794653E+00   -0.8338823078E-01    0.1634835816E-02    0.1000000000E+01    0.4729349594E-01    0.7087456447E-01   -0.7644138030E+00    0.6390709344E+00   -0.3505631538E+00   -0.1538422379E+00    0.6846038309E+02
    0.8315000000E+00   -0.1492122647E+00   -0.3265577847E-01    0.9884531919E+00   -0.8374989306E-01    0.4370137463E-02    0.1000000000E+01    0.4809136363E-01    0.7090395924E-01   -0.7480948529E+00    0.6580379476E+00   -0.3497468926E+00   -0.1608060339E+00    0.6850096469E+02
    0.8320000000E+00   -0.1510218028E+00   -0.2791877253E-01    0.9883255848E+00   -0.8402367309E-01    0.7130854500E-02    0.1000000000E+01    0.4889369956E-01    0.7092726407E-01   -0.7313041677E+00    0.6765891986E+00   -0.3488033689E+00   -0.1677923596E+00    0.6854153917E+02
    0.8325000000E+00   -0.1526843412E+00   -0.2309868650E-01    0.9881966312E+00   -0.8420829937E-01    0.9914223815E-02    0.1000000000E+01    0.4970047618E-01    0.7094440946E-01   -0.7140523046E+00    0.6947129334E+00   -0.3477315032E+00   -0.1747990636E+00    0.6858210646E+02
    0.8330000000E+00   -0.1541963998E+00   -0.1819995881E-01    0.9880663185E+00   -0.8430258514E-01    0.1271742657E-01    0.1000000000E+01    0.5051166515E-01    0.7095532572E-01   -0.6963501137E+00    0.7123976647E+00   -0.3465302492E+00   -0.1818239633E+00    0.6862266649E+02
    0.8335000000E+00   -0.1555546273E+00   -0.1322716574E-01    0.9879346337E+00   -0.8430543068E-01    0.1553759074E-01    0.1000000000E+01    0.5132723731E-01    0.7095994305E-01   -0.6782087316E+00    0.7296321797E+00   -0.3451985942E+00   -0.1888648454E+00    0.6866321918E+02
    0.8340000000E+00   -0.1567558072E+00   -0.8185017858E-02    0.9878015639E+00   -0.8421582547E-01    0.1837179368E-01    0.1000000000E+01    0.5214716268E-01    0.7095819153E-01   -0.6596395745E+00    0.7464055468E+00   -0.3437355598E+00   -0.1959194663E+00    0.6870376444E+02
    0.8345000000E+00   -0.1577968624E+00   -0.3078356263E-02    0.9876670962E+00   -0.8403285035E-01    0.2121706486E-01    0.1000000000E+01    0.5297141048E-01    0.7095000110E-01   -0.6406543309E+00    0.7627071229E+00   -0.3421402032E+00   -0.2029855522E+00    0.6874430221E+02
    0.8350000000E+00   -0.1586748609E+00    0.2087851371E-02    0.9875312174E+00   -0.8375567955E-01    0.2407038863E-01    0.1000000000E+01    0.5379994907E-01    0.7093530157E-01   -0.6212649545E+00    0.7785265601E+00   -0.3404116174E+00   -0.2100608003E+00    0.6878483240E+02
    0.8355000000E+00   -0.1593870199E+00    0.7308514944E-02    0.9873939143E+00   -0.8338358267E-01    0.2692870707E-01    0.1000000000E+01    0.5463274600E-01    0.7091402266E-01   -0.6014836570E+00    0.7938538121E+00   -0.3385489320E+00   -0.2171428783E+00    0.6882535494E+02
    0.8360000000E+00   -0.1599307114E+00    0.1257842626E-01    0.9872551736E+00   -0.8291592653E-01    0.2978892296E-01    0.1000000000E+01    0.5546976795E-01    0.7088609400E-01   -0.5813228998E+00    0.8086791408E+00   -0.3365513143E+00   -0.2242294261E+00    0.6886586974E+02
    0.8365000000E+00   -0.1603034665E+00    0.1789226354E-01    0.9871149820E+00   -0.8235217699E-01    0.3264790277E-01    0.1000000000E+01    0.5631098076E-01    0.7085144511E-01   -0.5607953872E+00    0.8229931227E+00   -0.3344179697E+00   -0.2313180552E+00    0.6890637673E+02
    0.8370000000E+00   -0.1605029802E+00    0.2324459611E-01    0.9869733259E+00   -0.8169190062E-01    0.3550247974E-01    0.1000000000E+01    0.5715634941E-01    0.7081000541E-01   -0.5399140577E+00    0.8367866545E+00   -0.3321481424E+00   -0.2384063500E+00    0.6894687581E+02
    0.8375000000E+00   -0.1605271159E+00    0.2862988932E-01    0.9868301920E+00   -0.8093476635E-01    0.3834945712E-01    0.1000000000E+01    0.5800583802E-01    0.7076170427E-01   -0.5186920765E+00    0.8500509595E+00   -0.3297411166E+00   -0.2454918679E+00    0.6898736692E+02
    0.8380000000E+00   -0.1603739094E+00    0.3404250952E-01    0.9866855665E+00   -0.8008054695E-01    0.4118561130E-01    0.1000000000E+01    0.5885940983E-01    0.7070647099E-01   -0.4971428269E+00    0.8627775927E+00   -0.3271962164E+00   -0.2525721402E+00    0.6902784997E+02
    0.8385000000E+00   -0.1600415735E+00    0.3947672934E-01    0.9865394358E+00   -0.7912912045E-01    0.4400769521E-01    0.1000000000E+01    0.5971702721E-01    0.7064423479E-01   -0.4752799024E+00    0.8749584466E+00   -0.3245128073E+00   -0.2596446725E+00    0.6906832487E+02
    0.8390000000E+00   -0.1595285019E+00    0.4492673308E-01    0.9863917860E+00   -0.7808047143E-01    0.4681244161E-01    0.1000000000E+01    0.6057865162E-01    0.7057492485E-01   -0.4531170976E+00    0.8865857560E+00   -0.3216902966E+00   -0.2667069452E+00    0.6910879154E+02
    0.8395000000E+00   -0.1588332728E+00    0.5038662221E-01    0.9862426033E+00   -0.7693469225E-01    0.4959656658E-01    0.1000000000E+01    0.6144424365E-01    0.7049847029E-01   -0.4306684004E+00    0.8976521038E+00   -0.3187281339E+00   -0.2737564146E+00    0.6914924989E+02
    0.8400000000E+00   -0.1579546532E+00    0.5585042113E-01    0.9860918737E+00   -0.7569198414E-01    0.5235677294E-01    0.1000000000E+01    0.6231376299E-01    0.7041480023E-01   -0.4079479825E+00    0.9081504250E+00   -0.3156258122E+00   -0.2807905130E+00    0.6918969985E+02
    0.8405000000E+00   -0.1568916019E+00    0.6131208303E-01    0.9859395832E+00   -0.7435265817E-01    0.5508975386E-01    0.1000000000E+01    0.6318716840E-01    0.7032384373E-01   -0.3849701912E+00    0.9180740115E+00   -0.3123828680E+00   -0.2878066495E+00    0.6923014131E+02
    0.8410000000E+00   -0.1556432730E+00    0.6676549588E-01    0.9857857177E+00   -0.7291713615E-01    0.5779219638E-01    0.1000000000E+01    0.6406441774E-01    0.7022552985E-01   -0.3617495399E+00    0.9274165169E+00   -0.3089988828E+00   -0.2948022109E+00    0.6927057419E+02
    0.8415000000E+00   -0.1542090193E+00    0.7220448860E-01    0.9856302629E+00   -0.7138595137E-01    0.6046078509E-01    0.1000000000E+01    0.6494546796E-01    0.7011978763E-01   -0.3383006994E+00    0.9361719598E+00   -0.3054734829E+00   -0.3017745623E+00    0.6931099841E+02
    0.8420000000E+00   -0.1525883951E+00    0.7762283739E-01    0.9854732047E+00   -0.6975974921E-01    0.6309220582E-01    0.1000000000E+01    0.6583027506E-01    0.7000654613E-01   -0.3146384887E+00    0.9443347287E+00   -0.3018063407E+00   -0.3087210474E+00    0.6935141388E+02
    0.8425000000E+00   -0.1507811591E+00    0.8301427210E-01    0.9853145286E+00   -0.6803928775E-01    0.6568314931E-01    0.1000000000E+01    0.6671879412E-01    0.6988573440E-01   -0.2907778654E+00    0.9518995849E+00   -0.2979971750E+00   -0.3156389900E+00    0.6939182050E+02
    0.8430000000E+00   -0.1487872769E+00    0.8837248285E-01    0.9851542201E+00   -0.6622543808E-01    0.6823031501E-01    0.1000000000E+01    0.6761097927E-01    0.6975728154E-01   -0.2667339169E+00    0.9588616661E+00   -0.2940457518E+00   -0.3225256939E+00    0.6943221819E+02
    0.8435000000E+00   -0.1466069234E+00    0.9369112668E-01    0.9849922648E+00   -0.6431918464E-01    0.7073041488E-01    0.1000000000E+01    0.6850678370E-01    0.6962111664E-01   -0.2425218504E+00    0.9652164901E+00   -0.2899518849E+00   -0.3293784444E+00    0.6947260685E+02
    0.8440000000E+00   -0.1442404853E+00    0.9896383435E-01    0.9848286482E+00   -0.6232162534E-01    0.7318017717E-01    0.1000000000E+01    0.6940615964E-01    0.6947716886E-01   -0.2181569837E+00    0.9709599572E+00   -0.2857154364E+00   -0.3361945085E+00    0.6951298639E+02
    0.8445000000E+00   -0.1416885626E+00    0.1041842173E+00    0.9846633554E+00   -0.6023397160E-01    0.7557635028E-01    0.1000000000E+01    0.7030905836E-01    0.6932536741E-01   -0.1936547356E+00    0.9760883532E+00   -0.2813363175E+00   -0.3429711360E+00    0.6955335671E+02
    0.8450000000E+00   -0.1389519707E+00    0.1093458745E+00    0.9844963718E+00   -0.5805754826E-01    0.7791570663E-01    0.1000000000E+01    0.7121543016E-01    0.6916564156E-01   -0.1690306160E+00    0.9805983517E+00   -0.2768144891E+00   -0.3497055603E+00    0.6959371773E+02
    0.8455000000E+00   -0.1360317417E+00    0.1144423998E+00    0.9843276826E+00   -0.5579379334E-01    0.8019504655E-01    0.1000000000E+01    0.7212522438E-01    0.6899792063E-01   -0.1443002164E+00    0.9844870169E+00   -0.2721499620E+00   -0.3563949989E+00    0.6963406935E+02
    0.8460000000E+00   -0.1329291258E+00    0.1194673890E+00    0.9841572729E+00   -0.5344425769E-01    0.8241120215E-01    0.1000000000E+01    0.7303838935E-01    0.6882213406E-01   -0.1194792002E+00    0.9877518050E+00   -0.2673427981E+00   -0.3630366549E+00    0.6967441148E+02
    0.8465000000E+00   -0.1296455927E+00    0.1244144471E+00    0.9839851276E+00   -0.5101060446E-01    0.8456104123E-01    0.1000000000E+01    0.7395487243E-01    0.6863821135E-01   -0.9458329252E-01    0.9903905662E+00   -0.2623931105E+00   -0.3696277169E+00    0.6971474401E+02
    0.8470000000E+00   -0.1261828317E+00    0.1292771955E+00    0.9838112318E+00   -0.4849460856E-01    0.8664147122E-01    0.1000000000E+01    0.7487462000E-01    0.6844608212E-01   -0.6962827048E-01    0.9924015463E+00   -0.2573010641E+00   -0.3761653609E+00    0.6975506684E+02
    0.8475000000E+00   -0.1225427531E+00    0.1340492799E+00    0.9836355705E+00   -0.4589815583E-01    0.8864944300E-01    0.1000000000E+01    0.7579757742E-01    0.6824567610E-01   -0.4462995342E-01    0.9937833880E+00   -0.2520668764E+00   -0.3826467503E+00    0.6979537989E+02
    0.8480000000E+00   -0.1187274877E+00    0.1387243774E+00    0.9834581283E+00   -0.4322324217E-01    0.9058195490E-01    0.1000000000E+01    0.7672368904E-01    0.6803692316E-01   -0.1960419281E-01    0.9945351318E+00   -0.2466908177E+00   -0.3890690375E+00    0.6983568305E+02
    0.8485000000E+00   -0.1147393878E+00    0.1432962040E+00    0.9832788901E+00   -0.4047197253E-01    0.9243605652E-01    0.1000000000E+01    0.7765289823E-01    0.6781975330E-01    0.5433137691E-02    0.9946562167E+00   -0.2411732119E+00   -0.3954293643E+00    0.6987597623E+02
    0.8490000000E+00   -0.1105810264E+00    0.1477585225E+00    0.9830978405E+00   -0.3764655976E-01    0.9420885264E-01    0.1000000000E+01    0.7858514730E-01    0.6759409665E-01    0.3046615224E-01    0.9941464813E+00   -0.2355144369E+00   -0.4017248630E+00    0.6991625931E+02
    0.8495000000E+00   -0.1062551969E+00    0.1521051496E+00    0.9829149643E+00   -0.3474932327E-01    0.9589750703E-01    0.1000000000E+01    0.7952037757E-01    0.6735988354E-01    0.5547896280E-01    0.9930061633E+00   -0.2297149248E+00   -0.4079526576E+00    0.6995653221E+02
    0.8500000000E+00   -0.1017649127E+00    0.1563299642E+00    0.9827302459E+00   -0.3178268766E-01    0.9749924637E-01    0.1000000000E+01    0.8045852931E-01    0.6711704445E-01    0.8045568918E-01    0.9912359000E+00   -0.2237751629E+00   -0.4141098643E+00    0.6999679481E+02
    0.8505000000E+00   -0.9711340610E-01    0.1604269145E+00    0.9825436700E+00   -0.2874918110E-01    0.9901136398E-01    0.1000000000E+01    0.8139954176E-01    0.6686551004E-01    0.1053804690E+00    0.9888367282E+00   -0.2176956937E+00   -0.4201935929E+00    0.7003704701E+02
    0.8510000000E+00   -0.9230412695E-01    0.1643900260E+00    0.9823552208E+00   -0.2565143369E-01    0.1004312236E+00    0.1000000000E+01    0.8234335312E-01    0.6660521119E-01    0.1302374678E+00    0.9858100832E+00   -0.2114771156E+00   -0.4262009474E+00    0.7007728872E+02
    0.8515000000E+00   -0.8734074154E-01    0.1682134089E+00    0.9821648829E+00   -0.2249217558E-01    0.1017562632E+00    0.1000000000E+01    0.8328990054E-01    0.6633607898E-01    0.1550108890E+00    0.9821577986E+00   -0.2051200833E+00   -0.4321290274E+00    0.7011751982E+02
    0.8520000000E+00   -0.8222713065E-01    0.1718912659E+00    0.9819726406E+00   -0.1927423502E-01    0.1029839984E+00    0.1000000000E+01    0.8423912012E-01    0.6605804471E-01    0.1796849837E+00    0.9778821054E+00   -0.1986253080E+00   -0.4379749289E+00    0.7015774021E+02
    0.8525000000E+00   -0.7696738768E-01    0.1754179002E+00    0.9817784781E+00   -0.1600053626E-01    0.1041120268E+00    0.1000000000E+01    0.8519094689E-01    0.6577103992E-01    0.2042440610E+00    0.9729856301E+00   -0.1919935580E+00   -0.4437357451E+00    0.7019794978E+02
    0.8530000000E+00   -0.7156581634E-01    0.1787877224E+00    0.9815823797E+00   -0.1267409731E-01    0.1051380306E+00    0.1000000000E+01    0.8614531484E-01    0.6547499641E-01    0.2286724976E+00    0.9674713941E+00   -0.1852256591E+00   -0.4494085681E+00    0.7023814842E+02
    0.8535000000E+00   -0.6602692819E-01    0.1819952587E+00    0.9813843295E+00   -0.9298027610E-02    0.1060597809E+00    0.1000000000E+01    0.8710215686E-01    0.6516984623E-01    0.2529547478E+00    0.9613428114E+00   -0.1783224946E+00   -0.4549904892E+00    0.7027833603E+02
    0.8540000000E+00   -0.6035543984E-01    0.1850351580E+00    0.9811843117E+00   -0.5875525482E-02    0.1068751409E+00    0.1000000000E+01    0.8806140479E-01    0.6485552170E-01    0.2770753536E+00    0.9546036868E+00   -0.1712850063E+00   -0.4604786006E+00    0.7031851250E+02
    0.8545000000E+00   -0.5455626990E-01    0.1879022000E+00    0.9809823104E+00   -0.2409875549E-02    0.1075820693E+00    0.1000000000E+01    0.8902298938E-01    0.6453195545E-01    0.3010189539E+00    0.9472582137E+00   -0.1641141942E+00   -0.4658699960E+00    0.7035867772E+02
    0.8550000000E+00   -0.4863453565E-01    0.1905913019E+00    0.9807783096E+00    0.1095554034E-02    0.1081786238E+00    0.1000000000E+01    0.8998684029E-01    0.6419908041E-01    0.3247702950E+00    0.9393109720E+00   -0.1568111170E+00   -0.4711617722E+00    0.7039883157E+02
    0.8555000000E+00   -0.4259554952E-01    0.1930975262E+00    0.9805722932E+00    0.4637314448E-02    0.1086629641E+00    0.1000000000E+01    0.9095288611E-01    0.6385682981E-01    0.3483142398E+00    0.9307669247E+00   -0.1493768924E+00   -0.4763510296E+00    0.7043897394E+02
    0.8560000000E+00   -0.3644481515E-01    0.1954160880E+00    0.9803642453E+00    0.8211879212E-02    0.1090333553E+00    0.1000000000E+01    0.9192105431E-01    0.6350513723E-01    0.3716357773E+00    0.9216314157E+00   -0.1418126977E+00   -0.4814348740E+00    0.7047910473E+02
    0.8565000000E+00   -0.3018802335E-01    0.1975423620E+00    0.9801541497E+00    0.1181564731E-01    0.1092881710E+00    0.1000000000E+01    0.9289127128E-01    0.6314393660E-01    0.3947200326E+00    0.9119101660E+00   -0.1341197693E+00   -0.4864104170E+00    0.7051922381E+02
    0.8570000000E+00   -0.2383104771E-01    0.1994718897E+00    0.9799419904E+00    0.1544494641E-01    0.1094258961E+00    0.1000000000E+01    0.9386346229E-01    0.6277316220E-01    0.4175522762E+00    0.9016092708E+00   -0.1262994036E+00   -0.4912747780E+00    0.7055933108E+02
    0.8575000000E+00   -0.1737993992E-01    0.2012003863E+00    0.9797277511E+00    0.1909603625E-01    0.1094451301E+00    0.1000000000E+01    0.9483755152E-01    0.6239274867E-01    0.4401179331E+00    0.8907351956E+00   -0.1183529568E+00   -0.4960250844E+00    0.7059942641E+02
    0.8580000000E+00   -0.1084092493E-01    0.2027237477E+00    0.9795114157E+00    0.2276511211E-01    0.1093445895E+00    0.1000000000E+01    0.9581346202E-01    0.6200263109E-01    0.4624025926E+00    0.8792947723E+00   -0.1102818455E+00   -0.5006584736E+00    0.7063950969E+02
    0.8585000000E+00   -0.4220395747E-02    0.2040380573E+00    0.9792929679E+00    0.2644830837E-01    0.1091231109E+00    0.1000000000E+01    0.9679111574E-01    0.6160274489E-01    0.4843920169E+00    0.8672951953E+00   -0.1020875464E+00   -0.5051720938E+00    0.7067958080E+02
    0.8590000000E+00    0.2475091938E-02    0.2051395921E+00    0.9790723916E+00    0.3014170221E-01    0.1087796535E+00    0.1000000000E+01    0.9777043348E-01    0.6119302596E-01    0.5060721510E+00    0.8547440166E+00   -0.9377159665E-01   -0.5095631052E+00    0.7071963963E+02
    0.8595000000E+00    0.9238825434E-02    0.2060248300E+00    0.9788496704E+00    0.3384131746E-01    0.1083133013E+00    0.1000000000E+01    0.9875133496E-01    0.6077341061E-01    0.5274291306E+00    0.8416491422E+00   -0.8533559403E-01   -0.5138286812E+00    0.7075968605E+02
    0.8600000000E+00    0.1606394095E-01    0.2066904551E+00    0.9786247880E+00    0.3754312842E-01    0.1077232659E+00    0.1000000000E+01    0.9973373872E-01    0.6034383561E-01    0.5484492921E+00    0.8280188264E+00   -0.7678119698E-01   -0.5179660098E+00    0.7079971995E+02
    0.8605000000E+00    0.2294342974E-01    0.2071333649E+00    0.9783977282E+00    0.4124306394E-01    0.1070088889E+00    0.1000000000E+01    0.1007175622E+00    0.5990423819E-01    0.5691191807E+00    0.8138616671E+00   -0.6811012467E-01   -0.5219722945E+00    0.7083974121E+02
    0.8610000000E+00    0.2987014451E-01    0.2073506753E+00    0.9781684745E+00    0.4493701148E-01    0.1061696433E+00    0.1000000000E+01    0.1017027217E+00    0.5945455607E-01    0.5894255589E+00    0.7991866007E+00   -0.5932415708E-01   -0.5258447557E+00    0.7087974969E+02
    0.8615000000E+00    0.3683680602E-01    0.2073397271E+00    0.9779370107E+00    0.4862082132E-01    0.1052051363E+00    0.1000000000E+01    0.1026891324E+00    0.5899472747E-01    0.6093554157E+00    0.7840028964E+00   -0.5042513501E-01   -0.5295806322E+00    0.7091974529E+02
    0.8620000000E+00    0.4383600998E-01    0.2070980911E+00    0.9777033205E+00    0.5229031083E-01    0.1041151110E+00    0.1000000000E+01    0.1036767083E+00    0.5852469112E-01    0.6288959743E+00    0.7683201509E+00   -0.4141496011E-01   -0.5331771819E+00    0.7095972787E+02
    0.8625000000E+00    0.5086023409E-01    0.2066235738E+00    0.9774673874E+00    0.5594126883E-01    0.1028994477E+00    0.1000000000E+01    0.1046653622E+00    0.5804438630E-01    0.6480347005E+00    0.7521482820E+00   -0.3229559483E-01   -0.5366316836E+00    0.7099969732E+02
    0.8630000000E+00    0.5790184536E-01    0.2059142223E+00    0.9772291951E+00    0.5956946008E-01    0.1015581664E+00    0.1000000000E+01    0.1056550059E+00    0.5755375283E-01    0.6667593111E+00    0.7354975231E+00   -0.2306906240E-01   -0.5399414377E+00    0.7103965350E+02
    0.8635000000E+00    0.6495310763E-01    0.2049683298E+00    0.9769887272E+00    0.6317062976E-01    0.1000914274E+00    0.1000000000E+01    0.1066455499E+00    0.5705273109E-01    0.6850577813E+00    0.7183784162E+00   -0.1373744679E-01   -0.5431037681E+00    0.7107959629E+02
    0.8640000000E+00    0.7200618928E-01    0.2037844394E+00    0.9767459674E+00    0.6674050809E-01    0.9849953307E-01    0.1000000000E+01    0.1076369037E+00    0.5654126207E-01    0.7029183529E+00    0.7008018064E+00   -0.4302892571E-02   -0.5461160231E+00    0.7111952556E+02
    0.8645000000E+00    0.7905317119E-01    0.2023613497E+00    0.9765008993E+00    0.7027481500E-01    0.9678292921E-01    0.1000000000E+01    0.1086289756E+00    0.5601928732E-01    0.7203295418E+00    0.6827788341E+00    0.5232395170E-02   -0.5489755765E+00    0.7115944119E+02
    0.8650000000E+00    0.8608605481E-01    0.2006981182E+00    0.9762535066E+00    0.7376926485E-01    0.9494220569E-01    0.1000000000E+01    0.1096216725E+00    0.5548674906E-01    0.7372801454E+00    0.6643209291E+00    0.1486615097E-01   -0.5516798293E+00    0.7119934305E+02
    0.8655000000E+00    0.9309677050E-01    0.1987940657E+00    0.9760037730E+00    0.7721957124E-01    0.9297809761E-01    0.1000000000E+01    0.1106149004E+00    0.5494359011E-01    0.7537592497E+00    0.6454398029E+00    0.2459604917E-01   -0.5542262111E+00    0.7123923100E+02
    0.8660000000E+00    0.1000771860E+00    0.1966487801E+00    0.9757516821E+00    0.8062145180E-01    0.9089148592E-01    0.1000000000E+01    0.1116085642E+00    0.5438975397E-01    0.7697562369E+00    0.6261474418E+00    0.3441970408E-01   -0.5566121806E+00    0.7127910491E+02
    0.8665000000E+00    0.1070191151E+00    0.1942621194E+00    0.9754972177E+00    0.8397063315E-01    0.8868339805E-01    0.1000000000E+01    0.1126025674E+00    0.5382518478E-01    0.7852607916E+00    0.6064560994E+00    0.4433467021E-01   -0.5588352278E+00    0.7131896466E+02
    0.8670000000E+00    0.1139143265E+00    0.1916342156E+00    0.9752403635E+00    0.8726285582E-01    0.8635500830E-01    0.1000000000E+01    0.1135968125E+00    0.5324982742E-01    0.8002629084E+00    0.5863782888E+00    0.5433844255E-01   -0.5608928749E+00    0.7135881011E+02
    0.8675000000E+00    0.1207545528E+00    0.1887654773E+00    0.9749811033E+00    0.9049387917E-01    0.8390763808E-01    0.1000000000E+01    0.1145912008E+00    0.5266362744E-01    0.8147528976E+00    0.5659267752E+00    0.6442845676E-01   -0.5627826776E+00    0.7139864113E+02
    0.8680000000E+00    0.1275314993E+00    0.1856565921E+00    0.9747194208E+00    0.9365948648E-01    0.8134275602E-01    0.1000000000E+01    0.1155856322E+00    0.5206653114E-01    0.8287213922E+00    0.5451145678E+00    0.7460208954E-01   -0.5645022264E+00    0.7143845758E+02
    0.8685000000E+00    0.1342368539E+00    0.1823085293E+00    0.9744553000E+00    0.9675548992E-01    0.7866197786E-01    0.1000000000E+01    0.1165800059E+00    0.5145848556E-01    0.8421593537E+00    0.5239549116E+00    0.8485665891E-01   -0.5660491482E+00    0.7147825932E+02
    0.8690000000E+00    0.1408622960E+00    0.1787225419E+00    0.9741887246E+00    0.9977773566E-01    0.7586706623E-01    0.1000000000E+01    0.1175742196E+00    0.5083943851E-01    0.8550580782E+00    0.5024612795E+00    0.9518942460E-01   -0.5674211072E+00    0.7151804623E+02
    0.8695000000E+00    0.1473995062E+00    0.1749001681E+00    0.9739196786E+00    0.1027221089E+00    0.7295993018E-01    0.1000000000E+01    0.1185681698E+00    0.5020933859E-01    0.8674092020E+00    0.4806473633E+00    0.1055975884E+00   -0.5686158066E+00    0.7155781816E+02
    0.8700000000E+00    0.1538401758E+00    0.1708432331E+00    0.9736481460E+00    0.1055845390E+00    0.6994262461E-01    0.1000000000E+01    0.1195617520E+00    0.4956813519E-01    0.8792047074E+00    0.4585270658E+00    0.1160782945E+00   -0.5696309897E+00    0.7159757498E+02
    0.8705000000E+00    0.1601760166E+00    0.1665538498E+00    0.9733741108E+00    0.1083610046E+00    0.6681734950E-01    0.1000000000E+01    0.1205548604E+00    0.4891577856E-01    0.8904369277E+00    0.4361144918E+00    0.1266286302E+00   -0.5704644413E+00    0.7163731654E+02
    0.8710000000E+00    0.1663987710E+00    0.1620344199E+00    0.9730975571E+00    0.1110475386E+00    0.6358644897E-01    0.1000000000E+01    0.1215473882E+00    0.4825221976E-01    0.9010985529E+00    0.4134239395E+00    0.1372456259E+00   -0.5711139889E+00    0.7167704272E+02
    0.8715000000E+00    0.1725002214E+00    0.1572876342E+00    0.9728184691E+00    0.1136402333E+00    0.6025241010E-01    0.1000000000E+01    0.1225392272E+00    0.4757741073E-01    0.9111826337E+00    0.3904698912E+00    0.1479262561E+00   -0.5715775042E+00    0.7171675336E+02
    0.8720000000E+00    0.1784722003E+00    0.1523164728E+00    0.9725368310E+00    0.1161352456E+00    0.5681786173E-01    0.1000000000E+01    0.1235302682E+00    0.4689130431E-01    0.9206825869E+00    0.3672670044E+00    0.1586674396E+00   -0.5718529045E+00    0.7175644832E+02
    0.8725000000E+00    0.1843066008E+00    0.1471242049E+00    0.9722526270E+00    0.1185288017E+00    0.5328557288E-01    0.1000000000E+01    0.1245204008E+00    0.4619385421E-01    0.9295921998E+00    0.3438301029E+00    0.1694660401E+00   -0.5719381538E+00    0.7179612747E+02
    0.8730000000E+00    0.1899953860E+00    0.1417143881E+00    0.9719658416E+00    0.1208172027E+00    0.4965845117E-01    0.1000000000E+01    0.1255095135E+00    0.4548501510E-01    0.9379056339E+00    0.3201741672E+00    0.1803188668E+00   -0.5718312640E+00    0.7183579067E+02
    0.8735000000E+00    0.1955305995E+00    0.1360908677E+00    0.9716764592E+00    0.1229968292E+00    0.4593954095E-01    0.1000000000E+01    0.1264974933E+00    0.4476474259E-01    0.9456174295E+00    0.2963143249E+00    0.1912226752E+00   -0.5715302967E+00    0.7187543775E+02
    0.8740000000E+00    0.2009043754E+00    0.1302577754E+00    0.9713844643E+00    0.1250641460E+00    0.4213202129E-01    0.1000000000E+01    0.1274842265E+00    0.4403299325E-01    0.9527225089E+00    0.2722658417E+00    0.2021741673E+00   -0.5710333640E+00    0.7191506859E+02
    0.8745000000E+00    0.2061089486E+00    0.1242195275E+00    0.9710898417E+00    0.1270157079E+00    0.3823920382E-01    0.1000000000E+01    0.1284695980E+00    0.4328972465E-01    0.9592161805E+00    0.2480441116E+00    0.2131699928E+00   -0.5703386303E+00    0.7195468304E+02
    0.8750000000E+00    0.2111366647E+00    0.1179808233E+00    0.9707925761E+00    0.1288481637E+00    0.3426453033E-01    0.1000000000E+01    0.1294534915E+00    0.4253489535E-01    0.9650941415E+00    0.2236646469E+00    0.2242067493E+00   -0.5694443130E+00    0.7199428094E+02
    0.8755000000E+00    0.2159799904E+00    0.1115466425E+00    0.9704926522E+00    0.1305582613E+00    0.3021157025E-01    0.1000000000E+01    0.1304357896E+00    0.4176846498E-01    0.9703524815E+00    0.1991430688E+00    0.2352809833E+00   -0.5683486844E+00    0.7203386216E+02
    0.8760000000E+00    0.2206315234E+00    0.1049222427E+00    0.9701900552E+00    0.1321428528E+00    0.2608401793E-01    0.1000000000E+01    0.1314163739E+00    0.4099039418E-01    0.9749876847E+00    0.1744950975E+00    0.2463891911E+00   -0.5670500727E+00    0.7207342654E+02
    0.8765000000E+00    0.2250840026E+00    0.9811315631E-01    0.9698847700E+00    0.1335988986E+00    0.2188568975E-01    0.1000000000E+01    0.1323951245E+00    0.4020064470E-01    0.9789966329E+00    0.1497365420E+00    0.2575278192E+00   -0.5655468632E+00    0.7211297393E+02
    0.8770000000E+00    0.2293303182E+00    0.9112518728E-01    0.9695767820E+00    0.1349234726E+00    0.1762052106E-01    0.1000000000E+01    0.1333719208E+00    0.3939917937E-01    0.9823766076E+00    0.1248832904E+00    0.2686932654E+00   -0.5638374998E+00    0.7215250419E+02
    0.8775000000E+00    0.2333635213E+00    0.8396440719E-01    0.9692660763E+00    0.1361137661E+00    0.1329256293E-01    0.1000000000E+01    0.1343466406E+00    0.3858596214E-01    0.9851252922E+00    0.9995129980E-01    0.2798818795E+00   -0.5619204862E+00    0.7219201717E+02
    0.8780000000E+00    0.2371768342E+00    0.7663715129E-01    0.9689526385E+00    0.1371670929E+00    0.8905978771E-02    0.1000000000E+01    0.1353191609E+00    0.3776095811E-01    0.9872407736E+00    0.7495658600E-01    0.2910899643E+00   -0.5597943870E+00    0.7223151271E+02
    0.8785000000E+00    0.2407636602E+00    0.6915001398E-01    0.9686364543E+00    0.1380808932E+00    0.4465040759E-02    0.1000000000E+01    0.1362893574E+00    0.3692413353E-01    0.9887215437E+00    0.4991521352E-01    0.3023137764E+00   -0.5574578293E+00    0.7227099066E+02
    0.8790000000E+00    0.2441175931E+00    0.6150984402E-01    0.9683175094E+00    0.1388527380E+00   -0.2587391206E-04    0.1000000000E+01    0.1372571048E+00    0.3607545586E-01    0.9895665010E+00    0.2484328536E-01    0.3135495273E+00   -0.5549095035E+00    0.7231045087E+02
    0.8795000000E+00    0.2472324266E+00    0.5372373935E-01    0.9679957897E+00    0.1394803332E+00   -0.4562286919E-02    0.1000000000E+01    0.1382222766E+00    0.3521489375E-01    0.9897749514E+00   -0.2430672631E-03    0.3247933841E+00   -0.5521481649E+00    0.7234989318E+02
    0.8800000000E+00    0.2501021645E+00    0.4579904157E-01    0.9676712812E+00    0.1399615239E+00   -0.9139622866E-02    0.1000000000E+01    0.1391847450E+00    0.3434241708E-01    0.9893466092E+00   -0.2532769514E-01    0.3360414708E+00   -0.5491726348E+00    0.7238931744E+02
    0.8805000000E+00    0.2527210293E+00    0.3774333006E-01    0.9673439704E+00    0.1402942979E+00   -0.1375321350E-01    0.1000000000E+01    0.1401443814E+00    0.3345799701E-01    0.9882815971E+00   -0.5039444140E-01    0.3472898692E+00   -0.5459818016E+00    0.7242872350E+02
    0.8810000000E+00    0.2550834718E+00    0.2956441572E-01    0.9670138435E+00    0.1404767897E+00   -0.1839830207E-01    0.1000000000E+01    0.1411010560E+00    0.3256160594E-01    0.9865804471E+00   -0.7542715175E-01    0.3585346197E+00   -0.5425746224E+00    0.7246811120E+02
    0.8815000000E+00    0.2571841800E+00    0.2127033446E-01    0.9666808873E+00    0.1405072842E+00   -0.2307004787E-01    0.1000000000E+01    0.1420546378E+00    0.3165321760E-01    0.9842441003E+00   -0.1004096849E+00    0.3697717230E+00   -0.5389501235E+00    0.7250748038E+02
    0.8820000000E+00    0.2590180879E+00    0.1286934020E-01    0.9663450885E+00    0.1403842204E+00   -0.2776353087E-01    0.1000000000E+01    0.1430049947E+00    0.3073280705E-01    0.9812739063E+00   -0.1253259226E+00    0.3809971407E+00   -0.5351074021E+00    0.7254683089E+02
    0.8825000000E+00    0.2605803843E+00    0.4369897666E-02    0.9660064341E+00    0.1401061944E+00   -0.3247375654E-01    0.1000000000E+01    0.1439519937E+00    0.2980035066E-01    0.9776716233E+00   -0.1501597805E+00    0.3922067965E+00   -0.5310456275E+00    0.7258616256E+02
    0.8830000000E+00    0.2618665211E+00   -0.4219325233E-02    0.9656649113E+00    0.1396719627E+00   -0.3719566078E-01    0.1000000000E+01    0.1448955005E+00    0.2885582622E-01    0.9734394168E+00   -0.1748952177E+00    0.4033965777E+00   -0.5267640419E+00    0.7262547524E+02
    0.8835000000E+00    0.2628722217E+00   -0.1288946533E-01    0.9653205076E+00    0.1390804459E+00   -0.4192411505E-01    0.1000000000E+01    0.1458353799E+00    0.2789921287E-01    0.9685798588E+00   -0.1995162478E+00    0.4145623361E+00   -0.5222619616E+00    0.7266476877E+02
    0.8840000000E+00    0.2635934891E+00   -0.2163147244E-01    0.9649732106E+00    0.1383307307E+00   -0.4665393149E-01    0.1000000000E+01    0.1467714956E+00    0.2693049122E-01    0.9630959265E+00   -0.2240069487E+00    0.4256998893E+00   -0.5175387784E+00    0.7270404299E+02
    0.8845000000E+00    0.2640266131E+00   -0.3043611794E-01    0.9646230082E+00    0.1374220735E+00   -0.5137986836E-01    0.1000000000E+01    0.1477037101E+00    0.2594964327E-01    0.9569910010E+00   -0.2483514727E+00    0.4368050222E+00   -0.5125939603E+00    0.7274329773E+02
    0.8850000000E+00    0.2641681787E+00   -0.3929400368E-01    0.9642698884E+00    0.1363539025E+00   -0.5609663541E-01    0.1000000000E+01    0.1486318850E+00    0.2495665253E-01    0.9502688650E+00   -0.2725340573E+00    0.4478734881E+00   -0.5074270529E+00    0.7278253285E+02
    0.8855000000E+00    0.2640150727E+00   -0.4819557110E-01    0.9639138397E+00    0.1351258204E+00   -0.6079889949E-01    0.1000000000E+01    0.1495558810E+00    0.2395150397E-01    0.9429337011E+00   -0.2965390349E+00    0.4589010099E+00   -0.5020376803E+00    0.7282174817E+02
    0.8860000000E+00    0.2635644911E+00   -0.5713111081E-01    0.9635548507E+00    0.1337376064E+00   -0.6548129023E-01    0.1000000000E+01    0.1504755574E+00    0.2293418410E-01    0.9349900894E+00   -0.3203508429E+00    0.4698832818E+00   -0.4964255461E+00    0.7286094353E+02
    0.8865000000E+00    0.2628139454E+00   -0.6609077231E-01    0.9631929101E+00    0.1321892187E+00   -0.7013840583E-01    0.1000000000E+01    0.1513907728E+00    0.2190468096E-01    0.9264430049E+00   -0.3439540341E+00    0.4808159705E+00   -0.4905904344E+00    0.7290011876E+02
    0.8870000000E+00    0.2617612694E+00   -0.7506457405E-01    0.9628280072E+00    0.1304807958E+00   -0.7476481891E-01    0.1000000000E+01    0.1523013847E+00    0.2086298415E-01    0.9172978148E+00   -0.3673332861E+00    0.4916947165E+00   -0.4845322110E+00    0.7293927372E+02
    0.8875000000E+00    0.2604046251E+00   -0.8404241382E-01    0.9624601313E+00    0.1286126589E+00   -0.7935508254E-01    0.1000000000E+01    0.1532072496E+00    0.1980908487E-01    0.9075602753E+00   -0.3904734122E+00    0.5025151358E+00   -0.4782508241E+00    0.7297840822E+02
    0.8880000000E+00    0.2587425085E+00   -0.9301407930E-01    0.9620892722E+00    0.1265853128E+00   -0.8390373627E-01    0.1000000000E+01    0.1541082231E+00    0.1874297591E-01    0.8972365283E+00   -0.4133593701E+00    0.5132728213E+00   -0.4717463055E+00    0.7301752211E+02
    0.8885000000E+00    0.2567737549E+00   -0.1019692589E+00    0.9617154199E+00    0.1243994474E+00   -0.8840531228E-01    0.1000000000E+01    0.1550041596E+00    0.1766465174E-01    0.8863330979E+00   -0.4359762725E+00    0.5239633443E+00   -0.4650187713E+00    0.7305661522E+02
    0.8890000000E+00    0.2544975443E+00   -0.1108975531E+00    0.9613385645E+00    0.1220559391E+00   -0.9285434161E-01    0.1000000000E+01    0.1558949128E+00    0.1657410846E-01    0.8748568866E+00   -0.4583093966E+00    0.5345822558E+00   -0.4580684229E+00    0.7309568738E+02
    0.8895000000E+00    0.2519134060E+00   -0.1197884852E+00    0.9609586969E+00    0.1195558512E+00   -0.9724536044E-01    0.1000000000E+01    0.1567803353E+00    0.1547134386E-01    0.8628151712E+00   -0.4803441937E+00    0.5451250886E+00   -0.4508955479E+00    0.7313473843E+02
    0.8900000000E+00    0.2490212229E+00   -0.1286315136E+00    0.9605758078E+00    0.1169004351E+00   -0.1015729164E+00    0.1000000000E+01    0.1576602789E+00    0.1435635745E-01    0.8502155983E+00   -0.5020662983E+00    0.5555873584E+00   -0.4435005210E+00    0.7317376820E+02
    0.8905000000E+00    0.2458212354E+00   -0.1374160433E+00    0.9601898885E+00    0.1140911302E+00   -0.1058315752E+00    0.1000000000E+01    0.1585345944E+00    0.1322915048E-01    0.8370661802E+00   -0.5234615382E+00    0.5659645654E+00   -0.4358838046E+00    0.7321277652E+02
    0.8910000000E+00    0.2423140453E+00   -0.1461314375E+00    0.9598009307E+00    0.1111295646E+00   -0.1100159266E+00    0.1000000000E+01    0.1594031317E+00    0.1208972595E-01    0.8233752896E+00   -0.5445159434E+00    0.5762521965E+00   -0.4280459499E+00    0.7325176323E+02
    0.8915000000E+00    0.2385006191E+00   -0.1547670304E+00    0.9594089263E+00    0.1080175552E+00   -0.1141205913E+00    0.1000000000E+01    0.1602657399E+00    0.1093808866E-01    0.8091516551E+00   -0.5652157552E+00    0.5864457264E+00   -0.4199875973E+00    0.7329072816E+02
    0.8920000000E+00    0.2343822902E+00   -0.1633121390E+00    0.9590138676E+00    0.1047571069E+00   -0.1181402276E+00    0.1000000000E+01    0.1611222670E+00    0.9774245222E-02    0.7944043555E+00   -0.5855474355E+00    0.5965406194E+00   -0.4117094775E+00    0.7332967113E+02
    0.8925000000E+00    0.2299607621E+00   -0.1717560761E+00    0.9586157473E+00    0.1013504131E+00   -0.1220695374E+00    0.1000000000E+01    0.1619725604E+00    0.8598204069E-02    0.7791428147E+00   -0.6054976754E+00    0.6065323316E+00   -0.4032124120E+00    0.7336859198E+02
    0.8930000000E+00    0.2252381098E+00   -0.1800881624E+00    0.9582145585E+00    0.9779985435E-01   -0.1259032733E+00    0.1000000000E+01    0.1628164666E+00    0.7409975510E-02    0.7633767956E+00   -0.6250534044E+00    0.6164163119E+00   -0.3944973139E+00    0.7340749054E+02
    0.8935000000E+00    0.2202167818E+00   -0.1882977400E+00    0.9578102946E+00    0.9410799767E-01   -0.1296362447E+00    0.1000000000E+01    0.1636538313E+00    0.6209571735E-02    0.7471163946E+00   -0.6442017989E+00    0.6261880043E+00   -0.3855651884E+00    0.7344636664E+02
    0.8940000000E+00    0.2148996008E+00   -0.1963741846E+00    0.9574029495E+00    0.9027759566E-01   -0.1332633248E+00    0.1000000000E+01    0.1644844991E+00    0.4997006847E-02    0.7303720351E+00   -0.6629302903E+00    0.6358428497E+00   -0.3764171336E+00    0.7348522011E+02
    0.8945000000E+00    0.2092897648E+00   -0.2043069189E+00    0.9569925173E+00    0.8631158501E-01   -0.1367794571E+00    0.1000000000E+01    0.1653083143E+00    0.3772296884E-02    0.7131544613E+00   -0.6812265742E+00    0.6453762873E+00   -0.3670543407E+00    0.7352405078E+02
    0.8950000000E+00    0.2033908471E+00   -0.2120854258E+00    0.9565789929E+00    0.8221308502E-01   -0.1401796617E+00    0.1000000000E+01    0.1661251201E+00    0.2535459846E-02    0.6954747316E+00   -0.6990786176E+00    0.6547837569E+00   -0.3574780952E+00    0.7356285848E+02
    0.8955000000E+00    0.1972067962E+00   -0.2196992613E+00    0.9561623713E+00    0.7798539578E-01   -0.1434590420E+00    0.1000000000E+01    0.1669347590E+00    0.1286515718E-02    0.6773442118E+00   -0.7164746680E+00    0.6640607006E+00   -0.3476897768E+00    0.7360164303E+02
    0.8960000000E+00    0.1907419350E+00   -0.2271380681E+00    0.9557426481E+00    0.7363199617E-01   -0.1466127914E+00    0.1000000000E+01    0.1677370729E+00    0.2548649673E-04    0.6587745681E+00   -0.7334032603E+00    0.6732025646E+00   -0.3376908601E+00    0.7364040427E+02
    0.8965000000E+00    0.1840009599E+00   -0.2343915886E+00    0.9553198192E+00    0.6915654163E-01   -0.1496361993E+00    0.1000000000E+01    0.1685319028E+00   -0.1247603788E-02    0.6397777598E+00   -0.7498532252E+00    0.6822048014E+00   -0.3274829153E+00    0.7367914202E+02
    0.8970000000E+00    0.1769889391E+00   -0.2414496785E+00    0.9548938812E+00    0.6456286170E-01   -0.1525246581E+00    0.1000000000E+01    0.1693190892E+00   -0.2532729044E-02    0.6203660323E+00   -0.7658136962E+00    0.6910628713E+00   -0.3170676082E+00    0.7371785612E+02
    0.8975000000E+00    0.1697113103E+00   -0.2483023200E+00    0.9544648309E+00    0.5985495725E-01   -0.1552736692E+00    0.1000000000E+01    0.1700984718E+00   -0.3829861097E-02    0.6005519090E+00   -0.7812741175E+00    0.6997722448E+00   -0.3064467006E+00    0.7375654639E+02
    0.8980000000E+00    0.1621738787E+00   -0.2549396352E+00    0.9540326658E+00    0.5503699761E-01   -0.1578788492E+00    0.1000000000E+01    0.1708698897E+00   -0.5138969663E-02    0.5803481837E+00   -0.7962242508E+00    0.7083284042E+00   -0.2956220511E+00    0.7379521266E+02
    0.8985000000E+00    0.1543828133E+00   -0.2613518996E+00    0.9535973839E+00    0.5011331737E-01   -0.1603359366E+00    0.1000000000E+01    0.1716331814E+00   -0.6460022326E-02    0.5597679128E+00   -0.8106541821E+00    0.7167268459E+00   -0.2845956148E+00    0.7383385475E+02
    0.8990000000E+00    0.1463446441E+00   -0.2675295551E+00    0.9531589834E+00    0.4508841296E-01   -0.1626407976E+00    0.1000000000E+01    0.1723881848E+00   -0.7792984512E-02    0.5388244071E+00   -0.8245543290E+00    0.7249630823E+00   -0.2733694440E+00    0.7387247250E+02
    0.8995000000E+00    0.1380662576E+00   -0.2734632235E+00    0.9527174635E+00    0.3996693907E-01   -0.1647894323E+00    0.1000000000E+01    0.1731347371E+00   -0.9137819464E-02    0.5175312234E+00   -0.8379154468E+00    0.7330326438E+00   -0.2619456881E+00    0.7391106574E+02
    0.9000000000E+00    0.1295548924E+00   -0.2791437195E+00    0.9522728234E+00    0.3475370477E-01   -0.1667779804E+00    0.1000000000E+01    0.1738726750E+00   -0.1049448822E-01    0.4959021559E+00   -0.8507286350E+00    0.7409310808E+00   -0.2503265941E+00    0.7394963428E+02
    0.9005000000E+00    0.1208181347E+00   -0.2845620643E+00    0.9518250634E+00    0.2945366943E-01   -0.1686027277E+00    0.1000000000E+01    0.1746018349E+00   -0.1186294960E-01    0.4739512278E+00   -0.8629853436E+00    0.7486539660E+00   -0.2385145063E+00    0.7398817797E+02
    0.9010000000E+00    0.1118639123E+00   -0.2897094977E+00    0.9513741838E+00    0.2407193844E-01   -0.1702601112E+00    0.1000000000E+01    0.1753220524E+00   -0.1324316015E-01    0.4516926825E+00   -0.8746773790E+00    0.7561968962E+00   -0.2265118668E+00    0.7402669662E+02
    0.9015000000E+00    0.1027004890E+00   -0.2945774921E+00    0.9509201858E+00    0.1861375869E-01   -0.1717467250E+00    0.1000000000E+01    0.1760331627E+00   -0.1463507416E-01    0.4291409744E+00   -0.8857969092E+00    0.7635554947E+00   -0.2143212153E+00    0.7406519007E+02
    0.9020000000E+00    0.9333645807E-01   -0.2991577642E+00    0.9504630711E+00    0.1308451384E-01   -0.1730593262E+00    0.1000000000E+01    0.1767350005E+00   -0.1603864360E-01    0.4063107597E+00   -0.8963364703E+00    0.7707254130E+00   -0.2019451894E+00    0.7410365814E+02
    0.9025000000E+00    0.8378073567E-01   -0.3034422883E+00    0.9500028421E+00    0.7489719371E-02   -0.1741948393E+00    0.1000000000E+01    0.1774274004E+00   -0.1745381815E-01    0.3832168878E+00   -0.9062889709E+00    0.7777023333E+00   -0.1893865241E+00    0.7414210067E+02
    0.9030000000E+00    0.7404255314E-01   -0.3074233085E+00    0.9495395015E+00    0.1835017458E-02   -0.1751503626E+00    0.1000000000E+01    0.1781101961E+00   -0.1888054510E-01    0.3598743910E+00   -0.9156476974E+00    0.7844819706E+00   -0.1766480520E+00    0.7418051747E+02
    0.9035000000E+00    0.6413144935E-01   -0.3110933508E+00    0.9490730529E+00   -0.3873828411E-02   -0.1759231722E+00    0.1000000000E+01    0.1787832213E+00   -0.2031876941E-01    0.3362984756E+00   -0.9244063191E+00    0.7910600747E+00   -0.1637327034E+00    0.7421890838E+02
    0.9040000000E+00    0.5405726245E-01   -0.3144452354E+00    0.9486035004E+00   -0.9630938973E-02   -0.1765107279E+00    0.1000000000E+01    0.1794463092E+00   -0.2176843363E-01    0.3125045121E+00   -0.9325588922E+00    0.7974324324E+00   -0.1506435054E+00    0.7425727324E+02
    0.9045000000E+00    0.4383012103E-01   -0.3174720883E+00    0.9481308486E+00   -0.1543032494E-01   -0.1769106772E+00    0.1000000000E+01    0.1800992926E+00   -0.2322947790E-01    0.2885080253E+00   -0.9400998647E+00    0.8035948697E+00   -0.1373835827E+00    0.7429561186E+02
    0.9050000000E+00    0.3346043498E-01   -0.3201673527E+00    0.9476551031E+00   -0.2126589294E-01   -0.1771208600E+00    0.1000000000E+01    0.1807420044E+00   -0.2470183994E-01    0.2643246844E+00   -0.9470240801E+00    0.8095432540E+00   -0.1239561563E+00    0.7433392408E+02
    0.9055000000E+00    0.2295888579E-01   -0.3225248007E+00    0.9471762698E+00   -0.2713145165E-01   -0.1771393134E+00    0.1000000000E+01    0.1813742767E+00   -0.2618545498E-01    0.2399702932E+00   -0.9533267814E+00    0.8152734963E+00   -0.1103645439E+00    0.7437220972E+02
    0.9060000000E+00    0.1233641644E-01   -0.3245385440E+00    0.9466943555E+00   -0.3302071807E-01   -0.1769642756E+00    0.1000000000E+01    0.1819959418E+00   -0.2768025581E-01    0.2154607798E+00   -0.9590036147E+00    0.8207815534E+00   -0.9661215929E-01    0.7441046863E+02
    0.9065000000E+00    0.1604220893E-02   -0.3262030448E+00    0.9462093676E+00   -0.3892732405E-01   -0.1765941897E+00    0.1000000000E+01    0.1826068317E+00   -0.2918617269E-01    0.1908121863E+00   -0.9640506325E+00    0.8260634300E+00   -0.8270251191E-01    0.7444870062E+02
    0.9070000000E+00   -0.9226266955E-02   -0.3275131261E+00    0.9457213140E+00   -0.4484482288E-01   -0.1760277079E+00    0.1000000000E+01    0.1832067781E+00   -0.3070313338E-01    0.1660406590E+00   -0.9684642965E+00    0.8311151811E+00   -0.6863920643E-01    0.7448690553E+02
    0.9075000000E+00   -0.2014338462E-01   -0.3284639816E+00    0.9452302038E+00   -0.5076669616E-01   -0.1752636948E+00    0.1000000000E+01    0.1837956127E+00   -0.3223106310E-01    0.1411624372E+00   -0.9722414812E+00    0.8359329140E+00   -0.5442594223E-01    0.7452508320E+02
    0.9080000000E+00   -0.3113525287E-01   -0.3290511859E+00    0.9447360462E+00   -0.5668636069E-01   -0.1743012309E+00    0.1000000000E+01    0.1843731671E+00   -0.3376988448E-01    0.1161938436E+00   -0.9753794753E+00    0.8405127907E+00   -0.4006651285E-01    0.7456323345E+02
    0.9085000000E+00   -0.4218978794E-01   -0.3292707034E+00    0.9442388517E+00   -0.6259717566E-01   -0.1731396157E+00    0.1000000000E+01    0.1849392729E+00   -0.3531951762E-01    0.9115127314E-01   -0.9778759852E+00    0.8448510301E+00   -0.2556480539E-01    0.7460135611E+02
    0.9090000000E+00   -0.5329471416E-01   -0.3291188974E+00    0.9437386311E+00   -0.6849244984E-01   -0.1717783704E+00    0.1000000000E+01    0.1854937614E+00   -0.3687987997E-01    0.6605118271E-01   -0.9797291362E+00    0.8489439100E+00   -0.1092479982E-01    0.7463945103E+02
    0.9095000000E+00   -0.6443757694E-01   -0.3285925389E+00    0.9432353963E+00   -0.7436544898E-01   -0.1702172411E+00    0.1000000000E+01    0.1860364643E+00   -0.3845088639E-01    0.4091008037E-01   -0.9809374744E+00    0.8527877695E+00    0.3849431723E-02    0.7467751803E+02
    0.9100000000E+00   -0.7560575613E-01   -0.3276888145E+00    0.9427291596E+00   -0.8020940336E-01   -0.1684562006E+00    0.1000000000E+01    0.1865672131E+00   -0.4003244910E-01    0.1574451469E-01   -0.9814999686E+00    0.8563790113E+00    0.1875372569E-01    0.7471555695E+02
    0.9105000000E+00   -0.8678647975E-01   -0.3264053343E+00    0.9422199345E+00   -0.8601751536E-01   -0.1664954509E+00    0.1000000000E+01    0.1870858393E+00   -0.4162447765E-01   -0.9428936010E-02   -0.9814160111E+00    0.8597141039E+00    0.3378382794E-01    0.7475356763E+02
    0.9110000000E+00   -0.9796683806E-01   -0.3247401390E+00    0.9417077349E+00   -0.9178296725E-01   -0.1643354251E+00    0.1000000000E+01    0.1875921749E+00   -0.4322687895E-01   -0.3459367450E-01   -0.9806854188E+00    0.8627895836E+00    0.4893539462E-01    0.7479154990E+02
    0.9115000000E+00   -0.1091337980E+00   -0.3226917071E+00    0.9411925758E+00   -0.9749892901E-01   -0.1619767891E+00    0.1000000000E+01    0.1880860516E+00   -0.4483955717E-01   -0.5973309542E-01   -0.9793084339E+00    0.8656020568E+00    0.6420399307E-01    0.7482950360E+02
    0.9120000000E+00   -0.1202742178E+00   -0.3202589608E+00    0.9406744727E+00   -0.1031585662E+00   -0.1594204429E+00    0.1000000000E+01    0.1885673016E+00   -0.4646241382E-01   -0.8483059617E-01   -0.9772857243E+00    0.8681482023E+00    0.7958510283E-01    0.7486742857E+02
    0.9125000000E+00   -0.1313748621E+00   -0.3174412725E+00    0.9401534424E+00   -0.1087550482E+00   -0.1566675215E+00    0.1000000000E+01    0.1890357573E+00   -0.4809534765E-01   -0.1098695877E+00   -0.9746183836E+00    0.8704247735E+00    0.9507411662E-01    0.7490532465E+02
    0.9130000000E+00   -0.1424224172E+00   -0.3142384693E+00    0.9396295020E+00   -0.1142815561E+00   -0.1537193964E+00    0.1000000000E+01    0.1894912511E+00   -0.4973825469E-01   -0.1348335057E+00   -0.9713079314E+00    0.8724286006E+00    0.1106663415E+00    0.7494319167E+02
    0.9135000000E+00   -0.1534035067E+00   -0.3106508389E+00    0.9391026698E+00   -0.1197312906E+00   -0.1505776754E+00    0.1000000000E+01    0.1899336161E+00   -0.5139102821E-01   -0.1597058208E+00   -0.9673563121E+00    0.8741565924E+00    0.1263569998E+00    0.7498102948E+02
    0.9140000000E+00   -0.1643047072E+00   -0.3066791329E+00    0.9385729649E+00   -0.1250974811E+00   -0.1472442035E+00    0.1000000000E+01    0.1903626856E+00   -0.5305355872E-01   -0.1844700504E+00   -0.9627658949E+00    0.8756057391E+00    0.1421412306E+00    0.7501883792E+02
    0.9145000000E+00   -0.1751125645E+00   -0.3023245716E+00    0.9380404072E+00   -0.1303733928E+00   -0.1437210626E+00    0.1000000000E+01    0.1907782931E+00   -0.5472573392E-01   -0.2091097687E+00   -0.9575394726E+00    0.8767731140E+00    0.1580140910E+00    0.7505661684E+02
    0.9150000000E+00   -0.1858136098E+00   -0.2975888464E+00    0.9375050176E+00   -0.1355523361E+00   -0.1400105713E+00    0.1000000000E+01    0.1911802729E+00   -0.5640743874E-01   -0.2336086182E+00   -0.9516802602E+00    0.8776558757E+00    0.1739705568E+00    0.7509436608E+02
    0.9155000000E+00   -0.1963943761E+00   -0.2924741230E+00    0.9369668177E+00   -0.1406276741E+00   -0.1361152842E+00    0.1000000000E+01    0.1915684595E+00   -0.5809855529E-01   -0.2579503200E+00   -0.9451918936E+00    0.8782512705E+00    0.1900055247E+00    0.7513208548E+02
    0.9160000000E+00   -0.2068414152E+00   -0.2869830433E+00    0.9364258302E+00   -0.1455928314E+00   -0.1320379912E+00    0.1000000000E+01    0.1919426879E+00   -0.5979896284E-01   -0.2821186851E+00   -0.9380784275E+00    0.8785566341E+00    0.2061138132E+00    0.7516977489E+02
    0.9165000000E+00   -0.2171413139E+00   -0.2811187272E+00    0.9358820786E+00   -0.1504413022E+00   -0.1277817165E+00    0.1000000000E+01    0.1923027940E+00   -0.6150853784E-01   -0.3060976247E+00   -0.9303443338E+00    0.8785693940E+00    0.2222901641E+00    0.7520743416E+02
    0.9170000000E+00   -0.2272807116E+00   -0.2748847732E+00    0.9353355875E+00   -0.1551666589E+00   -0.1233497167E+00    0.1000000000E+01    0.1926486139E+00   -0.6322715391E-01   -0.3298711614E+00   -0.9219944986E+00    0.8782870715E+00    0.2385292441E+00    0.7524506315E+02
    0.9175000000E+00   -0.2372463171E+00   -0.2682852588E+00    0.9347863822E+00   -0.1597625601E+00   -0.1187454793E+00    0.1000000000E+01    0.1929799846E+00   -0.6495468178E-01   -0.3534234396E+00   -0.9130342202E+00    0.8777072836E+00    0.2548256464E+00    0.7528266169E+02
    0.9180000000E+00   -0.2470249255E+00   -0.2613247406E+00    0.9342344892E+00   -0.1642227594E+00   -0.1139727207E+00    0.1000000000E+01    0.1932967437E+00   -0.6669098932E-01   -0.3767387360E+00   -0.9034692057E+00    0.8768277454E+00    0.2711738924E+00    0.7532022965E+02
    0.9185000000E+00   -0.2566034361E+00   -0.2540082530E+00    0.9336799357E+00   -0.1685411131E+00   -0.1090353839E+00    0.1000000000E+01    0.1935987297E+00   -0.6843594155E-01   -0.3998014706E+00   -0.8933055681E+00    0.8756462715E+00    0.2875684331E+00    0.7535776688E+02
    0.9190000000E+00   -0.2659688692E+00   -0.2463413069E+00    0.9331227502E+00   -0.1727115887E+00   -0.1039376356E+00    0.1000000000E+01    0.1938857816E+00   -0.7018940057E-01   -0.4225962166E+00   -0.8825498227E+00    0.8741607788E+00    0.3040036509E+00    0.7539527323E+02
    0.9195000000E+00   -0.2751083835E+00   -0.2383298876E+00    0.9325629618E+00   -0.1767282732E+00   -0.9868386334E-01    0.1000000000E+01    0.1941577396E+00   -0.7195122562E-01   -0.4451077115E+00   -0.8712088834E+00    0.8723692878E+00    0.3204738617E+00    0.7543274856E+02
    0.9200000000E+00   -0.2840092937E+00   -0.2299804521E+00    0.9320006010E+00   -0.1805853811E+00   -0.9327867241E-01    0.1000000000E+01    0.1944144444E+00   -0.7372127300E-01   -0.4673208666E+00   -0.8592900590E+00    0.8702699245E+00    0.3369733165E+00    0.7547019274E+02
    0.9205000000E+00   -0.2926590876E+00   -0.2212999255E+00    0.9314356991E+00   -0.1842772621E+00   -0.8772688218E-01    0.1000000000E+01    0.1946557379E+00   -0.7549939615E-01   -0.4892207779E+00   -0.8468010483E+00    0.8678609231E+00    0.3534962031E+00    0.7550760561E+02
    0.9210000000E+00   -0.3010454436E+00   -0.2122956972E+00    0.9308682883E+00   -0.1877984097E+00   -0.8203352224E-01    0.1000000000E+01    0.1948814630E+00   -0.7728544556E-01   -0.5107927360E+00   -0.8337499362E+00    0.8651406268E+00    0.3700366484E+00    0.7554498705E+02
    0.9215000000E+00   -0.3091562479E+00   -0.2029756163E+00    0.9302984020E+00   -0.1911434682E+00   -0.7620382834E-01    0.1000000000E+01    0.1950914635E+00   -0.7907926884E-01   -0.5320222361E+00   -0.8201451887E+00    0.8621074905E+00    0.3865887203E+00    0.7558233692E+02
    0.9220000000E+00   -0.3169796114E+00   -0.1933479858E+00    0.9297260746E+00   -0.1943072414E+00   -0.7024323788E-01    0.1000000000E+01    0.1952855842E+00   -0.8088071063E-01   -0.5528949877E+00   -0.8059956476E+00    0.8587600821E+00    0.4031464297E+00    0.7561965509E+02
    0.9225000000E+00   -0.3245038874E+00   -0.1834215574E+00    0.9291513415E+00   -0.1972846991E+00   -0.6415738529E-01    0.1000000000E+01    0.1954636713E+00   -0.8268961271E-01   -0.5733969248E+00   -0.7913105255E+00    0.8550970845E+00    0.4197037325E+00    0.7565694141E+02
    0.9230000000E+00   -0.3317176878E+00   -0.1732055243E+00    0.9285742393E+00   -0.2000709856E+00   -0.5795209693E-01    0.1000000000E+01    0.1956255720E+00   -0.8450581387E-01   -0.5935142153E+00   -0.7760994004E+00    0.8511172974E+00    0.4362545320E+00    0.7569419578E+02
    0.9235000000E+00   -0.3386099006E+00   -0.1627095144E+00    0.9279948054E+00   -0.2026614262E+00   -0.5163338586E-01    0.1000000000E+01    0.1957711348E+00   -0.8632915003E-01   -0.6132332706E+00   -0.7603722092E+00    0.8468196387E+00    0.4527926809E+00    0.7573141805E+02
    0.9240000000E+00   -0.3451697060E+00   -0.1519435821E+00    0.9274130786E+00   -0.2050515349E+00   -0.4520744626E-01    0.1000000000E+01    0.1959002093E+00   -0.8815945415E-01   -0.6325407548E+00   -0.7441392424E+00    0.8422031464E+00    0.4693119837E+00    0.7576860810E+02
    0.9245000000E+00   -0.3513865929E+00   -0.1409182000E+00    0.9268290985E+00   -0.2072370212E+00   -0.3868064760E-01    0.1000000000E+01    0.1960126468E+00   -0.8999655626E-01   -0.6514235944E+00   -0.7274111374E+00    0.8372669803E+00    0.4858061990E+00    0.7580576581E+02
    0.9250000000E+00   -0.3572503753E+00   -0.1296442499E+00    0.9262429059E+00   -0.2092137967E+00   -0.3205952850E-01    0.1000000000E+01    0.1961082996E+00   -0.9184028349E-01   -0.6698689869E+00   -0.7101988719E+00    0.8320104233E+00    0.5022690415E+00    0.7584289106E+02
    0.9255000000E+00   -0.3627512082E+00   -0.1181330125E+00    0.9256545427E+00   -0.2109779823E+00   -0.2535079038E-01    0.1000000000E+01    0.1961870216E+00   -0.9369046003E-01   -0.6878644099E+00   -0.6925137572E+00    0.8264328830E+00    0.5186941852E+00    0.7587998373E+02
    0.9260000000E+00   -0.3678796029E+00   -0.1063961577E+00    0.9250640519E+00   -0.2125259141E+00   -0.1856129079E-01    0.1000000000E+01    0.1962486684E+00   -0.9554690715E-01   -0.7053976298E+00   -0.6743674314E+00    0.8205338937E+00    0.5350752649E+00    0.7591704370E+02
    0.9265000000E+00   -0.3726264430E+00   -0.9444573318E-01    0.9244714776E+00   -0.2138541498E+00   -0.1169803657E-01    0.1000000000E+01    0.1962930967E+00   -0.9740944322E-01   -0.7224567108E+00   -0.6557718518E+00    0.8143131169E+00    0.5514058795E+00    0.7595407086E+02
    0.9270000000E+00   -0.3769829988E+00   -0.8229415286E-01    0.9238768651E+00   -0.2149594748E+00   -0.4768176659E-02    0.1000000000E+01    0.1963201653E+00   -0.9927788368E-01   -0.7390300226E+00   -0.6367392875E+00    0.8077703436E+00    0.5676795942E+00    0.7599106510E+02
    0.9275000000E+00   -0.3809409425E+00   -0.6995418476E-01    0.9232802606E+00   -0.2158389079E+00    0.2221005256E-02    0.1000000000E+01    0.1963297342E+00   -0.1011520411E+00   -0.7551062492E+00   -0.6172823118E+00    0.8009054951E+00    0.5838899429E+00    0.7602802631E+02
    0.9280000000E+00   -0.3844923623E+00   -0.5743893820E-01    0.9226817117E+00   -0.2164897069E+00    0.9262098368E-02    0.1000000000E+01    0.1963216654E+00   -0.1030317251E+00   -0.7706743968E+00   -0.5974137942E+00    0.7937186246E+00    0.6000304313E+00    0.7606495439E+02
    0.9285000000E+00   -0.3876297762E+00   -0.4476185036E-01    0.9220812670E+00   -0.2169093739E+00    0.1634757259E-01    0.1000000000E+01    0.1962958226E+00   -0.1049167424E+00   -0.7857238014E+00   -0.5771468921E+00    0.7862099180E+00    0.6160945393E+00    0.7610184922E+02
    0.9290000000E+00   -0.3903461459E+00   -0.3193667242E-01    0.9214789763E+00   -0.2170956602E+00    0.2346978660E-01    0.1000000000E+01    0.1962520712E+00   -0.1068068970E+00   -0.8002441368E+00   -0.5564950430E+00    0.7783796958E+00    0.6320757236E+00    0.7613871072E+02
    0.9295000000E+00   -0.3926348895E+00   -0.1897745498E-01    0.9208748904E+00   -0.2170465714E+00    0.3062099615E-01    0.1000000000E+01    0.1961902787E+00   -0.1087019899E+00   -0.8142254217E+00   -0.5354719551E+00    0.7702284136E+00    0.6479674211E+00    0.7617553878E+02
    0.9300000000E+00   -0.3944898943E+00   -0.5898533080E-02    0.9202690614E+00   -0.2167603716E+00    0.3779336249E-01    0.1000000000E+01    0.1961103143E+00   -0.1106018192E+00   -0.8276580271E+00   -0.5140915992E+00    0.7617566637E+00    0.6637630508E+00    0.7621233331E+02
    0.9305000000E+00   -0.3959055290E+00    0.7285489414E-02    0.9196615425E+00   -0.2162355875E+00    0.4497896109E-01    0.1000000000E+01    0.1960120493E+00   -0.1125061802E+00   -0.8405326835E+00   -0.4923681996E+00    0.7529651754E+00    0.6794560174E+00    0.7624909421E+02
    0.9310000000E+00   -0.3968766551E+00    0.2055975588E-01    0.9190523881E+00   -0.2154710131E+00    0.5216979044E-01    0.1000000000E+01    0.1958953570E+00   -0.1144148655E+00   -0.8528404871E+00   -0.4703162247E+00    0.7438548169E+00    0.6950397139E+00    0.7628582141E+02
    0.9315000000E+00   -0.3973986383E+00    0.3390917353E-01    0.9184416537E+00   -0.2144657124E+00    0.5935778112E-01    0.1000000000E+01    0.1957601129E+00   -0.1163276646E+00   -0.8645729070E+00   -0.4479503781E+00    0.7344265954E+00    0.7105075245E+00    0.7632251480E+02
    0.9320000000E+00   -0.3974673585E+00    0.4731843048E-01    0.9178293961E+00   -0.2132190231E+00    0.6653480493E-01    0.1000000000E+01    0.1956061946E+00   -0.1182443646E+00   -0.8757217909E+00   -0.4252855885E+00    0.7246816584E+00    0.7258528278E+00    0.7635917432E+02
    0.9325000000E+00   -0.3970792204E+00    0.6077201327E-01    0.9172156731E+00   -0.2117305600E+00    0.7369268433E-01    0.1000000000E+01    0.1954334818E+00   -0.1201647495E+00   -0.8862793719E+00   -0.4023370007E+00    0.7146212944E+00    0.7410689994E+00    0.7639579987E+02
    0.9330000000E+00   -0.3962311627E+00    0.7425422486E-01    0.9166005437E+00   -0.2100002171E+00    0.8082320181E-01    0.1000000000E+01    0.1952418565E+00   -0.1220886006E+00   -0.8962382735E+00   -0.3791199654E+00    0.7042469335E+00    0.7561494153E+00    0.7643239139E+02
    0.9335000000E+00   -0.3949206663E+00    0.8774920299E-01    0.9159840682E+00   -0.2080281704E+00    0.8791810962E-01    0.1000000000E+01    0.1950312033E+00   -0.1240156966E+00   -0.9055915159E+00   -0.3556500289E+00    0.6935601481E+00    0.7710874549E+00    0.7646894880E+02
    0.9340000000E+00   -0.3931457634E+00    0.1012409390E+00    0.9153663080E+00   -0.2058148795E+00    0.9496913944E-01    0.1000000000E+01    0.1948014088E+00   -0.1259458133E+00   -0.9143325209E+00   -0.3319429236E+00    0.6825626536E+00    0.7858765042E+00    0.7650547203E+02
    0.9345000000E+00   -0.3909050442E+00    0.1147132972E+00    0.9147473255E+00   -0.2033610898E+00    0.1019680122E+00    0.1000000000E+01    0.1945523622E+00   -0.1278787239E+00   -0.9224551170E+00   -0.3080145573E+00    0.6712563087E+00    0.8005099584E+00    0.7654196102E+02
    0.9350000000E+00   -0.3881976639E+00    0.1281500339E+00    0.9141271846E+00   -0.2006678336E+00    0.1089064483E+00    0.1000000000E+01    0.1942839553E+00   -0.1298141990E+00   -0.9299535445E+00   -0.2838810026E+00    0.6596431159E+00    0.8149812259E+00    0.7657841570E+02
    0.9355000000E+00   -0.3850233491E+00    0.1415348180E+00    0.9135059501E+00   -0.1977364312E+00    0.1157761771E+00    0.1000000000E+01    0.1939960822E+00   -0.1317520063E+00   -0.9368224597E+00   -0.2595584866E+00    0.6477252223E+00    0.8292837309E+00    0.7661483602E+02
    0.9360000000E+00   -0.3813824031E+00    0.1548512507E+00    0.9128836881E+00   -0.1945684912E+00    0.1225689475E+00    0.1000000000E+01    0.1936886399E+00   -0.1336919111E+00   -0.9430569395E+00   -0.2350633801E+00    0.6355049192E+00    0.8434109167E+00    0.7665122191E+02
    0.9365000000E+00   -0.3772757104E+00    0.1680828861E+00    0.9122604658E+00   -0.1911659115E+00    0.1292765381E+00    0.1000000000E+01    0.1933615279E+00   -0.1356336761E+00   -0.9486524849E+00   -0.2104121867E+00    0.6229846428E+00    0.8573562492E+00    0.7668757333E+02
    0.9370000000E+00   -0.3727047409E+00    0.1812132521E+00    0.9116363517E+00   -0.1875308785E+00    0.1358907672E+00    0.1000000000E+01    0.1930146485E+00   -0.1375770613E+00   -0.9536050255E+00   -0.1856215320E+00    0.6101669743E+00    0.8711132200E+00    0.7672389023E+02
    0.9375000000E+00   -0.3676715531E+00    0.1942258711E+00    0.9110114154E+00   -0.1836658672E+00    0.1424035031E+00    0.1000000000E+01    0.1926479066E+00   -0.1395218243E+00   -0.9579109220E+00   -0.1607081521E+00    0.5970546399E+00    0.8846753496E+00    0.7676017257E+02
    0.9380000000E+00   -0.3621787967E+00    0.2071042817E+00    0.9103857275E+00   -0.1795736400E+00    0.1488066743E+00    0.1000000000E+01    0.1922612102E+00   -0.1414677201E+00   -0.9615669702E+00   -0.1356888832E+00    0.5836505106E+00    0.8980361908E+00    0.7679642031E+02
    0.9385000000E+00   -0.3562297139E+00    0.2198320596E+00    0.9097593600E+00   -0.1752572460E+00    0.1550922803E+00    0.1000000000E+01    0.1918544700E+00   -0.1434145013E+00   -0.9645704034E+00   -0.1105806495E+00    0.5699576028E+00    0.9111893322E+00    0.7683263340E+02
    0.9390000000E+00   -0.3498281410E+00    0.2323928393E+00    0.9091323859E+00   -0.1707200190E+00    0.1612524010E+00    0.1000000000E+01    0.1914275997E+00   -0.1453619180E+00   -0.9669188951E+00   -0.8540045251E-01    0.5559790775E+00    0.9241284012E+00    0.7686881182E+02
    0.9395000000E+00   -0.3429785079E+00    0.2447703361E+00    0.9085048794E+00   -0.1659655759E+00    0.1672792078E+00    0.1000000000E+01    0.1909805162E+00   -0.1473097179E+00   -0.9686105611E+00   -0.6016535912E-01    0.5417182401E+00    0.9368470676E+00    0.7690495555E+02
    0.9400000000E+00   -0.3356858380E+00    0.2569483674E+00    0.9078769159E+00   -0.1609978142E+00    0.1731649733E+00    0.1000000000E+01    0.1905131391E+00   -0.1492576464E+00   -0.9696439620E+00   -0.3489249049E-01    0.5271785407E+00    0.9493390471E+00    0.7694106455E+02
    0.9405000000E+00   -0.3279557462E+00    0.2689108749E+00    0.9072485717E+00   -0.1558209094E+00    0.1789020819E+00    0.1000000000E+01    0.1900253915E+00   -0.1512054465E+00   -0.9700181043E+00   -0.9599010276E-02    0.5123635729E+00    0.9615981041E+00    0.7697713880E+02
    0.9410000000E+00   -0.3197944370E+00    0.2806419463E+00    0.9066199245E+00   -0.1504393122E+00    0.1844830394E+00    0.1000000000E+01    0.1895171993E+00   -0.1531528589E+00   -0.9697324422E+00    0.1569788692E-01    0.4972770742E+00    0.9736180559E+00    0.7701317830E+02
    0.9415000000E+00   -0.3112087016E+00    0.2921258374E+00    0.9059910531E+00   -0.1448577447E+00    0.1899004836E+00    0.1000000000E+01    0.1889884919E+00   -0.1550996222E+00   -0.9687868784E+00    0.4098098725E-01    0.4819229245E+00    0.9853927754E+00    0.7704918302E+02
    0.9420000000E+00   -0.3022059132E+00    0.3033469937E+00    0.9053620372E+00   -0.1390811970E+00    0.1951471939E+00    0.1000000000E+01    0.1884392020E+00   -0.1570454726E+00   -0.9671817654E+00    0.6623306933E-01    0.4663051463E+00    0.9969161950E+00    0.7708515297E+02
    0.9425000000E+00   -0.2927940233E+00    0.3142900725E+00    0.9047329577E+00   -0.1331149227E+00    0.2002161013E+00    0.1000000000E+01    0.1878692655E+00   -0.1589901442E+00   -0.9649179051E+00    0.9143691594E-01    0.4504279036E+00    0.1008182309E+01    0.7712108814E+02
    0.9430000000E+00   -0.2829815552E+00    0.3249399646E+00    0.9041038967E+00   -0.1269644347E+00    0.2051002983E+00    0.1000000000E+01    0.1872786217E+00   -0.1609333691E+00   -0.9619965499E+00    0.1165753258E+00    0.4342955011E+00    0.1019185180E+01    0.7715698854E+02
    0.9435000000E+00   -0.2727775984E+00    0.3352818158E+00    0.9034749373E+00   -0.1206355000E+00    0.2097930481E+00    0.1000000000E+01    0.1866672134E+00   -0.1628748772E+00   -0.9584194020E+00    0.1416311256E+00    0.4179123833E+00    0.1029918937E+01    0.7719285416E+02
    0.9440000000E+00   -0.2621918007E+00    0.3453010485E+00    0.9028461636E+00   -0.1141341347E+00    0.2142877947E+00    0.1000000000E+01    0.1860349869E+00   -0.1648143965E+00   -0.9541886131E+00    0.1665871812E+00    0.4012831339E+00    0.1040377784E+01    0.7722868503E+02
    0.9445000000E+00   -0.2512343606E+00    0.3549833832E+00    0.9022176609E+00   -0.1074665985E+00    0.2185781716E+00    0.1000000000E+01    0.1853818922E+00   -0.1667516528E+00   -0.9493067839E+00    0.1914264102E+00    0.3844124741E+00    0.1050556002E+01    0.7726448116E+02
    0.9450000000E+00   -0.2399160182E+00    0.3643148590E+00    0.9015895153E+00   -0.1006393881E+00    0.2226580114E+00    0.1000000000E+01    0.1847078825E+00   -0.1686863701E+00   -0.9437769624E+00    0.2161317931E+00    0.3673052620E+00    0.1060447948E+01    0.7730024256E+02
    0.9455000000E+00   -0.2282480458E+00    0.3732818553E+00    0.9009618143E+00   -0.9365923168E-01    0.2265213545E+00    0.1000000000E+01    0.1840129151E+00   -0.1706182708E+00   -0.9376026433E+00    0.2406863853E+00    0.3499664914E+00    0.1070048066E+01    0.7733596927E+02
    0.9460000000E+00   -0.2162422369E+00    0.3818711115E+00    0.9003346461E+00   -0.8653308189E-01    0.2301624581E+00    0.1000000000E+01    0.1832969507E+00   -0.1725470749E+00   -0.9307877658E+00    0.2650733291E+00    0.3324012899E+00    0.1079350885E+01    0.7737166131E+02
    0.9465000000E+00   -0.2039108953E+00    0.3900697480E+00    0.8997081001E+00   -0.7926810876E-01    0.2335758047E+00    0.1000000000E+01    0.1825599540E+00   -0.1744725013E+00   -0.9233367118E+00    0.2892758651E+00    0.3146149182E+00    0.1088351023E+01    0.7740731873E+02
    0.9470000000E+00   -0.1912668230E+00    0.3978652858E+00    0.8990822665E+00   -0.7187169253E-01    0.2367561101E+00    0.1000000000E+01    0.1818018934E+00   -0.1763942666E+00   -0.9152543036E+00    0.3132773437E+00    0.2966127681E+00    0.1097043192E+01    0.7744294155E+02
    0.9475000000E+00   -0.1783233067E+00    0.4052456661E+00    0.8984572366E+00   -0.6435141598E-01    0.2396983320E+00    0.1000000000E+01    0.1810227410E+00   -0.1783120862E+00   -0.9065458011E+00    0.3370612374E+00    0.2784003615E+00    0.1105422201E+01    0.7747852984E+02
    0.9480000000E+00   -0.1650941051E+00    0.4121992694E+00    0.8978331026E+00   -0.5671505641E-01    0.2423976778E+00    0.1000000000E+01    0.1802224731E+00   -0.1802256737E+00   -0.8972168990E+00    0.3606111519E+00    0.2599833480E+00    0.1113482957E+01    0.7751408362E+02
    0.9485000000E+00   -0.1515934335E+00    0.4187149343E+00    0.8972099577E+00   -0.4897057744E-01    0.2448496118E+00    0.1000000000E+01    0.1794010697E+00   -0.1821347411E+00   -0.8872737239E+00    0.3839108375E+00    0.2413675037E+00    0.1121220472E+01    0.7754960297E+02
    0.9490000000E+00   -0.1378359490E+00    0.4247819759E+00    0.8965878959E+00   -0.4112612036E-01    0.2470498628E+00    0.1000000000E+01    0.1785585150E+00   -0.1840389991E+00   -0.8767228301E+00    0.4069442010E+00    0.2225587295E+00    0.1128629861E+01    0.7758508795E+02
    0.9495000000E+00   -0.1238367348E+00    0.4303902031E+00    0.8959670122E+00   -0.3318999532E-01    0.2489944310E+00    0.1000000000E+01    0.1776947971E+00   -0.1859381569E+00   -0.8655711962E+00    0.4296953167E+00    0.2035630484E+00    0.1135706353E+01    0.7762053861E+02
    0.9500000000E+00   -0.1096112828E+00    0.4355299363E+00    0.8953474025E+00   -0.2517067218E-01    0.2506795951E+00    0.1000000000E+01    0.1768099082E+00   -0.1878319225E+00   -0.8538262210E+00    0.4521484377E+00    0.1843866045E+00    0.1142445286E+01    0.7765595503E+02
    0.9505000000E+00   -0.9517547707E-01    0.4401920241E+00    0.8947291634E+00   -0.1707677104E-01    0.2521019182E+00    0.1000000000E+01    0.1759038448E+00   -0.1897200023E+00   -0.8414957185E+00    0.4742880073E+00    0.1650356603E+00    0.1148842115E+01    0.7769133729E+02
    0.9510000000E+00   -0.8054557506E-01    0.4443678588E+00    0.8941123925E+00   -0.8917052619E-02    0.2532582541E+00    0.1000000000E+01    0.1749766073E+00   -0.1916021019E+00   -0.8285879140E+00    0.4960986698E+00    0.1455165944E+00    0.1154892414E+01    0.7772668547E+02
    0.9515000000E+00   -0.6573818922E-01    0.4480493925E+00    0.8934971880E+00   -0.7004082923E-03    0.2541457533E+00    0.1000000000E+01    0.1740282005E+00   -0.1934779255E+00   -0.8151114384E+00    0.5175652817E+00    0.1258358999E+00    0.1160591878E+01    0.7776199965E+02
    0.9520000000E+00   -0.5077026750E-01    0.4512291516E+00    0.8928836491E+00    0.7564150069E-02    0.2547618679E+00    0.1000000000E+01    0.1730586335E+00   -0.1953471763E+00   -0.8010753228E+00    0.5386729224E+00    0.1060001814E+00    0.1165936329E+01    0.7779727992E+02
    0.9525000000E+00   -0.3565907333E-01    0.4539002509E+00    0.8922718757E+00    0.1586750050E-01    0.2551043574E+00    0.1000000000E+01    0.1720679196E+00   -0.1972095564E+00   -0.7864889935E+00    0.5594069047E+00    0.8601615293E-01    0.1170921716E+01    0.7783252640E+02
    0.9530000000E+00   -0.2042216494E-01    0.4560564073E+00    0.8916619684E+00    0.2420042154E-01    0.2551712926E+00    0.1000000000E+01    0.1710560764E+00   -0.1990647672E+00   -0.7713622655E+00    0.5797527858E+00    0.6589063545E-01    0.1175544117E+01    0.7786773917E+02
    0.9535000000E+00   -0.5077374201E-02    0.4576919522E+00    0.8910540284E+00    0.3255360305E-01    0.2549610607E+00    0.1000000000E+01    0.1700231259E+00   -0.2009125090E+00   -0.7557053363E+00    0.5996963775E+00    0.4563055406E-01    0.1179799747E+01    0.7790291835E+02
    0.9540000000E+00    0.1035721516E-01    0.4588018438E+00    0.8904481579E+00    0.4091765725E-01    0.2544723686E+00    0.1000000000E+01    0.1689690946E+00   -0.2027524815E+00   -0.7395287798E+00    0.6192237562E+00    0.2524293548E-01    0.1183684956E+01    0.7793806405E+02
    0.9545000000E+00    0.2586328990E-01    0.4593816780E+00    0.8898444595E+00    0.4928312981E-01    0.2537042468E+00    0.1000000000E+01    0.1678940134E+00   -0.2045843836E+00   -0.7228435390E+00    0.6383212736E+00    0.4734905241E-02    0.1187196234E+01    0.7797317640E+02
    0.9550000000E+00    0.4142233001E-01    0.4594276988E+00    0.8892430364E+00    0.5764051129E-01    0.2526560528E+00    0.1000000000E+01    0.1667979176E+00   -0.2064079137E+00   -0.7056609196E+00    0.6569755661E+00   -0.1588631509E-01    0.1190330212E+01    0.7800825551E+02
    0.9555000000E+00    0.5701563202E-01    0.4589368081E+00    0.8886439926E+00    0.6598024855E-01    0.2513274734E+00    0.1000000000E+01    0.1656808471E+00   -0.2082227694E+00   -0.6879925819E+00    0.6751735648E+00   -0.3661341090E-01    0.1193083668E+01    0.7804330152E+02
    0.9560000000E+00    0.7262433269E-01    0.4579065742E+00    0.8880474325E+00    0.7429275641E-01    0.2497185272E+00    0.1000000000E+01    0.1645428463E+00   -0.2100286481E+00   -0.6698505337E+00    0.6929025049E+00   -0.5743897743E-01    0.1195453525E+01    0.7807831457E+02
    0.9565000000E+00    0.8822943316E-01    0.4563352397E+00    0.8874534611E+00    0.8256842934E-01    0.2478295668E+00    0.1000000000E+01    0.1633839642E+00   -0.2118252466E+00   -0.6512471225E+00    0.7101499353E+00   -0.7835552292E-01    0.1197436859E+01    0.7811329480E+02
    0.9570000000E+00    0.1038118234E+00    0.4542217283E+00    0.8868621839E+00    0.9079765337E-01    0.2456612800E+00    0.1000000000E+01    0.1622042543E+00   -0.2136122616E+00   -0.6321950271E+00    0.7269037277E+00   -0.9935547170E-01    0.1199030896E+01    0.7814824236E+02
    0.9575000000E+00    0.1193523073E+00    0.4515656513E+00    0.8862737070E+00    0.9897081795E-01    0.2432146911E+00    0.1000000000E+01    0.1610037748E+00   -0.2153893893E+00   -0.6127072493E+00    0.7431520855E+00   -0.1204311674E+00    0.1200233019E+01    0.7818315740E+02
    0.9580000000E+00    0.1348316272E+00    0.4483673123E+00    0.8856881368E+00    0.1070783280E+00    0.2404911614E+00    0.1000000000E+01    0.1597825887E+00   -0.2171563260E+00   -0.5927971053E+00    0.7588835526E+00   -0.1415748763E+00    0.1201040768E+01    0.7821804008E+02
    0.9585000000E+00    0.1502304902E+00    0.4446277116E+00    0.8851055800E+00    0.1151106158E+00    0.2374923897E+00    0.1000000000E+01    0.1585407633E+00   -0.2189127679E+00   -0.5724782170E+00    0.7740870220E+00   -0.1627787906E+00    0.1201451840E+01    0.7825289058E+02
    0.9590000000E+00    0.1655295932E+00    0.4403485494E+00    0.8845261439E+00    0.1230581535E+00    0.2342204116E+00    0.1000000000E+01    0.1572783710E+00   -0.2206584111E+00   -0.5517645027E+00    0.7887517438E+00   -0.1840350319E+00    0.1201464099E+01    0.7828770905E+02
    0.9595000000E+00    0.1807096489E+00    0.4355322280E+00    0.8839499362E+00    0.1309114646E+00    0.2306775994E+00    0.1000000000E+01    0.1559954886E+00   -0.2223929519E+00   -0.5306701677E+00    0.8028673337E+00   -0.2053356547E+00    0.1201075569E+01    0.7832249569E+02
    0.9600000000E+00    0.1957514122E+00    0.4301818533E+00    0.8833770646E+00    0.1386611367E+00    0.2268666606E+00    0.1000000000E+01    0.1546921979E+00   -0.2241160869E+00   -0.5092096953E+00    0.8164237808E+00   -0.2266726500E+00    0.1200284440E+01    0.7835725066E+02
    0.9605000000E+00    0.2106357058E+00    0.4243012351E+00    0.8828076374E+00    0.1462978333E+00    0.2227906367E+00    0.1000000000E+01    0.1533685852E+00   -0.2258275128E+00   -0.4873978360E+00    0.8294114546E+00   -0.2480379486E+00    0.1199089074E+01    0.7839197417E+02
    0.9610000000E+00    0.2253434471E+00    0.4178948860E+00    0.8822417628E+00    0.1538123056E+00    0.2184529007E+00    0.1000000000E+01    0.1520247417E+00   -0.2275269267E+00   -0.4652495987E+00    0.8418211131E+00   -0.2694234255E+00    0.1197487999E+01    0.7842666641E+02
    0.9615000000E+00    0.2398556741E+00    0.4109680206E+00    0.8816795496E+00    0.1611954054E+00    0.2138571553E+00    0.1000000000E+01    0.1506607634E+00   -0.2292140263E+00   -0.4427802395E+00    0.8536439094E+00   -0.2908209029E+00    0.1195479917E+01    0.7846132758E+02
    0.9620000000E+00    0.2541535719E+00    0.4035265519E+00    0.8811211064E+00    0.1684380960E+00    0.2090074295E+00    0.1000000000E+01    0.1492767511E+00   -0.2308885099E+00   -0.4200052520E+00    0.8648713985E+00   -0.3122221545E+00    0.1193063702E+01    0.7849595788E+02
    0.9625000000E+00    0.2682184991E+00    0.3955770882E+00    0.8805665421E+00    0.1755314651E+00    0.2039080754E+00    0.1000000000E+01    0.1478728102E+00   -0.2325500761E+00   -0.3969403562E+00    0.8754955441E+00   -0.3336189089E+00    0.1190238406E+01    0.7853055753E+02
    0.9630000000E+00    0.2820320138E+00    0.3871269280E+00    0.8800159656E+00    0.1824667359E+00    0.1985637647E+00    0.1000000000E+01    0.1464490513E+00   -0.2341984247E+00   -0.3736014883E+00    0.8855087246E+00   -0.3550028542E+00    0.1187003254E+01    0.7856512675E+02
    0.9635000000E+00    0.2955759002E+00    0.3781840546E+00    0.8794694861E+00    0.1892352791E+00    0.1929794841E+00    0.1000000000E+01    0.1450055894E+00   -0.2358332559E+00   -0.3500047891E+00    0.8949037390E+00   -0.3763656414E+00    0.1183357652E+01    0.7859966577E+02
    0.9640000000E+00    0.3088321941E+00    0.3687571293E+00    0.8789272124E+00    0.1958286244E+00    0.1871605307E+00    0.1000000000E+01    0.1435425447E+00   -0.2374542712E+00   -0.3261665934E+00    0.9036738130E+00   -0.3976988887E+00    0.1179301185E+01    0.7863417481E+02
    0.9645000000E+00    0.3217832094E+00    0.3588554835E+00    0.8783892536E+00    0.2022384720E+00    0.1811125074E+00    0.1000000000E+01    0.1420600419E+00   -0.2390611728E+00   -0.3021034184E+00    0.9118126040E+00   -0.4189941852E+00    0.1174833619E+01    0.7866865411E+02
    0.9650000000E+00    0.3344115629E+00    0.3484891101E+00    0.8778557185E+00    0.2084567038E+00    0.1748413166E+00    0.1000000000E+01    0.1405582107E+00   -0.2406536644E+00   -0.2778319525E+00    0.9193142061E+00   -0.4402430957E+00    0.1169954901E+01    0.7870310392E+02
    0.9655000000E+00    0.3467002004E+00    0.3376686534E+00    0.8773267159E+00    0.2144753946E+00    0.1683531549E+00    0.1000000000E+01    0.1390371856E+00   -0.2422314504E+00   -0.2533690435E+00    0.9261731551E+00   -0.4614371643E+00    0.1164665162E+01    0.7873752448E+02
    0.9660000000E+00    0.3586324211E+00    0.3264053988E+00    0.8768023545E+00    0.2202868228E+00    0.1616545065E+00    0.1000000000E+01    0.1374971059E+00   -0.2437942370E+00   -0.2287316870E+00    0.9323844332E+00   -0.4825679187E+00    0.1158964719E+01    0.7877191605E+02
    0.9665000000E+00    0.3701919029E+00    0.3147112609E+00    0.8762827427E+00    0.2258834811E+00    0.1547521362E+00    0.1000000000E+01    0.1359381159E+00   -0.2453417314E+00   -0.2039370145E+00    0.9379434725E+00   -0.5036268747E+00    0.1152854070E+01    0.7880627888E+02
    0.9670000000E+00    0.3813627263E+00    0.3025987706E+00    0.8757679887E+00    0.2312580871E+00    0.1476530827E+00    0.1000000000E+01    0.1343603644E+00   -0.2468736426E+00   -0.1790022814E+00    0.9428461594E+00   -0.5246055401E+00    0.1146333903E+01    0.7884061326E+02
    0.9675000000E+00    0.3921293984E+00    0.2900810616E+00    0.8752582002E+00    0.2364035935E+00    0.1403646506E+00    0.1000000000E+01    0.1327640052E+00   -0.2483896810E+00   -0.1539448550E+00    0.9470888379E+00   -0.5454954195E+00    0.1139405089E+01    0.7887491944E+02
    0.9680000000E+00    0.4024768762E+00    0.2771718555E+00    0.8747534851E+00    0.2413131979E+00    0.1328944026E+00    0.1000000000E+01    0.1311491969E+00   -0.2498895588E+00   -0.1287822023E+00    0.9506683128E+00   -0.5662880180E+00    0.1132068688E+01    0.7890919771E+02
    0.9685000000E+00    0.4123905899E+00    0.2638854466E+00    0.8742539503E+00    0.2459803527E+00    0.1252501510E+00    0.1000000000E+01    0.1295161028E+00   -0.2513729899E+00   -0.1035318774E+00    0.9535818525E+00   -0.5869748462E+00    0.1124325947E+01    0.7894344835E+02
    0.9690000000E+00    0.4218564650E+00    0.2502366851E+00    0.8737597026E+00    0.2503987742E+00    0.1174399494E+00    0.1000000000E+01    0.1278648910E+00   -0.2528396901E+00   -0.7821150954E-01    0.9558271918E+00   -0.6075474242E+00    0.1116178301E+01    0.7897767165E+02
    0.9695000000E+00    0.4308609439E+00    0.2362409598E+00    0.8732708485E+00    0.2545624519E+00    0.1094720830E+00    0.1000000000E+01    0.1261957343E+00   -0.2542893772E+00   -0.5283879049E-01    0.9574025337E+00   -0.6279972863E+00    0.1107627373E+01    0.7901186790E+02
    0.9700000000E+00    0.4393910074E+00    0.2219141799E+00    0.8727874937E+00    0.2584656572E+00    0.1013550595E+00    0.1000000000E+01    0.1245088105E+00   -0.2557217711E+00   -0.2743146188E-01    0.9583065516E+00   -0.6483159850E+00    0.1098674975E+01    0.7904603742E+02
    0.9705000000E+00    0.4474341954E+00    0.2072727558E+00    0.8723097434E+00    0.2621029518E+00    0.9309759946E-01    0.1000000000E+01    0.1228043017E+00   -0.2571365938E+00   -0.2007302748E-02    0.9585383907E+00   -0.6684950960E+00    0.1089323106E+01    0.7908018050E+02
    0.9710000000E+00    0.4549786261E+00    0.1923335789E+00    0.8718377023E+00    0.2654691960E+00    0.8470862584E-01    0.1000000000E+01    0.1210823950E+00   -0.2585335696E+00    0.2341588313E-01    0.9580976691E+00   -0.6885262223E+00    0.1079573954E+01    0.7911429745E+02
    0.9715000000E+00    0.4620130157E+00    0.1771140013E+00    0.8713714745E+00    0.2685595561E+00    0.7619725377E-01    0.1000000000E+01    0.1193432820E+00   -0.2599124252E+00    0.4882027994E-01    0.9569844788E+00   -0.7084009988E+00    0.1069429895E+01    0.7914838860E+02
    0.9720000000E+00    0.4685266965E+00    0.1616318138E+00    0.8709111632E+00    0.2713695120E+00    0.6757277981E-01    0.1000000000E+01    0.1175871589E+00   -0.2612728897E+00    0.7418807254E-01    0.9551993860E+00   -0.7281110968E+00    0.1058893491E+01    0.7918245427E+02
    0.9725000000E+00    0.4745096343E+00    0.1459052238E+00    0.8704568710E+00    0.2738948641E+00    0.5884467089E-01    0.1000000000E+01    0.1158142268E+00   -0.2626146948E+00    0.9950145922E-01    0.9527434317E+00   -0.7476482284E+00    0.1047967494E+01    0.7921649480E+02
    0.9730000000E+00    0.4799524458E+00    0.1299528324E+00    0.8700086999E+00    0.2761317397E+00    0.5002255303E-01    0.1000000000E+01    0.1140246910E+00   -0.2639375748E+00    0.1247426644E+00    0.9496181307E+00   -0.7670041513E+00    0.1036654841E+01    0.7925051050E+02
    0.9735000000E+00    0.4848464135E+00    0.1137936102E+00    0.8695667508E+00    0.2780765997E+00    0.4111619982E-01    0.1000000000E+01    0.1122187616E+00   -0.2652412668E+00    0.1498939514E+00    0.9458254719E+00   -0.7861706726E+00    0.1024958655E+01    0.7928450174E+02
    0.9740000000E+00    0.4891835016E+00    0.9744687332E-01    0.8691311238E+00    0.2797262436E+00    0.3213552055E-01    0.1000000000E+01    0.1103966530E+00   -0.2665255107E+00    0.1749376354E+00    0.9413679169E+00   -0.8051396541E+00    0.1012882245E+01    0.7931846884E+02
    0.9745000000E+00    0.4929563695E+00    0.8093225830E-01    0.8687019182E+00    0.2810778155E+00    0.2309054823E-01    0.1000000000E+01    0.1085585844E+00   -0.2677900495E+00    0.1998560957E+00    0.9362483988E+00   -0.8239030164E+00    0.1000429103E+01    0.7935241217E+02
    0.9750000000E+00    0.4961583853E+00    0.6426969635E-01    0.8682792322E+00    0.2821288087E+00    0.1399142732E-01    0.1000000000E+01    0.1067047789E+00   -0.2690346289E+00    0.2246317890E+00    0.9304703209E+00   -0.8424527432E+00    0.9876029059E+00    0.7938633208E+02
    0.9755000000E+00    0.4987836376E+00    0.4747938728E-01    0.8678631631E+00    0.2828770701E+00    0.4848401305E-02    0.1000000000E+01    0.1048354646E+00   -0.2702589980E+00    0.2492472615E+00    0.9240375544E+00   -0.8607808861E+00    0.9744075120E+00    0.7942022894E+02
    0.9760000000E+00    0.5008269473E+00    0.3058177276E-01    0.8674538071E+00    0.2833208042E+00   -0.4328199961E-02    0.1000000000E+01    0.1029508735E+00   -0.2714629091E+00    0.2736851622E+00    0.9169544365E+00   -0.8788795688E+00    0.9608469608E+00    0.7945410310E+02
    0.9765000000E+00    0.5022838770E+00    0.1359750919E-01    0.8670512593E+00    0.2834585769E+00   -0.1352797303E-01    0.1000000000E+01    0.1010512420E+00   -0.2726461176E+00    0.2979282547E+00    0.9092257674E+00   -0.8967409915E+00    0.9469254711E+00    0.7948795495E+02
    0.9770000000E+00    0.5031507408E+00   -0.3452559943E-02    0.8666556138E+00    0.2832893181E+00   -0.2274045380E-01    0.1000000000E+01    0.9913681088E-01   -0.2738083826E+00    0.3219594304E+00    0.9008568075E+00   -0.9143574356E+00    0.9326474402E+00    0.7952178486E+02
    0.9775000000E+00    0.5034246120E+00   -0.2054743210E-01    0.8662669633E+00    0.2828123247E+00   -0.3195513059E-01    0.1000000000E+01    0.9720782496E-01   -0.2749494665E+00    0.3457617206E+00    0.8918532739E+00   -0.9317212675E+00    0.9180174417E+00    0.7955559321E+02
    0.9780000000E+00    0.5031033304E+00   -0.3766597402E-01    0.8658853995E+00    0.2820272624E+00   -0.4116145733E-01    0.1000000000E+01    0.9526453329E-01   -0.2760691354E+00    0.3693183087E+00    0.8822213374E+00   -0.9488249437E+00    0.9030402244E+00    0.7958938040E+02
    0.9785000000E+00    0.5021855079E+00   -0.5478695045E-01    0.8655110125E+00    0.2809341676E+00   -0.5034886682E-01    0.1000000000E+01    0.9330718897E-01   -0.2771671588E+00    0.3926125429E+00    0.8719676174E+00   -0.9656610142E+00    0.8877207099E+00    0.7962314681E+02
    0.9790000000E+00    0.5006705335E+00   -0.7188905313E-01    0.8651438915E+00    0.2795334483E+00   -0.5950678408E-01    0.1000000000E+01    0.9133604918E-01   -0.2782433104E+00    0.4156279480E+00    0.8610991785E+00   -0.9822221277E+00    0.8720639908E+00    0.7965689284E+02
    0.9795000000E+00    0.4985585771E+00   -0.8895092993E-01    0.8647841240E+00    0.2778258847E+00   -0.6862463980E-01    0.1000000000E+01    0.8935137502E-01   -0.2792973673E+00    0.4383482376E+00    0.8496235255E+00   -0.9985010349E+00    0.8560753290E+00    0.7969061889E+02
    0.9800000000E+00    0.4958505918E+00   -0.1059512143E+00    0.8644317964E+00    0.2758126298E+00   -0.7769188373E-01    0.1000000000E+01    0.8735343156E-01   -0.2803291109E+00    0.4607573259E+00    0.8375485981E+00   -0.1014490593E+01    0.8397601533E+00    0.7972432538E+02
    0.9805000000E+00    0.4925483158E+00   -0.1228685548E+00    0.8640869933E+00    0.2734952083E+00   -0.8669799818E-01    0.1000000000E+01    0.8534248767E-01   -0.2813383263E+00    0.4828393397E+00    0.8248827662E+00   -0.1030183772E+01    0.8231240570E+00    0.7975801272E+02
    0.9810000000E+00    0.4886542721E+00   -0.1396816446E+00    0.8637497982E+00    0.2708755162E+00   -0.9563251148E-01    0.1000000000E+01    0.8331881605E-01   -0.2823248031E+00    0.5045786299E+00    0.8116348235E+00   -0.1045573652E+01    0.8061727960E+00    0.7979168131E+02
    0.9815000000E+00    0.4841717680E+00   -0.1563692513E+00    0.8634202927E+00    0.2679558197E+00   -0.1044850114E+00    0.1000000000E+01    0.8128269311E-01   -0.2832883346E+00    0.5259597828E+00    0.7978139822E+00   -0.1060653438E+01    0.7889122856E+00    0.7982533158E+02
    0.9820000000E+00    0.4791048931E+00   -0.1729102467E+00    0.8630985572E+00    0.2647387525E+00   -0.1132451587E+00    0.1000000000E+01    0.7923439889E-01   -0.2842287188E+00    0.5469676318E+00    0.7834298662E+00   -0.1075416453E+01    0.7713485986E+00    0.7985896396E+02
    0.9825000000E+00    0.4734585161E+00   -0.1892836361E+00    0.8627846702E+00    0.2612273144E+00   -0.1219027001E+00    0.1000000000E+01    0.7717421704E-01   -0.2851457577E+00    0.5675872686E+00    0.7684925046E+00   -0.1089856149E+01    0.7534879623E+00    0.7989257887E+02
    0.9830000000E+00    0.4672382802E+00   -0.2054685881E+00    0.8624787088E+00    0.2574248677E+00   -0.1304474822E+00    0.1000000000E+01    0.7510243471E-01   -0.2860392580E+00    0.5878040538E+00    0.7530123250E+00   -0.1103966108E+01    0.7353367555E+00    0.7992617676E+02
    0.9835000000E+00    0.4604505980E+00   -0.2214444640E+00    0.8621807481E+00    0.2533351341E+00   -0.1388694640E+00    0.1000000000E+01    0.7301934249E-01   -0.2869090308E+00    0.6076036278E+00    0.7370001460E+00   -0.1117740047E+01    0.7169015060E+00    0.7995975805E+02
    0.9840000000E+00    0.4531026448E+00   -0.2371908470E+00    0.8618908618E+00    0.2489621911E+00   -0.1471587303E+00    0.1000000000E+01    0.7092523433E-01   -0.2877548916E+00    0.6269719219E+00    0.7204671698E+00   -0.1131171820E+01    0.6981888874E+00    0.7999332318E+02
    0.9845000000E+00    0.4452023504E+00   -0.2526875710E+00    0.8616091216E+00    0.2443104672E+00   -0.1553055047E+00    0.1000000000E+01    0.6882040747E-01   -0.2885766609E+00    0.6458951680E+00    0.7034249742E+00   -0.1144255424E+01    0.6792057158E+00    0.8002687261E+02
    0.9850000000E+00    0.4367583909E+00   -0.2679147499E+00    0.8613355976E+00    0.2393847375E+00   -0.1633001621E+00    0.1000000000E+01    0.6670516233E-01   -0.2893741637E+00    0.6643599092E+00    0.6858855049E+00   -0.1156985000E+01    0.6599589472E+00    0.8006040679E+02
    0.9855000000E+00    0.4277801779E+00   -0.2828528051E+00    0.8610703579E+00    0.2341901181E+00   -0.1711332416E+00    0.1000000000E+01    0.6457980248E-01   -0.2901472297E+00    0.6823530099E+00    0.6678610665E+00   -0.1169354839E+01    0.6404556733E+00    0.8009392616E+02
    0.9860000000E+00    0.4182778478E+00   -0.2974824946E+00    0.8608134689E+00    0.2287320606E+00   -0.1787954588E+00    0.1000000000E+01    0.6244463452E-01   -0.2908956937E+00    0.6998616652E+00    0.6493643143E+00   -0.1181359382E+01    0.6207031189E+00    0.8012743119E+02
    0.9865000000E+00    0.4082622497E+00   -0.3117849396E+00    0.8605649948E+00    0.2230163455E+00   -0.1862777179E+00    0.1000000000E+01    0.6029996800E-01   -0.2916193953E+00    0.7168734104E+00    0.6304082452E+00   -0.1192993230E+01    0.6007086380E+00    0.8016092232E+02
    0.9870000000E+00    0.3977449313E+00   -0.3257416524E+00    0.8603249982E+00    0.2170490758E+00   -0.1935711238E+00    0.1000000000E+01    0.5814611535E-01   -0.2923181791E+00    0.7333761308E+00    0.6110061884E+00   -0.1204251138E+01    0.5804797103E+00    0.8019440004E+02
    0.9875000000E+00    0.3867381253E+00   -0.3393345628E+00    0.8600935396E+00    0.2108366699E+00   -0.2006669939E+00    0.1000000000E+01    0.5598339177E-01   -0.2929918949E+00    0.7493580699E+00    0.5911717961E+00   -0.1215128025E+01    0.5600239378E+00    0.8022786480E+02
    0.9880000000E+00    0.3752547335E+00   -0.3525460442E+00    0.8598706774E+00    0.2043858538E+00   -0.2075568696E+00    0.1000000000E+01    0.5381211517E-01   -0.2936403973E+00    0.7648078389E+00    0.5709190336E+00   -0.1225618975E+01    0.5393490404E+00    0.8026131708E+02
    0.9885000000E+00    0.3633083104E+00   -0.3653589391E+00    0.8596564681E+00    0.1977036532E+00   -0.2142325272E+00    0.1000000000E+01    0.5163260604E-01   -0.2942635464E+00    0.7797144247E+00    0.5502621695E+00   -0.1235719239E+01    0.5184628527E+00    0.8029475734E+02
    0.9890000000E+00    0.3509130456E+00   -0.3777565841E+00    0.8594509660E+00    0.1907973848E+00   -0.2206859892E+00    0.1000000000E+01    0.4944518741E-01   -0.2948612073E+00    0.7940671984E+00    0.5292157654E+00   -0.1245424242E+01    0.4973733200E+00    0.8032818607E+02
    0.9895000000E+00    0.3380837454E+00   -0.3897228342E+00    0.8592542235E+00    0.1836746482E+00   -0.2269095347E+00    0.1000000000E+01    0.4725018470E-01   -0.2954332507E+00    0.8078559230E+00    0.5077946654E+00   -0.1254729578E+01    0.4760884939E+00    0.8036160375E+02
    0.9900000000E+00    0.3248358134E+00   -0.4012420860E+00    0.8590662907E+00    0.1763433158E+00   -0.2328957097E+00    0.1000000000E+01    0.4504792567E-01   -0.2959795523E+00    0.8210707611E+00    0.4860139857E+00   -0.1263631021E+01    0.4546165286E+00    0.8039501085E+02
    0.9905000000E+00    0.3111852300E+00   -0.4122993009E+00    0.8588872156E+00    0.1688115235E+00   -0.2386373371E+00    0.1000000000E+01    0.4283874030E-01   -0.2964999934E+00    0.8337022826E+00    0.4638891035E+00   -0.1272124522E+01    0.4329656768E+00    0.8042840786E+02
    0.9910000000E+00    0.2971485314E+00   -0.4228800266E+00    0.8587170441E+00    0.1610876611E+00   -0.2441275262E+00    0.1000000000E+01    0.4062296070E-01   -0.2969944607E+00    0.8457414711E+00    0.4414356460E+00   -0.1280206213E+01    0.4111442850E+00    0.8046179527E+02
    0.9915000000E+00    0.2827427869E+00   -0.4329704189E+00    0.8585558199E+00    0.1531803611E+00   -0.2493596817E+00    0.1000000000E+01    0.3840092100E-01   -0.2974628464E+00    0.8571797311E+00    0.4186694793E+00   -0.1287872411E+01    0.3891607899E+00    0.8049517357E+02
    0.9920000000E+00    0.2679855767E+00   -0.4425572611E+00    0.8584035843E+00    0.1450984889E+00   -0.2543275131E+00    0.1000000000E+01    0.3617295729E-01   -0.2979050483E+00    0.8680088946E+00    0.3956066966E+00   -0.1295119619E+01    0.3670237135E+00    0.8052854325E+02
    0.9925000000E+00    0.2528949676E+00   -0.4516279845E+00    0.8582603766E+00    0.1368511312E+00   -0.2590250426E+00    0.1000000000E+01    0.3393940746E-01   -0.2983209697E+00    0.8782212265E+00    0.3722636070E+00   -0.1301944527E+01    0.3447416590E+00    0.8056190481E+02
    0.9930000000E+00    0.2374894884E+00   -0.4601706858E+00    0.8581262337E+00    0.1284475848E+00   -0.2634466133E+00    0.1000000000E+01    0.3170061116E-01   -0.2987105195E+00    0.8878094312E+00    0.3486567234E+00   -0.1308344016E+01    0.3223233063E+00    0.8059525873E+02
    0.9935000000E+00    0.2217881052E+00   -0.4681741453E+00    0.8580011902E+00    0.1198973451E+00   -0.2675868967E+00    0.1000000000E+01    0.2945690964E-01   -0.2990736123E+00    0.8967666575E+00    0.3248027507E+00   -0.1314315158E+01    0.2997774074E+00    0.8062860553E+02
    0.9940000000E+00    0.2058101951E+00   -0.4756278432E+00    0.8578852784E+00    0.1112100938E+00   -0.2714409000E+00    0.1000000000E+01    0.2720864569E-01   -0.2994101686E+00    0.9050865042E+00    0.3007185737E+00   -0.1319855220E+01    0.2771127819E+00    0.8066194569E+02
    0.9945000000E+00    0.1895755193E+00   -0.4825219753E+00    0.8577785284E+00    0.1023956871E+00   -0.2750039727E+00    0.1000000000E+01    0.2495616350E-01   -0.2997201142E+00    0.9127630244E+00    0.2764212445E+00   -0.1324961664E+01    0.2543383121E+00    0.8069527973E+02
    0.9950000000E+00    0.1731041968E+00   -0.4888474672E+00    0.8576809678E+00    0.9346414334E-01   -0.2782718130E+00    0.1000000000E+01    0.2269980861E-01   -0.3000033811E+00    0.9197907303E+00    0.2519279709E+00   -0.1329632149E+01    0.2314629390E+00    0.8072860813E+02
    0.9955000000E+00    0.1564166756E+00   -0.4945959877E+00    0.8575926220E+00    0.8442562983E-01   -0.2812404733E+00    0.1000000000E+01    0.2043992773E-01   -0.3002599068E+00    0.9261645974E+00    0.2272561030E+00   -0.1333864533E+01    0.2084956569E+00    0.8076193142E+02
    0.9960000000E+00    0.1395337054E+00   -0.4997599615E+00    0.8575135138E+00    0.7529045037E-01   -0.2839063657E+00    0.1000000000E+01    0.1817686869E-01   -0.3004896347E+00    0.9318800679E+00    0.2024231213E+00   -0.1337656874E+01    0.1854455090E+00    0.8079525009E+02
    0.9965000000E+00    0.1224763081E+00   -0.5043325800E+00    0.8574436639E+00    0.6606903208E-01   -0.2862662671E+00    0.1000000000E+01    0.1591098031E-01   -0.3006925142E+00    0.9369330544E+00    0.1774466235E+00   -0.1341007430E+01    0.1623215826E+00    0.8082856465E+02
    0.9970000000E+00    0.1052657489E+00   -0.5083078116E+00    0.8573830904E+00    0.5677191213E-01   -0.2883173230E+00    0.1000000000E+01    0.1364261231E-01   -0.3008685004E+00    0.9413199431E+00    0.1523443120E+00   -0.1343914661E+01    0.1391330042E+00    0.8086187561E+02
    0.9975000000E+00    0.8792350714E-01   -0.5116804106E+00    0.8573318092E+00    0.4740972432E-01   -0.2900570518E+00    0.1000000000E+01    0.1137211516E-01   -0.3010175542E+00    0.9450375960E+00    0.1271339810E+00   -0.1346377232E+01    0.1158889347E+00    0.8089518348E+02
    0.9980000000E+00    0.7047124561E-01   -0.5144459250E+00    0.8572898336E+00    0.3799318557E-01   -0.2914833477E+00    0.1000000000E+01    0.9099840017E-02   -0.3011396427E+00    0.9480833540E+00    0.1018335033E+00   -0.1348394010E+01    0.9259856462E-01    0.8092848877E+02
    0.9985000000E+00    0.5293078101E-01   -0.5166007030E+00    0.8572571744E+00    0.2853308223E-01   -0.2925944842E+00    0.1000000000E+01    0.6826138605E-02   -0.3012347386E+00    0.9504550381E+00    0.7646081740E-01   -0.1349964068E+01    0.6927110907E-01    0.8096179199E+02
    0.9990000000E+00    0.3532405322E-01   -0.5181418984E+00    0.8572338404E+00    0.1904025630E-01   -0.2933891157E+00    0.1000000000E+01    0.4551363088E-02   -0.3013028207E+00    0.9521509518E+00    0.5103391459E-01   -0.1351086683E+01    0.4591580294E-01    0.8099509365E+02
    0.9995000000E+00    0.1767309477E-01   -0.5190674753E+00    0.8572198375E+00    0.9525591639E-02   -0.2938662800E+00    0.1000000000E+01    0.2275865973E-02   -0.3013438737E+00    0.9531698816E+00    0.2557082560E-01   -0.1351761338E+01    0.2254189595E-01    0.8102839426E+02
    0.1000000000E+01    0.1747343589E-11   -0.5193762102E+00    0.8572151695E+00    0.1045947183E-11   -0.2940253991E+00    0.1000000000E+01    0.2419499063E-12   -0.3013578883E+00    0.9535110986E+00    0.8960759273E-04   -0.1351987723E+01   -0.8413522648E-03    0.8106169434E+02
