    0.0000000000E+00   -0.5582901121E-05   -0.2246498147E-05    0.1000000000E+01   -0.3603375013E-05    0.8945108541E-06    0.1000000000E+01    0.0000000000E+00    0.0000000000E+00    0.0000000000E+00    0.1000000000E+01    0.0000000000E+00    0.0000000000E+00    0.0000000000E+00
    0.1000000000E-02   -0.5720102818E-05   -0.2106952362E-05    0.1000000000E+01   -0.3621541529E-05    0.1013870884E-05    0.1000000000E+01   -0.6425918468E-07    0.1696549263E-07    0.2371271540E-01    0.9997188140E+00    0.6102468437E-09    0.2522263329E-08    0.3912964804E-01
    0.2000000000E-02   -0.5854829217E-05   -0.1961543840E-05    0.1000000000E+01   -0.3636351498E-05    0.1135267666E-05    0.1000000000E+01   -0.1288264558E-06    0.3605510058E-07    0.4741209543E-01    0.9988754143E+00    0.2390938441E-08    0.1014670128E-07    0.7825929609E-01
    0.3000000000E-02   -0.5986873373E-05   -0.1810273645E-05    0.1000000000E+01   -0.3647701833E-05    0.1258625874E-05    0.1000000000E+01   -0.1936571369E-06    0.5728772606E-07    0.7108481223E-01    0.9974702750E+00    0.5265114526E-08    0.2295960202E-07    0.1173889441E+00
    0.4000000000E-02   -0.6116025789E-05   -0.1653149066E-05    0.1000000000E+01   -0.3655490419E-05    0.1383866147E-05    0.1000000000E+01   -0.2587061174E-06    0.8068139885E-07    0.9471755293E-01    0.9955041864E+00    0.9153276820E-08    0.4104696997E-07    0.1565185922E+00
    0.5000000000E-02   -0.6242074569E-05   -0.1490183774E-05    0.1000000000E+01   -0.3659616249E-05    0.1510905068E-05    0.1000000000E+01   -0.3239278724E-06    0.1062532687E-06    0.1182970271E+00    0.9929782542E+00    0.1397336173E-07    0.6449447639E-07    0.1956482402E+00
    0.6000000000E-02   -0.6364805580E-05   -0.1321397973E-05    0.1000000000E+01   -0.3659979559E-05    0.1639655143E-05    0.1000000000E+01   -0.3892764818E-06    0.1340195984E-06    0.1418099744E+00    0.9898938989E+00    0.1964071352E-07    0.9338740899E-07    0.2347778883E+00
    0.7000000000E-02   -0.6484002620E-05   -0.1146818547E-05    0.1000000000E+01   -0.3656481964E-05    0.1770024789E-05    0.1000000000E+01   -0.4547056511E-06    0.1639957569E-06    0.1652431717E+00    0.9862528551E+00    0.2606805814E-07    0.1278106203E-06    0.2739075363E+00
    0.8000000000E-02   -0.6599447593E-05   -0.9664792077E-06    0.1000000000E+01   -0.3649026601E-05    0.1901918329E-05    0.1000000000E+01   -0.5201687310E-06    0.1961962136E-06    0.1885834409E+00    0.9820571703E+00    0.3316547757E-07    0.1678484748E-06    0.3130371844E+00
    0.9000000000E-02   -0.6710920690E-05   -0.7804206360E-06    0.1000000000E+01   -0.3637518266E-05    0.2035235978E-05    0.1000000000E+01   -0.5856187377E-06    0.2306345327E-06    0.2118176561E+00    0.9773092042E+00    0.4084038484E-07    0.2135847954E-06    0.3521668324E+00
    0.1000000000E-01   -0.6818200575E-05   -0.5886906201E-06    0.1000000000E+01   -0.3621863566E-05    0.2169873848E-05    0.1000000000E+01   -0.6510083729E-06    0.2673233679E-06    0.2349327510E+00    0.9720116267E+00    0.4899749974E-07    0.2651028080E-06    0.3912964804E+00
    0.1100000000E-01   -0.6921064585E-05   -0.3913441904E-06    0.1000000000E+01   -0.3601971055E-05    0.2305723948E-05    0.1000000000E+01   -0.7162900448E-06    0.3062744582E-06    0.2579157262E+00    0.9661674173E+00    0.5753882502E-07    0.3224850857E-06    0.4304261285E+00
    0.1200000000E-01   -0.7019288925E-05   -0.1884437497E-06    0.1000000000E+01   -0.3577751391E-05    0.2442674195E-05    0.1000000000E+01   -0.7814158877E-06    0.3474986237E-06    0.2807536569E+00    0.9597798623E+00    0.6636362355E-07    0.3858134914E-06    0.4695557765E+00
    0.1300000000E-01   -0.7112648877E-05    0.1994080006E-07    0.1000000000E+01   -0.3549117478E-05    0.2580608420E-05    0.1000000000E+01   -0.8463377832E-06    0.3910057619E-06    0.3034336997E+00    0.9528525541E+00    0.7536839604E-07    0.4551691190E-06    0.5086854246E+00
    0.1400000000E-01   -0.7200919015E-05    0.2337319373E-06    0.1000000000E+01   -0.3515984621E-05    0.2719406389E-05    0.1000000000E+01   -0.9110073802E-06    0.4368048450E-06    0.3259430998E+00    0.9453893884E+00    0.8444685963E-07    0.5306322347E-06    0.5478150726E+00
    0.1500000000E-01   -0.7283873423E-05    0.4528444037E-06    0.1000000000E+01   -0.3478270676E-05    0.2858943823E-05    0.1000000000E+01   -0.9753761159E-06    0.4849039172E-06    0.3482691987E+00    0.9373945622E+00    0.9348992722E-07    0.6122822152E-06    0.5869447207E+00
    0.1600000000E-01   -0.7361285921E-05    0.6771850932E-06    0.1000000000E+01   -0.3435896204E-05    0.2999092424E-05    0.1000000000E+01   -0.1039395236E-05    0.5353100928E-06    0.3703994407E+00    0.9288725716E+00    0.1023856876E-06    0.7001974866E-06    0.6260743687E+00
    0.1700000000E-01   -0.7432930302E-05    0.9066529458E-06    0.1000000000E+01   -0.3388784624E-05    0.3139719905E-05    0.1000000000E+01   -0.1103015815E-05    0.5880295548E-06    0.3923213806E+00    0.9198282092E+00    0.1110193867E-06    0.7944554610E-06    0.6652040168E+00
    0.1800000000E-01   -0.7498580563E-05    0.1141138847E-05    0.1000000000E+01   -0.3336862372E-05    0.3280690030E-05    0.1000000000E+01   -0.1166188778E-05    0.6430675537E-06    0.4140226898E+00    0.9102665611E+00    0.1192734091E-06    0.8951324725E-06    0.7043336648E+00
    0.1900000000E-01   -0.7558011154E-05    0.1380525535E-05    0.1000000000E+01   -0.3280059054E-05    0.3421862648E-05    0.1000000000E+01   -0.1228864921E-05    0.7004284072E-06    0.4354911644E+00    0.9001930047E+00    0.1270272613E-06    0.1002303712E-05    0.7434633128E+00
    0.2000000000E-01   -0.7610997229E-05    0.1624687510E-05    0.1000000000E+01   -0.3218307604E-05    0.3563093747E-05    0.1000000000E+01   -0.1290994928E-05    0.7601155005E-06    0.4567147309E+00    0.8896132051E+00    0.1341575555E-06    0.1116043160E-05    0.7825929609E+00
    0.2100000000E-01   -0.7657314899E-05    0.1873490953E-05    0.1000000000E+01   -0.3151544442E-05    0.3704235500E-05    0.1000000000E+01   -0.1352529397E-05    0.8221312865E-06    0.4776814538E+00    0.8785331119E+00    0.1405379941E-06    0.1236423519E-05    0.8217226089E+00
    0.2200000000E-01   -0.7696741495E-05    0.2126793653E-05    0.1000000000E+01   -0.3079709631E-05    0.3845136324E-05    0.1000000000E+01   -0.1413418856E-05    0.8864772871E-06    0.4983795422E+00    0.8669589563E+00    0.1460393558E-06    0.1363516148E-05    0.8608522570E+00
    0.2300000000E-01   -0.7729055837E-05    0.2384444937E-05    0.1000000000E+01   -0.3002747039E-05    0.3985640945E-05    0.1000000000E+01   -0.1473613788E-05    0.9531540948E-06    0.5187973558E+00    0.8548972474E+00    0.1505294824E-06    0.1497390988E-05    0.8999819050E+00
    0.2400000000E-01   -0.7754038505E-05    0.2646285606E-05    0.1000000000E+01   -0.2920604489E-05    0.4125590461E-05    0.1000000000E+01   -0.1533064645E-05    0.1022161375E-05    0.5389234124E+00    0.8423547682E+00    0.1538732669E-06    0.1638116491E-05    0.9391115531E+00
    0.2500000000E-01   -0.7771472114E-05    0.2912147889E-05    0.1000000000E+01   -0.2833233929E-05    0.4264822419E-05    0.1000000000E+01   -0.1591721873E-05    0.1093497868E-05    0.5587463936E+00    0.8293385724E+00    0.1559326424E-06    0.1785759553E-05    0.9782412011E+00
    0.2600000000E-01   -0.7781141604E-05    0.3181855388E-05    0.1000000000E+01   -0.2740591579E-05    0.4403170895E-05    0.1000000000E+01   -0.1649535930E-05    0.1167161393E-05    0.5782551515E+00    0.8158559798E+00    0.1565665724E-06    0.1940385437E-05    0.1017370849E+01
    0.2700000000E-01   -0.7782834522E-05    0.3455223046E-05    0.1000000000E+01   -0.2642638096E-05    0.4540466574E-05    0.1000000000E+01   -0.1706457306E-05    0.1243148852E-05    0.5974387149E+00    0.8019145727E+00    0.1556310426E-06    0.2102057697E-05    0.1056500497E+01
    0.2800000000E-01   -0.7776341316E-05    0.3732057116E-05    0.1000000000E+01   -0.2539338728E-05    0.4676536849E-05    0.1000000000E+01   -0.1762436546E-05    0.1321456232E-05    0.6162862956E+00    0.7875221914E+00    0.1529790529E-06    0.2270838107E-05    0.1095630145E+01
    0.2900000000E-01   -0.7761455632E-05    0.4012155138E-05    0.1000000000E+01   -0.2430663471E-05    0.4811205909E-05    0.1000000000E+01   -0.1817424262E-05    0.1402078610E-05    0.6347872941E+00    0.7726869297E+00    0.1484606123E-06    0.2446786582E-05    0.1134759793E+01
    0.3000000000E-01   -0.7737974620E-05    0.4295305927E-05    0.1000000000E+01   -0.2316587225E-05    0.4944294847E-05    0.1000000000E+01   -0.1871371163E-05    0.1485010163E-05    0.6529313061E+00    0.7574171305E+00    0.1419227331E-06    0.2629961099E-05    0.1173889441E+01
    0.3100000000E-01   -0.7705699230E-05    0.4581289570E-05    0.1000000000E+01   -0.2197089947E-05    0.5075621768E-05    0.1000000000E+01   -0.1924228064E-05    0.1570244165E-05    0.6707081278E+00    0.7417213812E+00    0.1332094284E-06    0.2820417621E-05    0.1213019089E+01
    0.3200000000E-01   -0.7664434533E-05    0.4869877429E-05    0.1000000000E+01   -0.2072156804E-05    0.5205001901E-05    0.1000000000E+01   -0.1975945911E-05    0.1657773001E-05    0.6881077621E+00    0.7256085086E+00    0.1221617096E-06    0.3018210015E-05    0.1252148737E+01
    0.3300000000E-01   -0.7613990025E-05    0.5160832159E-05    0.1000000000E+01   -0.1941778328E-05    0.5332247722E-05    0.1000000000E+01   -0.2026475801E-05    0.1747588169E-05    0.7051204239E+00    0.7090875741E+00    0.1086175860E-06    0.3223389974E-05    0.1291278385E+01
    0.3400000000E-01   -0.7554179950E-05    0.5453907727E-05    0.1000000000E+01   -0.1805950558E-05    0.5457169079E-05    0.1000000000E+01   -0.2075768996E-05    0.1839680289E-05    0.7217365458E+00    0.6921678687E+00    0.9241206517E-07    0.3436006931E-05    0.1330408034E+01
    0.3500000000E-01   -0.7484823615E-05    0.5748849452E-05    0.1000000000E+01   -0.1664675197E-05    0.5579573326E-05    0.1000000000E+01   -0.2123776944E-05    0.1934039108E-05    0.7379467833E+00    0.6748589075E+00    0.7337715603E-07    0.3656107980E-05    0.1369537682E+01
    0.3600000000E-01   -0.7405745718E-05    0.6045394045E-05    0.1000000000E+01   -0.1517959749E-05    0.5699265462E-05    0.1000000000E+01   -0.2170451298E-05    0.2030653513E-05    0.7537420202E+00    0.6571704246E+00    0.5134187210E-07    0.3883737790E-05    0.1408667330E+01
    0.3700000000E-01   -0.7316776670E-05    0.6343269662E-05    0.1000000000E+01   -0.1365817671E-05    0.5816048272E-05    0.1000000000E+01   -0.2215743933E-05    0.2129511535E-05    0.7691133738E+00    0.6391123675E+00    0.2613223712E-07    0.4118938519E-05    0.1447796978E+01
    0.3800000000E-01   -0.7217752926E-05    0.6642195975E-05    0.1000000000E+01   -0.1208268504E-05    0.5929722483E-05    0.1000000000E+01   -0.2259606964E-05    0.2230600358E-05    0.7840521995E+00    0.6206948915E+00   -0.2428708006E-08    0.4361749732E-05    0.1486926626E+01
    0.3900000000E-01   -0.7108517313E-05    0.6941884241E-05    0.1000000000E+01   -0.1045338019E-05    0.6040086919E-05    0.1000000000E+01   -0.2301992763E-05    0.2333906331E-05    0.7985500964E+00    0.6019283542E+00   -0.3452089650E-07    0.4612208310E-05    0.1526056274E+01
    0.4000000000E-01   -0.6988919362E-05    0.7242037390E-05    0.1000000000E+01   -0.8770583479E-06    0.6146938663E-05    0.1000000000E+01   -0.2342853977E-05    0.2439414977E-05    0.8125989110E+00    0.5828233092E+00   -0.7032722547E-07    0.4870348364E-05    0.1565185922E+01
    0.4100000000E-01   -0.6858815645E-05    0.7542350123E-05    0.1000000000E+01   -0.7034681171E-06    0.6250073229E-05    0.1000000000E+01   -0.2382143545E-05    0.2547111001E-05    0.8261907429E+00    0.5633905008E+00   -0.1100335438E-06    0.5136201146E-05    0.1604315570E+01
    0.4200000000E-01   -0.6718070106E-05    0.7842509023E-05    0.1000000000E+01   -0.5246125738E-06    0.6349284733E-05    0.1000000000E+01   -0.2419814712E-05    0.2656978304E-05    0.8393179483E+00    0.5436408573E+00   -0.1538286385E-06    0.5409794959E-05    0.1643445218E+01
    0.4300000000E-01   -0.6566554399E-05    0.8142192668E-05    0.1000000000E+01   -0.3405437122E-06    0.6444366081E-05    0.1000000000E+01   -0.2455821052E-05    0.2768999991E-05    0.8519731448E+00    0.5235854855E+00   -0.2019042188E-06    0.5691155068E-05    0.1682574866E+01
    0.4400000000E-01   -0.6404148227E-05    0.8441071770E-05    0.1000000000E+01   -0.1513203938E-06    0.6535109147E-05    0.1000000000E+01   -0.2490116474E-05    0.2883158385E-05    0.8641492155E+00    0.5032356639E+00   -0.2544548994E-06    0.5980303605E-05    0.1721704514E+01
    0.4500000000E-01   -0.6230739672E-05    0.8738809314E-05    0.1000000000E+01    0.4299153622E-07    0.6621304978E-05    0.1000000000E+01   -0.2522655247E-05    0.2999435037E-05    0.8758393129E+00    0.4826028367E+00   -0.3116781803E-06    0.6277259480E-05    0.1760834162E+01
    0.4600000000E-01   -0.6046225539E-05    0.9035060713E-05    0.1000000000E+01    0.2423191363E-06    0.6702743983E-05    0.1000000000E+01   -0.2553392009E-05    0.3117810740E-05    0.8870368629E+00    0.4616986072E+00   -0.3737744265E-06    0.6582038287E-05    0.1799963810E+01
    0.4700000000E-01   -0.5850511687E-05    0.9329473978E-05    0.1000000000E+01    0.4465822613E-06    0.6779216142E-05    0.1000000000E+01   -0.2582281787E-05    0.3238265541E-05    0.8977355682E+00    0.4405347313E+00   -0.4409468440E-06    0.6894652208E-05    0.1839093458E+01
    0.4800000000E-01   -0.5643513368E-05    0.9621689894E-05    0.1000000000E+01    0.6556934590E-06    0.6850511220E-05    0.1000000000E+01   -0.2609280007E-05    0.3360778751E-05    0.9079294123E+00    0.4191231111E+00   -0.5134014555E-06    0.7215109922E-05    0.1878223106E+01
    0.4900000000E-01   -0.5425155559E-05    0.9911342216E-05    0.1000000000E+01    0.8695578728E-06    0.6916418979E-05    0.1000000000E+01   -0.2634342511E-05    0.3485328966E-05    0.9176126623E+00    0.3974757878E+00   -0.5913470727E-06    0.7543416505E-05    0.1917352754E+01
    0.5000000000E-01   -0.5195373296E-05    0.1019805787E-04    0.1000000000E+01    0.1088073149E-05    0.6976729402E-05    0.1000000000E+01   -0.2657425568E-05    0.3611894072E-05    0.9267798728E+00    0.3756049353E+00   -0.6749952673E-06    0.7879573339E-05    0.1956482402E+01
    0.5100000000E-01   -0.4954112003E-05    0.1048145716E-04    0.1000000000E+01    0.1311129350E-05    0.7031232920E-05    0.1000000000E+01   -0.2678485893E-05    0.3740451265E-05    0.9354258882E+00    0.3535228531E+00   -0.7645603394E-06    0.8223578009E-05    0.1995612050E+01
    0.5200000000E-01   -0.4701327822E-05    0.1076115403E-04    0.9999999999E+00    0.1538608872E-05    0.7079720648E-05    0.1000000000E+01   -0.2697480653E-05    0.3870977064E-05    0.9435458464E+00    0.3312419596E+00   -0.8602592845E-06    0.8575424211E-05    0.2034741698E+01
    0.5300000000E-01   -0.4436987939E-05    0.1103675627E-04    0.9999999999E+00    0.1770386371E-05    0.7121984622E-05    0.1000000000E+01   -0.2714367485E-05    0.4003447325E-05    0.9511351808E+00    0.3087747848E+00   -0.9623117573E-06    0.8935101648E-05    0.2073871346E+01
    0.5400000000E-01   -0.4161070903E-05    0.1130786577E-04    0.9999999999E+00    0.2006328693E-05    0.7157818041E-05    0.1000000000E+01   -0.2729104505E-05    0.4137837258E-05    0.9581896236E+00    0.2861339639E+00   -0.1070940034E-05    0.9302595939E-05    0.2113000994E+01
    0.5500000000E-01   -0.3873566948E-05    0.1157407883E-04    0.9999999999E+00    0.2246294812E-05    0.7187015518E-05    0.1000000000E+01   -0.2741650323E-05    0.4274121438E-05    0.9647052073E+00    0.2633322292E+00   -0.1186368973E-05    0.9677888510E-05    0.2152130642E+01
    0.5600000000E-01   -0.3574478308E-05    0.1183498639E-04    0.9999999999E+00    0.2490135774E-05    0.7209373337E-05    0.1000000000E+01   -0.2751964051E-05    0.4412273829E-05    0.9706782680E+00    0.2403824038E+00   -0.1308825971E-05    0.1006095650E-04    0.2191260290E+01
    0.5700000000E-01   -0.3263819523E-05    0.1209017436E-04    0.9999999999E+00    0.2737694645E-05    0.7224689704E-05    0.1000000000E+01   -0.2760005313E-05    0.4552267789E-05    0.9761054464E+00    0.2172973941E+00   -0.1438540918E-05    0.1045177266E-04    0.2230389939E+01
    0.5800000000E-01   -0.2941617750E-05    0.1233922391E-04    0.9999999999E+00    0.2988806476E-05    0.7232765018E-05    0.1000000000E+01   -0.2765734263E-05    0.4694076099E-05    0.9809836905E+00    0.1940901825E+00   -0.1575746152E-05    0.1085030526E-04    0.2269519587E+01
    0.5900000000E-01   -0.2607913058E-05    0.1258171179E-04    0.9999999999E+00    0.3243298262E-05    0.7233402136E-05    0.1000000000E+01   -0.2769111584E-05    0.4837670968E-05    0.9853102569E+00    0.1707738200E+00   -0.1720676409E-05    0.1125651796E-04    0.2308649235E+01
    0.6000000000E-01   -0.2262758723E-05    0.1281721066E-04    0.9999999999E+00    0.3500988917E-05    0.7226406646E-05    0.1000000000E+01   -0.2770098506E-05    0.4983024056E-05    0.9890827125E+00    0.1473614191E+00   -0.1873568768E-05    0.1167036974E-04    0.2347778883E+01
    0.6100000000E-01   -0.1906221518E-05    0.1304528945E-04    0.9999999999E+00    0.3761689257E-05    0.7211587143E-05    0.1000000000E+01   -0.2768656812E-05    0.5130106493E-05    0.9922989357E+00    0.1238661463E+00   -0.2034662602E-05    0.1209181477E-04    0.2386908531E+01
    0.6200000000E-01   -0.1538381994E-05    0.1326551370E-04    0.9999999999E+00    0.4025201988E-05    0.7188755512E-05    0.1000000000E+01   -0.2764748847E-05    0.5278888890E-05    0.9949571178E+00    0.1003012146E+00   -0.2204199514E-05    0.1252080236E-04    0.2426038179E+01
    0.6300000000E-01   -0.1159334747E-05    0.1347744595E-04    0.9999999999E+00    0.4291321701E-05    0.7157727207E-05    0.1000000000E+01   -0.2758337523E-05    0.5429341361E-05    0.9970557640E+00    0.7667987634E-01   -0.2382423283E-05    0.1295727677E-04    0.2465167827E+01
    0.6400000000E-01   -0.7691886941E-06    0.1368064610E-04    0.9999999999E+00    0.4559834882E-05    0.7118321549E-05    0.1000000000E+01   -0.2749386332E-05    0.5581433541E-05    0.9985936940E+00    0.5301541546E-01   -0.2569579798E-05    0.1340117719E-04    0.2504297475E+01
    0.6500000000E-01   -0.3680673232E-06    0.1387467184E-04    0.9999999999E+00    0.4830519924E-05    0.7070362006E-05    0.1000000000E+01   -0.2737859349E-05    0.5735134601E-05    0.9995700429E+00    0.2932114021E-01   -0.2765916997E-05    0.1385243758E-04    0.2543427123E+01
    0.6600000000E-01    0.4389105428E-07    0.1405907901E-04    0.9999999999E+00    0.5103147152E-05    0.7013676498E-05    0.1000000000E+01   -0.2723721240E-05    0.5890413270E-05    0.9999842617E+00    0.5610375568E-02   -0.2971684796E-05    0.1431098662E-04    0.2582556771E+01
    0.6700000000E-01    0.4665330646E-06    0.1423342210E-04    0.9999999999E+00    0.5377478854E-05    0.6948097688E-05    0.1000000000E+01   -0.2706937269E-05    0.6047237852E-05    0.9998361174E+00   -0.1810354419E-01   -0.3187135017E-05    0.1477674754E-04    0.2621686419E+01
    0.6800000000E-01    0.8996900413E-06    0.1439725459E-04    0.9999999999E+00    0.5653269324E-05    0.6873463286E-05    0.1000000000E+01   -0.2687473299E-05    0.6205576240E-05    0.9991256933E+00   -0.4180728303E-01   -0.3412521321E-05    0.1524963809E-04    0.2660816067E+01
    0.6900000000E-01    0.1343177806E-05    0.1455012948E-04    0.9999999999E+00    0.5930264914E-05    0.6789616350E-05    0.1000000000E+01   -0.2665295804E-05    0.6365395944E-05    0.9978533890E+00   -0.6548751062E-01   -0.3648099126E-05    0.1572957036E-04    0.2699945715E+01
    0.7000000000E-01    0.1796796456E-05    0.1469159969E-04    0.9999999999E+00    0.6208204094E-05    0.6696405594E-05    0.1000000000E+01   -0.2640371868E-05    0.6526664100E-05    0.9960199199E+00   -0.8913090987E-01   -0.3894125533E-05    0.1621645074E-04    0.2739075363E+01
    0.7100000000E-01    0.2260330173E-05    0.1482121857E-04    0.9999999999E+00    0.6486817526E-05    0.6593685692E-05    0.1000000000E+01   -0.2612669190E-05    0.6689347498E-05    0.9936263172E+00   -0.1127241844E+00   -0.4150859239E-05    0.1671017979E-04    0.2778205011E+01
    0.7200000000E-01    0.2733547029E-05    0.1493854037E-04    0.9999999999E+00    0.6765828142E-05    0.6481317590E-05    0.1000000000E+01   -0.2582156090E-05    0.6853412593E-05    0.9906739269E+00   -0.1362540660E+00   -0.4418560458E-05    0.1721065213E-04    0.2817334659E+01
    0.7300000000E-01    0.3216198816E-05    0.1504312073E-04    0.9999999999E+00    0.7044951240E-05    0.6359168813E-05    0.1000000000E+01   -0.2548801507E-05    0.7018825530E-05    0.9871644094E+00   -0.1597073222E+00   -0.4697490830E-05    0.1771775635E-04    0.2856464307E+01
    0.7400000000E-01    0.3708020885E-05    0.1513451718E-04    0.9999999999E+00    0.7323894579E-05    0.6227113781E-05    0.1000000000E+01   -0.2512575007E-05    0.7185552161E-05    0.9830997383E+00   -0.1830707634E+00   -0.4987913331E-05    0.1823137491E-04    0.2895593955E+01
    0.7500000000E-01    0.4208731994E-05    0.1521228968E-04    0.9999999999E+00    0.7602358501E-05    0.6085034116E-05    0.1000000000E+01   -0.2473446780E-05    0.7353558063E-05    0.9784821996E+00   -0.2063312508E+00   -0.5290092182E-05    0.1875138402E-04    0.2934723603E+01
    0.7600000000E-01    0.4718034177E-05    0.1527600113E-04    0.9999999999E+00    0.7880036047E-05    0.5932818960E-05    0.1000000000E+01   -0.2431387643E-05    0.7522808560E-05    0.9733143899E+00   -0.2294757032E+00   -0.5604292747E-05    0.1927765355E-04    0.2973853251E+01
    0.7700000000E-01    0.5235612624E-05    0.1532521792E-04    0.9999999999E+00    0.8156613096E-05    0.5770365285E-05    0.1000000000E+01   -0.2386369042E-05    0.7693268743E-05    0.9675992155E+00   -0.2524911050E+00   -0.5930781440E-05    0.1981004692E-04    0.3012982899E+01
    0.7800000000E-01    0.5761135571E-05    0.1535951047E-04    0.9999999999E+00    0.8431768508E-05    0.5597578204E-05    0.1000000000E+01   -0.2338363051E-05    0.7864903486E-05    0.9613398905E+00   -0.2753645129E+00   -0.6269825619E-05    0.2034842103E-04    0.3052112547E+01
    0.7900000000E-01    0.6294254211E-05    0.1537845379E-04    0.9999999999E+00    0.8705174282E-05    0.5414371290E-05    0.1000000000E+01   -0.2287342368E-05    0.8037677468E-05    0.9545399348E+00   -0.2980830635E+00   -0.6621693478E-05    0.2089262610E-04    0.3091242195E+01
    0.8000000000E-01    0.6834602621E-05    0.1538162806E-04    0.9999999999E+00    0.8976495723E-05    0.5220666882E-05    0.1000000000E+01   -0.2233280321E-05    0.8211555192E-05    0.9472031728E+00   -0.3206339805E+00   -0.6986653941E-05    0.2144250564E-04    0.3130371843E+01
    0.8100000000E-01    0.7381797702E-05    0.1536861919E-04    0.9999999999E+00    0.9245391626E-05    0.5016396396E-05    0.1000000000E+01   -0.2176150862E-05    0.8386501004E-05    0.9393337302E+00   -0.3430045820E+00   -0.7364976552E-05    0.2199789628E-04    0.3169501491E+01
    0.8200000000E-01    0.7935439135E-05    0.1533901942E-04    0.9999999999E+00    0.9511514460E-05    0.4801500635E-05    0.1000000000E+01   -0.2115928562E-05    0.8562479116E-05    0.9309360327E+00   -0.3651822873E+00   -0.7756931353E-05    0.2255862773E-04    0.3208631140E+01
    0.8300000000E-01    0.8495109358E-05    0.1529242793E-04    0.9999999999E+00    0.9774510576E-05    0.4575930100E-05    0.1000000000E+01   -0.2052588617E-05    0.8739453619E-05    0.9220148029E+00   -0.3871546244E+00   -0.8162788770E-05    0.2312452266E-04    0.3247760788E+01
    0.8400000000E-01    0.9060373557E-05    0.1522845141E-04    0.9999999999E+00    0.1003402042E-04    0.4339645285E-05    0.1000000000E+01   -0.1986106835E-05    0.8917388509E-05    0.9125750578E+00   -0.4089092365E+00   -0.8582819492E-05    0.2369539658E-04    0.3286890436E+01
    0.8500000000E-01    0.9630779679E-05    0.1514670469E-04    0.9999999999E+00    0.1028967876E-04    0.4092616991E-05    0.1000000000E+01   -0.1916459640E-05    0.9096247701E-05    0.9026221062E+00   -0.4304338896E+00   -0.9017294342E-05    0.2427105779E-04    0.3326020084E+01
    0.8600000000E-01    0.1020585846E-04    0.1504681137E-04    0.9999999999E+00    0.1054111492E-04    0.3834826616E-05    0.1000000000E+01   -0.1843624061E-05    0.9275995053E-05    0.8921615452E+00   -0.4517164788E+00   -0.9466484149E-05    0.2485130725E-04    0.3365149732E+01
    0.8700000000E-01    0.1078512346E-04    0.1492840443E-04    0.9999999998E+00    0.1078795305E-04    0.3566266456E-05    0.1000000000E+01   -0.1767577731E-05    0.9456594381E-05    0.8811992576E+00   -0.4727450352E+00   -0.9930659621E-05    0.2543593850E-04    0.3404279380E+01
    0.8800000000E-01    0.1136807116E-04    0.1479112688E-04    0.9999999998E+00    0.1102981235E-04    0.3286939993E-05    0.1000000000E+01   -0.1688298883E-05    0.9638009483E-05    0.8697414082E+00   -0.4935077332E+00   -0.1041009120E-04    0.2602473756E-04    0.3443409028E+01
    0.8900000000E-01    0.1195418103E-04    0.1463463236E-04    0.9999999998E+00    0.1126630737E-04    0.2996862187E-05    0.1000000000E+01   -0.1605766339E-05    0.9820204152E-05    0.8577944407E+00   -0.5139928962E+00   -0.1090504894E-04    0.2661748285E-04    0.3482538676E+01
    0.9000000000E-01    0.1254291561E-04    0.1445858584E-04    0.9999999998E+00    0.1149704832E-04    0.2696059757E-05    0.1000000000E+01   -0.1519959505E-05    0.1000314220E-04    0.8453650737E+00   -0.5341890041E+00   -0.1141580234E-04    0.2721394509E-04    0.3521668324E+01
    0.9100000000E-01    0.1313372071E-04    0.1426266421E-04    0.9999999998E+00    0.1172164130E-04    0.2384571457E-05    0.1000000000E+01   -0.1430858368E-05    0.1018678748E-04    0.8324602971E+00   -0.5540846990E+00   -0.1194262022E-04    0.2781388721E-04    0.3560797972E+01
    0.9200000000E-01    0.1372602549E-04    0.1404655700E-04    0.9999999998E+00    0.1193968869E-04    0.2062448353E-05    0.1000000000E+01   -0.1338443481E-05    0.1037110388E-04    0.8190873681E+00   -0.5736687923E+00   -0.1248577057E-04    0.2841706427E-04    0.3599927620E+01
    0.9300000000E-01    0.1431924265E-04    0.1380996696E-04    0.9999999998E+00    0.1215078942E-04    0.1729754086E-05    0.1000000000E+01   -0.1242695961E-05    0.1055605539E-04    0.8052538075E+00   -0.5929302703E+00   -0.1304552038E-04    0.2902322338E-04    0.3639057268E+01
    0.9400000000E-01    0.1491276863E-04    0.1355261079E-04    0.9999999998E+00    0.1235453930E-04    0.1386565133E-05    0.1000000000E+01   -0.1143597476E-05    0.1074160607E-04    0.7909673946E+00   -0.6118583010E+00   -0.1362213551E-04    0.2963210361E-04    0.3678186916E+01
    0.9500000000E-01    0.1550598385E-04    0.1327421975E-04    0.9999999998E+00    0.1255053143E-04    0.1032971062E-05    0.1000000000E+01   -0.1041130238E-05    0.1092772009E-04    0.7762361640E+00   -0.6304422397E+00   -0.1421588050E-04    0.3024343589E-04    0.3717316564E+01
    0.9600000000E-01    0.1609825289E-04    0.1297454034E-04    0.9999999998E+00    0.1273835647E-04    0.6690747766E-06    0.1000000000E+01   -0.9352769912E-06    0.1111436177E-04    0.7610683998E+00   -0.6486716355E+00   -0.1482701843E-04    0.3085694295E-04    0.3756446212E+01
    0.9700000000E-01    0.1668892479E-04    0.1265333499E-04    0.9999999998E+00    0.1291760309E-04    0.2949927547E-06    0.1000000000E+01   -0.8260210023E-06    0.1130149554E-04    0.7454726322E+00   -0.6665362365E+00   -0.1545581076E-04    0.3147233924E-04    0.3795575860E+01
    0.9800000000E-01    0.1727733333E-04    0.1231038269E-04    0.9999999998E+00    0.1308785828E-04   -0.8914472007E-07    0.1000000000E+01   -0.7133460497E-06    0.1148908602E-04    0.7294576317E+00   -0.6840259962E+00   -0.1610251712E-04    0.3208933087E-04    0.3834705508E+01
    0.9900000000E-01    0.1786279731E-04    0.1194547969E-04    0.9999999998E+00    0.1324870783E-04   -0.4831933373E-06    0.1000000000E+01   -0.5972364114E-06    0.1167709799E-04    0.7130324046E+00   -0.7011310789E+00   -0.1676739520E-04    0.3270761548E-04    0.3873835156E+01
    0.1000000000E+00    0.1844462094E-04    0.1155844012E-04    0.9999999998E+00    0.1339973665E-04   -0.8869945470E-06    0.1000000000E+01   -0.4776768528E-06    0.1186549644E-04    0.6962061882E+00   -0.7178418652E+00   -0.1745070050E-04    0.3332688224E-04    0.3912964804E+01
    0.1010000000E+00    0.1902209411E-04    0.1114909668E-04    0.9999999998E+00    0.1354052922E-04   -0.1300375357E-05    0.1000000000E+01   -0.3546526144E-06    0.1205424657E-04    0.6789884449E+00   -0.7341489573E+00   -0.1815268621E-04    0.3394681171E-04    0.3952094452E+01
    0.1020000000E+00    0.1959449285E-04    0.1071730133E-04    0.9999999998E+00    0.1367067006E-04   -0.1723148137E-05    0.1000000000E+01   -0.2281493980E-06    0.1224331380E-04    0.6613888576E+00   -0.7500431847E+00   -0.1887360298E-04    0.3456707583E-04    0.3991224100E+01
    0.1030000000E+00    0.2016107969E-04    0.1026292588E-04    0.9999999998E+00    0.1378974410E-04   -0.2155110440E-05    0.1000000000E+01   -0.9815335358E-07    0.1243266381E-04    0.6434173238E+00   -0.7655156088E+00   -0.1961369877E-04    0.3518733783E-04    0.4030353748E+01
    0.1040000000E+00    0.2072110409E-04    0.9785862690E-05    0.9999999998E+00    0.1389733716E-04   -0.2596044827E-05    0.1000000000E+01    0.3534893533E-07    0.1262226253E-04    0.6250839501E+00   -0.7805575284E+00   -0.2037321864E-04    0.3580725216E-04    0.4069483396E+01
    0.1050000000E+00    0.2127380290E-04    0.9286025320E-05    0.9999999997E+00    0.1399303644E-04   -0.3045718709E-05    0.1000000000E+01    0.1723704663E-06    0.1281207617E-04    0.6063990467E+00   -0.7951604844E+00   -0.2115240454E-04    0.3642646445E-04    0.4108613044E+01
    0.1060000000E+00    0.2181840085E-04    0.8763349152E-05    0.9999999997E+00    0.1407643093E-04   -0.3503884195E-05    0.1000000000E+01    0.3129238334E-06    0.1300207124E-04    0.5873731216E+00   -0.8093162644E+00   -0.2195149516E-04    0.3704461143E-04    0.4147742692E+01
    0.1070000000E+00    0.2235411104E-04    0.8217792036E-05    0.9999999997E+00    0.1414711197E-04   -0.3970277959E-05    0.1000000000E+01    0.4570212427E-06    0.1319221453E-04    0.5680168742E+00   -0.8230169077E+00   -0.2277072566E-04    0.3766132090E-04    0.4186872340E+01
    0.1080000000E+00    0.2288013546E-04    0.7649334925E-05    0.9999999997E+00    0.1420467365E-04   -0.4444621115E-05    0.1000000000E+01    0.6046745284E-06    0.1338247317E-04    0.5483411902E+00   -0.8362547094E+00   -0.2361032752E-04    0.3827621166E-04    0.4226001988E+01
    0.1090000000E+00    0.2339566559E-04    0.7057982487E-05    0.9999999997E+00    0.1424871341E-04   -0.4926619105E-05    0.1000000000E+01    0.7558951702E-06    0.1357281463E-04    0.5283571344E+00   -0.8490222249E+00   -0.2447052831E-04    0.3888889347E-04    0.4265131636E+01
    0.1100000000E+00    0.2389988291E-04    0.6443763727E-05    0.9999999997E+00    0.1427883246E-04   -0.5415961606E-05    0.1000000000E+01    0.9106943098E-06    0.1376320672E-04    0.5080759454E+00   -0.8613122741E+00   -0.2535155147E-04    0.3949896700E-04    0.4304261284E+01
    0.1110000000E+00    0.2439195956E-04    0.5806732586E-05    0.9999999997E+00    0.1429463639E-04   -0.5912322445E-05    0.1000000000E+01    0.1069082769E-05    0.1395361760E-04    0.4875090287E+00   -0.8731179455E+00   -0.2625361611E-04    0.4010602381E-04    0.4343390932E+01
    0.1120000000E+00    0.2487105896E-04    0.5146968531E-05    0.9999999997E+00    0.1429573560E-04   -0.6415359531E-05    0.1000000000E+01    0.1231071067E-05    0.1414401583E-04    0.4666679507E+00   -0.8844325998E+00   -0.2717693677E-04    0.4070964625E-04    0.4382520581E+01
    0.1130000000E+00    0.2533633646E-04    0.4464577141E-05    0.9999999997E+00    0.1428174595E-04   -0.6924714804E-05    0.1000000000E+01    0.1396669441E-05    0.1433437033E-04    0.4455644317E+00   -0.8952498741E+00   -0.2812172322E-04    0.4130940752E-04    0.4421650229E+01
    0.1140000000E+00    0.2578694002E-04    0.3759690672E-05    0.9999999997E+00    0.1425228920E-04   -0.7440014194E-05    0.1000000000E+01    0.1565887863E-05    0.1452465043E-04    0.4242103397E+00   -0.9055636849E+00   -0.2908818023E-04    0.4190487156E-04    0.4460779877E+01
    0.1150000000E+00    0.2622201094E-04    0.3032468614E-05    0.9999999997E+00    0.1420699365E-04   -0.7960867604E-05    0.1000000000E+01    0.1738736060E-05    0.1471482587E-04    0.4026176838E+00   -0.9153682322E+00   -0.3007650729E-04    0.4249559304E-04    0.4499909525E+01
    0.1160000000E+00    0.2664068456E-04    0.2283098228E-05    0.9999999997E+00    0.1414549466E-04   -0.8486868903E-05    0.1000000000E+01    0.1915223533E-05    0.1490486681E-04    0.3807986070E+00   -0.9246580020E+00   -0.3108689847E-04    0.4308111736E-04    0.4539039173E+01
    0.1170000000E+00    0.2704209106E-04    0.1511795078E-05    0.9999999997E+00    0.1406743521E-04   -0.9017595937E-05    0.1000000000E+01    0.2095359581E-05    0.1509474384E-04    0.3587653797E+00   -0.9334277702E+00   -0.3211954209E-04    0.4366098061E-04    0.4578168821E+01
    0.1180000000E+00    0.2742535620E-04    0.7188035319E-06    0.9999999996E+00    0.1397246650E-04   -0.9552610560E-05    0.1000000000E+01    0.2279153316E-05    0.1528442799E-04    0.3365303928E+00   -0.9416726047E+00   -0.3317462054E-04    0.4423470955E-04    0.4617298469E+01
    0.1190000000E+00    0.2778960217E-04   -0.9560273907E-07    0.9999999996E+00    0.1386024855E-04   -0.1009145868E-04    0.1000000000E+01    0.2466613690E-05    0.1547389075E-04    0.3141061507E+00   -0.9493878690E+00   -0.3425231001E-04    0.4480182164E-04    0.4656428117E+01
    0.1200000000E+00    0.2813394841E-04   -0.9311202912E-06    0.9999999996E+00    0.1373045074E-04   -0.1063367032E-04    0.1000000000E+01    0.2657749511E-05    0.1566310405E-04    0.2915052641E+00   -0.9565692242E+00   -0.3535278025E-04    0.4536182495E-04    0.4695557765E+01
    0.1210000000E+00    0.2845751245E-04   -0.1787415452E-05    0.9999999996E+00    0.1358275244E-04   -0.1117875971E-04    0.1000000000E+01    0.2852569469E-05    0.1585204031E-04    0.2687404432E+00   -0.9632126317E+00   -0.3647619430E-04    0.4591421825E-04    0.4734687413E+01
    0.1220000000E+00    0.2875941084E-04   -0.2664123887E-05    0.9999999996E+00    0.1341684359E-04   -0.1172622538E-04    0.1000000000E+01    0.3051082156E-05    0.1604067242E-04    0.2458244901E+00   -0.9693143555E+00   -0.3762270828E-04    0.4645849093E-04    0.4773817061E+01
    0.1230000000E+00    0.2903876000E-04   -0.3560850184E-05    0.9999999996E+00    0.1323242531E-04   -0.1227555030E-04    0.1000000000E+01    0.3253296089E-05    0.1622897374E-04    0.2227702923E+00   -0.9748709641E+00   -0.3879247109E-04    0.4699412307E-04    0.4812946709E+01
    0.1240000000E+00    0.2929467721E-04   -0.4477167463E-05    0.9999999996E+00    0.1302921052E-04   -0.1282620197E-04    0.1000000000E+01    0.3459219735E-05    0.1641691814E-04    0.1995908147E+00   -0.9798793326E+00   -0.3998562418E-04    0.4752058541E-04    0.4852076357E+01
    0.1250000000E+00    0.2952628151E-04   -0.5412617010E-05    0.9999999996E+00    0.1280692454E-04   -0.1337763267E-04    0.1000000000E+01    0.3668861530E-05    0.1660447999E-04    0.1762990928E+00   -0.9843366444E+00   -0.4120230125E-04    0.4803733938E-04    0.4891206005E+01
    0.1260000000E+00    0.2973269473E-04   -0.6366707929E-05    0.9999999996E+00    0.1256530570E-04   -0.1392927954E-04    0.1000000000E+01    0.3882229909E-05    0.1679163414E-04    0.1529082253E+00   -0.9882403930E+00   -0.4244262803E-04    0.4854383713E-04    0.4930335653E+01
    0.1270000000E+00    0.2991304244E-04   -0.7338916827E-05    0.9999999995E+00    0.1230410593E-04   -0.1448056487E-04    0.1000000000E+01    0.4099333321E-05    0.1697835596E-04    0.1294313664E+00   -0.9915883829E+00   -0.4370672197E-04    0.4903952152E-04    0.4969465301E+01
    0.1280000000E+00    0.3006645502E-04   -0.8328687518E-05    0.9999999995E+00    0.1202309146E-04   -0.1503089625E-04    0.1000000000E+01    0.4320180263E-05    0.1716462135E-04    0.1058817190E+00   -0.9943787313E+00   -0.4499469199E-04    0.4952382619E-04    0.5008594949E+01
    0.1290000000E+00    0.3019206867E-04   -0.9335430757E-05    0.9999999995E+00    0.1172204335E-04   -0.1557966688E-04    0.1000000000E+01    0.4544779299E-05    0.1735040671E-04    0.8227252670E-01   -0.9966098690E+00   -0.4630663821E-04    0.4999617559E-04    0.5047724597E+01
    0.1300000000E+00    0.3028902650E-04   -0.1035852400E-04    0.9999999995E+00    0.1140075814E-04   -0.1612625579E-04    0.1000000000E+01    0.4773139082E-05    0.1753568896E-04    0.5861706663E-01   -0.9982805413E+00   -0.4764265163E-04    0.5045598499E-04    0.5086854245E+01
    0.1310000000E+00    0.3035647959E-04   -0.1139731122E-04    0.9999999995E+00    0.1105904848E-04   -0.1667002815E-04    0.1000000000E+01    0.5005268389E-05    0.1772044555E-04    0.3492864196E-01   -0.9993898086E+00   -0.4900281392E-04    0.5090266055E-04    0.5125983893E+01
    0.1320000000E+00    0.3039358812E-04   -0.1245110266E-04    0.9999999995E+00    0.1069674374E-04   -0.1721033556E-04    0.1000000000E+01    0.5241176135E-05    0.1790465446E-04    0.1122057441E-01   -0.9999370472E+00   -0.5038719706E-04    0.5133559940E-04    0.5165113541E+01
    0.1330000000E+00    0.3039952248E-04   -0.1351917479E-04    0.9999999995E+00    0.1031369063E-04   -0.1774651640E-04    0.1000000000E+01    0.5480871407E-05    0.1808829419E-04   -0.1249380328E-01   -0.9999219492E+00   -0.5179586310E-04    0.5175418963E-04    0.5204243189E+01
    0.1340000000E+00    0.3037346442E-04   -0.1460077007E-04    0.9999999995E+00    0.9909753791E-05   -0.1827789620E-04    0.1000000000E+01    0.5724363486E-05    0.1827134378E-04   -0.3620115480E-01   -0.9993445232E+00   -0.5322886388E-04    0.5215781041E-04    0.5243372837E+01
    0.1350000000E+00    0.3031460821E-04   -0.1569509699E-04    0.9999999994E+00    0.9484816439E-05   -0.1880378797E-04    0.1000000000E+01    0.5971661874E-05    0.1845378279E-04   -0.5988814781E-01   -0.9982050938E+00   -0.5468624068E-04    0.5254583204E-04    0.5282502485E+01
    0.1360000000E+00    0.3022216180E-04   -0.1680132992E-04    0.9999999994E+00    0.9038780948E-05   -0.1932349266E-04    0.1000000000E+01    0.6222776318E-05    0.1863559132E-04   -0.8354146141E-01   -0.9965043020E+00   -0.5616802399E-04    0.5291761604E-04    0.5321632133E+01
    0.1370000000E+00    0.3009534806E-04   -0.1791860914E-04    0.9999999994E+00    0.8571569461E-05   -0.1983629953E-04    0.1000000000E+01    0.6477716841E-05    0.1881674999E-04   -0.1071477936E+00   -0.9942431040E+00   -0.5767423319E-04    0.5327251520E-04    0.5360761781E+01
    0.1380000000E+00    0.2993340594E-04   -0.1904604088E-04    0.9999999994E+00    0.8083124489E-05   -0.2034148662E-04    0.1000000000E+01    0.6736493767E-05    0.1899723995E-04   -0.1306938689E+00   -0.9914227717E+00   -0.5920487623E-04    0.5360987371E-04    0.5399891429E+01
    0.1390000000E+00    0.2973559173E-04   -0.2018269731E-04    0.9999999994E+00    0.7573409497E-05   -0.2083832126E-04    0.1000000000E+01    0.6999117744E-05    0.1917704289E-04   -0.1541664457E+00   -0.9880448910E+00   -0.6075994935E-04    0.5392902722E-04    0.5439021077E+01
    0.1400000000E+00    0.2950118027E-04   -0.2132761673E-04    0.9999999994E+00    0.7042409492E-05   -0.2132606049E-04    0.1000000000E+01    0.7265599776E-05    0.1935614099E-04   -0.1775523236E+00   -0.9841113616E+00   -0.6233943679E-04    0.5422930297E-04    0.5478150725E+01
    0.1410000000E+00    0.2922946621E-04   -0.2247980361E-04    0.9999999993E+00    0.6490131598E-05   -0.2180395163E-04    0.1000000000E+01    0.7535951250E-05    0.1953451699E-04   -0.2008383510E+00   -0.9796243955E+00   -0.6394331044E-04    0.5451001989E-04    0.5517280373E+01
    0.1420000000E+00    0.2891976530E-04   -0.2363822883E-04    0.9999999993E+00    0.5916605628E-05   -0.2227123282E-04    0.1000000000E+01    0.7810183958E-05    0.1971215413E-04   -0.2240114325E+00   -0.9745865162E+00   -0.6557152960E-04    0.5477048869E-04    0.5556410021E+01
    0.1430000000E+00    0.2857141561E-04   -0.2480182987E-04    0.9999999993E+00    0.5321884639E-05   -0.2272713355E-04    0.1000000000E+01    0.8088310130E-05    0.1988903614E-04   -0.2470585364E+00   -0.9690005568E+00   -0.6722404060E-04    0.5501001203E-04    0.5595539669E+01
    0.1440000000E+00    0.2818377885E-04   -0.2596951104E-04    0.9999999993E+00    0.4706045485E-05   -0.2317087531E-04    0.1000000000E+01    0.8370342461E-05    0.2006514728E-04   -0.2699667014E+00   -0.9628696587E+00   -0.6890077653E-04    0.5522788460E-04    0.5634669317E+01
    0.1450000000E+00    0.2775624166E-04   -0.2714014381E-04    0.9999999993E+00    0.4069189351E-05   -0.2360167214E-04    0.1000000000E+01    0.8656294133E-05    0.2024047231E-04   -0.2927230447E+00   -0.9561972697E+00   -0.7060165692E-04    0.5542339332E-04    0.5673798965E+01
    0.1460000000E+00    0.2728821689E-04   -0.2831256714E-04    0.9999999992E+00    0.3411442285E-05   -0.2401873131E-04    0.1000000000E+01    0.8946178853E-05    0.2041499648E-04   -0.3153147689E+00   -0.9489871422E+00   -0.7232658742E-04    0.5559581741E-04    0.5712928613E+01
    0.1470000000E+00    0.2677914490E-04   -0.2948558785E-04    0.9999999992E+00    0.2732955710E-05   -0.2442125398E-04    0.1000000000E+01    0.9240010868E-05    0.2058870552E-04   -0.3377291688E+00   -0.9412433309E+00   -0.7407545951E-04    0.5574442859E-04    0.5752058261E+01
    0.1480000000E+00    0.2622849490E-04   -0.3065798104E-04    0.9999999992E+00    0.2033906923E-05   -0.2480843586E-04    0.1000000000E+01    0.9537805005E-05    0.2076158564E-04   -0.3599536393E+00   -0.9329701909E+00   -0.7584815014E-04    0.5586849124E-04    0.5791187909E+01
    0.1490000000E+00    0.2563576624E-04   -0.3182849060E-04    0.9999999992E+00    0.1314499585E-05   -0.2517946793E-04    0.1000000000E+01    0.9839576691E-05    0.2093362351E-04   -0.3819756820E+00   -0.9241723745E+00   -0.7764452144E-04    0.5596726254E-04    0.5830317557E+01
    0.1500000000E+00    0.2500048971E-04   -0.3299582965E-04    0.9999999992E+00    0.5749641892E-06   -0.2553353720E-04    0.1000000000E+01    0.1014534198E-04    0.2110480629E-04   -0.4037829123E+00   -0.9148548296E+00   -0.7946442039E-04    0.5603999267E-04    0.5869447205E+01
    0.1510000000E+00    0.2432222888E-04   -0.3415868117E-04    0.9999999991E+00   -0.1844414816E-06   -0.2586982742E-04    0.1000000000E+01    0.1045511760E-04    0.2127512155E-04   -0.4253630664E+00   -0.9050227959E+00   -0.8130767853E-04    0.5608592498E-04    0.5908576853E+01
    0.1520000000E+00    0.2360058143E-04   -0.3531569860E-04    0.9999999991E+00   -0.9634319187E-06   -0.2618751989E-04    0.1000000000E+01    0.1076892094E-04    0.2144455732E-04   -0.4467040083E+00   -0.8946818029E+00   -0.8317411160E-04    0.5610429620E-04    0.5947706501E+01
    0.1530000000E+00    0.2283518041E-04   -0.3646550644E-04    0.9999999991E+00   -0.1761693466E-05   -0.2648579424E-04    0.1000000000E+01    0.1108677012E-04    0.2161310207E-04   -0.4677937364E+00   -0.8838376659E+00   -0.8506351922E-04    0.5609433659E-04    0.5986836149E+01
    0.1540000000E+00    0.2202569559E-04   -0.3760670100E-04    0.9999999991E+00   -0.2578883918E-05   -0.2676382929E-04    0.1000000000E+01    0.1140868400E-04    0.2178074464E-04   -0.4886203904E+00   -0.8724964834E+00   -0.8697568461E-04    0.5605527023E-04    0.6025965797E+01
    0.1550000000E+00    0.2117183478E-04   -0.3873785115E-04    0.9999999990E+00   -0.3414632142E-05   -0.2702080386E-04    0.1000000000E+01    0.1173468221E-04    0.2194747433E-04   -0.5091722580E+00   -0.8606646333E+00   -0.8891037422E-04    0.5598631515E-04    0.6065095445E+01
    0.1560000000E+00    0.2027334507E-04   -0.3985749909E-04    0.9999999990E+00   -0.4268537709E-05   -0.2725589764E-04    0.1000000000E+01    0.1206478517E-04    0.2211328078E-04   -0.5294377814E+00   -0.8483487697E+00   -0.9086733745E-04    0.5588668363E-04    0.6104225093E+01
    0.1570000000E+00    0.1933001419E-04   -0.4096416123E-04    0.9999999990E+00   -0.5140170564E-05   -0.2746829212E-04    0.1000000000E+01    0.1239901414E-04    0.2227815402E-04   -0.5494055639E+00   -0.8355558185E+00   -0.9284630627E-04    0.5575558235E-04    0.6143354741E+01
    0.1580000000E+00    0.1834167172E-04   -0.4205632905E-04    0.9999999990E+00   -0.6029070702E-05   -0.2765717146E-04    0.1000000000E+01    0.1273739122E-04    0.2244208445E-04   -0.5690643760E+00   -0.8222929741E+00   -0.9484699498E-04    0.5559221274E-04    0.6182484389E+01
    0.1590000000E+00    0.1730819045E-04   -0.4313247007E-04    0.9999999989E+00   -0.6934747877E-05   -0.2782172343E-04    0.1000000000E+01    0.1307993939E-04    0.2260506279E-04   -0.5884031624E+00   -0.8085676952E+00   -0.9686909980E-04    0.5539577112E-04    0.6221614037E+01
    0.1600000000E+00    0.1622948755E-04   -0.4419102886E-04    0.9999999989E+00   -0.7856681333E-05   -0.2796114038E-04    0.1000000000E+01    0.1342668256E-04    0.2276708011E-04   -0.6074110473E+00   -0.7943877006E+00   -0.9891229862E-04    0.5516544904E-04    0.6260743685E+01
    0.1610000000E+00    0.1510552587E-04   -0.4523042805E-04    0.9999999989E+00   -0.8794319557E-05   -0.2807462020E-04    0.1000000000E+01    0.1377764554E-04    0.2292812777E-04   -0.6260773413E+00   -0.7797609646E+00   -0.1009762506E-03    0.5490043351E-04    0.6299873333E+01
    0.1620000000E+00    0.1393631516E-04   -0.4624906946E-04    0.9999999989E+00   -0.9747080067E-05   -0.2816136732E-04    0.1000000000E+01    0.1413285413E-04    0.2308819743E-04   -0.6443915470E+00   -0.7646957130E+00   -0.1030605960E-03    0.5459990731E-04    0.6339002981E+01
    0.1630000000E+00    0.1272191325E-04   -0.4724533522E-04    0.9999999988E+00   -0.1071434922E-04   -0.2822059372E-04    0.1000000000E+01    0.1449233512E-04    0.2324728102E-04   -0.6623433649E+00   -0.7492004179E+00   -0.1051649557E-03    0.5426304924E-04    0.6378132629E+01
    0.1640000000E+00    0.1146242729E-04   -0.4821758899E-04    0.9999999988E+00   -0.1169548203E-04   -0.2825151994E-04    0.1000000000E+01    0.1485611630E-04    0.2340537073E-04   -0.6799226996E+00   -0.7332837935E+00   -0.1072889308E-03    0.5388903443E-04    0.6417262277E+01
    0.1650000000E+00    0.1015801488E-04   -0.4916417721E-04    0.9999999988E+00   -0.1268980208E-04   -0.2825337617E-04    0.1000000000E+01    0.1522422651E-04    0.2356245897E-04   -0.6971196648E+00   -0.7169547909E+00   -0.1094321027E-03    0.5347703466E-04    0.6456391925E+01
    0.1660000000E+00    0.8808885252E-05   -0.5008343037E-04    0.9999999987E+00   -0.1369660136E-04   -0.2822540326E-04    0.1000000000E+01    0.1559669567E-04    0.2371853836E-04   -0.7139245894E+00   -0.7002225931E+00   -0.1115940324E-03    0.5302621869E-04    0.6495521573E+01
    0.1670000000E+00    0.7415300356E-05   -0.5097366440E-04    0.9999999987E+00   -0.1471514025E-04   -0.2816685387E-04    0.1000000000E+01    0.1597355479E-04    0.2387360174E-04   -0.7303280229E+00   -0.6830966097E+00   -0.1137742603E-03    0.5253575254E-04    0.6534651221E+01
    0.1680000000E+00    0.5977575985E-05   -0.5183318205E-04    0.9999999987E+00   -0.1574464742E-04   -0.2807699349E-04    0.1000000000E+01    0.1635483599E-04    0.2402764208E-04   -0.7463207404E+00   -0.6655864719E+00   -0.1159723059E-03    0.5200479985E-04    0.6573780869E+01
    0.1690000000E+00    0.4496082833E-05   -0.5266027433E-04    0.9999999986E+00   -0.1678431989E-04   -0.2795510162E-04    0.1000000000E+01    0.1674057255E-04    0.2418065252E-04   -0.7618937481E+00   -0.6477020270E+00   -0.1181876676E-03    0.5143252225E-04    0.6612910517E+01
    0.1700000000E+00    0.2971247533E-05   -0.5345322206E-04    0.9999999986E+00   -0.1783332297E-04   -0.2780047284E-04    0.1000000000E+01    0.1713079894E-04    0.2433262632E-04   -0.7770382881E+00   -0.6294533327E+00   -0.1204198221E-03    0.5081807967E-04    0.6652040165E+01
    0.1710000000E+00    0.1403553666E-05   -0.5421029735E-04    0.9999999985E+00   -0.1889079040E-04   -0.2761241799E-04    0.1000000000E+01    0.1752555080E-04    0.2448355683E-04   -0.7917458435E+00   -0.6108506514E+00   -0.1226682244E-03    0.5016063075E-04    0.6691169813E+01
    0.1720000000E+00   -0.2064572707E-06   -0.5492976526E-04    0.9999999985E+00   -0.1995582440E-04   -0.2739026532E-04    0.1000000000E+01    0.1792486501E-04    0.2463343748E-04   -0.8060081433E+00   -0.5919044449E+00   -0.1249323074E-03    0.4945933319E-04    0.6730299461E+01
    0.1730000000E+00   -0.1858184927E-05   -0.5560988543E-04    0.9999999985E+00   -0.2102749577E-04   -0.2713336160E-04    0.1000000000E+01    0.1832877970E-04    0.2478226174E-04   -0.8198171668E+00   -0.5726253680E+00   -0.1272114815E-03    0.4871334414E-04    0.6769429109E+01
    0.1740000000E+00   -0.3550969200E-05   -0.5624891378E-04    0.9999999984E+00   -0.2210484413E-04   -0.2684107338E-04    0.1000000000E+01    0.1873733427E-04    0.2493002312E-04   -0.8331651481E+00   -0.5530242626E+00   -0.1295051345E-03    0.4792182060E-04    0.6808558757E+01
    0.1750000000E+00   -0.5284089376E-05   -0.5684510424E-04    0.9999999984E+00   -0.2318687808E-04   -0.2651278810E-04    0.1000000000E+01    0.1915056942E-04    0.2507671509E-04   -0.8460445807E+00   -0.5331121519E+00   -0.1318126310E-03    0.4708391983E-04    0.6847688405E+01
    0.1760000000E+00   -0.7056763316E-05   -0.5739671058E-04    0.9999999983E+00   -0.2427257541E-04   -0.2614791533E-04    0.1000000000E+01    0.1956852717E-04    0.2522233112E-04   -0.8584482216E+00   -0.5129002338E+00   -0.1341333125E-03    0.4619879977E-04    0.6886818053E+01
    0.1770000000E+00   -0.8868146682E-05   -0.5790198823E-04    0.9999999983E+00   -0.2536088343E-04   -0.2574588794E-04    0.1000000000E+01    0.1999125090E-04    0.2536686460E-04   -0.8703690952E+00   -0.4923998751E+00   -0.1364664967E-03    0.4526561946E-04    0.6925947701E+01
    0.1780000000E+00   -0.1071733221E-04   -0.5835919617E-04    0.9999999983E+00   -0.2645071929E-04   -0.2530616332E-04    0.1000000000E+01    0.2041878534E-04    0.2551030885E-04   -0.8818004978E+00   -0.4716226045E+00   -0.1388114777E-03    0.4428353947E-04    0.6965077349E+01
    0.1790000000E+00   -0.1260334902E-04   -0.5876659886E-04    0.9999999982E+00   -0.2754097029E-04   -0.2482822459E-04    0.1000000000E+01    0.2085117663E-04    0.2565265704E-04   -0.8927360004E+00   -0.4505801066E+00   -0.1411675252E-03    0.4325172238E-04    0.7004206996E+01
    0.1800000000E+00   -0.1452516202E-04   -0.5912246824E-04    0.9999999982E+00   -0.2863049432E-04   -0.2431158182E-04    0.1000000000E+01    0.2128847230E-04    0.2579390221E-04   -0.9031694534E+00   -0.4292842150E+00   -0.1435338846E-03    0.4216933322E-04    0.7043336644E+01
    0.1810000000E+00   -0.1648167127E-04   -0.5942508572E-04    0.9999999981E+00   -0.2971812030E-04   -0.2375577326E-04    0.1000000000E+01    0.2173072135E-04    0.2593403722E-04   -0.9130949893E+00   -0.4077469061E+00   -0.1459097767E-03    0.4103553995E-04    0.7082466292E+01
    0.1820000000E+00   -0.1847171152E-04   -0.5967274426E-04    0.9999999981E+00   -0.3080264863E-04   -0.2316036653E-04    0.1000000000E+01    0.2217797422E-04    0.2607305471E-04   -0.9225070261E+00   -0.3859802918E+00   -0.1482943971E-03    0.3984951391E-04    0.7121595940E+01
    0.1830000000E+00   -0.2049405169E-04   -0.5986375048E-04    0.9999999980E+00   -0.3188285177E-04   -0.2252495988E-04    0.1000000000E+01    0.2263028283E-04    0.2621094707E-04   -0.9314002709E+00   -0.3639966130E+00   -0.1506869164E-03    0.3861043037E-04    0.7160725588E+01
    0.1840000000E+00   -0.2254739450E-04   -0.5999642681E-04    0.9999999980E+00   -0.3295747476E-04   -0.2184918338E-04    0.1000000000E+01    0.2308770060E-04    0.2634770643E-04   -0.9397697223E+00   -0.3418082326E+00   -0.1530864798E-03    0.3731746898E-04    0.7199855236E+01
    0.1850000000E+00   -0.2463037606E-04   -0.6006911366E-04    0.9999999979E+00   -0.3402523587E-04   -0.2113270016E-04    0.1000000000E+01    0.2355028248E-04    0.2648332459E-04   -0.9476106735E+00   -0.3194276290E+00   -0.1554922066E-03    0.3596981434E-04    0.7238984884E+01
    0.1860000000E+00   -0.2674156566E-04   -0.6008017165E-04    0.9999999979E+00   -0.3508482722E-04   -0.2037520762E-04    0.1000000000E+01    0.2401808497E-04    0.2661779301E-04   -0.9549187152E+00   -0.2968673882E+00   -0.1579031902E-03    0.3456665645E-04    0.7278114532E+01
    0.1870000000E+00   -0.2887946545E-04   -0.6002798388E-04    0.9999999978E+00   -0.3613491553E-04   -0.1957643866E-04    0.1000000000E+01    0.2449116611E-04    0.2675110279E-04   -0.9616897373E+00   -0.2741401975E+00   -0.1603184979E-03    0.3310719132E-04    0.7317244180E+01
    0.1880000000E+00   -0.3104251036E-04   -0.5991095821E-04    0.9999999977E+00   -0.3717414282E-04   -0.1873616286E-04    0.1000000000E+01    0.2496958554E-04    0.2688324458E-04   -0.9679199321E+00   -0.2512588380E+00   -0.1627371706E-03    0.3159062150E-04    0.7356373828E+01
    0.1890000000E+00   -0.3322906793E-04   -0.5972752959E-04    0.9999999977E+00   -0.3820112724E-04   -0.1785418769E-04    0.1000000000E+01    0.2545340449E-04    0.2701420861E-04   -0.9736057959E+00   -0.2282361777E+00   -0.1651582225E-03    0.3001615659E-04    0.7395503476E+01
    0.1900000000E+00   -0.3543743834E-04   -0.5947616243E-04    0.9999999976E+00   -0.3921446388E-04   -0.1693035971E-04    0.1000000000E+01    0.2594268582E-04    0.2714398460E-04   -0.9787441311E+00   -0.2050851637E+00   -0.1675806411E-03    0.2838301387E-04    0.7434633124E+01
    0.1910000000E+00   -0.3766585443E-04   -0.5915535300E-04    0.9999999976E+00   -0.4021272568E-04   -0.1596456572E-04    0.1000000000E+01    0.2643749401E-04    0.2727256177E-04   -0.9833320481E+00   -0.1818188156E+00   -0.1700033866E-03    0.2669041888E-04    0.7473762772E+01
    0.1920000000E+00   -0.3991248179E-04   -0.5876363183E-04    0.9999999975E+00   -0.4119446435E-04   -0.1495673398E-04    0.1000000000E+01    0.2693789521E-04    0.2739992876E-04   -0.9873669668E+00   -0.1584502176E+00   -0.1724253922E-03    0.2493760595E-04    0.7512892420E+01
    0.1930000000E+00   -0.4217541899E-04   -0.5829956615E-04    0.9999999974E+00   -0.4215821135E-04   -0.1390683532E-04    0.1000000000E+01    0.2744395724E-04    0.2752607360E-04   -0.9908466179E+00   -0.1349925118E+00   -0.1748455635E-03    0.2312381888E-04    0.7552022068E+01
    0.1940000000E+00   -0.4445269784E-04   -0.5776176238E-04    0.9999999974E+00   -0.4310247891E-04   -0.1281488430E-04    0.1000000000E+01    0.2795574959E-04    0.2765098371E-04   -0.9937690448E+00   -0.1114588899E+00   -0.1772627788E-03    0.2124831151E-04    0.7591151715E+01
    0.1950000000E+00   -0.4674228369E-04   -0.5714886865E-04    0.9999999973E+00   -0.4402576112E-04   -0.1168094031E-04    0.1000000000E+01    0.2847334347E-04    0.2777464582E-04   -0.9961326038E+00   -0.8786258665E-01   -0.1796758882E-03    0.1931034834E-04    0.7630281363E+01
    0.1960000000E+00   -0.4904207589E-04   -0.5645957723E-04    0.9999999972E+00   -0.4492653503E-04   -0.1050510873E-04    0.1000000000E+01    0.2899681181E-04    0.2789704592E-04   -0.9979359657E+00   -0.6421687196E-01   -0.1820837142E-03    0.1730920521E-04    0.7669411011E+01
    0.1970000000E+00   -0.5134990830E-04   -0.5569262716E-04    0.9999999971E+00   -0.4580326182E-04   -0.9287541951E-05    0.1000000000E+01    0.2952622927E-04    0.2801816928E-04   -0.9991781165E+00   -0.4053504351E-01   -0.1844850511E-03    0.1524416991E-04    0.7708540659E+01
    0.1980000000E+00   -0.5366354984E-04   -0.5484680675E-04    0.9999999971E+00   -0.4665438803E-04   -0.8028440476E-05    0.1000000000E+01    0.3006167225E-04    0.2813800034E-04   -0.9998583576E+00   -0.1683041928E-01   -0.1868786647E-03    0.1311454284E-04    0.7747670307E+01
    0.1990000000E+00   -0.5598070518E-04   -0.5392095615E-04    0.9999999970E+00   -0.4747834680E-04   -0.6728053954E-05    0.1000000000E+01    0.3060321891E-04    0.2825652271E-04   -0.9999763064E+00    0.6883669894E-02   -0.1892632929E-03    0.1091963771E-04    0.7786799955E+01
    0.2000000000E+00   -0.5829901549E-04   -0.5291396992E-04    0.9999999969E+00   -0.4827355919E-04   -0.5386682195E-05    0.1000000000E+01    0.3115094920E-04    0.2837371912E-04   -0.9995318966E+00    0.3059388789E-01   -0.1916376447E-03    0.8658782173E-05    0.7825929603E+01
    0.2010000000E+00   -0.6061605927E-04   -0.5182479964E-04    0.9999999968E+00   -0.4903843554E-04   -0.4004676158E-05    0.1000000000E+01    0.3170494486E-04    0.2848957138E-04   -0.9985253780E+00    0.5428690074E-01   -0.1940004008E-03    0.6331318578E-05    0.7865059251E+01
    0.2020000000E+00   -0.6292935330E-04   -0.5065245650E-04    0.9999999968E+00   -0.4977137686E-04   -0.2582438912E-05    0.1000000000E+01    0.3226528940E-04    0.2860406031E-04   -0.9969573169E+00    0.7794938416E-01   -0.1963502129E-03    0.3936604620E-05    0.7904188899E+01
    0.2030000000E+00   -0.6523635364E-04   -0.4939601387E-04    0.9999999967E+00   -0.5047077629E-04   -0.1120426570E-05    0.1000000000E+01    0.3283206817E-04    0.2871716574E-04   -0.9948285949E+00    0.1015680310E+00   -0.1986857041E-03    0.1474014076E-05    0.7943318547E+01
    0.2040000000E+00   -0.6753445676E-04   -0.4805460991E-04    0.9999999966E+00   -0.5113502056E-04    0.3808508121E-06    0.1000000000E+01    0.3340536833E-04    0.2882886643E-04   -0.9921404092E+00    0.1251295589E+00   -0.2010054686E-03   -0.1057062471E-05    0.7982448194E+01
    0.2050000000E+00   -0.6982100070E-04   -0.4662745022E-04    0.9999999965E+00   -0.5176249160E-04    0.1920828374E-05    0.1000000000E+01    0.3398527887E-04    0.2893914006E-04   -0.9888942716E+00    0.1486207174E+00   -0.2033080716E-03   -0.3657216899E-05    0.8021577842E+01
    0.2060000000E+00   -0.7209326641E-04   -0.4511381035E-04    0.9999999964E+00   -0.5235156804E-04    0.3498885616E-05    0.1000000000E+01    0.3457189064E-04    0.2904796314E-04   -0.9850920076E+00    0.1720282958E+00   -0.2055920493E-03   -0.6327022803E-05    0.8060707490E+01
    0.2070000000E+00   -0.7434847910E-04   -0.4351303845E-04    0.9999999963E+00   -0.5290062690E-04    0.5114345609E-05    0.1000000000E+01    0.3516529630E-04    0.2915531100E-04   -0.9807357555E+00    0.1953391303E+00   -0.2078559089E-03   -0.9067034737E-05    0.8099837138E+01
    0.2080000000E+00   -0.7658380976E-04   -0.4182455783E-04    0.9999999962E+00   -0.5340804526E-04    0.6766474239E-05    0.1000000000E+01    0.3576559042E-04    0.2926115774E-04   -0.9758279651E+00    0.2185401116E+00   -0.2100981285E-03   -0.1187778745E-04    0.8138966786E+01
    0.2090000000E+00   -0.7879637670E-04   -0.4004786954E-04    0.9999999961E+00   -0.5387220193E-04    0.8454479495E-05    0.1000000000E+01    0.3637286939E-04    0.2936547617E-04   -0.9703713965E+00    0.2416181920E+00   -0.2123171572E-03   -0.1475979510E-04    0.8178096434E+01
    0.2100000000E+00   -0.8098324726E-04   -0.3818255489E-04    0.9999999960E+00   -0.5429147927E-04    0.1017751080E-04    0.1000000000E+01    0.3698723151E-04    0.2946823778E-04   -0.9643691182E+00    0.2645603931E+00   -0.2145114148E-03   -0.1771355049E-04    0.8217226082E+01
    0.2110000000E+00   -0.8314143956E-04   -0.3622827804E-04    0.9999999959E+00   -0.5466426495E-04    0.1193465837E-04    0.1000000000E+01    0.3760877695E-04    0.2956941267E-04   -0.9578245058E+00    0.2873538129E+00   -0.2166792924E-03   -0.2073952424E-04    0.8256355730E+01
    0.2120000000E+00   -0.8526792438E-04   -0.3418478843E-04    0.9999999958E+00   -0.5498895382E-04    0.1372495267E-04    0.1000000000E+01    0.3823760775E-04    0.2966896953E-04   -0.9507412398E+00    0.3099856330E+00   -0.2188191516E-03   -0.2383816399E-04    0.8295485377E+01
    0.2130000000E+00   -0.8735962713E-04   -0.3205192336E-04    0.9999999957E+00   -0.5526394976E-04    0.1554736385E-04    0.1000000000E+01    0.3887382786E-04    0.2976687557E-04   -0.9431233035E+00    0.3324431259E+00   -0.2209293254E-03   -0.2700989362E-04    0.8334615025E+01
    0.2140000000E+00   -0.8941342992E-04   -0.2982961038E-04    0.9999999956E+00   -0.5548766766E-04    0.1740080125E-04    0.1000000000E+01    0.3951754313E-04    0.2986309648E-04   -0.9349749812E+00    0.3547136620E+00   -0.2230081177E-03   -0.3025511235E-04    0.8373744673E+01
    0.2150000000E+00   -0.9142617373E-04   -0.2751786975E-04    0.9999999955E+00   -0.5565853533E-04    0.1928411304E-04    0.1000000000E+01    0.4016886129E-04    0.2995759638E-04   -0.9263008552E+00    0.3767847172E+00   -0.2250538034E-03   -0.3357419398E-04    0.8412874321E+01
    0.2160000000E+00   -0.9339466068E-04   -0.2511681683E-04    0.9999999953E+00   -0.5577499551E-04    0.2119608575E-04    0.1000000000E+01    0.4082789199E-04    0.3005033779E-04   -0.9171058036E+00    0.3986438792E+00   -0.2270646289E-03   -0.3696748600E-04    0.8452003969E+01
    0.2170000000E+00   -0.9531565639E-04   -0.2262666443E-04    0.9999999952E+00   -0.5583550793E-04    0.2313544402E-04    0.1000000000E+01    0.4149474679E-04    0.3014128154E-04   -0.9073949974E+00    0.4202788551E+00   -0.2290388117E-03   -0.4043530874E-04    0.8491133617E+01
    0.2180000000E+00   -0.9718589246E-04   -0.2004772512E-04    0.9999999951E+00   -0.5583855136E-04    0.2510085032E-04    0.1000000000E+01    0.4216953914E-04    0.3023038676E-04   -0.8971738978E+00    0.4416774779E+00   -0.2309745409E-03   -0.4397795451E-04    0.8530263264E+01
    0.2190000000E+00   -0.9900206904E-04   -0.1738041349E-04    0.9999999950E+00   -0.5578262571E-04    0.2709090470E-04    0.1000000000E+01    0.4285238442E-04    0.3031761079E-04   -0.8864482527E+00    0.4628277137E+00   -0.2328699770E-03   -0.4759568674E-04    0.8569392912E+01
    0.2200000000E+00   -0.1007608575E-03   -0.1462524841E-04    0.9999999948E+00   -0.5566625420E-04    0.2910414473E-04    0.1000000000E+01    0.4354339990E-04    0.3040290919E-04   -0.8752240939E+00    0.4837176682E+00   -0.2347232524E-03   -0.5128873910E-04    0.8608522560E+01
    0.2210000000E+00   -0.1024589032E-03   -0.1178285514E-04    0.9999999947E+00   -0.5548798549E-04    0.3113904533E-04    0.1000000000E+01    0.4424270478E-04    0.3048623561E-04   -0.8635077338E+00    0.5043355935E+00   -0.2365324716E-03   -0.5505731457E-04    0.8647652208E+01
    0.2220000000E+00   -0.1040928283E-03   -0.8853967492E-05    0.9999999946E+00   -0.5524639589E-04    0.3319401881E-04    0.1000000000E+01    0.4495042016E-04    0.3056754182E-04   -0.8513057610E+00    0.5246698946E+00   -0.2382957107E-03   -0.5890158459E-04    0.8686781856E+01
    0.2230000000E+00   -0.1056592350E-03   -0.5839429838E-05    0.9999999944E+00   -0.5494009160E-04    0.3526741490E-04    0.1000000000E+01    0.4566666906E-04    0.3064677758E-04   -0.8386250379E+00    0.5447091360E+00   -0.2400110187E-03   -0.6282168815E-04    0.8725911503E+01
    0.2240000000E+00   -0.1071547080E-03   -0.2740199127E-05    0.9999999943E+00   -0.5456771093E-04    0.3735752085E-04    0.1000000000E+01    0.4639157638E-04    0.3072389067E-04   -0.8254726955E+00    0.5644420483E+00   -0.2416764167E-03   -0.6681773083E-04    0.8765041151E+01
    0.2250000000E+00   -0.1085758184E-03    0.4426532081E-06    0.9999999941E+00   -0.5412792663E-04    0.3946256166E-04    0.1000000000E+01    0.4712526894E-04    0.3079882675E-04   -0.8118561304E+00    0.5838575342E+00   -0.2432898990E-03   -0.7088978394E-04    0.8804170799E+01
    0.2260000000E+00   -0.1099191266E-03    0.3707939399E-05    0.9999999940E+00   -0.5361944812E-04    0.4158070026E-04    0.1000000000E+01    0.4786787547E-04    0.3087152939E-04   -0.7977830003E+00    0.6029446751E+00   -0.2448494326E-03   -0.7503788356E-04    0.8843300447E+01
    0.2270000000E+00   -0.1111811855E-03    0.7054353568E-05    0.9999999938E+00   -0.5304102389E-04    0.4371003793E-04    0.1000000000E+01    0.4861952658E-04    0.3094193997E-04   -0.7832612194E+00    0.6216927368E+00   -0.2463529583E-03   -0.7926202959E-04    0.8882430094E+01
    0.2280000000E+00   -0.1123585443E-03    0.1048047003E-04    0.9999999937E+00   -0.5239144377E-04    0.4584861461E-04    0.1000000000E+01    0.4938035478E-04    0.3100999762E-04   -0.7682989543E+00    0.6400911759E+00   -0.2477983901E-03   -0.8356218485E-04    0.8921559742E+01
    0.2290000000E+00   -0.1134477518E-03    0.1398474169E-04    0.9999999935E+00   -0.5166954132E-04    0.4799440943E-04    0.1000000000E+01    0.5015049446E-04    0.3107563920E-04   -0.7529046195E+00    0.6581296457E+00   -0.2491836165E-03   -0.8793827411E-04    0.8960689390E+01
    0.2300000000E+00   -0.1144453602E-03    0.1756549850E-04    0.9999999933E+00   -0.5087419620E-04    0.5014534127E-04    0.1000000000E+01    0.5093008189E-04    0.3113879923E-04   -0.7370868722E+00    0.6757980018E+00   -0.2505064999E-03   -0.9239018311E-04    0.8999819038E+01
    0.2310000000E+00   -0.1153479286E-03    0.2122094603E-04    0.9999999931E+00   -0.5000433656E-04    0.5229926934E-04    0.1000000000E+01    0.5171925522E-04    0.3119940984E-04   -0.7208546079E+00    0.6930863082E+00   -0.2517648779E-03   -0.9691775765E-04    0.9038948685E+01
    0.2320000000E+00   -0.1161520272E-03    0.2494916413E-04    0.9999999930E+00   -0.4905894142E-04    0.5445399396E-04    0.1000000000E+01    0.5251815446E-04    0.3125740071E-04   -0.7042169553E+00    0.7099848422E+00   -0.2529565629E-03   -0.1015208026E-03    0.9078078333E+01
    0.2330000000E+00   -0.1168542408E-03    0.2874810570E-04    0.9999999928E+00   -0.4803704309E-04    0.5660725726E-04    0.1000000000E+01    0.5332692148E-04    0.3131269901E-04   -0.6871832708E+00    0.7264841007E+00   -0.2540793430E-03   -0.1061990809E-03    0.9117207981E+01
    0.2340000000E+00   -0.1174511732E-03    0.3261559550E-04    0.9999999926E+00   -0.4693772957E-04    0.5875674417E-04    0.1000000000E+01    0.5414569998E-04    0.3136522937E-04   -0.6697631337E+00    0.7425748049E+00   -0.2551309823E-03   -0.1109523126E-03    0.9156337629E+01
    0.2350000000E+00   -0.1179394509E-03    0.3654932917E-04    0.9999999924E+00   -0.4576014699E-04    0.6090008326E-04    0.1000000000E+01    0.5497463553E-04    0.3141491380E-04   -0.6519663406E+00    0.7582479058E+00   -0.2561092214E-03   -0.1157801740E-03    0.9195467276E+01
    0.2360000000E+00   -0.1183157274E-03    0.4054687227E-04    0.9999999922E+00   -0.4450350198E-04    0.6303484786E-04    0.1000000000E+01    0.5581387550E-04    0.3146167164E-04   -0.6338028999E+00    0.7734945895E+00   -0.2570117777E-03   -0.1206822964E-03    0.9234596924E+01
    0.2370000000E+00   -0.1185766877E-03    0.4460565946E-04    0.9999999920E+00   -0.4316706414E-04    0.6515855717E-04    0.1000000000E+01    0.5666356908E-04    0.3150541952E-04   -0.6152830263E+00    0.7883062814E+00   -0.2578363462E-03   -0.1256582654E-03    0.9273726572E+01
    0.2380000000E+00   -0.1187190522E-03    0.4872299384E-04    0.9999999918E+00   -0.4175016840E-04    0.6726867743E-04    0.1000000000E+01    0.5752386729E-04    0.3154607129E-04   -0.5964171348E+00    0.8026746521E+00   -0.2585806001E-03   -0.1307076197E-03    0.9312856219E+01
    0.2390000000E+00   -0.1187395814E-03    0.5289604635E-04    0.9999999916E+00   -0.4025221747E-04    0.6936262330E-04    0.1000000000E+01    0.5839492291E-04    0.3158353799E-04   -0.5772158350E+00    0.8165916210E+00   -0.2592421907E-03   -0.1358298502E-03    0.9351985867E+01
    0.2400000000E+00   -0.1186350801E-03    0.5712185530E-04    0.9999999913E+00   -0.3867268421E-04    0.7143775916E-04    0.1000000000E+01    0.5927689053E-04    0.3161772773E-04   -0.5576899252E+00    0.8300493617E+00   -0.2598187488E-03   -0.1410243990E-03    0.9391115515E+01
    0.2410000000E+00   -0.1184024023E-03    0.6139732609E-04    0.9999999911E+00   -0.3701111401E-04    0.7349140067E-04    0.1000000000E+01    0.6016992646E-04    0.3164854572E-04   -0.5378503862E+00    0.8430403059E+00   -0.2603078851E-03   -0.1462906585E-03    0.9430245162E+01
    0.2420000000E+00   -0.1180384555E-03    0.6571923099E-04    0.9999999909E+00   -0.3526712720E-04    0.7552081628E-04    0.1000000000E+01    0.6107418882E-04    0.3167589415E-04   -0.5177083753E+00    0.8555571480E+00   -0.2607071902E-03   -0.1516279699E-03    0.9469374810E+01
    0.2430000000E+00   -0.1175402055E-03    0.7008420911E-04    0.9999999907E+00   -0.3344042135E-04    0.7752322891E-04    0.1000000000E+01    0.6198983742E-04    0.3169967216E-04   -0.4972752197E+00    0.8675928487E+00   -0.2610142364E-03   -0.1570356232E-03    0.9508504458E+01
    0.2440000000E+00   -0.1169046810E-03    0.7448876645E-04    0.9999999904E+00   -0.3153077363E-04    0.7949581773E-04    0.1000000000E+01    0.6291703380E-04    0.3171977579E-04   -0.4765624105E+00    0.8791406395E+00   -0.2612265772E-03   -0.1625128549E-03    0.9547634105E+01
    0.2450000000E+00   -0.1161289787E-03    0.7892927617E-04    0.9999999902E+00   -0.2953804313E-04    0.8143571995E-04    0.1000000000E+01    0.6385594122E-04    0.3173609789E-04   -0.4555815959E+00    0.8901940263E+00   -0.2613417491E-03   -0.1680588482E-03    0.9586763753E+01
    0.2460000000E+00   -0.1152102675E-03    0.8340197894E-04    0.9999999899E+00   -0.2746217311E-04    0.8334003277E-04    0.1000000000E+01    0.6480672461E-04    0.3174852811E-04   -0.4343445751E+00    0.9007467929E+00   -0.2613572713E-03   -0.1736727313E-03    0.9625893401E+01
    0.2470000000E+00   -0.1141457943E-03    0.8790298345E-04    0.9999999896E+00   -0.2530319329E-04    0.8520581546E-04    0.1000000000E+01    0.6576955056E-04    0.3175695280E-04   -0.4128632910E+00    0.9107930048E+00   -0.2612706475E-03   -0.1793535765E-03    0.9665023048E+01
    0.2480000000E+00   -0.1129328881E-03    0.9242826713E-04    0.9999999894E+00   -0.2306122204E-04    0.8703009139E-04    0.1000000000E+01    0.6674458734E-04    0.3176125500E-04   -0.3911498242E+00    0.9203270123E+00   -0.2610793660E-03   -0.1851003993E-03    0.9704152696E+01
    0.2490000000E+00   -0.1115689653E-03    0.9697367696E-04    0.9999999891E+00   -0.2073646857E-04    0.8880985032E-04    0.1000000000E+01    0.6773200482E-04    0.3176131433E-04   -0.3692163857E+00    0.9293434537E+00   -0.2607809006E-03   -0.1909121574E-03    0.9743282343E+01
    0.2500000000E+00   -0.1100515348E-03    0.1015349304E-03    0.9999999888E+00   -0.1832923509E-04    0.9054205069E-04    0.1000000000E+01    0.6873197449E-04    0.3175700697E-04   -0.3470753103E+00    0.9378372584E+00   -0.2603727118E-03   -0.1967877497E-03    0.9782411991E+01
    0.2510000000E+00   -0.1083782031E-03    0.1061076168E-03    0.9999999885E+00   -0.1583991889E-04    0.9222362198E-04    0.1000000000E+01    0.6974466943E-04    0.3174820558E-04   -0.3247390495E+00    0.9458036497E+00   -0.2598522474E-03   -0.2027260152E-03    0.9821541638E+01
    0.2520000000E+00   -0.1065466788E-03    0.1106871983E-03    0.9999999882E+00   -0.1326901444E-04    0.9385146726E-04    0.1000000000E+01    0.7077026428E-04    0.3173477928E-04   -0.3022201645E+00    0.9532381476E+00   -0.2592169436E-03   -0.2087257322E-03    0.9860671286E+01
    0.2530000000E+00   -0.1045547786E-03    0.1152690117E-03    0.9999999879E+00   -0.1061711533E-04    0.9542246573E-04    0.1000000000E+01    0.7180893524E-04    0.3171659354E-04   -0.2795313194E+00    0.9601365712E+00   -0.2584642256E-03   -0.2147856171E-03    0.9899800933E+01
    0.2540000000E+00   -0.1024004314E-03    0.1198482699E-03    0.9999999876E+00   -0.7884916283E-05    0.9693347544E-04    0.1000000000E+01    0.7286086002E-04    0.3169351016E-04   -0.2566852738E+00    0.9664950408E+00   -0.2575915092E-03   -0.2209043236E-03    0.9938930581E+01
    0.2550000000E+00   -0.1000816845E-03    0.1244200639E-03    0.9999999873E+00   -0.5073215024E-05    0.9838133602E-04    0.1000000000E+01    0.7392621784E-04    0.3166538721E-04   -0.2336948755E+00    0.9723099808E+00   -0.2565962010E-03   -0.2270804414E-03    0.9978060229E+01
    0.2560000000E+00   -0.9759670776E-04    0.1289793647E-03    0.9999999869E+00   -0.2182914132E-05    0.9976287157E-04    0.1000000000E+01    0.7500518938E-04    0.3163207894E-04   -0.2105730538E+00    0.9775781209E+00   -0.2554757002E-03   -0.2333124958E-03    0.1001718988E+02
    0.2570000000E+00   -0.9494379934E-04    0.1335210255E-03    0.9999999866E+00    0.7849771868E-06    0.1010748936E-03    0.1000000000E+01    0.7609795678E-04    0.3159343576E-04   -0.1873328117E+00    0.9822964984E+00   -0.2542273991E-03   -0.2395989462E-03    0.1005631952E+02
    0.2580000000E+00   -0.9212139061E-04    0.1380397841E-03    0.9999999862E+00    0.3829341391E-05    0.1023142041E-03    0.1000000000E+01    0.7720470361E-04    0.3154930418E-04   -0.1639872189E+00    0.9864624600E+00   -0.2528486847E-03   -0.2459381853E-03    0.1009544917E+02
    0.2590000000E+00   -0.8912805136E-04    0.1425302654E-03    0.9999999859E+00    0.6948950963E-05    0.1034775987E-03    0.1000000000E+01    0.7832561482E-04    0.3149952671E-04   -0.1405494043E+00    0.9900736628E+00   -0.2513369393E-03   -0.2523285383E-03    0.1013457882E+02
    0.2600000000E+00   -0.8596249486E-04    0.1469869844E-03    0.9999999855E+00    0.1014246684E-04    0.1045618697E-03    0.1000000000E+01    0.7946087677E-04    0.3144394186E-04   -0.1170325487E+00    0.9931280760E+00   -0.2496895420E-03   -0.2587682618E-03    0.1017370847E+02
    0.2610000000E+00   -0.8262358298E-04    0.1514043487E-03    0.9999999851E+00    0.1340843693E-04    0.1055638096E-03    0.1000000000E+01    0.8061067711E-04    0.3138238404E-04   -0.9344987719E-01    0.9956239817E+00   -0.2479038698E-03   -0.2652555429E-03    0.1021283811E+02
    0.2620000000E+00   -0.7911033129E-04    0.1557766620E-03    0.9999999848E+00    0.1674529469E-04    0.1064802146E-03    0.1000000000E+01    0.8177520486E-04    0.3131468350E-04   -0.6981465213E-01    0.9975599765E+00   -0.2459772991E-03   -0.2717884983E-03    0.1025196776E+02
    0.2630000000E+00   -0.7542191405E-04    0.1600981272E-03    0.9999999844E+00    0.2015135782E-04    0.1073078875E-03    0.1000000000E+01    0.8295465029E-04    0.3124066631E-04   -0.4614016527E-01    0.9989349715E+00   -0.2439072062E-03   -0.2783651733E-03    0.1029109741E+02
    0.2640000000E+00   -0.7155766928E-04    0.1643628501E-03    0.9999999840E+00    0.2362482703E-04    0.1080436421E-03    0.1000000000E+01    0.8414920495E-04    0.3116015427E-04   -0.2243973048E-01    0.9997481935E+00   -0.2416909696E-03   -0.2849835410E-03    0.1033022706E+02
    0.2650000000E+00   -0.6751710366E-04    0.1685648428E-03    0.9999999835E+00    0.2716378486E-04    0.1086843061E-03    0.1000000000E+01    0.8535906161E-04    0.3107296484E-04    0.1273323792E-02    0.9999991852E+00   -0.2393259704E-03   -0.2916415013E-03    0.1036935670E+02
    0.2660000000E+00   -0.6329989749E-04    0.1726980279E-03    0.9999999831E+00    0.3076619468E-04    0.1092267253E-03    0.1000000000E+01    0.8658441424E-04    0.3097891113E-04    0.2498566198E-01    0.9996878054E+00   -0.2368095943E-03   -0.2983368803E-03    0.1040848635E+02
    0.2670000000E+00   -0.5890590955E-04    0.1767562425E-03    0.9999999827E+00    0.3442989968E-04    0.1096677670E-03    0.1000000000E+01    0.8782545798E-04    0.3087780179E-04    0.4868394893E-01    0.9988142292E+00   -0.2341392327E-03   -0.3050674290E-03    0.1044761600E+02
    0.2680000000E+00   -0.5433518187E-04    0.1807332422E-03    0.9999999822E+00    0.3815262208E-04    0.1100043246E-03    0.1000000000E+01    0.8908238910E-04    0.3076944097E-04    0.7235485739E-01    0.9973789479E+00   -0.2313122842E-03   -0.3118308226E-03    0.1048674564E+02
    0.2690000000E+00   -0.4958794448E-04    0.1846227063E-03    0.9999999817E+00    0.4193196237E-04    0.1102333204E-03    0.1000000000E+01    0.9035540496E-04    0.3065362828E-04    0.9598507550E-01    0.9953827687E+00   -0.2283261560E-03   -0.3186246601E-03    0.1052587529E+02
    0.2700000000E+00   -0.4466462005E-04    0.1884182415E-03    0.9999999813E+00    0.4576539863E-04    0.1103517109E-03    0.1000000000E+01    0.9164470403E-04    0.3053015869E-04    0.1195613143E+00    0.9928268141E+00   -0.2251782654E-03   -0.3254464627E-03    0.1056500494E+02
    0.2710000000E+00   -0.3956582848E-04    0.1921133877E-03    0.9999999808E+00    0.4965028609E-04    0.1103564900E-03    0.1000000000E+01    0.9295048577E-04    0.3039882252E-04    0.1430703152E+00    0.9897125216E+00   -0.2218660415E-03   -0.3322936736E-03    0.1060413459E+02
    0.2720000000E+00   -0.3429239137E-04    0.1957016226E-03    0.9999999803E+00    0.5358385666E-04    0.1102446934E-03    0.1000000000E+01    0.9427295066E-04    0.3025940534E-04    0.1664988573E+00    0.9860416425E+00   -0.2183869264E-03   -0.3391636570E-03    0.1064326423E+02
    0.2730000000E+00   -0.2884533639E-04    0.1991763670E-03    0.9999999798E+00    0.5756321868E-04    0.1100134029E-03    0.1000000000E+01    0.9561230016E-04    0.3011168792E-04    0.1898337652E+00    0.9818162412E+00   -0.2147383772E-03   -0.3460536973E-03    0.1068239388E+02
    0.2740000000E+00   -0.2322590159E-04    0.2025309903E-03    0.9999999792E+00    0.6158535674E-04    0.1096597508E-03    0.1000000000E+01    0.9696873662E-04    0.2995544619E-04    0.2130619158E+00    0.9770386941E+00   -0.2109178671E-03   -0.3529609983E-03    0.1072152353E+02
    0.2750000000E+00   -0.1743553955E-04    0.2057588165E-03    0.9999999787E+00    0.6564713166E-04    0.1091809239E-03    0.1000000000E+01    0.9834246334E-04    0.2979045116E-04    0.2361702465E+00    0.9717116878E+00   -0.2069228879E-03   -0.3598826828E-03    0.1076065318E+02
    0.2760000000E+00   -0.1147592142E-04    0.2088531295E-03    0.9999999781E+00    0.6974528058E-04    0.1085741683E-03    0.1000000000E+01    0.9973368443E-04    0.2961646885E-04    0.2591457615E+00    0.9658382181E+00   -0.2027509506E-03   -0.3668157913E-03    0.1079978282E+02
    0.2770000000E+00   -0.5348940905E-05    0.2118071796E-03    0.9999999776E+00    0.7387641719E-04    0.1078367935E-03    0.1000000000E+01    0.1011426048E-03    0.2943326029E-04    0.2819755403E+00    0.9594215880E+00   -0.1983995882E-03   -0.3737572819E-03    0.1083891247E+02
    0.2780000000E+00    0.9432820223E-06    0.2146141896E-03    0.9999999770E+00    0.7803703208E-04    0.1069661771E-03    0.1000000000E+01    0.1025694303E-03    0.2924058137E-04    0.3046467440E+00    0.9524654062E+00   -0.1938663567E-03   -0.3807040294E-03    0.1087804212E+02
    0.2790000000E+00    0.7398397413E-05    0.2172673613E-03    0.9999999764E+00    0.8222349329E-04    0.1059597693E-03    0.1000000000E+01    0.1040143673E-03    0.2903818284E-04    0.3271466228E+00    0.9449735845E+00   -0.1891488372E-03   -0.3876528243E-03    0.1091717176E+02
    0.2800000000E+00    0.1401382186E-04    0.2197598819E-03    0.9999999758E+00    0.8643204691E-04    0.1048150974E-03    0.1000000000E+01    0.1054776229E-03    0.2882581027E-04    0.3494625236E+00    0.9369503363E+00   -0.1842446378E-03   -0.3946003730E-03    0.1095630141E+02
    0.2810000000E+00    0.2078673513E-04    0.2220849314E-03    0.9999999751E+00    0.9065881788E-04    0.1035297707E-03    0.1000000000E+01    0.1069594051E-03    0.2860320390E-04    0.3715818965E+00    0.9284001734E+00   -0.1791513953E-03   -0.4015432963E-03    0.1099543106E+02
    0.2820000000E+00    0.2771407702E-04    0.2242356891E-03    0.9999999745E+00    0.9489981097E-04    0.1021014849E-03    0.1000000000E+01    0.1084599223E-03    0.2837009868E-04    0.3934923021E+00    0.9193279043E+00   -0.1738667772E-03   -0.4084781295E-03    0.1103456070E+02
    0.2830000000E+00    0.3479254427E-04    0.2262053407E-03    0.9999999738E+00    0.9915091183E-04    0.1005280266E-03    0.1000000000E+01    0.1099793835E-03    0.2812622415E-04    0.4151814187E+00    0.9097386310E+00   -0.1683884836E-03   -0.4154013214E-03    0.1107369035E+02
    0.2840000000E+00    0.4201858782E-04    0.2279870864E-03    0.9999999731E+00    0.1034078883E-03    0.9880727861E-04    0.1000000000E+01    0.1115179984E-03    0.2787130439E-04    0.4366370489E+00    0.8996377462E+00   -0.1627142491E-03   -0.4223092341E-03    0.1111282000E+02
    0.2850000000E+00    0.4938841007E-04    0.2295741476E-03    0.9999999724E+00    0.1076663916E-03    0.9693722424E-04    0.1000000000E+01    0.1130759769E-03    0.2760505796E-04    0.4578471266E+00    0.8890309303E+00   -0.1568418451E-03   -0.4291981425E-03    0.1115194965E+02
    0.2860000000E+00    0.5689796249E-04    0.2309597752E-03    0.9999999717E+00    0.1119219584E-03    0.9491595210E-04    0.1000000000E+01    0.1146535297E-03    0.2732719787E-04    0.4787997240E+00    0.8779241484E+00   -0.1507690815E-03   -0.4360642336E-03    0.1119107929E+02
    0.2870000000E+00    0.6454294331E-04    0.2321372574E-03    0.9999999710E+00    0.1161700119E-03    0.9274166100E-04    0.1000000000E+01    0.1162508677E-03    0.2703743146E-04    0.4994830579E+00    0.8663236466E+00   -0.1444938089E-03   -0.4429036062E-03    0.1123020894E+02
    0.2880000000E+00    0.7231879552E-04    0.2330999275E-03    0.9999999702E+00    0.1204058641E-03    0.9041266459E-04    0.1000000000E+01    0.1178682021E-03    0.2673546038E-04    0.5198854964E+00    0.8542359487E+00   -0.1380139206E-03   -0.4497122706E-03    0.1126933859E+02
    0.2890000000E+00    0.8022070502E-04    0.2338411723E-03    0.9999999695E+00    0.1246247180E-03    0.8792739624E-04    0.1000000000E+01    0.1195057447E-03    0.2642098053E-04    0.5399955660E+00    0.8416678524E+00   -0.1313273551E-03   -0.4564861481E-03    0.1130846823E+02
    0.2900000000E+00    0.8824359902E-04    0.2343544408E-03    0.9999999687E+00    0.1288216695E-03    0.8528441375E-04    0.1000000000E+01    0.1211637073E-03    0.2609368198E-04    0.5598019572E+00    0.8286264257E+00   -0.1244320979E-03   -0.4632210709E-03    0.1134759788E+02
    0.2910000000E+00    0.9638214465E-04    0.2346332522E-03    0.9999999678E+00    0.1329917098E-03    0.8248240414E-04    0.1000000000E+01    0.1228423021E-03    0.2575324891E-04    0.5792935315E+00    0.8151190028E+00   -0.1173261839E-03   -0.4699127814E-03    0.1138672753E+02
    0.2920000000E+00    0.1046307478E-03    0.2346712048E-03    0.9999999670E+00    0.1371297282E-03    0.7952018840E-04    0.1000000000E+01    0.1245417415E-03    0.2539935956E-04    0.5984593273E+00    0.8011531798E+00   -0.1100076994E-03   -0.4765569323E-03    0.1142585717E+02
    0.2930000000E+00    0.1129835525E-03    0.2344619851E-03    0.9999999661E+00    0.1412305148E-03    0.7639672622E-04    0.1000000000E+01    0.1262622378E-03    0.2503168617E-04    0.6172885664E+00    0.7867368107E+00   -0.1024747849E-03   -0.4831490864E-03    0.1146498682E+02
    0.2940000000E+00    0.1214344396E-03    0.2339993763E-03    0.9999999653E+00    0.1452887634E-03    0.7311112072E-04    0.1000000000E+01    0.1280040036E-03    0.2464989488E-04    0.6357706597E+00    0.7718780029E+00   -0.9472563669E-04   -0.4896847161E-03    0.1150411647E+02
    0.2950000000E+00    0.1299770273E-03    0.2332772676E-03    0.9999999644E+00    0.1492990744E-03    0.6966262312E-04    0.1000000000E+01    0.1297672516E-03    0.2425364574E-04    0.6538952134E+00    0.7565851125E+00   -0.8675850987E-04   -0.4961592035E-03    0.1154324611E+02
    0.2960000000E+00    0.1386046704E-03    0.2322896638E-03    0.9999999634E+00    0.1532559584E-03    0.6605063738E-04    0.1000000000E+01    0.1315521943E-03    0.2384259257E-04    0.6716520348E+00    0.7408667399E+00   -0.7857172032E-04   -0.5025678403E-03    0.1158237576E+02
    0.2970000000E+00    0.1473104607E-03    0.2310306940E-03    0.9999999625E+00    0.1571538395E-03    0.6227472484E-04    0.1000000000E+01    0.1333590442E-03    0.2341638293E-04    0.6890311379E+00    0.7247317247E+00   -0.7016364722E-04   -0.5089058276E-03    0.1162150541E+02
    0.2980000000E+00    0.1560872274E-03    0.2294946213E-03    0.9999999615E+00    0.1609870590E-03    0.5833460876E-04    0.1000000000E+01    0.1351880138E-03    0.2297465810E-04    0.7060227492E+00    0.7081891406E+00   -0.6153273552E-04   -0.5151682762E-03    0.1166063505E+02
    0.2990000000E+00    0.1649275379E-03    0.2276758527E-03    0.9999999605E+00    0.1647498790E-03    0.5423017883E-04    0.1000000000E+01    0.1370393154E-03    0.2251705292E-04    0.7226173131E+00    0.6912482908E+00   -0.5267749834E-04   -0.5213502061E-03    0.1169976470E+02
    0.3000000000E+00    0.1738236988E-03    0.2255689482E-03    0.9999999595E+00    0.1684364867E-03    0.4996149562E-04    0.1000000000E+01    0.1389131609E-03    0.2204319581E-04    0.7388054973E+00    0.6739187024E+00   -0.4359651956E-04   -0.5274465471E-03    0.1173889434E+02
    0.3010000000E+00    0.1827677573E-03    0.2231686309E-03    0.9999999584E+00    0.1720409987E-03    0.4552879498E-04    0.1000000000E+01    0.1408097622E-03    0.2155270868E-04    0.7545781980E+00    0.6562101209E+00   -0.3428845627E-04   -0.5334521386E-03    0.1177802399E+02
    0.3020000000E+00    0.1917515028E-03    0.2204697968E-03    0.9999999573E+00    0.1755574648E-03    0.4093249236E-04    0.1000000000E+01    0.1427293308E-03    0.2104520686E-04    0.7699265451E+00    0.6381325054E+00   -0.2475204139E-04   -0.5393617298E-03    0.1181715364E+02
    0.3030000000E+00    0.2007664688E-03    0.2174675245E-03    0.9999999562E+00    0.1789798732E-03    0.3617318702E-04    0.1000000000E+01    0.1446720778E-03    0.2052029902E-04    0.7848419070E+00    0.6196960219E+00   -0.1498608622E-04   -0.5451699800E-03    0.1185628328E+02
    0.3040000000E+00    0.2098039352E-03    0.2141570855E-03    0.9999999551E+00    0.1823021549E-03    0.3125166619E-04    0.1000000000E+01    0.1466382138E-03    0.1997758714E-04    0.7993158959E+00    0.6009110389E+00   -0.4989483110E-05   -0.5508714590E-03    0.1189541293E+02
    0.3050000000E+00    0.2188549312E-03    0.2105339537E-03    0.9999999539E+00    0.1855181887E-03    0.2616890919E-04    0.1000000000E+01    0.1486279491E-03    0.1941666643E-04    0.8133403720E+00    0.5817881203E+00    0.5238791937E-05   -0.5564606472E-03    0.1193454258E+02
    0.3060000000E+00    0.2279102379E-03    0.2065938161E-03    0.9999999527E+00    0.1886218063E-03    0.2092609131E-04    0.1000000000E+01    0.1506414934E-03    0.1883712526E-04    0.8269074482E+00    0.5623380203E+00    0.1569967655E-04   -0.5619319357E-03    0.1197367222E+02
    0.3070000000E+00    0.2369603918E-03    0.2023325824E-03    0.9999999515E+00    0.1916067977E-03    0.1552458772E-04    0.1000000000E+01    0.1526790557E-03    0.1823854510E-04    0.8400094948E+00    0.5425716773E+00    0.2639401931E-04   -0.5672796274E-03    0.1201280187E+02
    0.3080000000E+00    0.2459956882E-03    0.1977463954E-03    0.9999999502E+00    0.1944669164E-03    0.9965977239E-05    0.1000000000E+01    0.1547408444E-03    0.1762050044E-04    0.8526391437E+00    0.5225002071E+00    0.3732257700E-04   -0.5724979370E-03    0.1205193151E+02
    0.3090000000E+00    0.2550061854E-03    0.1928316411E-03    0.9999999489E+00    0.1971958854E-03    0.4252045924E-05    0.1000000000E+01    0.1568270675E-03    0.1698255874E-04    0.8647892922E+00    0.5021348975E+00    0.4848601185E-04   -0.5775809916E-03    0.1209106116E+02
    0.3100000000E+00    0.2639817092E-03    0.1875849587E-03    0.9999999476E+00    0.1997874030E-03   -0.1615209390E-05    0.1000000000E+01    0.1589379317E-03    0.1632428037E-04    0.8764531074E+00    0.4814872013E+00    0.5988488874E-04   -0.5825228313E-03    0.1213019081E+02
    0.3110000000E+00    0.2729118570E-03    0.1820032509E-03    0.9999999462E+00    0.2022351485E-03   -0.7633577720E-05    0.1000000000E+01    0.1610736434E-03    0.1564521852E-04    0.8876240300E+00    0.4605687302E+00    0.7151967241E-04   -0.5873174099E-03    0.1216932045E+02
    0.3120000000E+00    0.2817860036E-03    0.1760836942E-03    0.9999999448E+00    0.2045327887E-03   -0.1380063070E-04    0.1000000000E+01    0.1632344078E-03    0.1494491914E-04    0.8982957777E+00    0.4393912481E+00    0.8339072462E-04   -0.5919585956E-03    0.1220845010E+02
    0.3130000000E+00    0.2905933060E-03    0.1698237485E-03    0.9999999434E+00    0.2066739843E-03   -0.2011371947E-04    0.1000000000E+01    0.1654204292E-03    0.1422292090E-04    0.9084623490E+00    0.4179666648E+00    0.9549830127E-04   -0.5964401716E-03    0.1224757974E+02
    0.3140000000E+00    0.2993227096E-03    0.1632211677E-03    0.9999999419E+00    0.2086523960E-03   -0.2656997176E-04    0.1000000000E+01    0.1676319110E-03    0.1347875506E-04    0.9181180266E+00    0.3963070287E+00    0.1078425495E-03   -0.6007558371E-03    0.1228670939E+02
    0.3150000000E+00    0.3079629542E-03    0.1562740096E-03    0.9999999404E+00    0.2104616919E-03   -0.3316628910E-04    0.1000000000E+01    0.1698690556E-03    0.1271194547E-04    0.9272573803E+00    0.3744245206E+00    0.1204235050E-03   -0.6048992083E-03    0.1232583903E+02
    0.3160000000E+00    0.3165025807E-03    0.1489806456E-03    0.9999999388E+00    0.2120955537E-03   -0.3989934417E-04    0.1000000000E+01    0.1721320640E-03    0.1192200846E-04    0.9358752705E+00    0.3523314467E+00    0.1332410886E-03   -0.6088638190E-03    0.1236496868E+02
    0.3170000000E+00    0.3249299377E-03    0.1413397709E-03    0.9999999372E+00    0.2135476842E-03   -0.4676557841E-04    0.1000000000E+01    0.1744211364E-03    0.1110845277E-04    0.9439668506E+00    0.3300402315E+00    0.1462951039E-03   -0.6126431216E-03    0.1240409833E+02
    0.3180000000E+00    0.3332331892E-03    0.1333504143E-03    0.9999999356E+00    0.2148118145E-03   -0.5376119974E-04    0.1000000000E+01    0.1767364714E-03    0.1027077952E-04    0.9515275703E+00    0.3075634108E+00    0.1595852339E-03   -0.6162304889E-03    0.1244322797E+02
    0.3190000000E+00    0.3414003223E-03    0.1250119475E-03    0.9999999339E+00    0.2158817109E-03   -0.6088218048E-04    0.1000000000E+01    0.1790782665E-03    0.9408482066E-05    0.9585531775E+00    0.2849136252E+00    0.1731110381E-03   -0.6196192141E-03    0.1248235762E+02
    0.3200000000E+00    0.3494191548E-03    0.1163240954E-03    0.9999999322E+00    0.2167511829E-03   -0.6812425546E-04    0.1000000000E+01    0.1814467178E-03    0.8521046013E-05    0.9650397212E+00    0.2621036121E+00    0.1868719498E-03   -0.6228025132E-03    0.1252148726E+02
    0.3210000000E+00    0.3572773444E-03    0.1072869449E-03    0.9999999304E+00    0.2174140909E-03   -0.7548292040E-04    0.1000000000E+01    0.1838420199E-03    0.7607949085E-05    0.9709835537E+00    0.2391461993E+00    0.2008672725E-03   -0.6257735252E-03    0.1256061691E+02
    0.3220000000E+00    0.3649623969E-03    0.9790095465E-04    0.9999999286E+00    0.2178643534E-03   -0.8295343038E-04    0.1000000000E+01    0.1862643658E-03    0.6668661073E-05    0.9763813322E+00    0.2160542974E+00    0.2150961775E-03   -0.6285253144E-03    0.1259974655E+02
    0.3230000000E+00    0.3724616759E-03    0.8816696424E-04    0.9999999268E+00    0.2180959557E-03   -0.9053079861E-04    0.1000000000E+01    0.1887139473E-03    0.5702643766E-05    0.9812300212E+00    0.1928408926E+00    0.2295577004E-03   -0.6310508711E-03    0.1263887620E+02
    0.3240000000E+00    0.3797624122E-03    0.7808620300E-04    0.9999999249E+00    0.2181029575E-03   -0.9820979544E-04    0.1000000000E+01    0.1911909540E-03    0.4709350869E-05    0.9855268939E+00    0.1695190395E+00    0.2442507382E-03   -0.6333431136E-03    0.1267800584E+02
    0.3250000000E+00    0.3868517143E-03    0.6766029903E-04    0.9999999229E+00    0.2178795015E-03   -0.1059849475E-03    0.1000000000E+01    0.1936955743E-03    0.3688227934E-05    0.9892695340E+00    0.1461018536E+00    0.2591740462E-03   -0.6353948894E-03    0.1271713549E+02
    0.3260000000E+00    0.3937165781E-03    0.5689128780E-04    0.9999999209E+00    0.2174198213E-03   -0.1138505372E-03    0.1000000000E+01    0.1962279946E-03    0.2638712290E-05    0.9924558365E+00    0.1226025042E+00    0.2743262350E-03   -0.6371989772E-03    0.1275626513E+02
    0.3270000000E+00    0.4003438983E-03    0.4578162065E-04    0.9999999188E+00    0.2167182502E-03   -0.1218006025E-03    0.1000000000E+01    0.1987883994E-03    0.1560232958E-05    0.9950840097E+00    0.9903420650E-01    0.2897057674E-03   -0.6387480882E-03    0.1279539478E+02
    0.3280000000E+00    0.4067204795E-03    0.3433417300E-04    0.9999999167E+00    0.2157692297E-03   -0.1298289364E-03    0.1000000000E+01    0.2013769712E-03    0.4522105878E-06    0.9971525756E+00    0.7541021479E-01    0.3053109552E-03   -0.6400348684E-03    0.1283452442E+02
    0.3290000000E+00    0.4128330477E-03    0.2255225237E-04    0.9999999145E+00    0.2145673183E-03   -0.1379290879E-03    0.1000000000E+01    0.2039938909E-03   -0.6859426286E-06    0.9986603707E+00    0.5174381449E-01    0.3211399560E-03   -0.6410519000E-03    0.1287365407E+02
    0.3300000000E+00    0.4186682624E-03    0.1043960610E-04    0.9999999123E+00    0.2131071999E-03   -0.1460943616E-03    0.1000000000E+01    0.2066393369E-03   -0.1854823027E-05    0.9996065473E+00    0.2804831493E-01    0.3371907704E-03   -0.6417917039E-03    0.1291278371E+02
    0.3310000000E+00    0.4242127289E-03   -0.1999571100E-05    0.9999999100E+00    0.2113836934E-03   -0.1543178193E-03    0.1000000000E+01    0.2093134856E-03   -0.3055035550E-05    0.9999905731E+00    0.4337041785E-02    0.3534612386E-03   -0.6422467412E-03    0.1295191335E+02
    0.3320000000E+00    0.4294530110E-03   -0.1476062997E-04    0.9999999077E+00    0.2093917609E-03   -0.1625922802E-03    0.1000000000E+01    0.2120165112E-03   -0.4287193824E-05    0.9998122322E+00   -0.1937667038E-01    0.3699490376E-03   -0.6424094156E-03    0.1299104300E+02
    0.3330000000E+00    0.4343756442E-03   -0.2783845977E-04    0.9999999053E+00    0.2071265174E-03   -0.1709103226E-03    0.1000000000E+01    0.2147485857E-03   -0.5551920240E-05    0.9990716249E+00   -0.4307948565E-01    0.3866516775E-03   -0.6422720757E-03    0.1303017264E+02
    0.3340000000E+00    0.4389671494E-03   -0.4122748166E-04    0.9999999028E+00    0.2045832394E-03   -0.1792642855E-03    0.1000000000E+01    0.2175098787E-03   -0.6849846028E-05    0.9977691678E+00   -0.6675807421E-01    0.4035664990E-03   -0.6418270169E-03    0.1306930229E+02
    0.3350000000E+00    0.4432140465E-03   -0.5492164242E-04    0.9999999003E+00    0.2017573748E-03   -0.1876462704E-03    0.1000000000E+01    0.2203005570E-03   -0.8181611344E-05    0.9959055932E+00   -0.9039911989E-01    0.4206906700E-03   -0.6410664845E-03    0.1310843193E+02
    0.3360000000E+00    0.4471028685E-03   -0.6891440848E-04    0.9999998977E+00    0.1986445515E-03   -0.1960481432E-03    0.1000000000E+01    0.2231207855E-03   -0.9547865342E-05    0.9934819492E+00   -0.1139893276E+00    0.4380211825E-03   -0.6399826752E-03    0.1314756157E+02
    0.3370000000E+00    0.4506201766E-03   -0.8319876031E-04    0.9999998950E+00    0.1952405868E-03   -0.2044615372E-03    0.1000000000E+01    0.2259707259E-03   -0.1094926626E-04    0.9904995987E+00   -0.1375154310E+00    0.4555548492E-03   -0.6385677406E-03    0.1318669122E+02
    0.3380000000E+00    0.4537525746E-03   -0.9776718722E-04    0.9999998923E+00    0.1915414974E-03   -0.2128778553E-03    0.1000000000E+01    0.2288505375E-03   -0.1238648151E-04    0.9869602190E+00   -0.1609641995E+00    0.4732883012E-03   -0.6368137892E-03    0.1322582086E+02
    0.3390000000E+00    0.4564867245E-03   -0.1126116825E-03    0.9999998895E+00    0.1875435079E-03   -0.2212882738E-03    0.1000000000E+01    0.2317603769E-03   -0.1386018774E-04    0.9828658006E+00   -0.1843224462E+00    0.4912179838E-03   -0.6347128893E-03    0.1326495051E+02
    0.3400000000E+00    0.4588093622E-03   -0.1277237389E-03    0.9999998866E+00    0.1832430609E-03   -0.2296837449E-03    0.1000000000E+01    0.2347003976E-03   -0.1537107094E-04    0.9782186459E+00   -0.2075770351E+00    0.5093401545E-03   -0.6322570722E-03    0.1330408015E+02
    0.3410000000E+00    0.4607073129E-03   -0.1430943447E-03    0.9999998837E+00    0.1786368261E-03   -0.2380550014E-03    0.1000000000E+01    0.2376707504E-03   -0.1691982650E-04    0.9730213684E+00   -0.2307148885E+00    0.5276508791E-03   -0.6294383343E-03    0.1334320979E+02
    0.3420000000E+00    0.4621675081E-03   -0.1587139800E-03    0.9999998806E+00    0.1737217099E-03   -0.2463925600E-03    0.1000000000E+01    0.2406715829E-03   -0.1850715933E-04    0.9672768910E+00   -0.2537229943E+00    0.5461460291E-03   -0.6262486411E-03    0.1338233943E+02
    0.3430000000E+00    0.4631770016E-03   -0.1745726137E-03    0.9999998775E+00    0.1684948646E-03   -0.2546867263E-03    0.1000000000E+01    0.2437030397E-03   -0.2013378392E-04    0.9609884441E+00   -0.2765884134E+00    0.5648212782E-03   -0.6226799294E-03    0.1342146908E+02
    0.3440000000E+00    0.4637229868E-03   -0.1906597005E-03    0.9999998743E+00    0.1629536981E-03   -0.2629275989E-03    0.1000000000E+01    0.2467652621E-03   -0.2180042443E-04    0.9541595643E+00   -0.2992982869E+00    0.5836721000E-03   -0.6187241111E-03    0.1346059872E+02
    0.3450000000E+00    0.4637928136E-03   -0.2069641790E-03    0.9999998710E+00    0.1570958831E-03   -0.2711050754E-03    0.1000000000E+01    0.2498583883E-03   -0.2350781477E-04    0.9467940918E+00   -0.3218398434E+00    0.6026937641E-03   -0.6143730763E-03    0.1349972836E+02
    0.3460000000E+00    0.4633740059E-03   -0.2234744698E-03    0.9999998677E+00    0.1509193667E-03   -0.2792088567E-03    0.1000000000E+01    0.2529825528E-03   -0.2525669874E-04    0.9388961688E+00   -0.3442004062E+00    0.6218813340E-03   -0.6096186965E-03    0.1353885801E+02
    0.3470000000E+00    0.4624542794E-03   -0.2401784742E-03    0.9999998642E+00    0.1444223794E-03   -0.2872284540E-03    0.1000000000E+01    0.2561378869E-03   -0.2704783002E-04    0.9304702368E+00   -0.3663674003E+00    0.6412296633E-03   -0.6044528285E-03    0.1357798765E+02
    0.3480000000E+00    0.4610215595E-03   -0.2570635735E-03    0.9999998607E+00    0.1376034444E-03   -0.2951531938E-03    0.1000000000E+01    0.2593245183E-03   -0.2888197237E-04    0.9215210345E+00   -0.3883283596E+00    0.6607333932E-03   -0.5988673175E-03    0.1361711729E+02
    0.3490000000E+00    0.4590639996E-03   -0.2741166289E-03    0.9999998571E+00    0.1304613872E-03   -0.3029722252E-03    0.1000000000E+01    0.2625425709E-03   -0.3075989964E-04    0.9120535945E+00   -0.4100709339E+00    0.6803869496E-03   -0.5928540013E-03    0.1365624693E+02
    0.3500000000E+00    0.4565699997E-03   -0.2913239817E-03    0.9999998534E+00    0.1229953441E-03   -0.3106745263E-03    0.1000000000E+01    0.2657921651E-03   -0.3268239590E-04    0.9020732411E+00   -0.4315828958E+00    0.7001845402E-03   -0.5864047137E-03    0.1369537658E+02
    0.3510000000E+00    0.4535282248E-03   -0.3086714543E-03    0.9999998495E+00    0.1152047717E-03   -0.3182489118E-03    0.1000000000E+01    0.2690734172E-03   -0.3465025552E-04    0.8915855870E+00   -0.4528521475E+00    0.7201201514E-03   -0.5795112883E-03    0.1373450622E+02
    0.3520000000E+00    0.4499276239E-03   -0.3261443517E-03    0.9999998456E+00    0.1070894555E-03   -0.3256840400E-03    0.1000000000E+01    0.2723864395E-03   -0.3666428328E-04    0.8805965300E+00   -0.4738667279E+00    0.7401875457E-03   -0.5721655629E-03    0.1377363586E+02
    0.3530000000E+00    0.4457574491E-03   -0.3437274635E-03    0.9999998416E+00    0.9864951903E-04   -0.3329684213E-03    0.1000000000E+01    0.2757313407E-03   -0.3872529444E-04    0.8691122502E+00   -0.4946148188E+00    0.7603802587E-03   -0.5643593833E-03    0.1381276550E+02
    0.3540000000E+00    0.4410072750E-03   -0.3614050664E-03    0.9999998375E+00    0.8988543209E-04   -0.3400904262E-03    0.1000000000E+01    0.2791082248E-03   -0.4083411485E-04    0.8571392060E+00   -0.5150847522E+00    0.7806915968E-03   -0.5560846077E-03    0.1385189514E+02
    0.3550000000E+00    0.4356670179E-03   -0.3791609278E-03    0.9999998332E+00    0.8079801961E-04   -0.3470382939E-03    0.1000000000E+01    0.2825171919E-03   -0.4299158104E-04    0.8446841307E+00   -0.5352650163E+00    0.8011146339E-03   -0.5473331105E-03    0.1389102478E+02
    0.3560000000E+00    0.4297269555E-03   -0.3969783096E-03    0.9999998289E+00    0.7138846991E-04   -0.3538001415E-03    0.1000000000E+01    0.2859583376E-03   -0.4519854034E-04    0.8317540287E+00   -0.5551442623E+00    0.8216422090E-03   -0.5380967873E-03    0.1393015442E+02
    0.3570000000E+00    0.4231777465E-03   -0.4148399726E-03    0.9999998244E+00    0.6165834291E-04   -0.3603639733E-03    0.1000000000E+01    0.2894317531E-03   -0.4745585095E-04    0.8183561714E+00   -0.5747113107E+00    0.8422669239E-03   -0.5283675592E-03    0.1396928406E+02
    0.3580000000E+00    0.4160104505E-03   -0.4327281817E-03    0.9999998199E+00    0.5160957815E-04   -0.3667176906E-03    0.1000000000E+01    0.2929375250E-03   -0.4976438203E-04    0.8044980936E+00   -0.5939551575E+00    0.8629811400E-03   -0.5181373771E-03    0.1400841370E+02
    0.3590000000E+00    0.4082165478E-03   -0.4506247118E-03    0.9999998152E+00    0.4124450267E-04   -0.3728491017E-03    0.1000000000E+01    0.2964757352E-03   -0.5212501386E-04    0.7901875885E+00   -0.6128649805E+00    0.8837769761E-03   -0.5073982267E-03    0.1404754335E+02
    0.3600000000E+00    0.3997879595E-03   -0.4685108545E-03    0.9999998104E+00    0.3056583860E-04   -0.3787459324E-03    0.1000000000E+01    0.3000464608E-03   -0.5453863787E-04    0.7754327040E+00   -0.6314301454E+00    0.9046463060E-03   -0.4961421335E-03    0.1408667299E+02
    0.3610000000E+00    0.3907170674E-03   -0.4863674248E-03    0.9999998054E+00    0.1957671058E-04   -0.3843958369E-03    0.1000000000E+01    0.3036497741E-03   -0.5700615678E-04    0.7602417378E+00   -0.6496402116E+00    0.9255807561E-03   -0.4843611673E-03    0.1412580263E+02
    0.3620000000E+00    0.3809967340E-03   -0.5041747694E-03    0.9999998003E+00    0.8280652961E-05   -0.3897864091E-03    0.1000000000E+01    0.3072857423E-03   -0.5952848472E-04    0.7446232330E+00   -0.6674849383E+00    0.9465717026E-03   -0.4720474473E-03    0.1416493227E+02
    0.3630000000E+00    0.3706203230E-03   -0.5219127753E-03    0.9999997951E+00   -0.3318383283E-05   -0.3949051938E-03    0.1000000000E+01    0.3109544274E-03   -0.6210654728E-04    0.7285859728E+00   -0.6849542902E+00    0.9676102699E-03   -0.4591931476E-03    0.1420406190E+02
    0.3640000000E+00    0.3595817185E-03   -0.5395608787E-03    0.9999997898E+00   -0.1521602387E-04   -0.3997396988E-03    0.1000000000E+01    0.3146558863E-03   -0.6474128168E-04    0.7121389763E+00   -0.7020384428E+00    0.9886873276E-03   -0.4457905020E-03    0.1424319154E+02
    0.3650000000E+00    0.3478753461E-03   -0.5570980754E-03    0.9999997843E+00   -0.2740746483E-04   -0.4042774074E-03    0.1000000000E+01    0.3183901704E-03   -0.6743363682E-04    0.6952914928E+00   -0.7187277887E+00    0.1009793489E-02   -0.4318318096E-03    0.1428232118E+02
    0.3660000000E+00    0.3354961921E-03   -0.5745029314E-03    0.9999997787E+00   -0.3988746636E-04   -0.4085057904E-03    0.1000000000E+01    0.3221573257E-03   -0.7018457342E-04    0.6780529967E+00   -0.7350129420E+00    0.1030919109E-02   -0.4173094404E-03    0.1432145082E+02
    0.3670000000E+00    0.3224398235E-03   -0.5917535944E-03    0.9999997729E+00   -0.5265034703E-04   -0.4124123196E-03    0.1000000000E+01    0.3259573926E-03   -0.7299506414E-04    0.6604331826E+00   -0.7508847447E+00    0.1052054280E-02   -0.4022158402E-03    0.1436058046E+02
    0.3680000000E+00    0.3087024084E-03   -0.6088278058E-03    0.9999997670E+00   -0.6568997830E-04   -0.4159844808E-03    0.1000000000E+01    0.3297904055E-03   -0.7586609364E-04    0.6424419593E+00   -0.7663342707E+00    0.1073188835E-02   -0.3865435372E-03    0.1439971010E+02
    0.3690000000E+00    0.2942807350E-03   -0.6257029141E-03    0.9999997610E+00   -0.7899977934E-04   -0.4192097873E-03    0.1000000000E+01    0.3336563933E-03   -0.7879865875E-04    0.6240894446E+00   -0.7813528317E+00    0.1094312340E-02   -0.3702851470E-03    0.1443883974E+02
    0.3700000000E+00    0.2791722315E-03   -0.6423558881E-03    0.9999997547E+00   -0.9257271222E-04   -0.4220757942E-03    0.1000000000E+01    0.3375553786E-03   -0.8179376855E-04    0.6053859594E+00   -0.7959319817E+00    0.1115414094E-02   -0.3534333790E-03    0.1447796938E+02
    0.3710000000E+00    0.2633749853E-03   -0.6587633318E-03    0.9999997484E+00   -0.1064012774E-03   -0.4245701121E-03    0.1000000000E+01    0.3414873781E-03   -0.8485244448E-04    0.5863420221E+00   -0.8100635218E+00    0.1136483130E-02   -0.3359810419E-03    0.1451709901E+02
    0.3720000000E+00    0.2468877626E-03   -0.6749014994E-03    0.9999997418E+00   -0.1204775098E-03   -0.4266804223E-03    0.1000000000E+01    0.3454524020E-03   -0.8797572047E-04    0.5669683425E+00   -0.8237395047E+00    0.1157508211E-02   -0.3179210505E-03    0.1455622865E+02
    0.3730000000E+00    0.2297100269E-03   -0.6907463113E-03    0.9999997351E+00   -0.1347929747E-03   -0.4283944911E-03    0.1000000000E+01    0.3494504543E-03   -0.9116464305E-04    0.5472758156E+00   -0.8369522395E+00    0.1178477827E-02   -0.2992464313E-03    0.1459535829E+02
    0.3740000000E+00    0.2118419580E-03   -0.7062733711E-03    0.9999997282E+00   -0.1493387651E-03   -0.4297001851E-03    0.1000000000E+01    0.3534815324E-03   -0.9442027146E-04    0.5272755162E+00   -0.8496942957E+00    0.1199380197E-02   -0.2799503288E-03    0.1463448792E+02
    0.3750000000E+00    0.1932844703E-03   -0.7214579829E-03    0.9999997211E+00   -0.1641054981E-03   -0.4305854870E-03    0.1000000000E+01    0.3575456269E-03   -0.9774367777E-04    0.5069786917E+00   -0.8619585076E+00    0.1220203265E-02   -0.2600260126E-03    0.1467361756E+02
    0.3760000000E+00    0.1740392312E-03   -0.7362751695E-03    0.9999997138E+00   -0.1790833129E-03   -0.4310385109E-03    0.1000000000E+01    0.3616427216E-03   -0.1011359470E-03    0.4863967566E+00   -0.8737379780E+00    0.1240934701E-02   -0.2394668830E-03    0.1471274720E+02
    0.3770000000E+00    0.1541086788E-03   -0.7506996921E-03    0.9999997064E+00   -0.1942618686E-03   -0.4310475184E-03    0.1000000000E+01    0.3657727935E-03   -0.1045981773E-03    0.4655412855E+00   -0.8850260825E+00    0.1261561897E-02   -0.2182664786E-03    0.1475187683E+02
    0.3780000000E+00    0.1334960393E-03   -0.7647060692E-03    0.9999996987E+00   -0.2096303428E-03   -0.4306009348E-03    0.1000000000E+01    0.3699358124E-03   -0.1081314799E-03    0.4444240070E+00   -0.8958164731E+00    0.1282071967E-02   -0.1964184821E-03    0.1479100647E+02
    0.3790000000E+00    0.1122053443E-03   -0.7782685984E-03    0.9999996909E+00   -0.2251774303E-03   -0.4296873661E-03    0.1000000000E+01    0.3741317406E-03   -0.1117369795E-03    0.4230567969E+00   -0.9061030814E+00    0.1302451750E-02   -0.1739167278E-03    0.1483013610E+02
    0.3800000000E+00    0.9024144750E-04   -0.7913613766E-03    0.9999996828E+00   -0.2408913424E-03   -0.4282956148E-03    0.1000000000E+01    0.3783605333E-03   -0.1154158141E-03    0.4014516714E+00   -0.9158801226E+00    0.1322687801E-02   -0.1507552085E-03    0.1486926574E+02
    0.3810000000E+00    0.6761004082E-04   -0.8039583233E-03    0.9999996746E+00   -0.2567598072E-03   -0.4264146980E-03    0.1000000000E+01    0.3826221380E-03   -0.1191691353E-03    0.3796207808E+00   -0.9251420984E+00    0.1342766398E-02   -0.1269280821E-03    0.1490839537E+02
    0.3820000000E+00    0.4431767037E-04   -0.8160332026E-03    0.9999996661E+00   -0.2727700696E-03   -0.4240338635E-03    0.1000000000E+01    0.3869164943E-03   -0.1229981085E-03    0.3575764020E+00   -0.9338838000E+00    0.1362673538E-02   -0.1024296794E-03    0.1494752501E+02
    0.3830000000E+00    0.2037175172E-04   -0.8275596476E-03    0.9999996574E+00   -0.2889088923E-03   -0.4211426080E-03    0.1000000000E+01    0.3912435341E-03   -0.1269039127E-03    0.3353309322E+00   -0.9421003114E+00    0.1382394937E-02   -0.7725451060E-04    0.1498665464E+02
    0.3840000000E+00   -0.4219415320E-05   -0.8385111846E-03    0.9999996485E+00   -0.3051625572E-03   -0.4177306943E-03    0.1000000000E+01    0.3956031812E-03   -0.1308877410E-03    0.3128968817E+00   -0.9497870118E+00    0.1401916028E-02   -0.5139727350E-04    0.1502578427E+02
    0.3850000000E+00   -0.2944663239E-04   -0.8488612581E-03    0.9999996393E+00   -0.3215168678E-03   -0.4137881691E-03    0.1000000000E+01    0.3999953511E-03   -0.1349508007E-03    0.2902868667E+00   -0.9569395785E+00    0.1421221964E-02   -0.2485286034E-04    0.1506491391E+02
    0.3860000000E+00   -0.5529978894E-04   -0.8585832571E-03    0.9999996299E+00   -0.3379571509E-03   -0.4093053812E-03    0.1000000000E+01    0.4044199509E-03   -0.1390943130E-03    0.2675136025E+00   -0.9635539889E+00    0.1440297616E-02    0.2383634385E-05    0.1510404354E+02
    0.3870000000E+00   -0.8176784916E-04   -0.8676505416E-03    0.9999996203E+00   -0.3544682606E-03   -0.4042729991E-03    0.1000000000E+01    0.4088768792E-03   -0.1433195137E-03    0.2445898961E+00   -0.9696265235E+00    0.1459127572E-02    0.3031690632E-04    0.1514317317E+02
    0.3880000000E+00   -0.1088388396E-03   -0.8760364702E-03    0.9999996104E+00   -0.3710345814E-03   -0.3986820293E-03    0.1000000000E+01    0.4133660257E-03   -0.1476276529E-03    0.2215286392E+00   -0.9751537670E+00    0.1477696141E-02    0.5895143346E-04    0.1518230280E+02
    0.3890000000E+00   -0.1364998372E-03   -0.8837144281E-03    0.9999996002E+00   -0.3876400327E-03   -0.3925238352E-03    0.1000000000E+01    0.4178872714E-03   -0.1520199953E-03    0.1983428008E+00   -0.9801326112E+00    0.1495987348E-02    0.8829146835E-04    0.1522143243E+02
    0.3900000000E+00   -0.1647369585E-03   -0.8906578557E-03    0.9999995898E+00   -0.4042680738E-03   -0.3857901547E-03    0.1000000000E+01    0.4224404878E-03   -0.1564978207E-03    0.1750454200E+00   -0.9845602562E+00    0.1513984939E-02    0.1183410301E-03    0.1526056207E+02
    0.3910000000E+00   -0.1935353492E-03   -0.8968402786E-03    0.9999995791E+00   -0.4209017091E-03   -0.3784731192E-03    0.1000000000E+01    0.4270255376E-03   -0.1610624232E-03    0.1516495985E+00   -0.9884342118E+00    0.1531672380E-02    0.1491038962E-03    0.1529969170E+02
    0.3920000000E+00   -0.2228791745E-03   -0.9022353376E-03    0.9999995682E+00   -0.4375234946E-03   -0.3705652721E-03    0.1000000000E+01    0.4316422737E-03   -0.1657151123E-03    0.1281684935E+00   -0.9917522995E+00    0.1549032856E-02    0.1805835949E-03    0.1533882133E+02
    0.3930000000E+00   -0.2527516104E-03   -0.9068168195E-03    0.9999995569E+00   -0.4541155444E-03   -0.3620595872E-03    0.1000000000E+01    0.4362905393E-03   -0.1704572127E-03    0.1046153102E+00   -0.9945126532E+00    0.1566049275E-02    0.2127833962E-03    0.1537795096E+02
    0.3940000000E+00   -0.2831348357E-03   -0.9105586885E-03    0.9999995454E+00   -0.4706595380E-03   -0.3529494876E-03    0.1000000000E+01    0.4409701678E-03   -0.1752900641E-03    0.8100329414E-01   -0.9967137208E+00    0.1582704267E-02    0.2457063043E-03    0.1541708058E+02
    0.3950000000E+00   -0.3140100249E-03   -0.9134351189E-03    0.9999995335E+00   -0.4871367289E-03   -0.3432288643E-03    0.1000000000E+01    0.4456809825E-03   -0.1802150218E-03    0.5734572413E-01   -0.9983542642E+00    0.1598980187E-02    0.2793550486E-03    0.1545621021E+02
    0.3960000000E+00   -0.3453573417E-03   -0.9154205272E-03    0.9999995214E+00   -0.5035279527E-03   -0.3328920947E-03    0.1000000000E+01    0.4504227966E-03   -0.1852334568E-03    0.3365590452E-01   -0.9994333609E+00    0.1614859113E-02    0.3137320757E-03    0.1549533984E+02
    0.3970000000E+00   -0.3771559343E-03   -0.9164896060E-03    0.9999995089E+00   -0.5198136369E-03   -0.3219340614E-03    0.1000000000E+01    0.4551954126E-03   -0.1903467556E-03    0.9947157790E-02   -0.9999504041E+00    0.1630322853E-02    0.3488395405E-03    0.1553446947E+02
    0.3980000000E+00   -0.4093839302E-03   -0.9166173577E-03    0.9999994961E+00   -0.5359738105E-03   -0.3103501705E-03    0.1000000000E+01    0.4599986222E-03   -0.1955563206E-03   -0.1376718290E-01   -0.9999051029E+00    0.1645352941E-02    0.3846792977E-03    0.1557359910E+02
    0.3990000000E+00   -0.4420184331E-03   -0.9157791289E-03    0.9999994830E+00   -0.5519881155E-03   -0.2981363706E-03    0.1000000000E+01    0.4648322066E-03   -0.2008635704E-03   -0.3747378127E-01   -0.9992974829E+00    0.1659930643E-02    0.4212528931E-03    0.1561272872E+02
    0.4000000000E+00   -0.4750355208E-03   -0.9139506457E-03    0.9999994695E+00   -0.5678358176E-03   -0.2852891707E-03    0.1000000000E+01    0.4696959356E-03   -0.2062699396E-03   -0.6115930539E-01   -0.9981278857E+00    0.1674036958E-02    0.4585615546E-03    0.1565185835E+02
    0.4010000000E+00   -0.5084102430E-03   -0.9111080491E-03    0.9999994557E+00   -0.5834958187E-03   -0.2718056586E-03    0.1000000000E+01    0.4745895676E-03   -0.2117768790E-03   -0.8481043517E-01   -0.9963969691E+00    0.1687652619E-02    0.4966061837E-03    0.1569098797E+02
    0.4020000000E+00   -0.5421166217E-03   -0.9072279311E-03    0.9999994415E+00   -0.5989466696E-03   -0.2576835193E-03    0.1000000000E+01    0.4795128497E-03   -0.2173858562E-03   -0.1084138699E+00   -0.9941057065E+00    0.1700758096E-02    0.5353873460E-03    0.1573011760E+02
    0.4030000000E+00   -0.5761276514E-03   -0.9022873711E-03    0.9999994270E+00   -0.6141665838E-03   -0.2429210527E-03    0.1000000000E+01    0.4844655169E-03   -0.2230983550E-03   -0.1319563356E+00   -0.9912553864E+00    0.1713333602E-02    0.5749052629E-03    0.1576924722E+02
    0.4040000000E+00   -0.6104153010E-03   -0.8962639729E-03    0.9999994121E+00   -0.6291334513E-03   -0.2275171918E-03    0.1000000000E+01    0.4894472924E-03   -0.2289158762E-03   -0.1554245927E+00   -0.9878476117E+00    0.1725359091E-02    0.6151598018E-03    0.1580837685E+02
    0.4050000000E+00   -0.6449505168E-03   -0.8891359022E-03    0.9999993968E+00   -0.6438248540E-03   -0.2114715197E-03    0.1000000000E+01    0.4944578870E-03   -0.2348399375E-03   -0.1788054432E+00   -0.9838842990E+00    0.1736814263E-02    0.6561504674E-03    0.1584750647E+02
    0.4060000000E+00   -0.6797032266E-03   -0.8808819239E-03    0.9999993810E+00   -0.6582180811E-03   -0.1947842877E-03    0.1000000000E+01    0.4994969991E-03   -0.2408720735E-03   -0.2020857385E+00   -0.9793676770E+00    0.1747678568E-02    0.6978763924E-03    0.1588663609E+02
    0.4070000000E+00   -0.7146423448E-03   -0.8714814408E-03    0.9999993649E+00   -0.6722901455E-03   -0.1774564319E-03    0.1000000000E+01    0.5045643144E-03   -0.2470138362E-03   -0.2252523863E+00   -0.9743002858E+00    0.1757931210E-02    0.7403363283E-03    0.1592576571E+02
    0.4080000000E+00   -0.7497357792E-03   -0.8609145312E-03    0.9999993484E+00   -0.6860178012E-03   -0.1594895903E-03    0.1000000000E+01    0.5096595053E-03   -0.2532667948E-03   -0.2482923584E+00   -0.9686849751E+00    0.1767551149E-02    0.7835286356E-03    0.1596489533E+02
    0.4090000000E+00   -0.7849504384E-03   -0.8491619882E-03    0.9999993314E+00   -0.6993775607E-03   -0.1408861192E-03    0.1000000000E+01    0.5147822314E-03   -0.2596325362E-03   -0.2711926976E+00   -0.9625249027E+00    0.1776517105E-02    0.8274512753E-03    0.1600402495E+02
    0.4100000000E+00   -0.8202522409E-03   -0.8362053586E-03    0.9999993140E+00   -0.7123457140E-03   -0.1216491096E-03    0.1000000000E+01    0.5199321384E-03   -0.2661126649E-03   -0.2939405255E+00   -0.9558235330E+00    0.1784807563E-02    0.8721017985E-03    0.1604315457E+02
    0.4110000000E+00   -0.8556061253E-03   -0.8220269815E-03    0.9999992961E+00   -0.7248983476E-03   -0.1017824028E-03    0.1000000000E+01    0.5251088584E-03   -0.2727088031E-03   -0.3165230494E+00   -0.9485846346E+00    0.1792400778E-02    0.9174773378E-03    0.1608228419E+02
    0.4120000000E+00   -0.8909760621E-03   -0.8066100283E-03    0.9999992778E+00   -0.7370113643E-03   -0.8129060629E-04    0.1000000000E+01    0.5303120094E-03   -0.2794225912E-03   -0.3389275694E+00   -0.9408122785E+00    0.1799274778E-02    0.9635745972E-03    0.1612141381E+02
    0.4130000000E+00   -0.9263250661E-03   -0.7899385416E-03    0.9999992590E+00   -0.7486605044E-03   -0.6017910841E-04    0.1000000000E+01    0.5355411952E-03   -0.2862556877E-03   -0.3611414859E+00   -0.9325108356E+00    0.1805407370E-02    0.1010389843E-02    0.1616054342E+02
    0.4140000000E+00   -0.9616152111E-03   -0.7719974752E-03    0.9999992397E+00   -0.7598213669E-03   -0.3845409325E-04    0.1000000000E+01    0.5407960050E-03   -0.2932097693E-03   -0.3831523063E+00   -0.9236849743E+00    0.1810776144E-02    0.1057918893E-02    0.1619967304E+02
    0.4150000000E+00   -0.9968076453E-03   -0.7527727334E-03    0.9999992199E+00   -0.7704694314E-03   -0.1612255471E-04    0.1000000000E+01    0.5460760130E-03   -0.3002865313E-03   -0.4049476524E+00   -0.9143396582E+00    0.1815358481E-02    0.1106157110E-02    0.1623880266E+02
    0.4160000000E+00   -0.1031862608E-02   -0.7322512111E-03    0.9999991996E+00   -0.7805800812E-03    0.6807689721E-05    0.1000000000E+01    0.5513807783E-03   -0.3074876877E-03   -0.4265152670E+00   -0.9044801426E+00    0.1819131553E-02    0.1155099387E-02    0.1627793227E+02
    0.4170000000E+00   -0.1066739449E-02   -0.7104208327E-03    0.9999991787E+00   -0.7901286268E-03    0.3032798582E-04    0.1000000000E+01    0.5567098447E-03   -0.3148149711E-03   -0.4478430212E+00   -0.8941119725E+00    0.1822072336E-02    0.1204740143E-02    0.1631706188E+02
    0.4180000000E+00   -0.1101396647E-02   -0.6872705927E-03    0.9999991573E+00   -0.7990903299E-03    0.5442882999E-04    0.1000000000E+01    0.5620627400E-03   -0.3222701331E-03   -0.4689189207E+00   -0.8832409785E+00    0.1824157610E-02    0.1255073311E-02    0.1635619150E+02
    0.4190000000E+00   -0.1135791830E-02   -0.6627905945E-03    0.9999991354E+00   -0.8074404285E-03    0.7909985716E-04    0.1000000000E+01    0.5674389762E-03   -0.3298549446E-03   -0.4897311131E+00   -0.8718732741E+00    0.1825363967E-02    0.1306092325E-02    0.1639532111E+02
    0.4200000000E+00   -0.1169881804E-02   -0.6369720896E-03    0.9999991128E+00   -0.8151541624E-03    0.1043298294E-03    0.1000000000E+01    0.5728380488E-03   -0.3375711957E-03   -0.5102678942E+00   -0.8600152522E+00    0.1825667821E-02    0.1357790117E-02    0.1643445072E+02
    0.4210000000E+00   -0.1203622568E-02   -0.6098075176E-03    0.9999990897E+00   -0.8222067995E-03    0.1301066248E-03    0.1000000000E+01    0.5782594368E-03   -0.3454206958E-03   -0.5305177146E+00   -0.8476735815E+00    0.1825045409E-02    0.1410159101E-02    0.1647358033E+02
    0.4220000000E+00   -0.1236969345E-02   -0.5812905444E-03    0.9999990660E+00   -0.8285736625E-03    0.1564172277E-03    0.1000000000E+01    0.5837026020E-03   -0.3534052742E-03   -0.5504691864E+00   -0.8348552025E+00    0.1823472803E-02    0.1463191169E-02    0.1651270994E+02
    0.4230000000E+00   -0.1269876612E-02   -0.5514161009E-03    0.9999990417E+00   -0.8342301565E-03    0.1832477189E-03    0.1000000000E+01    0.5891669890E-03   -0.3615267799E-03   -0.5701110894E+00   -0.8215673240E+00    0.1820925914E-02    0.1516877676E-02    0.1655183955E+02
    0.4240000000E+00   -0.1302298120E-02   -0.5201804217E-03    0.9999990167E+00   -0.8391517975E-03    0.2105832667E-03    0.1000000000E+01    0.5946520249E-03   -0.3697870816E-03   -0.5894323776E+00   -0.8078174187E+00    0.1817380501E-02    0.1571209433E-02    0.1659096915E+02
    0.4250000000E+00   -0.1334186933E-02   -0.4875810828E-03    0.9999989911E+00   -0.8433142404E-03    0.2384081191E-03    0.1000000000E+01    0.6001571187E-03   -0.3781880685E-03   -0.6084221851E+00   -0.7936132191E+00    0.1812812180E-02    0.1626176696E-02    0.1663009876E+02
    0.4260000000E+00   -0.1365495453E-02   -0.4536170389E-03    0.9999989648E+00   -0.8466933093E-03    0.2667055965E-03    0.1000000000E+01    0.6056816612E-03   -0.3867316500E-03   -0.6270698326E+00   -0.7789627132E+00    0.1807196429E-02    0.1681769160E-02    0.1666922836E+02
    0.4270000000E+00   -0.1396175459E-02   -0.4182886610E-03    0.9999989379E+00   -0.8492650268E-03    0.2954580848E-03    0.1000000000E+01    0.6112250243E-03   -0.3954197557E-03   -0.6453648332E+00   -0.7638741402E+00    0.1800508601E-02    0.1737975943E-02    0.1670835797E+02
    0.4280000000E+00   -0.1426178134E-02   -0.3815977721E-03    0.9999989102E+00   -0.8510056446E-03    0.3246470303E-03    0.1000000000E+01    0.6167865613E-03   -0.4042543361E-03   -0.6632968983E+00   -0.7483559854E+00    0.1792723927E-02    0.1794785582E-02    0.1674748757E+02
    0.4290000000E+00   -0.1455454111E-02   -0.3435476840E-03    0.9999988818E+00   -0.8518916750E-03    0.3542529341E-03    0.1000000000E+01    0.6223656058E-03   -0.4132373625E-03   -0.6808559433E+00   -0.7324169757E+00    0.1783817530E-02    0.1852186022E-02    0.1678661717E+02
    0.4300000000E+00   -0.1483953503E-02   -0.3041432315E-03    0.9999988527E+00   -0.8518999221E-03    0.3842553489E-03    0.1000000000E+01    0.6279614718E-03   -0.4223708270E-03   -0.6980320936E+00   -0.7160660749E+00    0.1773764431E-02    0.1910164604E-02    0.1682574677E+02
    0.4310000000E+00   -0.1511625943E-02   -0.2633908082E-03    0.9999988228E+00   -0.8510075140E-03    0.4146328752E-03    0.1000000000E+01    0.6335734534E-03   -0.4316567429E-03   -0.7148156896E+00   -0.6993124782E+00    0.1762539562E-02    0.1968708057E-02    0.1686487637E+02
    0.4320000000E+00   -0.1538420631E-02   -0.2212983992E-03    0.9999987922E+00   -0.8491919356E-03    0.4453631595E-03    0.1000000000E+01    0.6392008240E-03   -0.4410971450E-03   -0.7311972928E+00   -0.6821656073E+00    0.1750117770E-02    0.2027802491E-02    0.1690400596E+02
    0.4330000000E+00   -0.1564286369E-02   -0.1778756147E-03    0.9999987607E+00   -0.8464310616E-03    0.4764228932E-03    0.1000000000E+01    0.6448428362E-03   -0.4506940893E-03   -0.7471676906E+00   -0.6646351053E+00    0.1736473836E-02    0.2087433383E-02    0.1694313556E+02
    0.4340000000E+00   -0.1589171607E-02   -0.1331337224E-03    0.9999987284E+00   -0.8427031900E-03    0.5077878121E-03    0.1000000000E+01    0.6504987214E-03   -0.4604496536E-03   -0.7627179016E+00   -0.6467308307E+00    0.1721582475E-02    0.2147585572E-02    0.1698226516E+02
    0.4350000000E+00   -0.1613024493E-02   -0.8708567793E-04    0.9999986953E+00   -0.8379870762E-03    0.5394326972E-03    0.1000000000E+01    0.6561676895E-03   -0.4703659376E-03   -0.7778391809E+00   -0.6284628524E+00    0.1705418355E-02    0.2208243247E-02    0.1702139475E+02
    0.4360000000E+00   -0.1635792913E-02   -0.3974615596E-04    0.9999986613E+00   -0.8322619672E-03    0.5713313768E-03    0.1000000000E+01    0.6618489281E-03   -0.4804450627E-03   -0.7925230246E+00   -0.6098414439E+00    0.1687956105E-02    0.2269389937E-02    0.1706052434E+02
    0.4370000000E+00   -0.1657424543E-02    0.8868421037E-05    0.9999986264E+00   -0.8255076365E-03    0.6034567288E-03    0.1000000000E+01    0.6675416027E-03   -0.4906891728E-03   -0.8067611749E+00   -0.5908770772E+00    0.1669170325E-02    0.2331008506E-02    0.1709965393E+02
    0.4380000000E+00   -0.1677866898E-02    0.5873985446E-04    0.9999985907E+00   -0.8177044193E-03    0.6357806852E-03    0.1000000000E+01    0.6732448556E-03   -0.5011004339E-03   -0.8205456246E+00   -0.5715804175E+00    0.1649035602E-02    0.2393081140E-02    0.1713878352E+02
    0.4390000000E+00   -0.1697067386E-02    0.1098481426E-03    0.9999985540E+00   -0.8088332476E-03    0.6682742370E-03    0.1000000000E+01    0.6789578061E-03   -0.5116810347E-03   -0.8338686217E+00   -0.5519623166E+00    0.1627526516E-02    0.2455589340E-02    0.1717791311E+02
    0.4400000000E+00   -0.1714973355E-02    0.1621714548E-03    0.9999985163E+00   -0.7988756861E-03    0.7009074400E-03    0.1000000000E+01    0.6846795498E-03   -0.5224331864E-03   -0.8467226738E+00   -0.5320338072E+00    0.1604617657E-02    0.2518513912E-02    0.1721704269E+02
    0.4410000000E+00   -0.1731532152E-02    0.2156861069E-03    0.9999984777E+00   -0.7878139683E-03    0.7336494225E-03    0.1000000000E+01    0.6904091580E-03   -0.5333591232E-03   -0.8591005520E+00   -0.5118060965E+00    0.1580283636E-02    0.2581834960E-02    0.1725617228E+02
    0.4420000000E+00   -0.1746691178E-02    0.2703665380E-03    0.9999984380E+00   -0.7756310324E-03    0.7664683938E-03    0.1000000000E+01    0.6961456775E-03   -0.5444611021E-03   -0.8709952953E+00   -0.4912905601E+00    0.1554499097E-02    0.2645531875E-02    0.1729530186E+02
    0.4430000000E+00   -0.1760397943E-02    0.3261852888E-03    0.9999983973E+00   -0.7623105580E-03    0.7993316536E-03    0.1000000000E+01    0.7018881301E-03   -0.5557414035E-03   -0.8824002145E+00   -0.4704987354E+00    0.1527238733E-02    0.2709583330E-02    0.1733443144E+02
    0.4440000000E+00   -0.1772600127E-02    0.3831129808E-03    0.9999983556E+00   -0.7478370026E-03    0.8322056030E-03    0.1000000000E+01    0.7076355121E-03   -0.5672023311E-03   -0.8933088956E+00   -0.4494423150E+00    0.1498477297E-02    0.2773967266E-02    0.1737356102E+02
    0.4450000000E+00   -0.1783245636E-02    0.4411182977E-03    0.9999983127E+00   -0.7321956381E-03    0.8650557569E-03    0.1000000000E+01    0.7133867939E-03   -0.5788462121E-03   -0.9037152040E+00   -0.4281331405E+00    0.1468189616E-02    0.2838660890E-02    0.1741269059E+02
    0.4460000000E+00   -0.1792282668E-02    0.5001679680E-03    0.9999982688E+00   -0.7153725877E-03    0.8978467568E-03    0.1000000000E+01    0.7191409195E-03   -0.5906753974E-03   -0.9136132874E+00   -0.4065831957E+00    0.1436350607E-02    0.2903640665E-02    0.1745182017E+02
    0.4470000000E+00   -0.1799659771E-02    0.5602267491E-03    0.9999982237E+00   -0.6973548630E-03    0.9305423861E-03    0.1000000000E+01    0.7248968058E-03   -0.6026922617E-03   -0.9229975793E+00   -0.3848045997E+00    0.1402935290E-02    0.2968882299E-02    0.1749094974E+02
    0.4480000000E+00   -0.1805325909E-02    0.6212574134E-03    0.9999981774E+00   -0.6781304004E-03    0.9631055856E-03    0.1000000000E+01    0.7306533426E-03   -0.6148992038E-03   -0.9318628022E+00   -0.3628096000E+00    0.1367918803E-02    0.3034360739E-02    0.1753007931E+02
    0.4490000000E+00   -0.1809230525E-02    0.6832207359E-03    0.9999981300E+00   -0.6576880983E-03    0.9954984710E-03    0.1000000000E+01    0.7364093917E-03   -0.6272986467E-03   -0.9402039707E+00   -0.3406105661E+00    0.1331276419E-02    0.3100050168E-02    0.1756920888E+02
    0.4500000000E+00   -0.1811323608E-02    0.7460754836E-03    0.9999980813E+00   -0.6360178539E-03    0.1027682351E-02    0.1000000000E+01    0.7421637864E-03   -0.6398930378E-03   -0.9480163937E+00   -0.3182199822E+00    0.1292983558E-02    0.3165923990E-02    0.1760833845E+02
    0.4510000000E+00   -0.1811555762E-02    0.8097784068E-03    0.9999980313E+00   -0.6131105995E-03    0.1059617748E-02    0.1000000000E+01    0.7479153313E-03   -0.6526848490E-03   -0.9552956777E+00   -0.2956504401E+00    0.1253015807E-02    0.3231954826E-02    0.1764746801E+02
    0.4520000000E+00   -0.1809878270E-02    0.8742842325E-03    0.9999979800E+00   -0.5889583397E-03    0.1091264419E-02    0.1000000000E+01    0.7536628015E-03   -0.6656765768E-03   -0.9620377292E+00   -0.2729146323E+00    0.1211348933E-02    0.3298114510E-02    0.1768659758E+02
    0.4530000000E+00   -0.1806243167E-02    0.9395456594E-03    0.9999979274E+00   -0.5635541871E-03    0.1122581378E-02    0.1000000000E+01    0.7594049422E-03   -0.6788707425E-03   -0.9682387564E+00   -0.2500253447E+00    0.1167958903E-02    0.3364374078E-02    0.1772572714E+02
    0.4540000000E+00   -0.1800603309E-02    0.1005513355E-02    0.9999978734E+00   -0.5368923991E-03    0.1153526919E-02    0.1000000000E+01    0.7651404681E-03   -0.6922698928E-03   -0.9738952721E+00   -0.2269954498E+00    0.1122821894E-02    0.3430703762E-02    0.1776485670E+02
    0.4550000000E+00   -0.1792912442E-02    0.1072135955E-02    0.9999978180E+00   -0.5089684131E-03    0.1184058644E-02    0.1000000000E+01    0.7708680629E-03   -0.7058765991E-03   -0.9790040952E+00   -0.2038378989E+00    0.1075914320E-02    0.3497072987E-02    0.1780398625E+02
    0.4560000000E+00   -0.1783125278E-02    0.1139360065E-02    0.9999977612E+00   -0.4797788826E-03    0.1214133488E-02    0.1000000000E+01    0.7765863787E-03   -0.7196934585E-03   -0.9835623526E+00   -0.1805657152E+00    0.1027212842E-02    0.3563450360E-02    0.1784311581E+02
    0.4570000000E+00   -0.1771197566E-02    0.1207130264E-02    0.9999977029E+00   -0.4493217123E-03    0.1243707747E-02    0.1000000000E+01    0.7822940356E-03   -0.7337230934E-03   -0.9875674808E+00   -0.1571919863E+00    0.9766943876E-03    0.3629803666E-02    0.1788224536E+02
    0.4580000000E+00   -0.1757086166E-02    0.1275389109E-02    0.9999976430E+00   -0.4175960927E-03    0.1272737108E-02    0.1000000000E+01    0.7879896207E-03   -0.7479681519E-03   -0.9910172274E+00   -0.1337298570E+00    0.9243361713E-03    0.3696099865E-02    0.1792137491E+02
    0.4590000000E+00   -0.1740749123E-02    0.1344077144E-02    0.9999975816E+00   -0.3846025347E-03    0.1301176681E-02    0.1000000000E+01    0.7936716883E-03   -0.7624313080E-03   -0.9939096523E+00   -0.1101925218E+00    0.8701157111E-03    0.3762305083E-02    0.1796050445E+02
    0.4600000000E+00   -0.1722145743E-02    0.1413132912E-02    0.9999975186E+00   -0.3503429032E-03    0.1328981030E-02    0.1000000000E+01    0.7993387583E-03   -0.7771152614E-03   -0.9962431289E+00   -0.8659321743E-01    0.8140108480E-03    0.3828384608E-02    0.1799963399E+02
    0.4610000000E+00   -0.1701236670E-02    0.1482492965E-02    0.9999974540E+00   -0.3148204507E-03    0.1356104206E-02    0.1000000000E+01    0.8049893166E-03   -0.7920227383E-03   -0.9980163448E+00   -0.6294521554E-01    0.7559997654E-03    0.3894302885E-02    0.1803876354E+02
    0.4620000000E+00   -0.1677983959E-02    0.1552091882E-02    0.9999973877E+00   -0.2780398497E-03    0.1382499784E-02    0.1000000000E+01    0.8106218137E-03   -0.8071564909E-03   -0.9992283029E+00   -0.3926181513E-01    0.6960610081E-03    0.3960023512E-02    0.1807789307E+02
    0.4630000000E+00   -0.1652351156E-02    0.1621862283E-02    0.9999973197E+00   -0.2400072248E-03    0.1408120902E-02    0.1000000000E+01    0.8162346647E-03   -0.8225192979E-03   -0.9998783214E+00   -0.1555633511E-01    0.6341735026E-03    0.4025509235E-02    0.1811702261E+02
    0.4640000000E+00   -0.1624303375E-02    0.1691734855E-02    0.9999972499E+00   -0.2007301845E-03    0.1432920292E-02    0.1000000000E+01    0.8218262482E-03   -0.8381139645E-03   -0.9999660349E+00    0.8157893162E-02    0.5703165775E-03    0.4090721945E-02    0.1815615214E+02
    0.4650000000E+00   -0.1593807376E-02    0.1761638368E-02    0.9999971782E+00   -0.1602178509E-03    0.1456850328E-02    0.1000000000E+01    0.8273949059E-03   -0.8539433228E-03   -0.9994913939E+00    0.3186753344E-01    0.5044699835E-03    0.4155622673E-02    0.1819528167E+02
    0.4660000000E+00   -0.1560831638E-02    0.1831499707E-02    0.9999971047E+00   -0.1184808904E-03    0.1479863059E-02    0.1000000000E+01    0.8329389420E-03   -0.8700102315E-03   -0.9984546654E+00    0.5555925204E-01    0.4366139148E-03    0.4220171587E-02    0.1823441119E+02
    0.4670000000E+00   -0.1525346447E-02    0.1901243896E-02    0.9999970293E+00   -0.7553154214E-04    0.1501910258E-02    0.1000000000E+01    0.8384566224E-03   -0.8863175765E-03   -0.9968564323E+00    0.7921972537E-01    0.3667290300E-03    0.4284327989E-02    0.1827354072E+02
    0.4680000000E+00   -0.1487323964E-02    0.1970794129E-02    0.9999969519E+00   -0.3138364607E-04    0.1522943461E-02    0.1000000000E+01    0.8439461741E-03   -0.9028682708E-03   -0.9946975933E+00    0.1028356474E+00    0.2947964736E-03    0.4348050314E-02    0.1831267024E+02
    0.4690000000E+00   -0.1446738311E-02    0.2040071807E-02    0.9999968725E+00    0.1394732989E-04    0.1542914016E-02    0.1000000000E+01    0.8494057846E-03   -0.9196652546E-03   -0.9919793627E+00    0.1263937371E+00    0.2207978981E-03    0.4411296124E-02    0.1835179975E+02
    0.4700000000E+00   -0.1403565645E-02    0.2108996569E-02    0.9999967911E+00    0.6044426383E-04    0.1561773126E-02    0.1000000000E+01    0.8548336012E-03   -0.9367114955E-03   -0.9887032688E+00    0.1498807460E+00    0.1447154862E-03    0.4474022109E-02    0.1839092926E+02
    0.4710000000E+00   -0.1357784238E-02    0.2177486337E-02    0.9999967075E+00    0.1080883549E-03    0.1579471898E-02    0.1000000000E+01    0.8602277301E-03   -0.9540099888E-03   -0.9848711542E+00    0.1732834657E+00    0.6653197291E-04    0.4536184086E-02    0.1843005877E+02
    0.4720000000E+00   -0.1309374556E-02    0.2245457353E-02    0.9999966217E+00    0.1568590995E-03    0.1595961393E-02    0.1000000000E+01    0.8655862359E-03   -0.9715637573E-03   -0.9804851738E+00    0.1965887351E+00   -0.1376933123E-04    0.4597736994E-02    0.1846918828E+02
    0.4730000000E+00   -0.1258319334E-02    0.2312824226E-02    0.9999965338E+00    0.2067342684E-03    0.1611192678E-02    0.1000000000E+01    0.8709071409E-03   -0.9893758516E-03   -0.9755477942E+00    0.2197834478E+00   -0.9620451724E-04    0.4658634896E-02    0.1850831778E+02
    0.4740000000E+00   -0.1204603655E-02    0.2379499983E-02    0.9999964435E+00    0.2576898857E-03    0.1625116872E-02    0.1000000000E+01    0.8761884243E-03   -0.1007449350E-02   -0.9700617919E+00    0.2428545597E+00   -0.1807890542E-03    0.4718830980E-02    0.1854744728E+02
    0.4750000000E+00   -0.1148215029E-02    0.2445396112E-02    0.9999963508E+00    0.3097002083E-03    0.1637685208E-02    0.1000000000E+01    0.8814280216E-03   -0.1025787360E-02   -0.9640302522E+00    0.2657890963E+00   -0.2675377653E-03    0.4778277555E-02    0.1858657677E+02
    0.4760000000E+00   -0.1089143464E-02    0.2510422622E-02    0.9999962558E+00    0.3627377072E-03    0.1648849078E-02    0.1000000000E+01    0.8866238236E-03   -0.1044393016E-02   -0.9574565669E+00    0.2885741598E+00   -0.3564648044E-03    0.4836926054E-02    0.1862570626E+02
    0.4770000000E+00   -0.1027381548E-02    0.2574488098E-02    0.9999961583E+00    0.4167730503E-03    0.1658560096E-02    0.1000000000E+01    0.8917736759E-03   -0.1063269481E-02   -0.9503444329E+00    0.3111969363E+00   -0.4475836308E-03    0.4894727035E-02    0.1866483575E+02
    0.4780000000E+00   -0.9629245192E-03    0.2637499761E-02    0.9999960582E+00    0.4717750862E-03    0.1666770152E-02    0.1000000000E+01    0.8968753778E-03   -0.1082419945E-02   -0.9426978497E+00    0.3336447034E+00   -0.5409069855E-03    0.4951630180E-02    0.1870396523E+02
    0.4790000000E+00   -0.8957703421E-03    0.2699363528E-02    0.9999959555E+00    0.5277108299E-03    0.1673431468E-02    0.1000000000E+01    0.9019266820E-03   -0.1101847631E-02   -0.9345211177E+00    0.3559048370E+00   -0.6364468654E-03    0.5007584301E-02    0.1874309471E+02
    0.4800000000E+00   -0.8259197806E-03    0.2759984079E-02    0.9999958502E+00    0.5845454497E-03    0.1678496661E-02    0.1000000000E+01    0.9069252935E-03   -0.1121555785E-02   -0.9258188351E+00    0.3779648186E+00   -0.7342144989E-03    0.5062537338E-02    0.1878222418E+02
    0.4810000000E+00   -0.7533764701E-03    0.2819264929E-02    0.9999957421E+00    0.6422422564E-03    0.1681918802E-02    0.1000000000E+01    0.9118688688E-03   -0.1141547685E-02   -0.9165958959E+00    0.3998122422E+00   -0.8342203196E-03    0.5116436364E-02    0.1882135365E+02
    0.4820000000E+00   -0.6781469880E-03    0.2877108494E-02    0.9999956312E+00    0.7007626933E-03    0.1683651477E-02    0.1000000000E+01    0.9167550151E-03   -0.1161826637E-02   -0.9068574867E+00    0.4214348213E+00   -0.9364739414E-03    0.5169227586E-02    0.1886048311E+02
    0.4830000000E+00   -0.6002409238E-03    0.2933416168E-02    0.9999955174E+00    0.7600663283E-03    0.1683648848E-02    0.1000000000E+01    0.9215812898E-03   -0.1182395976E-02   -0.8966090841E+00    0.4428203958E+00   -0.1040984131E-02    0.5220856354E-02    0.1889961257E+02
    0.4840000000E+00   -0.5196709470E-03    0.2988088402E-02    0.9999954006E+00    0.8201108482E-03    0.1681865721E-02    0.1000000000E+01    0.9263451991E-03   -0.1203259066E-02   -0.8858564515E+00    0.4639569392E+00   -0.1147758785E-02    0.5271267158E-02    0.1893874202E+02
    0.4850000000E+00   -0.4364528744E-03    0.3041024785E-02    0.9999952808E+00    0.8808520540E-03    0.1678257605E-02    0.1000000000E+01    0.9310441976E-03   -0.1224419300E-02   -0.8746056358E+00    0.4848325646E+00   -0.1256804897E-02    0.5320403638E-02    0.1897787147E+02
    0.4860000000E+00   -0.3506057351E-03    0.3092124122E-02    0.9999951579E+00    0.9422438589E-03    0.1672780782E-02    0.1000000000E+01    0.9356756872E-03   -0.1245880100E-02   -0.8628629643E+00    0.5054355321E+00   -0.1368128537E-02    0.5368208588E-02    0.1901700092E+02
    0.4870000000E+00   -0.2621518340E-03    0.3141284530E-02    0.9999950318E+00    0.1004238288E-02    0.1665392371E-02    0.1000000000E+01    0.9402370163E-03   -0.1267644917E-02   -0.8506350406E+00    0.5257542551E+00   -0.1481734823E-02    0.5414623962E-02    0.1905613035E+02
    0.4880000000E+00   -0.1711168137E-03    0.3188403518E-02    0.9999949024E+00    0.1066785478E-02    0.1656050394E-02    0.1000000000E+01    0.9447254792E-03   -0.1289717231E-02   -0.8379287413E+00    0.5457773069E+00   -0.1597627890E-02    0.5459590877E-02    0.1909525979E+02
    0.4890000000E+00   -0.7752971416E-04    0.3233378088E-02    0.9999947696E+00    0.1129833685E-02    0.1644713849E-02    0.1000000000E+01    0.9491383147E-03   -0.1312100554E-02   -0.8247512121E+00    0.5654934268E+00   -0.1715810867E-02    0.5503049627E-02    0.1913438921E+02
    0.4900000000E+00    0.1857696944E-04    0.3276104824E-02    0.9999946334E+00    0.1193329286E-02    0.1631342770E-02    0.1000000000E+01    0.9534727054E-03   -0.1334798424E-02   -0.8111098636E+00    0.5848915270E+00   -0.1836285847E-02    0.5544939685E-02    0.1917351864E+02
    0.4910000000E+00    0.1171672310E-03    0.3316479997E-02    0.9999944936E+00    0.1257216787E-02    0.1615898308E-02    0.1000000000E+01    0.9577257771E-03   -0.1357814410E-02   -0.7970123675E+00    0.6039606984E+00   -0.1959053858E-02    0.5585199712E-02    0.1921264805E+02
    0.4920000000E+00    0.2182015004E-03    0.3354399658E-02    0.9999943502E+00    0.1321438837E-02    0.1598342789E-02    0.1000000000E+01    0.9618945974E-03   -0.1381152110E-02   -0.7824666516E+00    0.6226902170E+00   -0.2084114838E-02    0.5623767568E-02    0.1925177746E+02
    0.4930000000E+00    0.3216365919E-03    0.3389759753E-02    0.9999942030E+00    0.1385936234E-02    0.1578639793E-02    0.1000000000E+01    0.9659761749E-03   -0.1404815152E-02   -0.7674808961E+00    0.6410695497E+00   -0.2211467603E-02    0.5660580318E-02    0.1929090686E+02
    0.4940000000E+00    0.4274256566E-03    0.3422456219E-02    0.9999940521E+00    0.1450647946E-02    0.1556754222E-02    0.1000000000E+01    0.9699674584E-03   -0.1428807195E-02   -0.7520635285E+00    0.6590883604E+00   -0.2341109821E-02    0.5695574246E-02    0.1933003626E+02
    0.4950000000E+00    0.5355181356E-03    0.3452385103E-02    0.9999938971E+00    0.1515511123E-02    0.1532652372E-02    0.1000000000E+01    0.9738653358E-03   -0.1453131925E-02   -0.7362232192E+00    0.6767365156E+00   -0.2473037982E-02    0.5728684864E-02    0.1936916565E+02
    0.4960000000E+00    0.6458597173E-03    0.3479442671E-02    0.9999937382E+00    0.1580461118E-02    0.1506302005E-02    0.1000000000E+01    0.9776666333E-03   -0.1477793058E-02   -0.7199688763E+00    0.6940040904E+00   -0.2607247370E-02    0.5759846922E-02    0.1940829503E+02
    0.4970000000E+00    0.7583922972E-03    0.3503525520E-02    0.9999935751E+00    0.1645431509E-02    0.1477672419E-02    0.1000000000E+01    0.9813681140E-03   -0.1502794343E-02   -0.7033096408E+00    0.7108813739E+00   -0.2743732032E-02    0.5788994421E-02    0.1944742441E+02
    0.4980000000E+00    0.8730539404E-03    0.3524530704E-02    0.9999934077E+00    0.1710354122E-02    0.1446734526E-02    0.1000000000E+01    0.9849664772E-03   -0.1528139554E-02   -0.6862548814E+00    0.7273588746E+00   -0.2882484750E-02    0.5816060625E-02    0.1948655378E+02
    0.4990000000E+00    0.9897788470E-03    0.3542355847E-02    0.9999932360E+00    0.1775159057E-02    0.1413460918E-02    0.1000000000E+01    0.9884583575E-03   -0.1553832498E-02   -0.6688141892E+00    0.7434273259E+00   -0.3023497014E-02    0.5840978079E-02    0.1952568314E+02
    0.5000000000E+00    0.1108497322E-02    0.3556899270E-02    0.9999930598E+00    0.1839774719E-02    0.1377825945E-02    0.1000000000E+01    0.9918403234E-03   -0.1579877011E-02   -0.6509973724E+00    0.7590776913E+00   -0.3166758986E-02    0.5863678616E-02    0.1956481250E+02
    0.5010000000E+00    0.1229135745E-02    0.3568060119E-02    0.9999928791E+00    0.1904127848E-02    0.1339805787E-02    0.1000000000E+01    0.9951088764E-03   -0.1606276959E-02   -0.6328144507E+00    0.7743011692E+00   -0.3312259477E-02    0.5884093374E-02    0.1960394184E+02
    0.5020000000E+00    0.1351616551E-02    0.3575738485E-02    0.9999926936E+00    0.1968143554E-02    0.1299378524E-02    0.1000000000E+01    0.9982604503E-03   -0.1633036235E-02   -0.6142756497E+00    0.7890891983E+00   -0.3459985913E-02    0.5902152817E-02    0.1964307118E+02
    0.5030000000E+00    0.1475858204E-02    0.3579835543E-02    0.9999925033E+00    0.2031745351E-02    0.1256524211E-02    0.1000000000E+01    0.1001291409E-02   -0.1660158767E-02   -0.5953913951E+00    0.8034334621E+00   -0.3609924307E-02    0.5917786743E-02    0.1968220051E+02
    0.5040000000E+00    0.1601775181E-02    0.3580253681E-02    0.9999923080E+00    0.2094855202E-02    0.1211224951E-02    0.1000000000E+01    0.1004198048E-02   -0.1687648507E-02   -0.5761723069E+00    0.8173258935E+00   -0.3762059230E-02    0.5930924306E-02    0.1972132984E+02
    0.5050000000E+00    0.1729277963E-02    0.3576896634E-02    0.9999921077E+00    0.2157393555E-02    0.1163464964E-02    0.1000000000E+01    0.1006976589E-02   -0.1715509441E-02   -0.5566291935E+00    0.8307586798E+00   -0.3916373776E-02    0.5941494033E-02    0.1976045915E+02
    0.5060000000E+00    0.1858273021E-02    0.3569669622E-02    0.9999919021E+00    0.2219279390E-02    0.1113230665E-02    0.1000000000E+01    0.1009623183E-02   -0.1743745583E-02   -0.5367730453E+00    0.8437242665E+00   -0.4072849539E-02    0.5949423843E-02    0.1979958846E+02
    0.5070000000E+00    0.1988662810E-02    0.3558479490E-02    0.9999916912E+00    0.2280430270E-02    0.1060510728E-02    0.1000000000E+01    0.1012133908E-02   -0.1772360975E-02   -0.5166150290E+00    0.8562153620E+00   -0.4231466577E-02    0.5954641063E-02    0.1983871776E+02
    0.5080000000E+00    0.2120345771E-02    0.3543234845E-02    0.9999914748E+00    0.2340762385E-02    0.1005296163E-02    0.1000000000E+01    0.1014504765E-02   -0.1801359691E-02   -0.4961664810E+00    0.8682249415E+00   -0.4392203385E-02    0.5957072453E-02    0.1987784704E+02
    0.5090000000E+00    0.2253216333E-02    0.3523846204E-02    0.9999912527E+00    0.2400190608E-02    0.9475803825E-03    0.1000000000E+01    0.1016731680E-02   -0.1830745833E-02   -0.4754389009E+00    0.8797462510E+00   -0.4555036861E-02    0.5956644224E-02    0.1991697632E+02
    0.5100000000E+00    0.2387164917E-02    0.3500226135E-02    0.9999910249E+00    0.2458628552E-02    0.8873592735E-03    0.1000000000E+01    0.1018810504E-02   -0.1860523533E-02   -0.4544439455E+00    0.8907728110E+00   -0.4719942283E-02    0.5953282059E-02    0.1995610559E+02
    0.5110000000E+00    0.2522077953E-02    0.3472289402E-02    0.9999907911E+00    0.2515988628E-02    0.8246312645E-03    0.1000000000E+01    0.1020737008E-02   -0.1890696953E-02   -0.4331934218E+00    0.9012984204E+00   -0.4886893270E-02    0.5946911138E-02    0.1999523485E+02
    0.5120000000E+00    0.2657837889E-02    0.3439953115E-02    0.9999905513E+00    0.2572182101E-02    0.7593973944E-03    0.1000000000E+01    0.1022506883E-02   -0.1921270282E-02   -0.4116992805E+00    0.9113171597E+00   -0.5055861759E-02    0.5937456159E-02    0.2003436410E+02
    0.5130000000E+00    0.2794323219E-02    0.3403136878E-02    0.9999903052E+00    0.2627119165E-02    0.6916613791E-03    0.1000000000E+01    0.1024115740E-02   -0.1952247741E-02   -0.3899736095E+00    0.9208233945E+00   -0.5226817968E-02    0.5924841365E-02    0.2007349334E+02
    0.5140000000E+00    0.2931408503E-02    0.3361762937E-02    0.9999900527E+00    0.2680708997E-02    0.6214296771E-03    0.1000000000E+01    0.1025559109E-02   -0.1983633577E-02   -0.3680286268E+00    0.9298117784E+00   -0.5399730374E-02    0.5908990565E-02    0.2011262256E+02
    0.5150000000E+00    0.3068964401E-02    0.3315756334E-02    0.9999897936E+00    0.2732859838E-02    0.5487115545E-03    0.1000000000E+01    0.1026832436E-02   -0.2015432069E-02   -0.3458766736E+00    0.9382772566E+00   -0.5574565676E-02    0.5889827164E-02    0.2015175178E+02
    0.5160000000E+00    0.3206857703E-02    0.3265045057E-02    0.9999895277E+00    0.2783479058E-02    0.4735191481E-03    0.1000000000E+01    0.1027931082E-02   -0.2047647522E-02   -0.3235302077E+00    0.9462150681E+00   -0.5751288767E-02    0.5867274189E-02    0.2019088099E+02
    0.5170000000E+00    0.3344951377E-02    0.3209560194E-02    0.9999892550E+00    0.2832473235E-02    0.3958675274E-03    0.1000000000E+01    0.1028850324E-02   -0.2080284272E-02   -0.3010017964E+00    0.9536207488E+00   -0.5929862706E-02    0.5841254313E-02    0.2023001018E+02
    0.5180000000E+00    0.3483104607E-02    0.3149236086E-02    0.9999889751E+00    0.2879748232E-02    0.3157747548E-03    0.1000000000E+01    0.1029585350E-02   -0.2113346681E-02   -0.2783041089E+00    0.9604901336E+00   -0.6110248687E-02    0.5811689889E-02    0.2026913936E+02
    0.5190000000E+00    0.3621172847E-02    0.3084010480E-02    0.9999886879E+00    0.2925209279E-02    0.2332619450E-03    0.1000000000E+01    0.1030131261E-02   -0.2146839143E-02   -0.2554499100E+00    0.9668193592E+00   -0.6292406006E-02    0.5778502975E-02    0.2030826853E+02
    0.5200000000E+00    0.3759007875E-02    0.3013824688E-02    0.9999883933E+00    0.2968761054E-02    0.1483533217E-03    0.1000000000E+01    0.1030483067E-02   -0.2180766075E-02   -0.2324520524E+00    0.9726048662E+00   -0.6476292039E-02    0.5741615368E-02    0.2034739769E+02
    0.5210000000E+00    0.3896457857E-02    0.2938623736E-02    0.9999880910E+00    0.3010307773E-02    0.6107627287E-04    0.1000000000E+01    0.1030635690E-02   -0.2215131928E-02   -0.2093234696E+00    0.9778434006E+00   -0.6661862207E-02    0.5700948632E-02    0.2038652684E+02
    0.5220000000E+00    0.4033367409E-02    0.2858356524E-02    0.9999877808E+00    0.3049753277E-02   -0.2853859516E-04    0.1000000000E+01    0.1030583956E-02   -0.2249941176E-02   -0.1860771685E+00    0.9825320163E+00   -0.6849069945E-02    0.5656424134E-02    0.2042565597E+02
    0.5230000000E+00    0.4169577674E-02    0.2772975976E-02    0.9999874626E+00    0.3087001123E-02   -0.1204574068E-03    0.1000000000E+01    0.1030322599E-02   -0.2285198322E-02   -0.1627262225E+00    0.9866680763E+00   -0.7037866681E-02    0.5607963071E-02    0.2046478509E+02
    0.5240000000E+00    0.4304926394E-02    0.2682439200E-02    0.9999871360E+00    0.3121954682E-02   -0.2146429678E-03    0.1000000000E+01    0.1029846259E-02   -0.2320907899E-02   -0.1392837635E+00    0.9902492545E+00   -0.7228201799E-02    0.5555486513E-02    0.2050391419E+02
    0.5250000000E+00    0.4439247997E-02    0.2586707638E-02    0.9999868009E+00    0.3154517234E-02   -0.3110547180E-03    0.1000000000E+01    0.1029149476E-02   -0.2357074464E-02   -0.1157629752E+00    0.9932735367E+00   -0.7420022617E-02    0.5498915429E-02    0.2054304328E+02
    0.5260000000E+00    0.4572373684E-02    0.2485747221E-02    0.9999864572E+00    0.3184592068E-02   -0.4096486864E-03    0.1000000000E+01    0.1028226696E-02   -0.2393702602E-02   -0.9217708509E-01    0.9957392218E+00   -0.7613274353E-02    0.5438170731E-02    0.2058217236E+02
    0.5270000000E+00    0.4704131527E-02    0.2379528525E-02    0.9999861044E+00    0.3212082585E-02   -0.5103774493E-03    0.1000000000E+01    0.1027072264E-02   -0.2430796924E-02   -0.6853935751E-01    0.9976449232E+00   -0.7807900103E-02    0.5373173304E-02    0.2062130142E+02
    0.5280000000E+00    0.4834346561E-02    0.2268026916E-02    0.9999857425E+00    0.3236892401E-02   -0.6131900901E-03    0.1000000000E+01    0.1025680422E-02   -0.2468362070E-02   -0.4486308582E-01    0.9989895689E+00   -0.8003840807E-02    0.5303844049E-02    0.2066043047E+02
    0.5290000000E+00    0.4962840900E-02    0.2151222708E-02    0.9999853711E+00    0.3258925460E-02   -0.7180321623E-03    0.1000000000E+01    0.1024045313E-02   -0.2506402704E-02   -0.2116158510E-01    0.9997724024E+00   -0.8201035229E-02    0.5230103919E-02    0.2069955950E+02
    0.5300000000E+00    0.5089433842E-02    0.2029101311E-02    0.9999849901E+00    0.3278086138E-02   -0.8248456551E-03    0.1000000000E+01    0.1022160974E-02   -0.2544923517E-02    0.2551815366E-02    0.9999929834E+00   -0.8399419923E-02    0.5151873963E-02    0.2073868851E+02
    0.5310000000E+00    0.5213941990E-02    0.1901653374E-02    0.9999845992E+00    0.3294279359E-02   -0.9335689622E-03    0.1000000000E+01    0.1020021336E-02   -0.2583929223E-02    0.2626377959E-01    0.9996511875E+00   -0.8598929212E-02    0.5069075359E-02    0.2077781751E+02
    0.5320000000E+00    0.5336179373E-02    0.1768874940E-02    0.9999841980E+00    0.3307410707E-02   -0.1044136853E-02    0.1000000000E+01    0.1017620227E-02   -0.2623424566E-02    0.4996097240E-01    0.9987472069E+00   -0.8799495158E-02    0.4981629467E-02    0.2081694649E+02
    0.5330000000E+00    0.5455957580E-02    0.1630767583E-02    0.9999837864E+00    0.3317386547E-02   -0.1156480446E-02    0.1000000000E+01    0.1014951361E-02   -0.2663414311E-02    0.7363006688E-01    0.9972815497E+00   -0.9001047540E-02    0.4889457862E-02    0.2085607545E+02
    0.5340000000E+00    0.5573085892E-02    0.1487338554E-02    0.9999833641E+00    0.3324114140E-02   -0.1270527191E-02    0.1000000000E+01    0.1012008346E-02   -0.2703903250E-02    0.9725775195E-01    0.9952550399E+00   -0.9203513824E-02    0.4792482382E-02    0.2089520440E+02
    0.5350000000E+00    0.5687371425E-02    0.1338600922E-02    0.9999829308E+00    0.3327501770E-02   -0.1386200843E-02    0.1000000000E+01    0.1008784676E-02   -0.2744896198E-02    0.1208307398E+00    0.9926688170E+00   -0.9406819143E-02    0.4690625175E-02    0.2093433333E+02
    0.5360000000E+00    0.5798619275E-02    0.1184573709E-02    0.9999824863E+00    0.3327458859E-02   -0.1503421453E-02    0.1000000000E+01    0.1005273734E-02   -0.2786397994E-02    0.1443357733E+00    0.9895243352E+00   -0.9610886271E-02    0.4583808743E-02    0.2097346223E+02
    0.5370000000E+00    0.5906632678E-02    0.1025282027E-02    0.9999820301E+00    0.3323896103E-02   -0.1622105354E-02    0.1000000000E+01    0.1001468785E-02   -0.2828413502E-02    0.1677596336E+00    0.9858233627E+00   -0.9815635596E-02    0.4471955986E-02    0.2101259112E+02
    0.5380000000E+00    0.6011213161E-02    0.8607572102E-03    0.9999815621E+00    0.3316725590E-02   -0.1742165151E-02    0.1000000000E+01    0.9973629814E-03   -0.2870947608E-02    0.1910891474E+00    0.9815679807E+00   -0.1002098510E-01    0.4354990256E-02    0.2105171999E+02
    0.5390000000E+00    0.6112160716E-02    0.6910369414E-03    0.9999810818E+00    0.3305860935E-02   -0.1863509719E-02    0.1000000000E+01    0.9929493538E-03   -0.2914005220E-02    0.2143111947E+00    0.9767605820E+00   -0.1022685034E-01    0.4232835403E-02    0.2109084884E+02
    0.5400000000E+00    0.6209273964E-02    0.5161653809E-03    0.9999805891E+00    0.3291217411E-02   -0.1986044199E-02    0.1000000000E+01    0.9882208147E-03   -0.2957591271E-02    0.2374127155E+00    0.9714038700E+00   -0.1043314442E-01    0.4105415824E-02    0.2112997767E+02
    0.5410000000E+00    0.6302350337E-02    0.3361932863E-03    0.9999800835E+00    0.3272712079E-02   -0.2109670005E-02    0.1000000000E+01    0.9831701546E-03   -0.3001710713E-02    0.2603807180E+00    0.9655008570E+00   -0.1063977797E-01    0.3972656515E-02    0.2116910648E+02
    0.5420000000E+00    0.6391186260E-02    0.1511781314E-03    0.9999795648E+00    0.3250263923E-02   -0.2234284827E-02    0.1000000000E+01    0.9777900408E-03   -0.3046368521E-02    0.2832022851E+00    0.9590548625E+00   -0.1084665913E-01    0.3834483127E-02    0.2120823526E+02
    0.5430000000E+00    0.6475577340E-02   -0.3881577962E-04    0.9999790325E+00    0.3223793987E-02   -0.2359782648E-02    0.1000000000E+01    0.9720730155E-03   -0.3091569692E-02    0.3058645824E+00    0.9520695114E+00   -0.1105369352E-01    0.3690822011E-02    0.2124736403E+02
    0.5440000000E+00    0.6555318561E-02   -0.2337172025E-03    0.9999784864E+00    0.3193225513E-02   -0.2486053751E-02    0.1000000000E+01    0.9660114941E-03   -0.3137319240E-02    0.3283548646E+00    0.9445487319E+00   -0.1126078422E-01    0.3541600283E-02    0.2128649277E+02
    0.5450000000E+00    0.6630204483E-02   -0.4334478472E-03    0.9999779260E+00    0.3158484075E-02   -0.2612984747E-02    0.1000000000E+01    0.9595977633E-03   -0.3183622203E-02    0.3506604837E+00    0.9364967533E+00   -0.1146783179E-01    0.3386745868E-02    0.2132562148E+02
    0.5460000000E+00    0.6700029450E-02   -0.6379222776E-03    0.9999773511E+00    0.3119497726E-02   -0.2740458595E-02    0.1000000000E+01    0.9528239795E-03   -0.3230483635E-02    0.3727688949E+00    0.9279181036E+00   -0.1167473419E-01    0.3226187566E-02    0.2136475017E+02
    0.5470000000E+00    0.6764587804E-02   -0.8470478150E-03    0.9999767612E+00    0.3076197128E-02   -0.2868354631E-02    0.1000000000E+01    0.9456821669E-03   -0.3277908613E-02    0.3946676649E+00    0.9188176072E+00   -0.1188138679E-01    0.3059855103E-02    0.2140387884E+02
    0.5480000000E+00    0.6823674095E-02   -0.1060724448E-02    0.9999761559E+00    0.3028515705E-02   -0.2996548602E-02    0.1000000000E+01    0.9381642157E-03   -0.3325902227E-02    0.4163444778E+00    0.9092003817E+00   -0.1208768240E-01    0.2887679193E-02    0.2144300748E+02
    0.5490000000E+00    0.6877083314E-02   -0.1278844748E-02    0.9999755349E+00    0.2976389777E-02   -0.3124912703E-02    0.1000000000E+01    0.9302618800E-03   -0.3374469590E-02    0.4377871428E+00    0.8990718354E+00   -0.1229351115E-01    0.2709591597E-02    0.2148213610E+02
    0.5500000000E+00    0.6924611112E-02   -0.1501293787E-02    0.9999748976E+00    0.2919758706E-02   -0.3253315622E-02    0.1000000000E+01    0.9219667763E-03   -0.3423615828E-02    0.4589836006E+00    0.8884376642E+00   -0.1249876059E-01    0.2525525181E-02    0.2152126469E+02
    0.5510000000E+00    0.6966054040E-02   -0.1727949067E-02    0.9999742438E+00    0.2858565038E-02   -0.3381622583E-02    0.1000000000E+01    0.9132703814E-03   -0.3473346087E-02    0.4799219304E+00    0.8773038484E+00   -0.1270331559E-01    0.2335413982E-02    0.2156039325E+02
    0.5520000000E+00    0.7001209782E-02   -0.1958680451E-02    0.9999735730E+00    0.2792754650E-02   -0.3509695404E-02    0.1000000000E+01    0.9041640303E-03   -0.3523665526E-02    0.5005903567E+00    0.8656766493E+00   -0.1290705837E-01    0.2139193266E-02    0.2159952178E+02
    0.5530000000E+00    0.7029877403E-02   -0.2193350101E-02    0.9999728847E+00    0.2722276889E-02   -0.3637392549E-02    0.1000000000E+01    0.8946389148E-03   -0.3574579321E-02    0.5209772554E+00    0.8535626054E+00   -0.1310986849E-01    0.1936799594E-02    0.2163865028E+02
    0.5540000000E+00    0.7051857595E-02   -0.2431812422E-02    0.9999721784E+00    0.2647084720E-02   -0.3764569196E-02    0.1000000000E+01    0.8846860809E-03   -0.3626092663E-02    0.5410711611E+00    0.8409685294E+00   -0.1331162282E-01    0.1728170889E-02    0.2167777876E+02
    0.5550000000E+00    0.7066952934E-02   -0.2673914020E-02    0.9999714538E+00    0.2567134868E-02   -0.3891077297E-02    0.1000000000E+01    0.8742964271E-03   -0.3678210754E-02    0.5608607730E+00    0.8279015036E+00   -0.1351219552E-01    0.1513246496E-02    0.2171690720E+02
    0.5560000000E+00    0.7074968130E-02   -0.2919493652E-02    0.9999707103E+00    0.2482387961E-02   -0.4016765658E-02    0.1000000000E+01    0.8634607027E-03   -0.3730938812E-02    0.5803349613E+00    0.8143688767E+00   -0.1371145808E-01    0.1291967255E-02    0.2175603561E+02
    0.5570000000E+00    0.7075710297E-02   -0.3168382201E-02    0.9999699474E+00    0.2392808678E-02   -0.4141480014E-02    0.1000000000E+01    0.8521695052E-03   -0.3784282067E-02    0.5994827737E+00    0.8003782588E+00   -0.1390927926E-01    0.1064275562E-02    0.2179516399E+02
    0.5580000000E+00    0.7068989215E-02   -0.3420402641E-02    0.9999691647E+00    0.2298365886E-02   -0.4265063111E-02    0.1000000000E+01    0.8404132788E-03   -0.3838245759E-02    0.6182934413E+00    0.7859375179E+00   -0.1410552511E-01    0.8301154455E-03    0.2183429234E+02
    0.5590000000E+00    0.7054617605E-02   -0.3675370027E-02    0.9999683615E+00    0.2199032783E-02   -0.4387354795E-02    0.1000000000E+01    0.8281823117E-03   -0.3892835140E-02    0.6367563851E+00    0.7710547750E+00   -0.1430005897E-01    0.5894326290E-03    0.2187342065E+02
    0.5600000000E+00    0.7032411398E-02   -0.3933091477E-02    0.9999675375E+00    0.2094787042E-02   -0.4508192107E-02    0.1000000000E+01    0.8154667347E-03   -0.3948055473E-02    0.6548612212E+00    0.7557383997E+00   -0.1449274144E-01    0.3421746064E-03    0.2191254893E+02
    0.5610000000E+00    0.7002190018E-02   -0.4193366174E-02    0.9999666920E+00    0.1985610952E-02   -0.4627409383E-02    0.1000000000E+01    0.8022565187E-03   -0.4003912027E-02    0.6725977674E+00    0.7399970056E+00   -0.1468343041E-01    0.8829071187E-04    0.2195167718E+02
    0.5620000000E+00    0.6963776659E-02   -0.4455985370E-02    0.9999658244E+00    0.1871491551E-02   -0.4744838355E-02    0.1000000000E+01    0.7885414726E-03   -0.4060410084E-02    0.6899560485E+00    0.7238394452E+00   -0.1487198102E-01   -0.1722678072E-03    0.2199080538E+02
    0.5630000000E+00    0.6916998579E-02   -0.4720732399E-02    0.9999649343E+00    0.1752420769E-02   -0.4860308265E-02    0.1000000000E+01    0.7743112413E-03   -0.4117554928E-02    0.7069263019E+00    0.7072748050E+00   -0.1505824570E-01   -0.4395477166E-03    0.2202993355E+02
    0.5640000000E+00    0.6861687377E-02   -0.4987382701E-02    0.9999640210E+00    0.1628395561E-02   -0.4973645978E-02    0.1000000000E+01    0.7595553033E-03   -0.4175351855E-02    0.7234989834E+00    0.6903124007E+00   -0.1524207414E-01   -0.7135937205E-03    0.2206906168E+02
    0.5650000000E+00    0.6797679294E-02   -0.5255703855E-02    0.9999630839E+00    0.1499418044E-02   -0.5084676105E-02    0.1000000000E+01    0.7442629686E-03   -0.4233806162E-02    0.7396647721E+00    0.6729617714E+00   -0.1542331330E-01   -0.9944483861E-03    0.2210818977E+02
    0.5660000000E+00    0.6724815502E-02   -0.5525455618E-02    0.9999621224E+00    0.1365495626E-02   -0.5193221129E-02    0.1000000000E+01    0.7284233767E-03   -0.4292923153E-02    0.7554145763E+00    0.6552326749E+00   -0.1560180743E-01   -0.1282152067E-02    0.2214731782E+02
    0.5670000000E+00    0.6642942401E-02   -0.5796389977E-02    0.9999611359E+00    0.1226641137E-02   -0.5299101539E-02    0.1000000000E+01    0.7120254939E-03   -0.4352708135E-02    0.7707395377E+00    0.6371350814E+00   -0.1577739807E-01   -0.1576742827E-02    0.2218644583E+02
    0.5680000000E+00    0.6551911920E-02   -0.6068251208E-02    0.9999601236E+00    0.1082872957E-02   -0.5402135964E-02    0.1000000000E+01    0.6950581115E-03   -0.4413166418E-02    0.7856310374E+00    0.6186791688E+00   -0.1594992401E-01   -0.1878256360E-02    0.2222557380E+02
    0.5690000000E+00    0.6451581814E-02   -0.6340775944E-02    0.9999590850E+00    0.9342151436E-03   -0.5502141321E-02    0.1000000000E+01    0.6775098431E-03   -0.4474303314E-02    0.8000807000E+00    0.5998753163E+00   -0.1611922138E-01   -0.2186725912E-02    0.2226470172E+02
    0.5700000000E+00    0.6341815970E-02   -0.6613693259E-02    0.9999580194E+00    0.7806975486E-03   -0.5598932959E-02    0.1000000000E+01    0.6593691228E-03   -0.4536124134E-02    0.8140803985E+00    0.5807340989E+00   -0.1628512360E-01   -0.2502182199E-02    0.2230382960E+02
    0.5710000000E+00    0.6222484707E-02   -0.6886724753E-02    0.9999569259E+00    0.6223559428E-03   -0.5692324818E-02    0.1000000000E+01    0.6406242022E-03   -0.4598634189E-02    0.8276222592E+00    0.5612662811E+00   -0.1644746140E-01   -0.2824653332E-02    0.2234295743E+02
    0.5720000000E+00    0.6093465085E-02   -0.7159584654E-02    0.9999558041E+00    0.4592321296E-03   -0.5782129589E-02    0.1000000000E+01    0.6212631488E-03   -0.4661838789E-02    0.8406986655E+00    0.5414828115E+00   -0.1660606285E-01   -0.3154164728E-02    0.2238208521E+02
    0.5730000000E+00    0.5954641206E-02   -0.7431979928E-02    0.9999546530E+00    0.2913740588E-03   -0.5868158875E-02    0.1000000000E+01    0.6012738428E-03   -0.4725743241E-02    0.8533022628E+00    0.5213948159E+00   -0.1676075336E-01   -0.3490739032E-02    0.2242121295E+02
    0.5740000000E+00    0.5805904523E-02   -0.7703610398E-02    0.9999534719E+00    0.1188359356E-03   -0.5950223365E-02    0.1000000000E+01    0.5806439755E-03   -0.4790352847E-02    0.8654259624E+00    0.5010135916E+00   -0.1691135571E-01   -0.3834396031E-02    0.2246034063E+02
    0.5750000000E+00    0.5647154146E-02   -0.7974168879E-02    0.9999522600E+00   -0.5832167341E-04   -0.6028133012E-02    0.1000000000E+01    0.5593610463E-03   -0.4855672904E-02    0.8770629453E+00    0.4803506006E+00   -0.1705769006E-01   -0.4185152575E-02    0.2249946827E+02
    0.5760000000E+00    0.5478297147E-02   -0.8243341317E-02    0.9999510166E+00   -0.2400317389E-03   -0.6101697211E-02    0.1000000000E+01    0.5374123604E-03   -0.4921708705E-02    0.8882066663E+00    0.4594174637E+00   -0.1719957394E-01   -0.4543022486E-02    0.2253859585E+02
    0.5770000000E+00    0.5299248868E-02   -0.8510806943E-02    0.9999497408E+00   -0.4262206712E-03   -0.6170724991E-02    0.1000000000E+01    0.5147850267E-03   -0.4988465531E-02    0.8988508575E+00    0.4382259534E+00   -0.1733682233E-01   -0.4908016474E-02    0.2257772338E+02
    0.5780000000E+00    0.5109933223E-02   -0.8776238440E-02    0.9999484318E+00   -0.6168082274E-03   -0.6235025201E-02    0.1000000000E+01    0.4914659545E-03   -0.5055948656E-02    0.9089895320E+00    0.4167879876E+00   -0.1746924765E-01   -0.5280142054E-02    0.2261685085E+02
    0.5790000000E+00    0.4910283003E-02   -0.9039302115E-02    0.9999470887E+00   -0.8117074226E-03   -0.6294406713E-02    0.1000000000E+01    0.4674418520E-03   -0.5124163345E-02    0.9186169871E+00    0.3951156229E+00   -0.1759665977E-01   -0.5659403456E-02    0.2265597827E+02
    0.5800000000E+00    0.4700240180E-02   -0.9299658085E-02    0.9999457106E+00   -0.1010824447E-02   -0.6348678622E-02    0.1000000000E+01    0.4426992228E-03   -0.5193114849E-02    0.9277278077E+00    0.3732210477E+00   -0.1771886607E-01   -0.6045801538E-02    0.2269510562E+02
    0.5810000000E+00    0.4479756205E-02   -0.9556960482E-02    0.9999442966E+00   -0.1214058586E-02   -0.6397650455E-02    0.1000000000E+01    0.4172243638E-03   -0.5262808407E-02    0.9363168691E+00    0.3511165754E+00   -0.1783567145E-01   -0.6439333698E-02    0.2273423292E+02
    0.5820000000E+00    0.4248792308E-02   -0.9810857655E-02    0.9999428458E+00   -0.1421302148E-02   -0.6441132382E-02    0.1000000000E+01    0.3910033629E-03   -0.5333249242E-02    0.9443793400E+00    0.3288146374E+00   -0.1794687835E-01   -0.6839993786E-02    0.2277336016E+02
    0.5830000000E+00    0.4007319794E-02   -0.1006099240E-01    0.9999413572E+00   -0.1632440398E-02   -0.6478935437E-02    0.1000000000E+01    0.3640220956E-03   -0.5404442562E-02    0.9519106853E+00    0.3063277764E+00   -0.1805228681E-01   -0.7247772012E-02    0.2281248734E+02
    0.5840000000E+00    0.3755320333E-02   -0.1030700217E-01    0.9999398298E+00   -0.1847351490E-02   -0.6510871736E-02    0.1000000000E+01    0.3362662230E-03   -0.5476393558E-02    0.9589066687E+00    0.2836686390E+00   -0.1815169450E-01   -0.7662654859E-02    0.2285161445E+02
    0.5850000000E+00    0.3492786254E-02   -0.1054851937E-01    0.9999382627E+00   -0.2065906419E-02   -0.6536754706E-02    0.1000000000E+01    0.3077211891E-03   -0.5549107400E-02    0.9653633547E+00    0.2608499686E+00   -0.1824489672E-01   -0.8084624991E-02    0.2289074149E+02
    0.5860000000E+00    0.3219720826E-02   -0.1078517154E-01    0.9999366547E+00   -0.2287968962E-02   -0.6556399317E-02    0.1000000000E+01    0.2783722177E-03   -0.5622589240E-02    0.9712771112E+00    0.2378845987E+00   -0.1833168650E-01   -0.8513661160E-02    0.2292986847E+02
    0.5870000000E+00    0.2936138543E-02   -0.1101658171E-01    0.9999350049E+00   -0.2513395642E-02   -0.6569622316E-02    0.1000000000E+01    0.2482043100E-03   -0.5696844204E-02    0.9766446114E+00    0.2147854449E+00   -0.1841185458E-01   -0.8949738119E-02    0.2296899538E+02
    0.5880000000E+00    0.2642065401E-02   -0.1124236859E-01    0.9999333121E+00   -0.2742035685E-02   -0.6576242472E-02    0.1000000000E+01    0.2172022418E-03   -0.5771877397E-02    0.9814628358E+00    0.1915654985E+00   -0.1848518950E-01   -0.9392826526E-02    0.2300812221E+02
    0.5890000000E+00    0.2337539167E-02   -0.1146214694E-01    0.9999315752E+00   -0.2973730993E-02   -0.6576080811E-02    0.1000000000E+01    0.1853505608E-03   -0.5847693897E-02    0.9857290736E+00    0.1682378185E+00   -0.1855147761E-01   -0.9842892855E-02    0.2304724898E+02
    0.5900000000E+00    0.2022609648E-02   -0.1167552782E-01    0.9999297931E+00   -0.3208316117E-02   -0.6568960875E-02    0.1000000000E+01    0.1526335837E-03   -0.5924298754E-02    0.9894409246E+00    0.1448155246E+00   -0.1861050315E-01   -0.1029989930E-01    0.2308637566E+02
    0.5910000000E+00    0.1697338955E-02   -0.1188211893E-01    0.9999279646E+00   -0.3445618244E-02   -0.6554708967E-02    0.1000000000E+01    0.1190353934E-03   -0.6001696991E-02    0.9925963002E+00    0.1213117899E+00   -0.1866204828E-01   -0.1076380368E-01    0.2312550228E+02
    0.5920000000E+00    0.1361801752E-02   -0.1208152493E-01    0.9999260884E+00   -0.3685457188E-02   -0.6533154407E-02    0.1000000000E+01    0.8453983624E-04   -0.6079893598E-02    0.9951934248E+00    0.9773983315E-01   -0.1870589312E-01   -0.1123455937E-01    0.2316462881E+02
    0.5930000000E+00    0.1016085506E-02   -0.1227334780E-01    0.9999241634E+00   -0.3927645385E-02   -0.6504129796E-02    0.1000000000E+01    0.4913051903E-04   -0.6158893532E-02    0.9972308368E+00    0.7411291161E-01   -0.1874181584E-01   -0.1171211515E-01    0.2320375526E+02
    0.5940000000E+00    0.6602907316E-03   -0.1245718715E-01    0.9999221882E+00   -0.4171987901E-02   -0.6467471272E-02    0.1000000000E+01    0.1279080628E-04   -0.6238701716E-02    0.9987073894E+00    0.5044431351E-01   -0.1876959270E-01   -0.1219641517E-01    0.2324288163E+02
    0.5950000000E+00    0.2945312202E-03   -0.1263264061E-01    0.9999201617E+00   -0.4418282448E-02   -0.6423018782E-02    0.1000000000E+01   -0.2449618278E-04   -0.6319323036E-02    0.9996222510E+00    0.2674735056E-01   -0.1878899810E-01   -0.1268739885E-01    0.2328200791E+02
    0.5960000000E+00   -0.8106573228E-04   -0.1279930421E-01    0.9999180823E+00   -0.4666319404E-02   -0.6370616343E-02    0.1000000000E+01   -0.6274757715E-04   -0.6400762341E-02    0.9999749062E+00    0.3035350470E-02   -0.1879980463E-01   -0.1318500073E-01    0.2332113410E+02
    0.5970000000E+00   -0.4663591087E-03   -0.1295677273E-01    0.9999159488E+00   -0.4915881844E-02   -0.6310112321E-02    0.1000000000E+01   -0.1019807570E-03   -0.6483024437E-02    0.9997651553E+00   -0.2067835052E-01   -0.1880178319E-01   -0.1368915046E-01    0.2336026021E+02
    0.5980000000E+00   -0.8611939625E-03   -0.1310464016E-01    0.9999137597E+00   -0.5166745581E-02   -0.6241359700E-02    0.1000000000E+01   -0.1422133567E-03   -0.6566114087E-02    0.9989931154E+00   -0.4438041518E-01   -0.1879470300E-01   -0.1419977262E-01    0.2339938622E+02
    0.5990000000E+00   -0.1265401218E-02   -0.1324250003E-01    0.9999115136E+00   -0.5418679212E-02   -0.6164216356E-02    0.1000000000E+01   -0.1834632677E-03   -0.6650036011E-02    0.9976592195E+00   -0.6805751272E-01   -0.1877833169E-01   -0.1471678670E-01    0.2343851214E+02
    0.6000000000E+00   -0.1678797482E-02   -0.1336994589E-01    0.9999092090E+00   -0.5671444176E-02   -0.6078545342E-02    0.1000000000E+01   -0.2257486417E-03   -0.6734794882E-02    0.9957642167E+00   -0.9169632637E-01   -0.1875243538E-01   -0.1524010696E-01    0.2347763796E+02
    0.6010000000E+00   -0.2101184865E-02   -0.1348657170E-01    0.9999068444E+00   -0.5924794818E-02   -0.5984215158E-02    0.1000000000E+01   -0.2690878937E-03   -0.6820395321E-02    0.9933091716E+00   -0.1152835608E+00   -0.1871677873E-01   -0.1576964234E-01    0.2351676368E+02
    0.6020000000E+00   -0.2532350811E-02   -0.1359197231E-01    0.9999044182E+00   -0.6178478467E-02   -0.5881100041E-02    0.1000000000E+01   -0.3134997053E-03   -0.6906841902E-02    0.9902954638E+00   -0.1388059497E+00   -0.1867112505E-01   -0.1630529639E-01    0.2355588930E+02
    0.6030000000E+00   -0.2972067941E-02   -0.1368574387E-01    0.9999019288E+00   -0.6432235518E-02   -0.5769080242E-02    0.1000000000E+01   -0.3590030271E-03   -0.6994139140E-02    0.9867247870E+00   -0.1622502629E+00   -0.1861523637E-01   -0.1684696716E-01    0.2359501481E+02
    0.6040000000E+00   -0.3420093909E-02   -0.1376748432E-01    0.9998993746E+00   -0.6685799528E-02   -0.5648042310E-02    0.1000000000E+01   -0.4056170827E-03   -0.7082291498E-02    0.9825991483E+00   -0.1856033145E+00   -0.1854887349E-01   -0.1739454710E-01    0.2363414022E+02
    0.6050000000E+00   -0.3876171266E-02   -0.1383679386E-01    0.9998967539E+00   -0.6938897317E-02   -0.5517879379E-02    0.1000000000E+01   -0.4533613715E-03   -0.7171303379E-02    0.9779208668E+00   -0.2088519695E+00   -0.1847179611E-01   -0.1794792299E-01    0.2367326552E+02
    0.6060000000E+00   -0.4340027341E-02   -0.1389327542E-01    0.9998940649E+00   -0.7191249083E-02   -0.5378491450E-02    0.1000000000E+01   -0.5022556717E-03   -0.7261179125E-02    0.9726925724E+00   -0.2319831517E+00   -0.1838376290E-01   -0.1850697580E-01    0.2371239070E+02
    0.6070000000E+00   -0.4811374131E-02   -0.1393653513E-01    0.9998913059E+00   -0.7442568528E-02   -0.5229785674E-02    0.1000000000E+01   -0.5523200439E-03   -0.7351923015E-02    0.9669172043E+00   -0.2549838507E+00   -0.1828453159E-01   -0.1907158067E-01    0.2375151577E+02
    0.6080000000E+00   -0.5289908206E-02   -0.1396618289E-01    0.9998884751E+00   -0.7692562987E-02   -0.5071676640E-02    0.1000000000E+01   -0.6035748340E-03   -0.7443539261E-02    0.9605980096E+00   -0.2778411297E+00   -0.1817385907E-01   -0.1964160676E-01    0.2379064071E+02
    0.6090000000E+00   -0.5775310631E-02   -0.1398183281E-01    0.9998855705E+00   -0.7940933573E-02   -0.4904086659E-02    0.1000000000E+01   -0.6560406768E-03   -0.7536032007E-02    0.9537385410E+00   -0.3005421324E+00   -0.1805150146E-01   -0.2021691716E-01    0.2382976554E+02
    0.6100000000E+00   -0.6267246894E-02   -0.1398310375E-01    0.9998825903E+00   -0.8187375336E-02   -0.4726946045E-02    0.1000000000E+01   -0.7097384989E-03   -0.7629405326E-02    0.9463426551E+00   -0.3230740900E+00   -0.1791721425E-01   -0.2079736884E-01    0.2386889024E+02
    0.6110000000E+00   -0.6765366861E-02   -0.1396961988E-01    0.9998795325E+00   -0.8431577418E-02   -0.4540193396E-02    0.1000000000E+01   -0.7646895225E-03   -0.7723663217E-02    0.9384145103E+00   -0.3454243292E+00   -0.1777075239E-01   -0.2138281252E-01    0.2390801481E+02
    0.6120000000E+00   -0.7269304732E-02   -0.1394101115E-01    0.9998763951E+00   -0.8673223238E-02   -0.4343775881E-02    0.1000000000E+01   -0.8209152684E-03   -0.7818809601E-02    0.9299585643E+00   -0.3675802783E+00   -0.1761187038E-01   -0.2197309261E-01    0.2394713925E+02
    0.6130000000E+00   -0.7778679026E-02   -0.1389691391E-01    0.9998731759E+00   -0.8911990671E-02   -0.4137649511E-02    0.1000000000E+01   -0.8784375594E-03   -0.7914848323E-02    0.9209795717E+00   -0.3895294752E+00   -0.1744032237E-01   -0.2256804709E-01    0.2398626355E+02
    0.6140000000E+00   -0.8293092572E-02   -0.1383697138E-01    0.9998698730E+00   -0.9147552248E-02   -0.3921779424E-02    0.1000000000E+01   -0.9372785238E-03   -0.8011783141E-02    0.9114825812E+00   -0.4112595737E+00   -0.1725586232E-01   -0.2316750744E-01    0.2402538771E+02
    0.6150000000E+00   -0.8812132522E-02   -0.1376083429E-01    0.9998664840E+00   -0.9379575360E-02   -0.3696140153E-02    0.1000000000E+01   -0.9974605988E-03   -0.8109617730E-02    0.9014729330E+00   -0.4327583509E+00   -0.1705824407E-01   -0.2377129857E-01    0.2406451174E+02
    0.6160000000E+00   -0.9335370378E-02   -0.1366816137E-01    0.9998630067E+00   -0.9607722480E-02   -0.3460715900E-02    0.1000000000E+01   -0.1059006534E-02   -0.8208355677E-02    0.8909562554E+00   -0.4540137139E+00   -0.1684722147E-01   -0.2437923870E-01    0.2410363561E+02
    0.6170000000E+00   -0.9862362041E-02   -0.1355861996E-01    0.9998594390E+00   -0.9831651389E-02   -0.3215500806E-02    0.1000000000E+01   -0.1121939395E-02   -0.8308000477E-02    0.8799384620E+00   -0.4750137066E+00   -0.1662254849E-01   -0.2499113929E-01    0.2414275933E+02
    0.6180000000E+00   -0.1039264787E-01   -0.1343188660E-01    0.9998557783E+00   -0.1005101541E-01   -0.2960499215E-02    0.1000000000E+01   -0.1186282565E-02   -0.8408555530E-02    0.8684257485E+00   -0.4957465162E+00   -0.1638397939E-01   -0.2560680496E-01    0.2418188290E+02
    0.6190000000E+00   -0.1092575276E-01   -0.1328764757E-01    0.9998520222E+00   -0.1026546368E-01   -0.2695725935E-02    0.1000000000E+01   -0.1252059754E-02   -0.8510024139E-02    0.8564245886E+00   -0.5162004803E+00   -0.1613126876E-01   -0.2622603339E-01    0.2422100632E+02
    0.6200000000E+00   -0.1146118625E-01   -0.1312559949E-01    0.9998481684E+00   -0.1047464139E-01   -0.2421206493E-02    0.1000000000E+01   -0.1319294994E-02   -0.8612409507E-02    0.8439417309E+00   -0.5363640934E+00   -0.1586417175E-01   -0.2684861529E-01    0.2426012957E+02
    0.6210000000E+00   -0.1199844266E-01   -0.1294544995E-01    0.9998442142E+00   -0.1067819005E-01   -0.2136977393E-02    0.1000000000E+01   -0.1388012650E-02   -0.8715714730E-02    0.8309841951E+00   -0.5562260127E+00   -0.1558244413E-01   -0.2747433423E-01    0.2429925265E+02
    0.6220000000E+00   -0.1253700116E-01   -0.1274691804E-01    0.9998401571E+00   -0.1087574781E-01   -0.1843086357E-02    0.1000000000E+01   -0.1458237419E-02   -0.8819942798E-02    0.8175592677E+00   -0.5757750654E+00   -0.1528584246E-01   -0.2810296665E-01    0.2433837556E+02
    0.6230000000E+00   -0.1307632602E-01   -0.1252973500E-01    0.9998359943E+00   -0.1106694973E-01   -0.1539592569E-02    0.1000000000E+01   -0.1529994335E-02   -0.8925096592E-02    0.8036744982E+00   -0.5950002544E+00   -0.1497412420E-01   -0.2873428173E-01    0.2437749830E+02
    0.6240000000E+00   -0.1361586671E-01   -0.1229364478E-01    0.9998317231E+00   -0.1125142806E-01   -0.1226566914E-02    0.1000000000E+01   -0.1603308774E-02   -0.9031178875E-02    0.7893376947E+00   -0.6138907646E+00   -0.1464704790E-01   -0.2936804132E-01    0.2441662085E+02
    0.6250000000E+00   -0.1415505816E-01   -0.1203840469E-01    0.9998273407E+00   -0.1142881262E-01   -0.9040922026E-03    0.1000000000E+01   -0.1678206457E-02   -0.9138192294E-02    0.7745569198E+00   -0.6324359691E+00   -0.1430437331E-01   -0.3000399990E-01    0.2445574323E+02
    0.6260000000E+00   -0.1469332092E-01   -0.1176378595E-01    0.9998228442E+00   -0.1159873107E-01   -0.5722633973E-03    0.1000000000E+01   -0.1754713451E-02   -0.9246139373E-02    0.7593404856E+00   -0.6506254351E+00   -0.1394586152E-01   -0.3064190445E-01    0.2449486541E+02
    0.6270000000E+00   -0.1523006145E-01   -0.1146957436E-01    0.9998182305E+00   -0.1176080927E-01   -0.2311878283E-03    0.1000000000E+01   -0.1832856176E-02   -0.9355022512E-02    0.7436969495E+00   -0.6684489297E+00   -0.1357127514E-01   -0.3128149443E-01    0.2453398740E+02
    0.6280000000E+00   -0.1576467234E-01   -0.1115557082E-01    0.9998134968E+00   -0.1191467165E-01    0.1190145985E-03    0.1000000000E+01   -0.1912661409E-02   -0.9464843981E-02    0.7276351089E+00   -0.6858964257E+00   -0.1318037845E-01   -0.3192250170E-01    0.2457310919E+02
    0.6290000000E+00   -0.1629653261E-01   -0.1082159203E-01    0.9998086398E+00   -0.1205994153E-01    0.4782112006E-03    0.1000000000E+01   -0.1994156285E-02   -0.9575605917E-02    0.7111639968E+00   -0.7029581074E+00   -0.1277293755E-01   -0.3256465041E-01    0.2461223077E+02
    0.6300000000E+00   -0.1682500803E-01   -0.1046747102E-01    0.9998036563E+00   -0.1219624151E-01    0.8462563261E-03    0.1000000000E+01   -0.2077368302E-02   -0.9687310320E-02    0.6942928764E+00   -0.7196243758E+00   -0.1234872052E-01   -0.3320765699E-01    0.2465135215E+02
    0.6310000000E+00   -0.1734945140E-01   -0.1009305779E-01    0.9997985431E+00   -0.1232319384E-01    0.1222991170E-02    0.1000000000E+01   -0.2162325326E-02   -0.9799959049E-02    0.6770312360E+00   -0.7358858544E+00   -0.1190749760E-01   -0.3385123007E-01    0.2469047331E+02
    0.6320000000E+00   -0.1786920296E-01   -0.9698219905E-02    0.9997932967E+00   -0.1244042085E-01    0.1608243601E-02    0.1000000000E+01   -0.2249055595E-02   -0.9913553818E-02    0.6593887833E+00   -0.7517333940E+00   -0.1144904133E-01   -0.3449507041E-01    0.2472959424E+02
    0.6330000000E+00   -0.1838359069E-01   -0.9282843095E-02    0.9997879137E+00   -0.1254754529E-01    0.2001827994E-02    0.1000000000E+01   -0.2337587718E-02   -0.1002809619E-01    0.6413754408E+00   -0.7671580782E+00   -0.1097312675E-01   -0.3513887083E-01    0.2476871496E+02
    0.6340000000E+00   -0.1889193076E-01   -0.8846831837E-02    0.9997823906E+00   -0.1264419078E-01    0.2403545075E-02    0.1000000000E+01   -0.2427950687E-02   -0.1014358758E-01    0.6230013392E+00   -0.7821512284E+00   -0.1047953156E-01   -0.3578231619E-01    0.2480783543E+02
    0.6350000000E+00   -0.1939352792E-01   -0.8390109959E-02    0.9997767237E+00   -0.1272998223E-01    0.2813181781E-02    0.1000000000E+01   -0.2520173875E-02   -0.1026002925E-01    0.6042768126E+00   -0.7967044084E+00   -0.9968036322E-02   -0.3642508330E-01    0.2484695567E+02
    0.6360000000E+00   -0.1988767593E-01   -0.7912621215E-02    0.9997709092E+00   -0.1280454625E-01    0.3230511120E-02    0.1000000000E+01   -0.2614287040E-02   -0.1037742227E-01    0.5852123919E+00   -0.8108094295E+00   -0.9438424595E-02   -0.3706684090E-01    0.2488607567E+02
    0.6370000000E+00   -0.2037365805E-01   -0.7414329873E-02    0.9997649433E+00   -0.1286751162E-01    0.3655292051E-02    0.1000000000E+01   -0.2710320333E-02   -0.1049576758E-01    0.5658187997E+00   -0.8244583549E+00   -0.8890483160E-02   -0.3770724958E-01    0.2492519541E+02
    0.6380000000E+00   -0.2085074749E-01   -0.6895221280E-02    0.9997588221E+00   -0.1291850971E-01    0.4087269374E-02    0.1000000000E+01   -0.2808304298E-02   -0.1061506594E-01    0.5461069436E+00   -0.8376435041E+00   -0.8324002192E-02   -0.3834596174E-01    0.2496431490E+02
    0.6390000000E+00   -0.2131820795E-01   -0.6355302430E-02    0.9997525415E+00   -0.1295717494E-01    0.4526173631E-02    0.1000000000E+01   -0.2908269878E-02   -0.1073531791E-01    0.5260879103E+00   -0.8503574575E+00   -0.7738775455E-02   -0.3898262158E-01    0.2500343412E+02
    0.6400000000E+00   -0.2177529413E-01   -0.5794602524E-02    0.9997460974E+00   -0.1298314526E-01    0.4971721018E-02    0.1000000000E+01   -0.3010248418E-02   -0.1085652391E-01    0.5057729595E+00   -0.8625930603E+00   -0.7134600492E-02   -0.3961686501E-01    0.2504255307E+02
    0.6410000000E+00   -0.2222125228E-01   -0.5213173512E-02    0.9997394855E+00   -0.1299606264E-01    0.5423613311E-02    0.1000000000E+01   -0.3114271671E-02   -0.1097868413E-01    0.4851735175E+00   -0.8743434266E+00   -0.6511278828E-02   -0.4024831967E-01    0.2508167174E+02
    0.6420000000E+00   -0.2265532080E-01   -0.4611090635E-02    0.9997327014E+00   -0.1299557351E-01    0.5881537810E-02    0.1000000000E+01   -0.3220371798E-02   -0.1110179862E-01    0.4643011707E+00   -0.8856019434E+00   -0.5868616166E-02   -0.4087660481E-01    0.2512079013E+02
    0.6430000000E+00   -0.2307673083E-01   -0.3988452954E-02    0.9997257408E+00   -0.1298132928E-01    0.6345167289E-02    0.1000000000E+01   -0.3328581377E-02   -0.1122586718E-01    0.4431676591E+00   -0.8963622740E+00   -0.5206422594E-02   -0.4150133137E-01    0.2515990822E+02
    0.6440000000E+00   -0.2348470687E-01   -0.3345383862E-02    0.9997185989E+00   -0.1295298684E-01    0.6814159963E-02    0.1000000000E+01   -0.3438933406E-02   -0.1135088945E-01    0.4217848699E+00   -0.9066183621E+00   -0.4524512793E-02   -0.4212210185E-01    0.2519902601E+02
    0.6450000000E+00   -0.2387846742E-01   -0.2682031591E-02    0.9997112711E+00   -0.1291020904E-01    0.7288159477E-02    0.1000000000E+01   -0.3551461301E-02   -0.1147686486E-01    0.4001648304E+00   -0.9163644347E+00   -0.3822706243E-02   -0.4273851034E-01    0.2523814350E+02
    0.6460000000E+00   -0.2425722568E-01   -0.1998569702E-02    0.9997037525E+00   -0.1285266525E-01    0.7766794894E-02    0.1000000000E+01   -0.3666198911E-02   -0.1160379261E-01    0.3783197018E+00   -0.9255950055E+00   -0.3100827441E-02   -0.4335014251E-01    0.2527726066E+02
    0.6470000000E+00   -0.2462019022E-01   -0.1295197560E-02    0.9996960382E+00   -0.1278003182E-01    0.8249680714E-02    0.1000000000E+01   -0.3783180513E-02   -0.1173167170E-01    0.3562617719E+00   -0.9343048781E+00   -0.2358706115E-02   -0.4395657554E-01    0.2531637750E+02
    0.6480000000E+00   -0.2496656571E-01   -0.5721407991E-03    0.9996881230E+00   -0.1269199265E-01    0.8736416903E-02    0.1000000000E+01   -0.3902440820E-02   -0.1186050090E-01    0.3340034485E+00   -0.9424891489E+00   -0.1596177444E-02   -0.4455737816E-01    0.2535549401E+02
    0.6490000000E+00   -0.2529555365E-01    0.1703482327E-03    0.9996800018E+00   -0.1258823971E-01    0.9226588934E-02    0.1000000000E+01   -0.4024014984E-02   -0.1199027877E-01    0.3115572521E+00   -0.9501432098E+00   -0.8130822820E-03   -0.4515211059E-01    0.2539461018E+02
    0.6500000000E+00   -0.2560635314E-01    0.9319900453E-03    0.9996716692E+00   -0.1246847355E-01    0.9719767848E-02    0.1000000000E+01   -0.4147938604E-02   -0.1212100362E-01    0.2889358093E+00   -0.9572627507E+00   -0.9267383521E-05   -0.4574032459E-01    0.2543372599E+02
    0.6510000000E+00   -0.2589816165E-01    0.1712477593E-02    0.9996631196E+00   -0.1233240390E-01    0.1021551034E-01    0.1000000000E+01   -0.4274247722E-02   -0.1225267352E-01    0.2661518454E+00   -0.9638437622E+00    0.8154143690E-03   -0.4632156340E-01    0.2547284145E+02
    0.6520000000E+00   -0.2617017586E-01    0.2511475882E-02    0.9996543475E+00   -0.1217975015E-01    0.1071335884E-01    0.1000000000E+01   -0.4402978838E-02   -0.1238528631E-01    0.2432181773E+00   -0.9698825376E+00    0.1661103732E-02   -0.4689536180E-01    0.2551195653E+02
    0.6530000000E+00   -0.2642159246E-01    0.3328621595E-02    0.9996453470E+00   -0.1201024192E-01    0.1121284163E-01    0.1000000000E+01   -0.4534168904E-02   -0.1251883957E-01    0.2201477062E+00   -0.9753756750E+00    0.2527934867E-02   -0.4746124607E-01    0.2555107124E+02
    0.6540000000E+00   -0.2665160901E-01    0.4163522738E-02    0.9996361122E+00   -0.1182361966E-01    0.1171347300E-01    0.1000000000E+01   -0.4667855337E-02   -0.1265333064E-01    0.1969534109E+00   -0.9803200795E+00    0.3416035101E-02   -0.4801873401E-01    0.2559018555E+02
    0.6550000000E+00   -0.2685942482E-01    0.5015758306E-02    0.9996266371E+00   -0.1161963512E-01    0.1221475336E-01    0.1000000000E+01   -0.4804076016E-02   -0.1278875657E-01    0.1736483395E+00   -0.9847129646E+00    0.4325524689E-02   -0.4856733497E-01    0.2562929947E+02
    0.6560000000E+00   -0.2704424183E-01    0.5884877977E-02    0.9996169152E+00   -0.1139805198E-01    0.1271616941E-01    0.1000000000E+01   -0.4942869292E-02   -0.1292511416E-01    0.1502456032E+00   -0.9885518541E+00    0.5256516568E-02   -0.4910654988E-01    0.2566841298E+02
    0.6570000000E+00   -0.2720526554E-01    0.6770401815E-02    0.9996069404E+00   -0.1115864639E-01    0.1321719437E-01    0.1000000000E+01   -0.5084273989E-02   -0.1306239993E-01    0.1267583680E+00   -0.9918345830E+00    0.6209116113E-02   -0.4963587122E-01    0.2570752607E+02
    0.6580000000E+00   -0.2734170593E-01    0.7671820016E-02    0.9995967058E+00   -0.1090120751E-01    0.1371728814E-01    0.1000000000E+01   -0.5228329408E-02   -0.1320061014E-01    0.1031998479E+00   -0.9945592993E+00    0.7183420886E-02   -0.5015478312E-01    0.2574663873E+02
    0.6590000000E+00   -0.2745277841E-01    0.8588592661E-02    0.9995862049E+00   -0.1062553811E-01    0.1421589752E-01    0.1000000000E+01   -0.5375075336E-02   -0.1333974072E-01    0.7958329723E-01   -0.9967244648E+00    0.8179520384E-02   -0.5066276132E-01    0.2578575094E+02
    0.6600000000E+00   -0.2753770481E-01    0.9520149505E-02    0.9995754307E+00   -0.1033145508E-01    0.1471245652E-01    0.1000000000E+01   -0.5524552044E-02   -0.1347978733E-01    0.5592200328E-01   -0.9983288557E+00    0.9197495791E-02   -0.5115927330E-01    0.2582486270E+02
    0.6610000000E+00   -0.2759571438E-01    0.1046588979E-01    0.9995643760E+00   -0.1001879007E-01    0.1520638654E-01    0.1000000000E+01   -0.5676800295E-02   -0.1362074535E-01    0.3222927871E-01   -0.9993715639E+00    0.1023741971E-01   -0.5164377821E-01    0.2586397400E+02
    0.6620000000E+00   -0.2762604475E-01    0.1142518209E-01    0.9995530336E+00   -0.9687389960E-02    0.1569709670E-01    0.1000000000E+01   -0.5831861349E-02   -0.1376260980E-01    0.8518454245E-02   -0.9998519970E+00    0.1129935592E-01   -0.5211572704E-01    0.2590308481E+02
    0.6630000000E+00   -0.2762794301E-01    0.1239736417E-01    0.9995413959E+00   -0.9337117498E-02    0.1618398417E-01    0.1000000000E+01   -0.5989776966E-02   -0.1390537544E-01   -0.1519712894E-01   -0.9997698787E+00    0.1238335909E-01   -0.5257456256E-01    0.2594219514E+02
    0.6640000000E+00   -0.2760066674E-01    0.1338174288E-01    0.9995294554E+00   -0.8967851816E-02    0.1666643443E-01    0.1000000000E+01   -0.6150589410E-02   -0.1404903667E-01   -0.3890412665E-01   -0.9991252493E+00    0.1348947455E-01   -0.5301971949E-01    0.2598130496E+02
    0.6650000000E+00   -0.2754348504E-01    0.1437759411E-01    0.9995172041E+00   -0.8579488996E-02    0.1714382167E-01    0.1000000000E+01   -0.6314341455E-02   -0.1419358757E-01   -0.6258919920E-01   -0.9979184653E+00    0.1461773798E-01   -0.5345062446E-01    0.2602041427E+02
    0.6660000000E+00   -0.2745567966E-01    0.1538416272E-01    0.9995046339E+00   -0.8171942623E-02    0.1761550914E-01    0.1000000000E+01   -0.6481076387E-02   -0.1433902189E-01   -0.8623901888E-01   -0.9961501994E+00    0.1576817519E-01   -0.5386669616E-01    0.2605952305E+02
    0.6670000000E+00   -0.2733654603E-01    0.1640066253E-01    0.9994917366E+00   -0.7745144328E-02    0.1808084953E-01    0.1000000000E+01   -0.6650838011E-02   -0.1448533303E-01   -0.1098402775E+00   -0.9938214402E+00    0.1694080181E-01   -0.5426734538E-01    0.2609863128E+02
    0.6680000000E+00   -0.2718539441E-01    0.1742627637E-01    0.9994785037E+00   -0.7299044338E-02    0.1853918542E-01    0.1000000000E+01   -0.6823670655E-02   -0.1463251404E-01   -0.1333796937E+00   -0.9909334914E+00    0.1813562303E-01   -0.5465197510E-01    0.2613773896E+02
    0.6690000000E+00   -0.2700155099E-01    0.1846015612E-01    0.9994649263E+00   -0.6833612006E-02    0.1898984963E-01    0.1000000000E+01   -0.6999619174E-02   -0.1478055761E-01   -0.1568440207E+00   -0.9874879714E+00    0.1935263333E-01   -0.5501998059E-01    0.2617684607E+02
    0.6700000000E+00   -0.2678435904E-01    0.1950142278E-01    0.9994509956E+00   -0.6348836344E-02    0.1943216578E-01    0.1000000000E+01   -0.7178728952E-02   -0.1492945605E-01   -0.1802200535E+00   -0.9834868121E+00    0.2059181621E-01   -0.5537074949E-01    0.2621595259E+02
    0.6710000000E+00   -0.2653317999E-01    0.2054916664E-01    0.9994367024E+00   -0.5844726551E-02    0.1986544868E-01    0.1000000000E+01   -0.7361045911E-02   -0.1507920132E-01   -0.2034946364E+00   -0.9789322579E+00    0.2185314389E-01   -0.5570366190E-01    0.2625505850E+02
    0.6720000000E+00   -0.2624739465E-01    0.2160244741E-01    0.9994220373E+00   -0.5321312524E-02    0.2028900487E-01    0.1000000000E+01   -0.7546616514E-02   -0.1522978497E-01   -0.2266546703E+00   -0.9738268648E+00    0.2313657704E-01   -0.5601809052E-01    0.2629416380E+02
    0.6730000000E+00   -0.2592640437E-01    0.2266029443E-01    0.9994069905E+00   -0.4778645366E-02    0.2070213311E-01    0.1000000000E+01   -0.7735487765E-02   -0.1538119817E-01   -0.2496871201E+00   -0.9681734984E+00    0.2444206451E-01   -0.5631340074E-01    0.2633326846E+02
    0.6740000000E+00   -0.2556963214E-01    0.2372170690E-01    0.9993915522E+00   -0.4216797889E-02    0.2110412495E-01    0.1000000000E+01   -0.7927707222E-02   -0.1553343169E-01   -0.2725790223E+00   -0.9619753326E+00    0.2576954303E-01   -0.5658895078E-01    0.2637237248E+02
    0.6750000000E+00   -0.2517652384E-01    0.2478565415E-01    0.9993757121E+00   -0.3635865099E-02    0.2149426528E-01    0.1000000000E+01   -0.8123322993E-02   -0.1568647588E-01   -0.2953174916E+00   -0.9552358480E+00    0.2711893691E-01   -0.5684409178E-01    0.2641147583E+02
    0.6760000000E+00   -0.2474654940E-01    0.2585107597E-01    0.9993594600E+00   -0.3035964674E-02    0.2187183290E-01    0.1000000000E+01   -0.8322383745E-02   -0.1584032070E-01   -0.3178897291E+00   -0.9479588294E+00    0.2849015781E-01   -0.5707816799E-01    0.2645057849E+02
    0.6770000000E+00   -0.2427920398E-01    0.2691688295E-01    0.9993427849E+00   -0.2417237431E-02    0.2223610116E-01    0.1000000000E+01   -0.8524938708E-02   -0.1599495564E-01   -0.3402830284E+00   -0.9401483646E+00    0.2988310438E-01   -0.5729051686E-01    0.2648968045E+02
    0.6780000000E+00   -0.2377400919E-01    0.2798195687E-01    0.9993256760E+00   -0.1779847781E-02    0.2258633853E-01    0.1000000000E+01   -0.8731037680E-02   -0.1615036980E-01   -0.3624847838E+00   -0.9318088410E+00    0.3129766204E-01   -0.5748046921E-01    0.2652878169E+02
    0.6790000000E+00   -0.2323051423E-01    0.2904515115E-01    0.9993081219E+00   -0.1123984165E-02    0.2292180931E-01    0.1000000000E+01   -0.8940731029E-02   -0.1630655179E-01   -0.3844824965E+00   -0.9229449440E+00    0.3273370262E-01   -0.5764734939E-01    0.2656788219E+02
    0.6800000000E+00   -0.2264829719E-01    0.3010529130E-01    0.9992901111E+00   -0.4498594878E-03    0.2324177426E-01    0.1000000000E+01   -0.9154069699E-02   -0.1646348980E-01   -0.4062637821E+00   -0.9135616541E+00    0.3419108413E-01   -0.5779047543E-01    0.2660698193E+02
    0.6810000000E+00   -0.2202696613E-01    0.3116117544E-01    0.9992716317E+00    0.2422884755E-03    0.2354549133E-01    0.1000000000E+01   -0.9371105214E-02   -0.1662117154E-01   -0.4278163777E+00   -0.9036642441E+00    0.3566965044E-01   -0.5790915921E-01    0.2664608089E+02
    0.6820000000E+00   -0.2136616038E-01    0.3221157490E-01    0.9992526716E+00    0.9521966810E-03    0.2383221630E-01    0.1000000000E+01   -0.9591889684E-02   -0.1677958425E-01   -0.4491281483E+00   -0.8932582760E+00    0.3716923099E-01   -0.5800270666E-01    0.2668517905E+02
    0.6830000000E+00   -0.2066555169E-01    0.3325523476E-01    0.9992332182E+00    0.1679576437E-02    0.2410120359E-01    0.1000000000E+01   -0.9816475808E-02   -0.1693871468E-01   -0.4701870939E+00   -0.8823495982E+00    0.3868964048E-01   -0.5807041791E-01    0.2672427640E+02
    0.6840000000E+00   -0.1992484542E-01    0.3429087453E-01    0.9992132588E+00    0.2424113039E-02    0.2435170699E-01    0.1000000000E+01   -0.1004491688E-01   -0.1709854911E-01   -0.4909813563E+00   -0.8709443421E+00    0.4023067861E-01   -0.5811158751E-01    0.2676337290E+02
    0.6850000000E+00   -0.1914378177E-01    0.3531718886E-01    0.9991927801E+00    0.3185465429E-02    0.2458298041E-01    0.1000000000E+01   -0.1027726678E-01   -0.1725907329E-01   -0.5114992255E+00   -0.8590489186E+00    0.4179212979E-01   -0.5812550462E-01    0.2680246854E+02
    0.6860000000E+00   -0.1832213693E-01    0.3633284823E-01    0.9991717688E+00    0.3963265868E-02    0.2479427868E-01    0.1000000000E+01   -0.1051358001E-01   -0.1742027246E-01   -0.5317291467E+00   -0.8466700144E+00    0.4337376278E-01   -0.5811145322E-01    0.2684156330E+02
    0.6870000000E+00   -0.1745972425E-01    0.3733649975E-01    0.9991502109E+00    0.4757119629E-02    0.2498485841E-01    0.1000000000E+01   -0.1075391167E-01   -0.1758213136E-01   -0.5516597263E+00   -0.8338145888E+00    0.4497533048E-01   -0.5806871231E-01    0.2688065714E+02
    0.6880000000E+00   -0.1655639545E-01    0.3832676799E-01    0.9991280922E+00    0.5566604712E-02    0.2515397876E-01    0.1000000000E+01   -0.1099831746E-01   -0.1774463417E-01   -0.5712797388E+00   -0.8204898689E+00    0.4659656958E-01   -0.5799655617E-01    0.2691975006E+02
    0.6890000000E+00   -0.1561204176E-01    0.3930225586E-01    0.9991053983E+00    0.6391271584E-02    0.2530090233E-01    0.1000000000E+01   -0.1124685372E-01   -0.1790776452E-01   -0.5905781326E+00   -0.8067033467E+00    0.4823720030E-01   -0.5789425457E-01    0.2695884202E+02
    0.6900000000E+00   -0.1462659506E-01    0.4026154548E-01    0.9990821141E+00    0.7230642933E-02    0.2542489601E-01    0.1000000000E+01   -0.1149957738E-01   -0.1807150552E-01   -0.6095440367E+00   -0.7924627737E+00    0.4989692605E-01   -0.5776107301E-01    0.2699793299E+02
    0.6910000000E+00   -0.1360002901E-01    0.4120319920E-01    0.9990582243E+00    0.8084213452E-02    0.2552523190E-01    0.1000000000E+01   -0.1175654601E-01   -0.1823583968E-01   -0.6281667665E+00   -0.7777761575E+00    0.5157543321E-01   -0.5759627297E-01    0.2703702297E+02
    0.6920000000E+00   -0.1253236019E-01    0.4212576056E-01    0.9990337133E+00    0.8951449646E-02    0.2560118819E-01    0.1000000000E+01   -0.1201781781E-01   -0.1840074894E-01   -0.6464358298E+00   -0.7626517570E+00    0.5327239077E-01   -0.5739911218E-01    0.2707611190E+02
    0.6930000000E+00   -0.1142364922E-01    0.4302775539E-01    0.9990085648E+00    0.9831789658E-02    0.2565205007E-01    0.1000000000E+01   -0.1228345161E-01   -0.1856621465E-01   -0.6643409328E+00   -0.7470980776E+00    0.5498745006E-01   -0.5716884487E-01    0.2711519978E+02
    0.6940000000E+00   -0.1027400178E-01    0.4390769287E-01    0.9989827623E+00    0.1072464313E-01    0.2567711073E-01    0.1000000000E+01   -0.1255350686E-01   -0.1873221757E-01   -0.6818719860E+00   -0.7311238665E+00    0.5672024449E-01   -0.5690472206E-01    0.2715428658E+02
    0.6950000000E+00   -0.9083569749E-02    0.4476406669E-01    0.9989562889E+00    0.1162939109E-01    0.2567567224E-01    0.1000000000E+01   -0.1282804369E-01   -0.1889873783E-01   -0.6990191097E+00   -0.7147381082E+00    0.5847038923E-01   -0.5660599185E-01    0.2719337225E+02
    0.6960000000E+00   -0.7852552216E-02    0.4559535627E-01    0.9989291271E+00    0.1254538585E-01    0.2564704659E-01    0.1000000000E+01   -0.1310712283E-01   -0.1906575495E-01   -0.7157726395E+00   -0.6979500189E+00    0.6023748090E-01   -0.5627189967E-01    0.2723245679E+02
    0.6970000000E+00   -0.6581196509E-02    0.4640002795E-01    0.9989012590E+00    0.1347195094E-01    0.2559055663E-01    0.1000000000E+01   -0.1339080568E-01   -0.1923324780E-01   -0.7321231319E+00   -0.6807690418E+00    0.6202109736E-01   -0.5590168864E-01    0.2727154014E+02
    0.6980000000E+00   -0.5269799195E-02    0.4717653633E-01    0.9988726664E+00    0.1440838111E-01    0.2550553710E-01    0.1000000000E+01   -0.1367915430E-01   -0.1940119460E-01   -0.7480613695E+00   -0.6632048415E+00    0.6382079735E-01   -0.5549459987E-01    0.2731062230E+02
    0.6990000000E+00   -0.3918707055E-02    0.4792332558E-01    0.9988433304E+00    0.1535394229E-01    0.2539133562E-01    0.1000000000E+01   -0.1397223139E-01   -0.1956957293E-01   -0.7635783664E+00   -0.6452672989E+00    0.6563612025E-01   -0.5504987273E-01    0.2734970322E+02
    0.7000000000E+00   -0.2528318028E-02    0.4863883080E-01    0.9988132317E+00    0.1630787162E-01    0.2524731376E-01    0.1000000000E+01   -0.1427010032E-01   -0.1973835967E-01   -0.7786653728E+00   -0.6269665052E+00    0.6746658578E-01   -0.5456674524E-01    0.2738878287E+02
    0.7010000000E+00   -0.1099082126E-02    0.4932147949E-01    0.9987823505E+00    0.1726937753E-01    0.2507284803E-01    0.1000000000E+01   -0.1457282511E-01   -0.1990753102E-01   -0.7933138805E+00   -0.6083127568E+00    0.6931169373E-01   -0.5404445439E-01    0.2742786121E+02
    0.7020000000E+00    0.3684976785E-03    0.4996969299E-01    0.9987506666E+00    0.1823763982E-01    0.2486733095E-01    0.1000000000E+01   -0.1488047048E-01   -0.2007706248E-01   -0.8075156271E+00   -0.5893165491E+00    0.7117092371E-01   -0.5348223648E-01    0.2746693823E+02
    0.7030000000E+00    0.1873864602E-02    0.5058188799E-01    0.9987181591E+00    0.1921180979E-01    0.2463017214E-01    0.1000000000E+01   -0.1519310178E-01   -0.2024692884E-01   -0.8212626013E+00   -0.5699885711E+00    0.7304373482E-01   -0.5287932748E-01    0.2750601387E+02
    0.7040000000E+00    0.3416407234E-02    0.5115647811E-01    0.9986848066E+00    0.2019101036E-01    0.2436079935E-01    0.1000000000E+01   -0.1551078508E-01   -0.2041710417E-01   -0.8345470467E+00   -0.5503396989E+00    0.7492956543E-01   -0.5223496341E-01    0.2754508811E+02
    0.7050000000E+00    0.4995458755E-02    0.5169187551E-01    0.9986505873E+00    0.2117433632E-01    0.2405865955E-01    0.1000000000E+01   -0.1583358708E-01   -0.2058756178E-01   -0.8473614668E+00   -0.5303809898E+00    0.7682783291E-01   -0.5154838071E-01    0.2758416091E+02
    0.7060000000E+00    0.6610296195E-02    0.5218649252E-01    0.9986154786E+00    0.2216085452E-01    0.2372322006E-01    0.1000000000E+01   -0.1616157521E-01   -0.2075827423E-01   -0.8596986288E+00   -0.5101236764E+00    0.7873793334E-01   -0.5081881662E-01    0.2762323223E+02
    0.7070000000E+00    0.8260139733E-02    0.5263874334E-01    0.9985794574E+00    0.2314960413E-01    0.2335396957E-01    0.1000000000E+01   -0.1649481756E-01   -0.2092921332E-01   -0.8715515677E+00   -0.4895791599E+00    0.8065924127E-01   -0.5004550961E-01    0.2766230203E+02
    0.7080000000E+00    0.9944152033E-02    0.5304704578E-01    0.9985425003E+00    0.2413959695E-01    0.2295041931E-01    0.1000000000E+01   -0.1683338291E-01   -0.2110035006E-01   -0.8829135908E+00   -0.4687590039E+00    0.8259110949E-01   -0.4922769973E-01    0.2770137027E+02
    0.7090000000E+00    0.1166143763E-01    0.5340982304E-01    0.9985045827E+00    0.2512981774E-01    0.2251210411E-01    0.1000000000E+01   -0.1717734074E-01   -0.2127165467E-01   -0.8937782804E+00   -0.4476749280E+00    0.8453286871E-01   -0.4836462909E-01    0.2774043692E+02
    0.7100000000E+00    0.1341104237E-01    0.5372550551E-01    0.9984656799E+00    0.2611922460E-01    0.2203858353E-01    0.1000000000E+01   -0.1752676122E-01   -0.2144309655E-01   -0.9041394986E+00   -0.4263388012E+00    0.8648382738E-01   -0.4745554225E-01    0.2777950193E+02
    0.7110000000E+00    0.1519195286E-01    0.5399253264E-01    0.9984257664E+00    0.2710674937E-01    0.2152944299E-01    0.1000000000E+01   -0.1788171524E-01   -0.2161464427E-01   -0.9139913898E+00   -0.4047626352E+00    0.8844327142E-01   -0.4649968666E-01    0.2781856525E+02
    0.7120000000E+00    0.1700309602E-01    0.5420935485E-01    0.9983848159E+00    0.2809129808E-01    0.2098429484E-01    0.1000000000E+01   -0.1824227435E-01   -0.2178626557E-01   -0.9233283847E+00   -0.3829585776E+00    0.9041046400E-01   -0.4549631313E-01    0.2785762686E+02
    0.7130000000E+00    0.1884333865E-01    0.5437443544E-01    0.9983428015E+00    0.2907175143E-01    0.2040277949E-01    0.1000000000E+01   -0.1860851086E-01   -0.2195792731E-01   -0.9321452029E+00   -0.3609389055E+00    0.9238464527E-01   -0.4444467625E-01    0.2789668669E+02
    0.7140000000E+00    0.2071148706E-01    0.5448625258E-01    0.9982996958E+00    0.3004696536E-01    0.1978456657E-01    0.1000000000E+01   -0.1898049774E-01   -0.2212959550E-01   -0.9404368564E+00   -0.3387160181E+00    0.9436503217E-01   -0.4334403491E-01    0.2793574470E+02
    0.7150000000E+00    0.2260628675E-01    0.5454330132E-01    0.9982554704E+00    0.3101577155E-01    0.1912935596E-01    0.1000000000E+01   -0.1935830870E-01   -0.2230123525E-01   -0.9481986519E+00   -0.3163024301E+00    0.9635081820E-01   -0.4219365273E-01    0.2797480085E+02
    0.7160000000E+00    0.2452642216E-01    0.5454409564E-01    0.9982100963E+00    0.3197697810E-01    0.1843687897E-01    0.1000000000E+01   -0.1974201815E-01   -0.2247281077E-01   -0.9554261940E+00   -0.2937107646E+00    0.9834117320E-01   -0.4099279857E-01    0.2801385509E+02
    0.7170000000E+00    0.2647051647E-01    0.5448717050E-01    0.9981635437E+00    0.3292937012E-01    0.1770689941E-01    0.1000000000E+01   -0.2013170123E-01   -0.2264428534E-01   -0.9621153872E+00   -0.2709537463E+00    0.1003352432E+00   -0.3974074704E-01    0.2805290737E+02
    0.7180000000E+00    0.2843713144E-01    0.5437108398E-01    0.9981157823E+00    0.3387171045E-01    0.1693921470E-01    0.1000000000E+01   -0.2052743380E-01   -0.2281562131E-01   -0.9682624385E+00   -0.2480441937E+00    0.1023321500E+00   -0.3843677898E-01    0.2809195764E+02
    0.7190000000E+00    0.3042476735E-01    0.5419441942E-01    0.9980667806E+00    0.3480274040E-01    0.1613365694E-01    0.1000000000E+01   -0.2092929241E-01   -0.2298678006E-01   -0.9738638595E+00   -0.2249950128E+00    0.1043309912E+00   -0.3708018202E-01    0.2813100584E+02
    0.7200000000E+00    0.3243186298E-01    0.5395578758E-01    0.9980165065E+00    0.3572118052E-01    0.1529009404E-01    0.1000000000E+01   -0.2133735438E-01   -0.2315772203E-01   -0.9789164684E+00   -0.2018191891E+00    0.1063308402E+00   -0.3567025108E-01    0.2817005193E+02
    0.7210000000E+00    0.3445679566E-01    0.5365382883E-01    0.9979649272E+00    0.3662573138E-01    0.1440843073E-01    0.1000000000E+01   -0.2175169773E-01   -0.2332840663E-01   -0.9834173917E+00   -0.1785297810E+00    0.1083307454E+00   -0.3420628892E-01    0.2820909584E+02
    0.7220000000E+00    0.3649788137E-01    0.5328721542E-01    0.9979120088E+00    0.3751507451E-01    0.1348860969E-01    0.1000000000E+01   -0.2217240121E-01   -0.2349879231E-01   -0.9873640661E+00   -0.1551399121E+00    0.1103297305E+00   -0.3268760668E-01    0.2824813752E+02
    0.7230000000E+00    0.3855337495E-01    0.5285465368E-01    0.9978577168E+00    0.3838787322E-01    0.1253061255E-01    0.1000000000E+01   -0.2259954429E-01   -0.2366883644E-01   -0.9907542397E+00   -0.1316627638E+00    0.1123267944E+00   -0.3111352448E-01    0.2828717691E+02
    0.7240000000E+00    0.4062147033E-01    0.5235488634E-01    0.9978020155E+00    0.3924277359E-01    0.1153446096E-01    0.1000000000E+01   -0.2303320721E-01   -0.2383849541E-01   -0.9935859733E+00   -0.1081115683E+00    0.1143209105E+00   -0.2948337195E-01    0.2832621396E+02
    0.7250000000E+00    0.4270030087E-01    0.5178669478E-01    0.9977448685E+00    0.4007840546E-01    0.1050021757E-01    0.1000000000E+01   -0.2347347089E-01   -0.2400772450E-01   -0.9958576418E+00   -0.8449960086E-01    0.1163110274E+00   -0.2779648883E-01    0.2836524860E+02
    0.7260000000E+00    0.4478793977E-01    0.5114890139E-01    0.9976862384E+00    0.4089338346E-01    0.9427987092E-02    0.1000000000E+01   -0.2392041704E-01   -0.2417647793E-01   -0.9975679350E+00   -0.6084017255E-01    0.1182960679E+00   -0.2605222558E-01    0.2840428077E+02
    0.7270000000E+00    0.4688240052E-01    0.5044037188E-01    0.9976260870E+00    0.4168630806E-01    0.8317917221E-02    0.1000000000E+01   -0.2437412805E-01   -0.2434470883E-01   -0.9987158582E+00   -0.3714662275E-01    0.1202749293E+00   -0.2424994394E-01    0.2844331041E+02
    0.7280000000E+00    0.4898163744E-01    0.4966001763E-01    0.9975643748E+00    0.4245576672E-01    0.7170199654E-02    0.1000000000E+01   -0.2483468710E-01   -0.2451236921E-01   -0.9993007331E+00   -0.1343231168E-01    0.1222464834E+00   -0.2238901760E-01    0.2848233745E+02
    0.7290000000E+00    0.5108354638E-01    0.4880679807E-01    0.9975010615E+00    0.4320033505E-01    0.5985071006E-02    0.1000000000E+01   -0.2530217808E-01   -0.2467940994E-01   -0.9993221978E+00    0.1028938700E-01    0.1242095759E+00   -0.2046883278E-01    0.2852136182E+02
    0.7300000000E+00    0.5318596532E-01    0.4787972302E-01    0.9974361058E+00    0.4391857799E-01    0.4762813735E-02    0.1000000000E+01   -0.2577668561E-01   -0.2484578074E-01   -0.9987802077E+00    0.3400509377E-01    0.1261630270E+00   -0.1848878890E-01    0.2856038345E+02
    0.7310000000E+00    0.5528667525E-01    0.4687785513E-01    0.9973694653E+00    0.4460905111E-01    0.3503757045E-02    0.1000000000E+01   -0.2625829508E-01   -0.2501143015E-01   -0.9976750349E+00    0.5770143064E-01    0.1281056305E+00   -0.1644829920E-01    0.2859940228E+02
    0.7320000000E+00    0.5738340099E-01    0.4580031219E-01    0.9973010963E+00    0.4527030183E-01    0.2208277748E-02    0.1000000000E+01   -0.2674709259E-01   -0.2517630553E-01   -0.9960072684E+00    0.8136502869E-01    0.1300361545E+00   -0.1434679140E-01    0.2863841823E+02
    0.7330000000E+00    0.5947381216E-01    0.4464626961E-01    0.9972309544E+00    0.4590087082E-01    0.8768011109E-03    0.1000000000E+01   -0.2724316501E-01   -0.2534035300E-01   -0.9937778141E+00    0.1049825355E+00    0.1319533406E+00   -0.1218370837E-01    0.2867743122E+02
    0.7340000000E+00    0.6155552420E-01    0.4341496275E-01    0.9971589936E+00    0.4649929334E-01   -0.4901983355E-03    0.1000000000E+01   -0.2774659992E-01   -0.2550351746E-01   -0.9909878935E+00    0.1285406227E+00    0.1338559045E+00   -0.9958508836E-02    0.2871644118E+02
    0.7350000000E+00    0.6362609953E-01    0.4210568938E-01    0.9970851671E+00    0.4706410066E-01   -0.1892196013E-02    0.1000000000E+01   -0.2825748565E-01   -0.2566574258E-01   -0.9876390442E+00    0.1520259932E+00    0.1357425356E+00   -0.7670668005E-02    0.2875544803E+02
    0.7360000000E+00    0.6568304870E-01    0.4071781201E-01    0.9970094267E+00    0.4759382154E-01   -0.3328616548E-02    0.1000000000E+01   -0.2877591129E-01   -0.2582697070E-01   -0.9837331180E+00    0.1754253890E+00    0.1376118968E+00   -0.5319678315E-02    0.2879445169E+02
    0.7370000000E+00    0.6772383176E-01    0.3925076031E-01    0.9969317231E+00    0.4808698371E-01   -0.4798833060E-02    0.1000000000E+01   -0.2930196665E-01   -0.2598714291E-01   -0.9792722807E+00    0.1987255982E+00    0.1394626249E+00   -0.2905050120E-02    0.2883345208E+02
    0.7380000000E+00    0.6974585958E-01    0.3770403350E-01    0.9968520055E+00    0.4854211542E-01   -0.6302166483E-02    0.1000000000E+01   -0.2983574227E-01   -0.2614619896E-01   -0.9742590106E+00    0.2219134628E+00    0.1412933303E+00   -0.4263124079E-03    0.2887244910E+02
    0.7390000000E+00    0.7174649535E-01    0.3607720271E-01    0.9967702222E+00    0.4895774704E-01   -0.7837884925E-02    0.1000000000E+01   -0.3037732945E-01   -0.2630407726E-01   -0.9686960973E+00    0.2449758855E+00    0.1431025971E+00    0.2116986467E-02    0.2891144269E+02
    0.7400000000E+00    0.7372305615E-01    0.3436991333E-01    0.9966863198E+00    0.4933241265E-01   -0.9405203072E-02    0.1000000000E+01   -0.3092682021E-01   -0.2646071486E-01   -0.9625866399E+00    0.2678998377E+00    0.1448889831E+00    0.4725278054E-02    0.2895043274E+02
    0.7410000000E+00    0.7567281461E-01    0.3258188734E-01    0.9966002437E+00    0.4966465169E-01   -0.1100328162E-01    0.1000000000E+01   -0.3148430731E-01   -0.2661604742E-01   -0.9559340458E+00    0.2906723663E+00    0.1466510199E+00    0.7398973055E-02    0.2898941916E+02
    0.7420000000E+00    0.7759300064E-01    0.3071292566E-01    0.9965119380E+00    0.4995301072E-01   -0.1263122679E-01    0.1000000000E+01   -0.3204988424E-01   -0.2677000919E-01   -0.9487420285E+00    0.3132806010E+00    0.1483872128E+00    0.1013846057E-01    0.2902840187E+02
    0.7430000000E+00    0.7948080329E-01    0.2876291042E-01    0.9964213451E+00    0.5019604510E-01   -0.1428808979E-01    0.1000000000E+01   -0.3262364522E-01   -0.2692253301E-01   -0.9410146056E+00    0.3357117618E+00    0.1500960408E+00    0.1294410734E-01    0.2906738075E+02
    0.7440000000E+00    0.8133337267E-01    0.2673180726E-01    0.9963284062E+00    0.5039232075E-01   -0.1597286649E-01    0.1000000000E+01   -0.3320568519E-01   -0.2707355024E-01   -0.9327560970E+00    0.3579531657E+00    0.1517759571E+00    0.1581625696E-01    0.2910635573E+02
    0.7450000000E+00    0.8314782199E-01    0.2461966752E-01    0.9962330609E+00    0.5054041603E-01   -0.1768449694E-01    0.1000000000E+01   -0.3379609984E-01   -0.2722299078E-01   -0.9239711221E+00    0.3799922341E+00    0.1534253887E+00    0.1875522910E-01    0.2914532669E+02
    0.7460000000E+00    0.8492122965E-01    0.2242663051E-01    0.9961352474E+00    0.5063892349E-01   -0.1942186513E-01    0.1000000000E+01   -0.3439498555E-01   -0.2737078303E-01   -0.9146645973E+00    0.4018165000E+00    0.1550427367E+00    0.2176131871E-01    0.2918429352E+02
    0.7470000000E+00    0.8665064151E-01    0.2015292567E-01    0.9960349020E+00    0.5068645180E-01   -0.2118379867E-01    0.1000000000E+01   -0.3500243943E-01   -0.2751685384E-01   -0.9048417337E+00    0.4234136144E+00    0.1566263765E+00    0.2483479524E-01    0.2922325614E+02
    0.7480000000E+00    0.8833307315E-01    0.1779887466E-01    0.9959319597E+00    0.5068162767E-01   -0.2296906857E-01    0.1000000000E+01   -0.3561855932E-01   -0.2766112855E-01   -0.8945080341E+00    0.4447713539E+00    0.1581746579E+00    0.2797590179E-01    0.2926221441E+02
    0.7490000000E+00    0.8996551229E-01    0.1536489352E-01    0.9958263537E+00    0.5062309771E-01   -0.2477638910E-01    0.1000000000E+01   -0.3624344375E-01   -0.2780353090E-01   -0.8836692896E+00    0.4658776268E+00    0.1596859051E+00    0.3118485435E-01    0.2930116824E+02
    0.7500000000E+00    0.9154492131E-01    0.1285149470E-01    0.9957180156E+00    0.5050953049E-01   -0.2660441764E-01    0.1000000000E+01   -0.3687719196E-01   -0.2794398302E-01   -0.8723315771E+00    0.4867204805E+00    0.1611584170E+00    0.3446184089E-01    0.2934011750E+02
    0.7510000000E+00    0.9306823981E-01    0.1025928903E-01    0.9956068751E+00    0.5033961847E-01   -0.2845175466E-01    0.1000000000E+01   -0.3751990389E-01   -0.2808240547E-01   -0.8605012555E+00    0.5072881081E+00    0.1625904675E+00    0.3780702062E-01    0.2937906209E+02
    0.7520000000E+00    0.9453238731E-01    0.7588987732E-02    0.9954928604E+00    0.5011208005E-01   -0.3031694373E-01    0.1000000000E+01   -0.3817168019E-01   -0.2821871709E-01   -0.8481849624E+00    0.5275688546E+00    0.1639803054E+00    0.4122052307E-01    0.2941800187E+02
    0.7530000000E+00    0.9593426604E-01    0.4841404244E-02    0.9953758976E+00    0.4982566161E-01   -0.3219847154E-01    0.1000000000E+01   -0.3883262219E-01   -0.2835283511E-01   -0.8353896106E+00    0.5475512238E+00    0.1653261549E+00    0.4470244729E-01    0.2945693673E+02
    0.7540000000E+00    0.9727076382E-01    0.2017456108E-02    0.9952559110E+00    0.4947913958E-01   -0.3409476811E-01    0.1000000000E+01   -0.3950283190E-01   -0.2848467502E-01   -0.8221223839E+00    0.5672238847E+00    0.1666262160E+00    0.4825286096E-01    0.2949586653E+02
    0.7550000000E+00    0.9853875699E-01   -0.8818332749E-03    0.9951328232E+00    0.4907132254E-01   -0.3600420691E-01    0.1000000000E+01   -0.4018241201E-01   -0.2861415060E-01   -0.8083907338E+00    0.5865756777E+00    0.1678786641E+00    0.5187179956E-01    0.2953479115E+02
    0.7560000000E+00    0.9973511352E-01   -0.3855332939E-02    0.9950065545E+00    0.4860105334E-01   -0.3792510517E-01    0.1000000000E+01   -0.4087146588E-01   -0.2874117386E-01   -0.7942023747E+00    0.6055956210E+00    0.1690816510E+00    0.5555926545E-01    0.2957371045E+02
    0.7570000000E+00    0.1008566961E+00   -0.6901802713E-02    0.9948770236E+00    0.4806721123E-01   -0.3985572419E-01    0.1000000000E+01   -0.4157009754E-01   -0.2886565507E-01   -0.7795652804E+00    0.6242729167E+00    0.1702333049E+00    0.5931522704E-01    0.2961262429E+02
    0.7580000000E+00    0.1019003656E+00   -0.1001989166E-01    0.9947441467E+00    0.4746871398E-01   -0.4179426976E-01    0.1000000000E+01   -0.4227841167E-01   -0.2898750264E-01   -0.7644876792E+00    0.6425969568E+00    0.1713317306E+00    0.6313961789E-01    0.2965153255E+02
    0.7590000000E+00    0.1028629839E+00   -0.1320813658E-01    0.9946078382E+00    0.4680452012E-01   -0.4373889258E-01    0.1000000000E+01   -0.4299651361E-01   -0.2910662320E-01   -0.7489780497E+00    0.6605573294E+00    0.1723750101E+00    0.6703233579E-01    0.2969043506E+02
    0.7600000000E+00    0.1037414178E+00   -0.1646496063E-01    0.9944680102E+00    0.4607363104E-01   -0.4568768885E-01    0.1000000000E+01   -0.4372450931E-01   -0.2922292148E-01   -0.7330451160E+00    0.6781438240E+00    0.1733612029E+00    0.7099324190E-01    0.2972933168E+02
    0.7610000000E+00    0.1045325426E+00   -0.1978867197E-01    0.9943245728E+00    0.4527509324E-01   -0.4763870086E-01    0.1000000000E+01   -0.4446250537E-01   -0.2933630033E-01   -0.7166978430E+00    0.6953464381E+00    0.1742883463E+00    0.7502215984E-01    0.2976822226E+02
    0.7620000000E+00    0.1052332451E+00   -0.2317746255E-01    0.9941774336E+00    0.4440800050E-01   -0.4958991769E-01    0.1000000000E+01   -0.4521060901E-01   -0.2944666071E-01   -0.6999454315E+00    0.7121553819E+00    0.1751544559E+00    0.7911887479E-01    0.2980710665E+02
    0.7630000000E+00    0.1058404278E+00   -0.2662940697E-01    0.9940264979E+00    0.4347149611E-01   -0.5153927596E-01    0.1000000000E+01   -0.4596892807E-01   -0.2955390159E-01   -0.6827973132E+00    0.7285610843E+00    0.1759575259E+00    0.8328313252E-01    0.2984598468E+02
    0.7640000000E+00    0.1063510125E+00   -0.3014246142E-01    0.9938716689E+00    0.4246477506E-01   -0.5348466066E-01    0.1000000000E+01   -0.4673757095E-01   -0.2965792001E-01   -0.6652631455E+00    0.7445541985E+00    0.1766955298E+00    0.8751463859E-01    0.2988485619E+02
    0.7650000000E+00    0.1067619443E+00   -0.3371446276E-01    0.9937128470E+00    0.4138708629E-01   -0.5542390612E-01    0.1000000000E+01   -0.4751664668E-01   -0.2975861098E-01   -0.6473528060E+00    0.7601256067E+00    0.1773664208E+00    0.9181305729E-01    0.2992372101E+02
    0.7660000000E+00    0.1070701950E+00   -0.3734312764E-01    0.9935499304E+00    0.4023773486E-01   -0.5735479693E-01    0.1000000000E+01   -0.4830626483E-01   -0.2985586749E-01   -0.6290763876E+00    0.7752664255E+00    0.1779681321E+00    0.9617801083E-01    0.2996257898E+02
    0.7670000000E+00    0.1072727679E+00   -0.4102605182E-01    0.9933828146E+00    0.3901608424E-01   -0.5927506908E-01    0.1000000000E+01   -0.4910653556E-01   -0.2994958047E-01   -0.6104441926E+00    0.7899680110E+00    0.1784985776E+00    0.1006090784E+00    0.3000142990E+02
    0.7680000000E+00    0.1073667013E+00   -0.4476070950E-01    0.9932113926E+00    0.3772155844E-01   -0.6118241109E-01    0.1000000000E+01   -0.4991756956E-01   -0.3003963875E-01   -0.5914667271E+00    0.8042219638E+00    0.1789556527E+00    0.1051057950E+00    0.3004027361E+02
    0.7690000000E+00    0.1073490727E+00   -0.4854445283E-01    0.9930355546E+00    0.3635364428E-01   -0.6307446527E-01    0.1000000000E+01   -0.5073947806E-01   -0.3012592906E-01   -0.5721546953E+00    0.8180201332E+00    0.1793372344E+00    0.1096676511E+00    0.3007910992E+02
    0.7700000000E+00    0.1072170033E+00   -0.5237451151E-01    0.9928551882E+00    0.3491189352E-01   -0.6494882900E-01    0.1000000000E+01   -0.5157237282E-01   -0.3020833597E-01   -0.5525189938E+00    0.8313546225E+00    0.1796411822E+00    0.1142940909E+00    0.3011793863E+02
    0.7710000000E+00    0.1069676621E+00   -0.5624799255E-01    0.9926701782E+00    0.3339592514E-01   -0.6680305620E-01    0.1000000000E+01   -0.5241636608E-01   -0.3028674186E-01   -0.5325707052E+00    0.8442177929E+00    0.1798653387E+00    0.1189845122E+00    0.3015675956E+02
    0.7720000000E+00    0.1065982702E+00   -0.6016188010E-01    0.9924804064E+00    0.3180542741E-01   -0.6863465876E-01    0.1000000000E+01   -0.5327157059E-01   -0.3036102692E-01   -0.5123210927E+00    0.8566022681E+00    0.1800075304E+00    0.1237382647E+00    0.3019557249E+02
    0.7730000000E+00    0.1061061054E+00   -0.6411303544E-01    0.9922857517E+00    0.3014016011E-01   -0.7044110817E-01    0.1000000000E+01   -0.5413809956E-01   -0.3043106910E-01   -0.4917815934E+00    0.8685009388E+00    0.1800655679E+00    0.1285546497E+00    0.3023437723E+02
    0.7740000000E+00    0.1054885065E+00   -0.6809819712E-01    0.9920860903E+00    0.2839995661E-01   -0.7221983716E-01    0.1000000000E+01   -0.5501606667E-01   -0.3049674405E-01   -0.4709638122E+00    0.8799069659E+00    0.1800372475E+00    0.1334329188E+00    0.3027317357E+02
    0.7750000000E+00    0.1047428782E+00   -0.7211398122E-01    0.9918812949E+00    0.2658472605E-01   -0.7396824143E-01    0.1000000000E+01   -0.5590558600E-01   -0.3055792516E-01   -0.4498795156E+00    0.8908137853E+00    0.1799203508E+00    0.1383722731E+00    0.3031196128E+02
    0.7760000000E+00    0.1038666950E+00   -0.7615688172E-01    0.9916712354E+00    0.2469445534E-01   -0.7568368152E-01    0.1000000000E+01   -0.5680677209E-01   -0.3061448346E-01   -0.4285406250E+00    0.9012151113E+00    0.1797126466E+00    0.1433718622E+00    0.3035074016E+02
    0.7770000000E+00    0.1028575066E+00   -0.8022327108E-01    0.9914557782E+00    0.2272921129E-01   -0.7736348472E-01    0.1000000000E+01   -0.5771973985E-01   -0.3066628762E-01   -0.4069592106E+00    0.9111049398E+00    0.1794118909E+00    0.1484307832E+00    0.3038950996E+02
    0.7780000000E+00    0.1017129421E+00   -0.8430940089E-01    0.9912347867E+00    0.2068914256E-01   -0.7900494707E-01    0.1000000000E+01   -0.5864460456E-01   -0.3071320391E-01   -0.3851474842E+00    0.9204775526E+00    0.1790158282E+00    0.1535480801E+00    0.3042827046E+02
    0.7790000000E+00    0.1004307149E+00   -0.8841140278E-01    0.9910081208E+00    0.1857448172E-01   -0.8060533550E-01    0.1000000000E+01   -0.5958148187E-01   -0.3075509620E-01   -0.3631177933E+00    0.9293275199E+00    0.1785221921E+00    0.1587227423E+00    0.3046702142E+02
    0.7800000000E+00    0.9900862743E-01   -0.9252528934E-01    0.9907756368E+00    0.1638554715E-01   -0.8216188996E-01    0.1000000000E+01   -0.6053048775E-01   -0.3079182587E-01   -0.3408826135E+00    0.9376497039E+00    0.1779287063E+00    0.1639537042E+00    0.3050576259E+02
    0.7810000000E+00    0.9744457609E-01   -0.9664695533E-01    0.9905371879E+00    0.1412274496E-01   -0.8367182572E-01    0.1000000000E+01   -0.6149173847E-01   -0.3082325183E-01   -0.3184545425E+00    0.9454392617E+00    0.1772330857E+00    0.1692398441E+00    0.3054449373E+02
    0.7820000000E+00    0.9573655589E-01   -0.1007721790E+00    0.9902926233E+00    0.1178657085E-01   -0.8513233576E-01    0.1000000000E+01   -0.6246535059E-01   -0.3084923046E-01   -0.2958462926E+00    0.9526916480E+00    0.1764330370E+00    0.1745799831E+00    0.3058321458E+02
    0.7830000000E+00    0.9388266539E-01   -0.1048966235E+00    0.9900417888E+00    0.9377611951E-02   -0.8654059319E-01    0.1000000000E+01   -0.6345144093E-01   -0.3086961558E-01   -0.2730706840E+00    0.9594026178E+00    0.1755262599E+00    0.1799728844E+00    0.3062192487E+02
    0.7840000000E+00    0.9188111162E-01   -0.1090158386E+00    0.9897845262E+00    0.6896548549E-02   -0.8789375377E-01    0.1000000000E+01   -0.6445012653E-01   -0.3088425843E-01   -0.2501406380E+00    0.9655682291E+00    0.1745104482E+00    0.1854172524E+00    0.3066062433E+02
    0.7850000000E+00    0.8973021496E-01   -0.1131252626E+00    0.9895206736E+00    0.4344155827E-02   -0.8918895860E-01    0.1000000000E+01   -0.6546152463E-01   -0.3089300765E-01   -0.2270691695E+00    0.9711848450E+00    0.1733832907E+00    0.1909117317E+00    0.3069931269E+02
    0.7860000000E+00    0.8742841404E-01   -0.1172202241E+00    0.9892500652E+00    0.1721305501E-02   -0.9042333676E-01    0.1000000000E+01   -0.6648575264E-01   -0.3089570920E-01   -0.2038693803E+00    0.9762491360E+00    0.1721424724E+00    0.1964549061E+00    0.3073798967E+02
    0.7870000000E+00    0.8497427067E-01   -0.1212959443E+00    0.9889725311E+00   -0.9710325847E-03   -0.9159400815E-01    0.1000000000E+01   -0.6752292812E-01   -0.3089220637E-01   -0.1805544517E+00    0.9807580822E+00    0.1707856755E+00    0.2020452980E+00    0.3077665496E+02
    0.7880000000E+00    0.8236647480E-01   -0.1253475393E+00    0.9886878973E+00   -0.3731788932E-02   -0.9269808636E-01    0.1000000000E+01   -0.6857316873E-01   -0.3088233973E-01   -0.1571376375E+00    0.9847089745E+00    0.1693105808E+00    0.2076813673E+00    0.3081530828E+02
    0.7890000000E+00    0.7960384938E-01   -0.1293700229E+00    0.9883959856E+00   -0.6559792929E-02   -0.9373268166E-01    0.1000000000E+01   -0.6963659221E-01   -0.3086594713E-01   -0.1336322565E+00    0.9880994172E+00    0.1677148685E+00    0.2133615106E+00    0.3085394932E+02
    0.7900000000E+00    0.7668535532E-01   -0.1333583088E+00    0.9880966136E+00   -0.9453771471E-02   -0.9469490401E-01    0.1000000000E+01   -0.7071331635E-01   -0.3084286360E-01   -0.1100516855E+00    0.9909273289E+00    0.1659962199E+00    0.2190840605E+00    0.3089257776E+02
    0.7910000000E+00    0.7361009639E-01   -0.1373072139E+00    0.9877895944E+00   -0.1241234764E-01   -0.9558186623E-01    0.1000000000E+01   -0.7180345894E-01   -0.3081292140E-01   -0.8640935185E-01    0.9931909439E+00    0.1641523182E+00    0.2248472844E+00    0.3093119328E+02
    0.7920000000E+00    0.7037732407E-01   -0.1412114615E+00    0.9874747366E+00   -0.1543403948E-01   -0.9639068718E-01    0.1000000000E+01   -0.7290713775E-01   -0.3077594990E-01   -0.6271872619E-01    0.9948888137E+00    0.1621808502E+00    0.2306493839E+00    0.3096979556E+02
    0.7930000000E+00    0.6698644243E-01   -0.1450656841E+00    0.9871518444E+00   -0.1851725885E-01   -0.9711849512E-01    0.1000000000E+01   -0.7402447045E-01   -0.3073177565E-01   -0.3899331503E-01    0.9960198076E+00    0.1600795075E+00    0.2364884941E+00    0.3100838425E+02
    0.7940000000E+00    0.6343701296E-01   -0.1488644273E+00    0.9868207171E+00   -0.2166031035E-01   -0.9776243100E-01    0.1000000000E+01   -0.7515557466E-01   -0.3068022224E-01   -0.1524665343E-01    0.9965831140E+00    0.1578459876E+00    0.2423626825E+00    0.3104695902E+02
    0.7950000000E+00    0.5972875934E-01   -0.1526021533E+00    0.9864811494E+00   -0.2486139036E-01   -0.9831965198E-01    0.1000000000E+01   -0.7630056781E-01   -0.3062111037E-01    0.8507702396E-02    0.9965782408E+00    0.1554779957E+00    0.2482699483E+00    0.3108551950E+02
    0.7960000000E+00    0.5586157221E-01   -0.1562732448E+00    0.9861329311E+00   -0.2811858614E-01   -0.9878733494E-01    0.1000000000E+01   -0.7745956716E-01   -0.3055425774E-01    0.3225618251E-01    0.9960050158E+00    0.1529732460E+00    0.2542082220E+00    0.3112406534E+02
    0.7970000000E+00    0.5183551380E-01   -0.1598720092E+00    0.9857758468E+00   -0.3142987507E-01   -0.9916268004E-01    0.1000000000E+01   -0.7863268972E-01   -0.3047947905E-01    0.5598521061E-01    0.9948635875E+00    0.1503294631E+00    0.2601753639E+00    0.3116259615E+02
    0.7980000000E+00    0.4765082264E-01   -0.1633926825E+00    0.9854096764E+00   -0.3479312395E-01   -0.9944291445E-01    0.1000000000E+01   -0.7982005224E-01   -0.3039658597E-01    0.7968121149E-01    0.9931544247E+00    0.1475443838E+00    0.2661691640E+00    0.3120111157E+02
    0.7990000000E+00    0.4330791809E-01   -0.1668294345E+00    0.9850341944E+00   -0.3820608843E-01   -0.9962529609E-01    0.1000000000E+01   -0.8102177114E-01   -0.3030538714E-01    0.1033306184E+00    0.9908783172E+00    0.1446157582E+00    0.2721873411E+00    0.3123961120E+02
    0.8000000000E+00    0.3880740486E-01   -0.1701763725E+00    0.9846491698E+00   -0.4166641254E-01   -0.9970711738E-01    0.1000000000E+01   -0.8223796246E-01   -0.3020568805E-01    0.1269198805E+00    0.9880363748E+00    0.1415413516E+00    0.2782275421E+00    0.3127809463E+02
    0.8010000000E+00    0.3415007739E-01   -0.1734275471E+00    0.9842543666E+00   -0.4517162830E-01   -0.9968570920E-01    0.1000000000E+01   -0.8346874182E-01   -0.3009729111E-01    0.1504354703E+00    0.9846300277E+00    0.1383189462E+00    0.2842873411E+00    0.3131656147E+02
    0.8020000000E+00    0.2933692426E-01   -0.1765769567E+00    0.9838495430E+00   -0.4871915552E-01   -0.9955844475E-01    0.1000000000E+01   -0.8471422437E-01   -0.2997999557E-01    0.1738638910E+00    0.9806610258E+00    0.1349463428E+00    0.2903642391E+00    0.3135501128E+02
    0.8030000000E+00    0.2436913236E-01   -0.1796185531E+00    0.9834344517E+00   -0.5230630163E-01   -0.9932274361E-01    0.1000000000E+01   -0.8597452470E-01   -0.2985359747E-01    0.1971916836E+00    0.9761314377E+00    0.1314213621E+00    0.2964556630E+00    0.3139344364E+02
    0.8040000000E+00    0.1924809107E-01   -0.1825462469E+00    0.9830088396E+00   -0.5593026172E-01   -0.9897607578E-01    0.1000000000E+01   -0.8724975685E-01   -0.2971788969E-01    0.2204054350E+00    0.9710436505E+00    0.1277418468E+00    0.3025589655E+00    0.3143185810E+02
    0.8050000000E+00    0.1397539631E-01   -0.1853539131E+00    0.9825724478E+00   -0.5958811861E-01   -0.9851596577E-01    0.1000000000E+01   -0.8854003420E-01   -0.2957266182E-01    0.2434917845E+00    0.9654003682E+00    0.1239056637E+00    0.3086714241E+00    0.3147025422E+02
    0.8060000000E+00    0.8552854415E-02   -0.1880353972E+00    0.9821250114E+00   -0.6327684313E-01   -0.9793999678E-01    0.1000000000E+01   -0.8984546942E-01   -0.2941770021E-01    0.2664374316E+00    0.9592046109E+00    0.1199107048E+00    0.3147902404E+00    0.3150863153E+02
    0.8070000000E+00    0.2982485982E-02   -0.1905845214E+00    0.9816662595E+00   -0.6699329449E-01   -0.9724581492E-01    0.1000000000E+01   -0.9116617442E-01   -0.2925278791E-01    0.2892291431E+00    0.9524597135E+00    0.1157548897E+00    0.3209125402E+00    0.3154698955E+02
    0.8080000000E+00   -0.2733470503E-02   -0.1929950907E+00    0.9811959148E+00   -0.7073422079E-01   -0.9643113346E-01    0.1000000000E+01   -0.9250226027E-01   -0.2907770466E-01    0.3118537606E+00    0.9451693240E+00    0.1114361674E+00    0.3270353725E+00    0.3158532781E+02
    0.8090000000E+00   -0.8592555122E-02   -0.1952608993E+00    0.9807136938E+00   -0.7449625970E-01   -0.9549373712E-01    0.1000000000E+01   -0.9385383716E-01   -0.2889222684E-01    0.3342982072E+00    0.9373374020E+00    0.1069525182E+00    0.3331557091E+00    0.3162364580E+02
    0.8100000000E+00   -0.1459208316E-01   -0.1973757380E+00    0.9802193067E+00   -0.7827593923E-01   -0.9443148640E-01    0.1000000000E+01   -0.9522101430E-01   -0.2869612746E-01    0.3565494953E+00    0.9289682169E+00    0.1023019559E+00    0.3392704445E+00    0.3166194301E+02
    0.8110000000E+00   -0.2072914186E-01   -0.1993334003E+00    0.9797124569E+00   -0.8206967867E-01   -0.9324232198E-01    0.1000000000E+01   -0.9660389987E-01   -0.2848917613E-01    0.3785947333E+00    0.9200663461E+00    0.9748252964E-01    0.3453763950E+00    0.3170021893E+02
    0.8120000000E+00   -0.2700058741E-01   -0.2011276903E+00    0.9791928413E+00   -0.8587378972E-01   -0.9192426909E-01    0.1000000000E+01   -0.9800260094E-01   -0.2827113906E-01    0.4004211328E+00    0.9106366725E+00    0.9249232588E-01    0.3514702987E+00    0.3173847301E+02
    0.8130000000E+00   -0.3340304204E-01   -0.2027524295E+00    0.9786601500E+00   -0.8968447769E-01   -0.9047544195E-01    0.1000000000E+01   -0.9941722341E-01   -0.2804177901E-01    0.4220160156E+00    0.9006843825E+00    0.8732947086E-01    0.3575488152E+00    0.3177670470E+02
    0.8140000000E+00   -0.3993289130E-01   -0.2042014647E+00    0.9781140660E+00   -0.9349784292E-01   -0.8889404822E-01    0.1000000000E+01   -0.1008478719E+00   -0.2780085525E-01    0.4433668208E+00    0.8902149636E+00    0.8199213253E-01    0.3636085251E+00    0.3181491346E+02
    0.8150000000E+00   -0.4658628162E-01   -0.2054686754E+00    0.9775542654E+00   -0.9730988232E-01   -0.8717839344E-01    0.1000000000E+01   -0.1022946497E+00   -0.2754812362E-01    0.4644611117E+00    0.8792342016E+00    0.7647852285E-01    0.3696459299E+00    0.3185309870E+02
    0.8160000000E+00   -0.5335911792E-01   -0.2065479822E+00    0.9769804172E+00   -0.1011164911E+00   -0.8532688555E-01    0.1000000000E+01   -0.1037576586E+00   -0.2728333640E-01    0.4852865824E+00    0.8677481782E+00    0.7078690000E-01    0.3756574516E+00    0.3189125983E+02
    0.8170000000E+00   -0.6024706160E-01   -0.2074333546E+00    0.9763921830E+00   -0.1049134647E+00   -0.8333803932E-01    0.1000000000E+01   -0.1052369990E+00   -0.2700624240E-01    0.5058310650E+00    0.8557632678E+00    0.6491557068E-01    0.3816394330E+00    0.3192939625E+02
    0.8180000000E+00   -0.6724552860E-01   -0.2081188193E+00    0.9757892170E+00   -0.1086965006E+00   -0.8121048089E-01    0.1000000000E+01   -0.1067327697E+00   -0.2671658685E-01    0.5260825362E+00    0.8432861347E+00    0.5886289248E-01    0.3875881372E+00    0.3196750735E+02
    0.8190000000E+00   -0.7434968779E-01   -0.2085984688E+00    0.9751711659E+00   -0.1124612009E+00   -0.7894295223E-01    0.1000000000E+01   -0.1082450677E+00   -0.2641411145E-01    0.5460291236E+00    0.8303237298E+00    0.5262727619E-01    0.3934997476E+00    0.3200559250E+02
    0.8200000000E+00   -0.8155445955E-01   -0.2088664703E+00    0.9745376687E+00   -0.1162030745E+00   -0.7653431560E-01    0.1000000000E+01   -0.1097739883E+00   -0.2609855433E-01    0.5656591129E+00    0.8168832872E+00    0.4620718829E-01    0.3993703679E+00    0.3204365104E+02
    0.8210000000E+00   -0.8885451460E-01   -0.2089170740E+00    0.9738883568E+00   -0.1199175396E+00   -0.7398355805E-01    0.1000000000E+01   -0.1113196249E+00   -0.2576965004E-01    0.5849609541E+00    0.8029723211E+00    0.3960115332E-01    0.4051960222E+00    0.3208168232E+02
    0.8220000000E+00   -0.9624427310E-01   -0.2087446229E+00    0.9732228534E+00   -0.1235999265E+00   -0.7128979586E-01    0.1000000000E+01   -0.1128820688E+00   -0.2542712953E-01    0.6039232679E+00    0.7885986217E+00    0.3280775648E-01    0.4109726553E+00    0.3211968566E+02
    0.8230000000E+00   -0.1037179040E+00   -0.2083435612E+00    0.9725407739E+00   -0.1272454806E+00   -0.6845227892E-01    0.1000000000E+01   -0.1144614095E+00   -0.2507072016E-01    0.6225348520E+00    0.7737702519E+00    0.2582564608E-01    0.4166961323E+00    0.3215766037E+02
    0.8240000000E+00   -0.1112693248E+00   -0.2077084444E+00    0.9718417256E+00   -0.1308493654E+00   -0.6547039518E-01    0.1000000000E+01   -0.1160577340E+00   -0.2470014568E-01    0.6407846877E+00    0.7584955433E+00    0.1865353616E-01    0.4223622393E+00    0.3219560573E+02
    0.8250000000E+00   -0.1188922011E+00   -0.2068339482E+00    0.9711253073E+00   -0.1344066656E+00   -0.6234367496E-01    0.1000000000E+01   -0.1176711272E+00   -0.2431512623E-01    0.6586619459E+00    0.7427830919E+00    0.1129020911E-01    0.4279666836E+00    0.3223352103E+02
    0.8260000000E+00   -0.1265799473E+00   -0.2057148787E+00    0.9703911096E+00   -0.1379123909E+00   -0.5907179531E-01    0.1000000000E+01   -0.1193016715E+00   -0.2391537832E-01    0.6761559929E+00    0.7266417543E+00    0.3734518307E-02    0.4335050936E+00    0.3227140551E+02
    0.8270000000E+00   -0.1343257270E+00   -0.2043461818E+00    0.9696387147E+00   -0.1413614796E+00   -0.5565458420E-01    0.1000000000E+01   -0.1209494468E+00   -0.2350061486E-01    0.6932563972E+00    0.7100806434E+00   -0.4014609169E-02    0.4389730198E+00    0.3230925842E+02
    0.8280000000E+00   -0.1421224534E+00   -0.2027229534E+00    0.9688676960E+00   -0.1447488019E+00   -0.5209202482E-01    0.1000000000E+01   -0.1226145304E+00   -0.2307054513E-01    0.7099529346E+00    0.6931091238E+00   -0.1195816981E-01    0.4443659349E+00    0.3234707898E+02
    0.8290000000E+00   -0.1499627910E+00   -0.2008404496E+00    0.9680776184E+00   -0.1480691647E+00   -0.4838425966E-01    0.1000000000E+01   -0.1242969968E+00   -0.2262487480E-01    0.7262355944E+00    0.6757368076E+00   -0.2009708092E-01    0.4496792343E+00    0.3238486639E+02
    0.8300000000E+00   -0.1578391570E+00   -0.1986940966E+00    0.9672680376E+00   -0.1513173152E+00   -0.4453159460E-01    0.1000000000E+01   -0.1259969175E+00   -0.2216330593E-01    0.7420945850E+00    0.6579735493E+00   -0.2843217778E-01    0.4549082370E+00    0.3242261985E+02
    0.8310000000E+00   -0.1657437228E+00   -0.1962795012E+00    0.9664385008E+00   -0.1544879455E+00   -0.4053450294E-01    0.1000000000E+01   -0.1277143610E+00   -0.2168553698E-01    0.7575203399E+00    0.6398294414E+00   -0.3696421081E-01    0.4600481859E+00    0.3246033851E+02
    0.8320000000E+00   -0.1736684166E+00   -0.1935924615E+00    0.9655885459E+00   -0.1575756973E+00   -0.3639362930E-01    0.1000000000E+01   -0.1294493929E+00   -0.2119126281E-01    0.7725035227E+00    0.6213148094E+00   -0.4569384273E-01    0.4650942487E+00    0.3249802153E+02
    0.8330000000E+00   -0.1816049258E+00   -0.1906289768E+00    0.9647177018E+00   -0.1605751663E+00   -0.3210979345E-01    0.1000000000E+01   -0.1312020752E+00   -0.2068017473E-01    0.7870350328E+00    0.6024402069E+00   -0.5462164555E-01    0.4700415187E+00    0.3253566802E+02
    0.8340000000E+00   -0.1895446999E+00   -0.1873852591E+00    0.9638254881E+00   -0.1634809075E+00   -0.2768399403E-01    0.1000000000E+01   -0.1329724665E+00   -0.2015196047E-01    0.8011060107E+00    0.5832164103E+00   -0.6374809774E-01    0.4748850158E+00    0.3257327712E+02
    0.8350000000E+00   -0.1974789538E+00   -0.1838577429E+00    0.9629114150E+00   -0.1662874403E+00   -0.2311741223E-01    0.1000000000E+01   -0.1347606219E+00   -0.1960630421E-01    0.8147078431E+00    0.5636544136E+00   -0.7307358116E-01    0.4796196873E+00    0.3261084789E+02
    0.8360000000E+00   -0.2053986716E+00   -0.1800430969E+00    0.9619749836E+00   -0.1689892538E+00   -0.1841141522E-01    0.1000000000E+01   -0.1365665927E+00   -0.1904288664E-01    0.8278321682E+00    0.5437654232E+00   -0.8259837806E-01    0.4842404092E+00    0.3264837941E+02
    0.8370000000E+00   -0.2132946106E+00   -0.1759382340E+00    0.9610156851E+00   -0.1715808120E+00   -0.1356755962E-01    0.1000000000E+01   -0.1383904265E+00   -0.1846138493E-01    0.8404708805E+00    0.5235608524E+00   -0.9232266809E-01    0.4887419870E+00    0.3268587072E+02
    0.8380000000E+00   -0.2211573060E+00   -0.1715403229E+00    0.9600330013E+00   -0.1740565600E+00   -0.8587594732E-02    0.1000000000E+01   -0.1402321666E+00   -0.1786147282E-01    0.8526161357E+00    0.5030523158E+00   -0.1022465252E+00    0.4931191573E+00    0.3272332086E+02
    0.8390000000E+00   -0.2289770757E+00   -0.1668467986E+00    0.9590264046E+00   -0.1764109298E+00   -0.3473465680E-02    0.1000000000E+01   -0.1420918521E+00   -0.1724282058E-01    0.8642603554E+00    0.4822516239E+00   -0.1123699144E+00    0.4973665889E+00    0.3276072882E+02
    0.8400000000E+00   -0.2367440256E+00   -0.1618553736E+00    0.9579953572E+00   -0.1786383461E+00    0.1772683616E-02    0.1000000000E+01   -0.1439695179E+00   -0.1660509514E-01    0.8753962321E+00    0.4611707769E+00   -0.1226926889E+00    0.5014788844E+00    0.3279809359E+02
    0.8410000000E+00   -0.2444480557E+00   -0.1565640486E+00    0.9569393120E+00   -0.1807332327E+00    0.7148507595E-02    0.1000000000E+01   -0.1458651943E+00   -0.1594796005E-01    0.8860167333E+00    0.4398219594E+00   -0.1332145868E+00    0.5054505815E+00    0.3283541413E+02
    0.8420000000E+00   -0.2520788661E+00   -0.1509711238E+00    0.9558577117E+00   -0.1826900192E+00    0.1265145639E-01    0.1000000000E+01   -0.1477789067E+00   -0.1527107556E-01    0.8961151061E+00    0.4182175339E+00   -0.1439352279E+00    0.5092761549E+00    0.3287268937E+02
    0.8430000000E+00   -0.2596259638E+00   -0.1450752098E+00    0.9547499895E+00   -0.1845031471E+00    0.1827877332E-01    0.1000000000E+01   -0.1497106759E+00   -0.1457409867E-01    0.9056848813E+00    0.3963700353E+00   -0.1548541106E+00    0.5129500176E+00    0.3290991822E+02
    0.8440000000E+00   -0.2670786698E+00   -0.1388752382E+00    0.9536155685E+00   -0.1861670771E+00    0.2402749257E-01    0.1000000000E+01   -0.1516605173E+00   -0.1385668318E-01    0.9147198780E+00    0.3742921647E+00   -0.1659706085E+00    0.5164665234E+00    0.3294709958E+02
    0.8450000000E+00   -0.2744261271E+00   -0.1323704729E+00    0.9524538617E+00   -0.1876762960E+00    0.2989443706E-01    0.1000000000E+01   -0.1536284413E+00   -0.1311847977E-01    0.9232142072E+00    0.3519967828E+00   -0.1772839674E+00    0.5198199682E+00    0.3298423232E+02
    0.8460000000E+00   -0.2816573083E+00   -0.1255605207E+00    0.9512642726E+00   -0.1890253235E+00    0.3587621647E-01    0.1000000000E+01   -0.1556144525E+00   -0.1235913603E-01    0.9311622760E+00    0.3294969040E+00   -0.1887933020E+00    0.5230045922E+00    0.3302131527E+02
    0.8470000000E+00   -0.2887610248E+00   -0.1184453423E+00    0.9500461944E+00   -0.1902087200E+00    0.4196922554E-01    0.1000000000E+01   -0.1576185502E+00   -0.1157829653E-01    0.9385587910E+00    0.3068056901E+00   -0.2004975924E+00    0.5260145826E+00    0.3305834724E+02
    0.8480000000E+00   -0.2957259355E+00   -0.1110252624E+00    0.9487990104E+00   -0.1912210935E+00    0.4816964254E-01    0.1000000000E+01   -0.1596407275E+00   -0.1077560295E-01    0.9453987627E+00    0.2839364435E+00   -0.2123956812E+00    0.5288440750E+00    0.3309532704E+02
    0.8490000000E+00   -0.3025405565E+00   -0.1033009810E+00    0.9475220942E+00   -0.1920571080E+00    0.5447342793E-01    0.1000000000E+01   -0.1616809717E+00   -0.9950694100E-02    0.9516775083E+00    0.2609026011E+00   -0.2244862700E+00    0.5314871564E+00    0.3313225343E+02
    0.8500000000E+00   -0.3091932715E+00   -0.9527358318E-01    0.9462148092E+00   -0.1927114906E+00    0.6087632333E-01    0.1000000000E+01   -0.1637392636E+00   -0.9103206027E-02    0.9573906556E+00    0.2377177273E+00   -0.2367679160E+00    0.5339378678E+00    0.3316912515E+02
    0.8510000000E+00   -0.3156723423E+00   -0.8694454976E-01    0.9448765092E+00   -0.1931790397E+00    0.6737385066E-01    0.1000000000E+01   -0.1658155774E+00   -0.8232772121E-02    0.9625341459E+00    0.2143955078E+00   -0.2492390292E+00    0.5361902062E+00    0.3320594090E+02
    0.8520000000E+00   -0.3219659197E+00   -0.7831576723E-01    0.9435065380E+00   -0.1934546333E+00    0.7396131155E-01    0.1000000000E+01   -0.1679098809E+00   -0.7339023197E-02    0.9671042377E+00    0.1909497424E+00   -0.2618978684E+00    0.5382381283E+00    0.3324269939E+02
    0.8530000000E+00   -0.3280620559E+00   -0.6938953771E-01    0.9421042297E+00   -0.1935332368E+00    0.8063378704E-01    0.1000000000E+01   -0.1700221345E+00   -0.6421587611E-02    0.9710975092E+00    0.1673943387E+00   -0.2747425386E+00    0.5400755526E+00    0.3327939926E+02
    0.8540000000E+00   -0.3339487159E+00   -0.6016858867E-01    0.9406689089E+00   -0.1934099119E+00    0.8738613750E-01    0.1000000000E+01   -0.1721522918E+00   -0.5480091369E-02    0.9745108616E+00    0.1437433046E+00   -0.2877709872E+00    0.5416963628E+00    0.3331603915E+02
    0.8550000000E+00   -0.3396137910E+00   -0.5065608240E-01    0.9391998905E+00   -0.1930798245E+00    0.9421300283E-01    0.1000000000E+01   -0.1743002987E+00   -0.4514158244E-02    0.9773415217E+00    0.1200107421E+00   -0.3009810013E+00    0.5430944110E+00    0.3335261767E+02
    0.8560000000E+00   -0.3450451118E+00   -0.4085562523E-01    0.9376964801E+00   -0.1925382538E+00    0.1011088030E+00    0.1000000000E+01   -0.1764660934E+00   -0.3523409910E-02    0.9795870445E+00    0.9621083978E-01   -0.3143702038E+00    0.5442635211E+00    0.3338913339E+02
    0.8570000000E+00   -0.3502304621E+00   -0.3077127649E-01    0.9361579739E+00   -0.1917806008E+00    0.1080677387E+00    0.1000000000E+01   -0.1786496064E+00   -0.2507466070E-02    0.9812453159E+00    0.7235786597E-01   -0.3279360506E+00    0.5451974919E+00    0.3342558486E+02
    0.8580000000E+00   -0.3551575932E+00   -0.2040755717E-01    0.9345836590E+00   -0.1908023970E+00    0.1150837928E+00    0.1000000000E+01   -0.1808507596E+00   -0.1465944601E-02    0.9823145550E+00    0.4846616163E-01   -0.3416758274E+00    0.5458901013E+00    0.3346197060E+02
    0.8590000000E+00   -0.3598142391E+00   -0.9769458213E-02    0.9329728137E+00   -0.1895993138E+00    0.1221507312E+00    0.1000000000E+01   -0.1830694669E+00   -0.3984617076E-03    0.9827933163E+00    0.2455013318E-01   -0.3555866462E+00    0.5463351092E+00    0.3349828910E+02
    0.8600000000E+00   -0.3641881322E+00    0.1137551441E-02    0.9313247073E+00   -0.1881671707E+00    0.1292621050E+00    0.1000000000E+01   -0.1853056331E+00    0.6953679254E-03    0.9826804919E+00    0.6242452745E-03   -0.3696654426E+00    0.5465262625E+00    0.3353453883E+02
    0.8610000000E+00   -0.3682670187E+00    0.1230751730E-01    0.9296386007E+00   -0.1865019454E+00    0.1364112525E+00    0.1000000000E+01   -0.1875591542E+00    0.1815930960E-02    0.9819753136E+00   -0.2329698644E-01   -0.3839089722E+00    0.5464572981E+00    0.3357071820E+02
    0.8620000000E+00   -0.3720386759E+00    0.2373399209E-01    0.9279137467E+00   -0.1845997822E+00    0.1435913012E+00    0.1000000000E+01   -0.1898299169E+00    0.2963615229E-02    0.9806773546E+00   -0.4719900265E-01   -0.3983138079E+00    0.5461219480E+00    0.3360682563E+02
    0.8630000000E+00   -0.3754909291E+00    0.3541002898E-01    0.9261493897E+00   -0.1824570013E+00    0.1507951712E+00    0.1000000000E+01   -0.1921177983E+00    0.4138809554E-02    0.9787865313E+00   -0.7106720774E-01   -0.4128763369E+00    0.5455139431E+00    0.3364285948E+02
    0.8640000000E+00   -0.3786116692E+00    0.4732817527E-01    0.9243447668E+00   -0.1800701084E+00    0.1580155776E+00    0.1000000000E+01   -0.1944226658E+00    0.5341903545E-02    0.9763031049E+00   -0.9488697718E-01   -0.4275927572E+00    0.5446270179E+00    0.3367881809E+02
    0.8650000000E+00   -0.3813888713E+00    0.5948046653E-01    0.9224991073E+00   -0.1774358039E+00    0.1652450343E+00    0.1000000000E+01   -0.1967443764E+00    0.6573287396E-02    0.9732276830E+00   -0.1186436650E+00   -0.4424590754E+00    0.5434549155E+00    0.3371469978E+02
    0.8660000000E+00   -0.3838106133E+00    0.7185842130E-01    0.9206116339E+00   -0.1745509920E+00    0.1724758578E+00    0.1000000000E+01   -0.1990827770E+00    0.7833351674E-02    0.9695612207E+00   -0.1423226114E+00   -0.4574711032E+00    0.5419913918E+00    0.3375050283E+02
    0.8670000000E+00   -0.3858650954E+00    0.8445303629E-01    0.9186815623E+00   -0.1714127902E+00    0.1797001714E+00    0.1000000000E+01   -0.2014377036E+00    0.9122487085E-02    0.9653050221E+00   -0.1659091500E+00   -0.4726244552E+00    0.5402302214E+00    0.3378622547E+02
    0.8680000000E+00   -0.3875406596E+00    0.9725478222E-01    0.9167081021E+00   -0.1680185387E+00    0.1869099097E+00    0.1000000000E+01   -0.2038089811E+00    0.1044108425E-01    0.9604607411E+00   -0.1893886158E+00   -0.4879145457E+00    0.5381652022E+00    0.3382186593E+02
    0.8690000000E+00   -0.3888258108E+00    0.1102536001E+00    0.9146904572E+00   -0.1643658097E+00    0.1940968236E+00    0.1000000000E+01   -0.2061964232E+00    0.1178953343E-01    0.9550303825E+00   -0.2127463525E+00   -0.5033365863E+00    0.5357901609E+00    0.3385742239E+02
    0.8700000000E+00   -0.3897092370E+00    0.1234388986E+00    0.9126278261E+00   -0.1604524165E+00    0.2012524853E+00    0.1000000000E+01   -0.2085998319E+00    0.1316822432E-01    0.9490163027E+00   -0.2359677205E+00   -0.5188855833E+00    0.5330989587E+00    0.3389289300E+02
    0.8710000000E+00   -0.3901798311E+00    0.1367995511E+00    0.9105194024E+00   -0.1562764231E+00    0.2083682950E+00    0.1000000000E+01   -0.2110189973E+00    0.1457754570E-01    0.9424212108E+00   -0.2590381041E+00   -0.5345563353E+00    0.5300854969E+00    0.3392827588E+02
    0.8720000000E+00   -0.3902267130E+00    0.1503238949E+00    0.9083643757E+00   -0.1518361531E+00    0.2154354859E+00    0.1000000000E+01   -0.2134536970E+00    0.1601788524E-01    0.9352481684E+00   -0.2819429198E+00   -0.5503434308E+00    0.5267437229E+00    0.3396356913E+02
    0.8730000000E+00   -0.3898392514E+00    0.1639997299E+00    0.9061619318E+00   -0.1471301991E+00    0.2224451316E+00    0.1000000000E+01   -0.2159036962E+00    0.1748962912E-01    0.9275005907E+00   -0.3046676239E+00   -0.5662412461E+00    0.5230676364E+00    0.3399877079E+02
    0.8740000000E+00   -0.3890070873E+00    0.1778143186E+00    0.9039112535E+00   -0.1421574316E+00    0.2293881529E+00    0.1000000000E+01   -0.2183687470E+00    0.1899316181E-01    0.9191822464E+00   -0.3271977202E+00   -0.5822439428E+00    0.5190512953E+00    0.3403387890E+02
    0.8750000000E+00   -0.3877201567E+00    0.1917543868E+00    0.9016115212E+00   -0.1369170080E+00    0.2362553251E+00    0.1000000000E+01   -0.2208485882E+00    0.2052886566E-01    0.9102972579E+00   -0.3495187678E+00   -0.5983454662E+00    0.5146888225E+00    0.3406889145E+02
    0.8760000000E+00   -0.3859687150E+00    0.2058061255E+00    0.8992619139E+00   -0.1314083811E+00    0.2430372857E+00    0.1000000000E+01   -0.2233429452E+00    0.2209712062E-01    0.9008501014E+00   -0.3716163895E+00   -0.6145395434E+00    0.5099744125E+00    0.3410380639E+02
    0.8770000000E+00   -0.3837433605E+00    0.2199551926E+00    0.8968616095E+00   -0.1256313086E+00    0.2497245432E+00    0.1000000000E+01   -0.2258515291E+00    0.2369830390E-01    0.8908456067E+00   -0.3934762791E+00   -0.6308196813E+00    0.5049023378E+00    0.3413862165E+02
    0.8780000000E+00   -0.3810350594E+00    0.2341867174E+00    0.8944097858E+00   -0.1195858608E+00    0.2563074854E+00    0.1000000000E+01   -0.2283740370E+00    0.2533278958E-01    0.8802889570E+00   -0.4150842098E+00   -0.6471791654E+00    0.4994669566E+00    0.3417333514E+02
    0.8790000000E+00   -0.3778351703E+00    0.2484853038E+00    0.8919056216E+00   -0.1132724293E+00    0.2627763887E+00    0.1000000000E+01   -0.2309101512E+00    0.2700094824E-01    0.8691856883E+00   -0.4364260421E+00   -0.6636110581E+00    0.4936627195E+00    0.3420794471E+02
    0.8800000000E+00   -0.3741354698E+00    0.2628350362E+00    0.8893482973E+00   -0.1066917352E+00    0.2691214277E+00    0.1000000000E+01   -0.2334595390E+00    0.2870314657E-01    0.8575416890E+00   -0.4574877317E+00   -0.6801081976E+00    0.4874841766E+00    0.3424244820E+02
    0.8810000000E+00   -0.3699281777E+00    0.2772194859E+00    0.8867369960E+00   -0.9984483715E-01    0.2753326850E+00    0.1000000000E+01   -0.2360218524E+00    0.3043974700E-01    0.8453631993E+00   -0.4782553380E+00   -0.6966631968E+00    0.4809259859E+00    0.3427684341E+02
    0.8820000000E+00   -0.3652059830E+00    0.2916217181E+00    0.8840709041E+00   -0.9273313877E-01    0.2814001622E+00    0.1000000000E+01   -0.2385967275E+00    0.3221110723E-01    0.8326568101E+00   -0.4987150317E+00   -0.7132684423E+00    0.4739829201E+00    0.3431112811E+02
    0.8830000000E+00   -0.3599620698E+00    0.3060243007E+00    0.8813492133E+00   -0.8535839637E-01    0.2873137902E+00    0.1000000000E+01   -0.2411837848E+00    0.3401757982E-01    0.8194294622E+00   -0.5188531031E+00   -0.7299160941E+00    0.4666498750E+00    0.3434530004E+02
    0.8840000000E+00   -0.3541901440E+00    0.3204093136E+00    0.8785711205E+00   -0.7772272608E-01    0.2930634411E+00    0.1000000000E+01   -0.2437826279E+00    0.3585951176E-01    0.8056884453E+00   -0.5386559708E+00   -0.7465980848E+00    0.4589218774E+00    0.3437935691E+02
    0.8850000000E+00   -0.3478844589E+00    0.3347583599E+00    0.8757358299E+00   -0.6982861074E-01    0.2986389397E+00    0.1000000000E+01   -0.2463928440E+00    0.3773724396E-01    0.7914413963E+00   -0.5581101890E+00   -0.7633061195E+00    0.4507940933E+00    0.3441329639E+02
    0.8860000000E+00   -0.3410398425E+00    0.3490525776E+00    0.8728425539E+00   -0.6167890652E-01    0.3040300755E+00    0.1000000000E+01   -0.2490140030E+00    0.3965111081E-01    0.7766962982E+00   -0.5772024567E+00   -0.7800316755E+00    0.4422618364E+00    0.3444711615E+02
    0.8870000000E+00   -0.3336517238E+00    0.3632726528E+00    0.8698905143E+00   -0.5327684912E-01    0.3092266161E+00    0.1000000000E+01   -0.2516456576E+00    0.4160143967E-01    0.7614614786E+00   -0.5959196254E+00   -0.7967660032E+00    0.4333205766E+00    0.3448081379E+02
    0.8880000000E+00   -0.3257161598E+00    0.3773988343E+00    0.8668789438E+00   -0.4462605971E-01    0.3142183194E+00    0.1000000000E+01   -0.2542873423E+00    0.4358855035E-01    0.7457456076E+00   -0.6142487075E+00   -0.8135001257E+00    0.4239659487E+00    0.3451438691E+02
    0.8890000000E+00   -0.3172298615E+00    0.3914109494E+00    0.8638070871E+00   -0.3573055041E-01    0.3189949478E+00    0.1000000000E+01   -0.2569385738E+00    0.4561275460E-01    0.7295576962E+00   -0.6321768849E+00   -0.8302248403E+00    0.4141937613E+00    0.3454783307E+02
    0.8900000000E+00   -0.3081902213E+00    0.4052884208E+00    0.8606742028E+00   -0.2659472939E-01    0.3235462818E+00    0.1000000000E+01   -0.2595988503E+00    0.4767435555E-01    0.7129070942E+00   -0.6496915174E+00   -0.8469307190E+00    0.4040000058E+00    0.3458114981E+02
    0.8910000000E+00   -0.2985953391E+00    0.4190102856E+00    0.8574795648E+00   -0.1722340550E-01    0.3278621345E+00    0.1000000000E+01   -0.2622676511E+00    0.4977364714E-01    0.6958034880E+00   -0.6667801507E+00   -0.8636081103E+00    0.3933808655E+00    0.3461433463E+02
    0.8920000000E+00   -0.2884440486E+00    0.4325552146E+00    0.8542224636E+00   -0.7621792559E-02    0.3319323659E+00    0.1000000000E+01   -0.2649444362E+00    0.5191091358E-01    0.6782568978E+00   -0.6834305256E+00   -0.8802471402E+00    0.3823327252E+00    0.3464738503E+02
    0.8930000000E+00   -0.2777359434E+00    0.4459015339E+00    0.8509022081E+00    0.2204487012E-02    0.3357468988E+00    0.1000000000E+01   -0.2676286464E+00    0.5408642872E-01    0.6602776759E+00   -0.6996305858E+00   -0.8968377146E+00    0.3708521802E+00    0.3468029845E+02
    0.8940000000E+00   -0.2664714033E+00    0.4590272480E+00    0.8475181278E+00    0.1224939890E-01    0.3392957334E+00    0.1000000000E+01   -0.2703197026E+00    0.5630045543E-01    0.6418765030E+00   -0.7153684869E+00   -0.9133695213E+00    0.3589360461E+00    0.3471307234E+02
    0.8950000000E+00   -0.2546516188E+00    0.4719100633E+00    0.8440695737E+00    0.2250649421E-01    0.3425689641E+00    0.1000000000E+01   -0.2730170056E+00    0.5855324505E-01    0.6230643860E+00   -0.7306326047E+00   -0.9298320326E+00    0.3465813687E+00    0.3474570411E+02
    0.8960000000E+00   -0.2422786171E+00    0.4845274146E+00    0.8405559210E+00    0.3296890735E-01    0.3455567947E+00    0.1000000000E+01   -0.2757199357E+00    0.6084503664E-01    0.6038526546E+00   -0.7454115441E+00   -0.9462145083E+00    0.3337854332E+00    0.3477819114E+02
    0.8970000000E+00   -0.2293552858E+00    0.4968564918E+00    0.8369765704E+00    0.4362935443E-01    0.3482495559E+00    0.1000000000E+01   -0.2784278525E+00    0.6317605641E-01    0.5842529579E+00   -0.7596941476E+00   -0.9625059989E+00    0.3205457745E+00    0.3481053080E+02
    0.8980000000E+00   -0.2158853975E+00    0.5088742693E+00    0.8333309506E+00    0.5448013230E-01    0.3506377217E+00    0.1000000000E+01   -0.2811400949E+00    0.6554651698E-01    0.5642772614E+00   -0.7734695039E+00   -0.9786953493E+00    0.3068601872E+00    0.3484272046E+02
    0.8990000000E+00   -0.2018736325E+00    0.5205575356E+00    0.8296185200E+00    0.6551311824E-01    0.3527119264E+00    0.1000000000E+01   -0.2838559800E+00    0.6795661676E-01    0.5439378425E+00   -0.7867269567E+00   -0.9947712025E+00    0.2927267353E+00    0.3487475743E+02
    0.9000000000E+00   -0.1873256016E+00    0.5318829260E+00    0.8258387688E+00    0.7671977020E-01    0.3544629826E+00    0.1000000000E+01   -0.2865748038E+00    0.7040653917E-01    0.5232472876E+00   -0.7994561133E+00   -0.1010722005E+01    0.2781437625E+00    0.3490663903E+02
    0.9010000000E+00   -0.1722478679E+00    0.5428269556E+00    0.8219912216E+00    0.8809112784E-01    0.3558818983E+00    0.1000000000E+01   -0.2892958403E+00    0.7289645196E-01    0.5022184873E+00   -0.8116468537E+00   -0.1026536009E+01    0.2631099024E+00    0.3493836257E+02
    0.9020000000E+00   -0.1566479673E+00    0.5533660546E+00    0.8180754391E+00    0.9961781420E-01    0.3569598956E+00    0.1000000000E+01   -0.2920183416E+00    0.7542650648E-01    0.4808646322E+00   -0.8232893390E+00   -0.1042201283E+01    0.2476240885E+00    0.3496992534E+02
    0.9030000000E+00   -0.1405344285E+00    0.5634766047E+00    0.8140910210E+00    0.1112900381E+00    0.3576884280E+00    0.1000000000E+01   -0.2947415375E+00    0.7799683691E-01    0.4591992087E+00   -0.8343740206E+00   -0.1057705710E+01    0.2316855645E+00    0.3500132459E+02
    0.9040000000E+00   -0.1239167915E+00    0.5731349778E+00    0.8100376078E+00    0.1230975971E+00    0.3580591997E+00    0.1000000000E+01   -0.2974646352E+00    0.8060755950E-01    0.4372359940E+00   -0.8448916485E+00   -0.1073037000E+01    0.2152938946E+00    0.3503255761E+02
    0.9050000000E+00   -0.1068056252E+00    0.5823175753E+00    0.8059148838E+00    0.1350298819E+00    0.3580641835E+00    0.1000000000E+01   -0.3001868196E+00    0.8325877181E-01    0.4149890511E+00   -0.8548332806E+00   -0.1088182695E+01    0.1984489732E+00    0.3506362165E+02
    0.9060000000E+00   -0.8921254338E-01    0.5910008697E+00    0.8017225793E+00    0.1470758803E+00    0.3576956396E+00    0.1000000000E+01   -0.3029072526E+00    0.8595055189E-01    0.3924727235E+00   -0.8641902917E+00   -0.1103130172E+01    0.1811510357E+00    0.3509451396E+02
    0.9070000000E+00   -0.7115021981E-01    0.5991614475E+00    0.7974604731E+00    0.1592241834E+00    0.3569461345E+00    0.1000000000E+01   -0.3056250730E+00    0.8868295752E-01    0.3697016301E+00   -0.8729543817E+00   -0.1117866655E+01    0.1634006683E+00    0.3512523179E+02
    0.9080000000E+00   -0.5263240117E-01    0.6067760534E+00    0.7931283952E+00    0.1714629915E+00    0.3558085598E+00    0.1000000000E+01   -0.3083393968E+00    0.9145602535E-01    0.3466906590E+00   -0.8811175851E+00   -0.1132379224E+01    0.1451988178E+00    0.3515577239E+02
    0.9090000000E+00   -0.3367391887E-01    0.6138216366E+00    0.7887262298E+00    0.1837801214E+00    0.3542761514E+00    0.1000000000E+01   -0.3110493167E+00    0.9426977011E-01    0.3234549617E+00   -0.8886722797E+00   -0.1146654817E+01    0.1265468020E+00    0.3518613299E+02
    0.9100000000E+00   -0.1429069895E-01    0.6202753976E+00    0.7842539175E+00    0.1961630145E+00    0.3523425078E+00    0.1000000000E+01   -0.3137539022E+00    0.9712418377E-01    0.3000099471E+00   -0.8956111955E+00   -0.1160680246E+01    0.1074463192E+00    0.3521631085E+02
    0.9110000000E+00    0.5500229821E-02    0.6261148371E+00    0.7797114583E+00    0.2085987454E+00    0.3500016094E+00    0.1000000000E+01   -0.3164521994E+00    0.1000192347E+00    0.2763712744E+00   -0.9019274233E+00   -0.1174442201E+01    0.8789945803E-01    0.3524630322E+02
    0.9120000000E+00    0.2568072977E-01    0.6313178064E+00    0.7750989146E+00    0.2210740323E+00    0.3472478372E+00    0.1000000000E+01   -0.3191432312E+00    0.1029548668E+00    0.2525548468E+00   -0.9076144240E+00   -0.1187927264E+01    0.6790870691E-01    0.3527610737E+02
    0.9130000000E+00    0.4623155023E-01    0.6358625584E+00    0.7704164138E+00    0.2335752471E+00    0.3440759919E+00    0.1000000000E+01   -0.3218259972E+00    0.1059309988E+00    0.2285768040E+00   -0.9126660373E+00   -0.1201121917E+01    0.4747696355E-01    0.3530572057E+02
    0.9140000000E+00    0.6713232555E-01    0.6397278004E+00    0.7656641511E+00    0.2460884274E+00    0.3404813115E+00    0.1000000000E+01   -0.3244994736E+00    0.1089475229E+00    0.2044535150E+00   -0.9170764903E+00   -0.1214012554E+01    0.2660754402E-01    0.3533514011E+02
    0.9150000000E+00    0.8836157550E-01    0.6428927478E+00    0.7608423929E+00    0.2585992890E+00    0.3364594908E+00    0.1000000000E+01   -0.3271626135E+00    0.1120043048E+00    0.1802015704E+00   -0.9208404064E+00   -0.1226585491E+01    0.5304191716E-02    0.3536436328E+02
    0.9160000000E+00    0.1098967079E+00    0.6453371793E+00    0.7559514791E+00    0.2710932394E+00    0.3320066987E+00    0.1000000000E+01   -0.3298143468E+00    0.1151011818E+00    0.1558377742E+00   -0.9239528141E+00   -0.1238826980E+01   -0.1642891400E-01    0.3539338741E+02
    0.9170000000E+00    0.1317140239E+00    0.6470414921E+00    0.7509918265E+00    0.2835553923E+00    0.3271195965E+00    0.1000000000E+01   -0.3324535806E+00    0.1182379628E+00    0.1313791354E+00   -0.9264091556E+00   -0.1250723221E+01   -0.3858714937E-01    0.3542220985E+02
    0.9180000000E+00    0.1537887259E+00    0.6479867594E+00    0.7459639318E+00    0.2959705829E+00    0.3217953552E+00    0.1000000000E+01   -0.3350791991E+00    0.1214144269E+00    0.1068428596E+00   -0.9282052955E+00   -0.1262260374E+01   -0.6116543817E-01    0.3545082797E+02
    0.9190000000E+00    0.1760949278E+00    0.6481547877E+00    0.7408683741E+00    0.3083233846E+00    0.3160316728E+00    0.1000000000E+01   -0.3376900639E+00    0.1246303228E+00    0.8224633944E-01   -0.9293375291E+00   -0.1273424574E+01   -0.8415824394E-01    0.3547923917E+02
    0.9200000000E+00    0.1986056688E+00    0.6475281749E+00    0.7357058183E+00    0.3205981259E+00    0.3098267910E+00    0.1000000000E+01   -0.3402850145E+00    0.1278853678E+00    0.5760714577E-01   -0.9298025911E+00   -0.1284201943E+01   -0.1075595627E+00    0.3550744088E+02
    0.9210000000E+00    0.2212929293E+00    0.6460903697E+00    0.7304770179E+00    0.3327789089E+00    0.3031795113E+00    0.1000000000E+01   -0.3428628681E+00    0.1311792471E+00    0.3294301750E-01   -0.9295976637E+00   -0.1294578608E+01   -0.1313629158E+00    0.3553543057E+02
    0.9220000000E+00    0.2441276505E+00    0.6438257301E+00    0.7251828180E+00    0.3448496287E+00    0.2960892109E+00    0.1000000000E+01   -0.3454224206E+00    0.1345116126E+00    0.8271851668E-02   -0.9287203852E+00   -0.1304540712E+01   -0.1555613435E+00    0.3556320575E+02
    0.9230000000E+00    0.2670797569E+00    0.6407195837E+00    0.7198241581E+00    0.3567939935E+00    0.2885558575E+00    0.1000000000E+01   -0.3479624462E+00    0.1378820828E+00   -0.1638830709E-01   -0.9271688577E+00   -0.1314074434E+01   -0.1801473991E+00    0.3559076397E+02
    0.9240000000E+00    0.2901181816E+00    0.6367582871E+00    0.7144020748E+00    0.3685955455E+00    0.2805800244E+00    0.1000000000E+01   -0.3504816985E+00    0.1412902410E+00   -0.4101927740E-01   -0.9249416553E+00   -0.1323166000E+01   -0.2051131428E+00    0.3561810284E+02
    0.9250000000E+00    0.3132108959E+00    0.6319292856E+00    0.7089177052E+00    0.3802376832E+00    0.2721629039E+00    0.1000000000E+01   -0.3529789108E+00    0.1447356354E+00   -0.6560275239E-01   -0.9220378318E+00   -0.1331801704E+01   -0.2304501371E+00    0.3564522001E+02
    0.9260000000E+00    0.3363249409E+00    0.6262211730E+00    0.7033722888E+00    0.3917036846E+00    0.2633063202E+00    0.1000000000E+01   -0.3554527965E+00    0.1482177777E+00   -0.9012031128E-01   -0.9184569284E+00   -0.1339967925E+01   -0.2561494422E+00    0.3567211318E+02
    0.9270000000E+00    0.3594264639E+00    0.6196237505E+00    0.6977671709E+00    0.4029767303E+00    0.2540127420E+00    0.1000000000E+01   -0.3579020497E+00    0.1517361426E+00   -0.1145534315E+00   -0.9141989812E+00   -0.1347651141E+01   -0.2822016118E+00    0.3569878013E+02
    0.9280000000E+00    0.3824807577E+00    0.6121280856E+00    0.6921038050E+00    0.4140399290E+00    0.2442852939E+00    0.1000000000E+01   -0.3603253459E+00    0.1552901670E+00   -0.1388835009E+00   -0.9092645282E+00   -0.1354837949E+01   -0.3085966904E+00    0.3572521868E+02
    0.9290000000E+00    0.4054523029E+00    0.6037265699E+00    0.6863837548E+00    0.4248763428E+00    0.2341277668E+00    0.1000000000E+01   -0.3627213428E+00    0.1588792494E+00   -0.1630918308E+00   -0.9036546167E+00   -0.1361515085E+01   -0.3353242099E+00    0.3575142673E+02
    0.9300000000E+00    0.4283048153E+00    0.5944129760E+00    0.6806086975E+00    0.4354690133E+00    0.2235446273E+00    0.1000000000E+01   -0.3650886807E+00    0.1625027490E+00   -0.1871596692E+00   -0.8973708097E+00   -0.1367669440E+01   -0.3623731883E+00    0.3577740226E+02
    0.9310000000E+00    0.4510012951E+00    0.5841825138E+00    0.6747804253E+00    0.4458009894E+00    0.2125410264E+00    0.1000000000E+01   -0.3674259837E+00    0.1661599850E+00   -0.2110682142E+00   -0.8904151924E+00   -0.1373288082E+01   -0.3897321279E+00    0.3580314331E+02
    0.9320000000E+00    0.4735040816E+00    0.5730318842E+00    0.6689008479E+00    0.4558553546E+00    0.2011228070E+00    0.1000000000E+01   -0.3697318604E+00    0.1698502363E+00   -0.2347986281E+00   -0.8827903788E+00   -0.1378358272E+01   -0.4173890152E+00    0.3582864802E+02
    0.9330000000E+00    0.4957749101E+00    0.5609593329E+00    0.6629719944E+00    0.4656152558E+00    0.1892965100E+00    0.1000000000E+01   -0.3720049045E+00    0.1735727406E+00   -0.2583320520E+00   -0.8744995172E+00   -0.1382867489E+01   -0.4453313212E+00    0.3585391460E+02
    0.9340000000E+00    0.5177749733E+00    0.5479647005E+00    0.6569960152E+00    0.4750639329E+00    0.1770693797E+00    0.1000000000E+01   -0.3742436964E+00    0.1773266940E+00   -0.2816496206E+00   -0.8655462960E+00   -0.1386803444E+01   -0.4735460022E+00    0.3587894136E+02
    0.9350000000E+00    0.5394649861E+00    0.5340494725E+00    0.6509751836E+00    0.4841847485E+00    0.1644493672E+00    0.1000000000E+01   -0.3764468037E+00    0.1811112503E+00   -0.3047324771E+00   -0.8559349487E+00   -0.1390154107E+01   -0.5020195017E+00    0.3590372670E+02
    0.9360000000E+00    0.5608052545E+00    0.5192168250E+00    0.6449118973E+00    0.4929612181E+00    0.1514451336E+00    0.1000000000E+01   -0.3786127826E+00    0.1849255209E+00   -0.3275617895E+00   -0.8456702588E+00   -0.1392907721E+01   -0.5307377538E+00    0.3592826912E+02
    0.9370000000E+00    0.5817557469E+00    0.5034716696E+00    0.6388086795E+00    0.5013770417E+00    0.1380660510E+00    0.1000000000E+01   -0.3807401787E+00    0.1887685740E+00   -0.3501187661E+00   -0.8347575644E+00   -0.1395052831E+01   -0.5596861861E+00    0.3595256723E+02
    0.9380000000E+00    0.6022761703E+00    0.4868206942E+00    0.6326681803E+00    0.5094161350E+00    0.1243222023E+00    0.1000000000E+01   -0.3828275287E+00    0.1926394344E+00   -0.3723846721E+00   -0.8232027621E+00   -0.1396578296E+01   -0.5888497249E+00    0.3597661974E+02
    0.9390000000E+00    0.6223260493E+00    0.4692724017E+00    0.6264931775E+00    0.5170626610E+00    0.1102243799E+00    0.1000000000E+01   -0.3848733612E+00    0.1965370830E+00   -0.3943408465E+00   -0.8110123104E+00   -0.1397473320E+01   -0.6182128003E+00    0.3600042548E+02
    0.9400000000E+00    0.6418648084E+00    0.4508371443E+00    0.6202865765E+00    0.5243010628E+00    0.9578408260E-01    0.1000000000E+01   -0.3868761983E+00    0.2004604570E+00   -0.4159687193E+00   -0.7981932329E+00   -0.1397727463E+01   -0.6477593533E+00    0.3602398340E+02
    0.9410000000E+00    0.6608518576E+00    0.4315271557E+00    0.6140514118E+00    0.5311160954E+00    0.8101351103E-01    0.1000000000E+01   -0.3888345569E+00    0.2044084493E+00   -0.4372498288E+00   -0.7847531207E+00   -0.1397330673E+01   -0.6774728427E+00    0.3604729257E+02
    0.9420000000E+00    0.6792466813E+00    0.4113565775E+00    0.6077908457E+00    0.5374928592E+00    0.6592556177E-01    0.1000000000E+01   -0.3907469502E+00    0.2083799083E+00   -0.4581658399E+00   -0.7707001349E+00   -0.1396273298E+01   -0.7073362541E+00    0.3607035218E+02
    0.9430000000E+00    0.6970089298E+00    0.3903414839E+00    0.6015081693E+00    0.5434168320E+00    0.5053381963E-01    0.1000000000E+01   -0.3926118891E+00    0.2123736382E+00   -0.4786985623E+00   -0.7560430072E+00   -0.1394546116E+01   -0.7373321091E+00    0.3609316157E+02
    0.9440000000E+00    0.7140985142E+00    0.3684998994E+00    0.5952068011E+00    0.5488739025E+00    0.3485254850E-01    0.1000000000E+01   -0.3944278840E+00    0.2163883988E+00   -0.4988299686E+00   -0.7407910418E+00   -0.1392140348E+01   -0.7674424760E+00    0.3611572021E+02
    0.9450000000E+00    0.7304757031E+00    0.3458518145E+00    0.5888902866E+00    0.5538504025E+00    0.1889668049E-01    0.1000000000E+01   -0.3961934460E+00    0.2204229054E+00   -0.5185422140E+00   -0.7249541147E+00   -0.1389047686E+01   -0.7976489818E+00    0.3613802769E+02
    0.9460000000E+00    0.7461012221E+00    0.3224191943E+00    0.5825622967E+00    0.5583331405E+00    0.2681803434E-02    0.1000000000E+01   -0.3979070890E+00    0.2244758293E+00   -0.5378176546E+00   -0.7085426740E+00   -0.1385260311E+01   -0.8279328242E+00    0.3616008379E+02
    0.9470000000E+00    0.7609363556E+00    0.2982259840E+00    0.5762266266E+00    0.5623094332E+00   -0.1377585326E-01    0.1000000000E+01   -0.3995673312E+00    0.2285457979E+00   -0.5566388676E+00   -0.6915677386E+00   -0.1380770913E+01   -0.8582747860E+00    0.3618188839E+02
    0.9480000000E+00    0.7749430501E+00    0.2732981073E+00    0.5698871938E+00    0.5657671385E+00   -0.3045943444E-01    0.1000000000E+01   -0.4011726970E+00    0.2326313948E+00   -0.5749886706E+00   -0.6740408964E+00   -0.1375572716E+01   -0.8886552497E+00    0.3620344156E+02
    0.9490000000E+00    0.7880840194E+00    0.2476634608E+00    0.5635480358E+00    0.5686946872E+00   -0.4735147677E-01    0.1000000000E+01   -0.4027217186E+00    0.2367311604E+00   -0.5928501414E+00   -0.6559743020E+00   -0.1369659491E+01   -0.9190542134E+00    0.3622474351E+02
    0.9500000000E+00    0.8003228510E+00    0.2213519018E+00    0.5572133072E+00    0.5710811139E+00   -0.6443392790E-01    0.1000000000E+01   -0.4042129381E+00    0.2408435924E+00   -0.6102066386E+00   -0.6373806734E+00   -0.1363025582E+01   -0.9494513079E+00    0.3624579463E+02
    0.9510000000E+00    0.8116241137E+00    0.1943952305E+00    0.5508872775E+00    0.5729160887E+00   -0.8168816741E-01    0.1000000000E+01   -0.4056449094E+00    0.2449671462E+00   -0.6270418215E+00   -0.6182732881E+00   -0.1355665924E+01   -0.9798258148E+00    0.3626659545E+02
    0.9520000000E+00    0.8219534654E+00    0.1668271661E+00    0.5445743268E+00    0.5741899463E+00   -0.9909502939E-01    0.1000000000E+01   -0.4070162002E+00    0.2491002358E+00   -0.6433396704E+00   -0.5986659784E+00   -0.1347576058E+01   -0.1010156685E+01    0.3628714670E+02
    0.9530000000E+00    0.8312777619E+00    0.1386833170E+00    0.5382789427E+00    0.5748937165E+00   -0.1166348267E+00    0.1000000000E+01   -0.4083253937E+00    0.2532412343E+00   -0.6590845077E+00   -0.5785731258E+00   -0.1338752155E+01   -0.1040422561E+01    0.3630744925E+02
    0.9540000000E+00    0.8395651653E+00    0.1100011440E+00    0.5320057158E+00    0.5750191519E+00   -0.1342873769E+00    0.1000000000E+01   -0.4095710910E+00    0.2573884747E+00   -0.6742610178E+00   -0.5580096544E+00   -0.1329191030E+01   -0.1070601795E+01    0.3632750418E+02
    0.9550000000E+00    0.8467852516E+00    0.8081991752E-01    0.5257593354E+00    0.5745587560E+00   -0.1520320298E+00    0.1000000000E+01   -0.4107519130E+00    0.2615402512E+00   -0.6888542683E+00   -0.5369910242E+00   -0.1318890159E+01   -0.1100672474E+01    0.3634731273E+02
    0.9560000000E+00    0.8529091185E+00    0.5118066851E-01    0.5195445840E+00    0.5735058098E+00   -0.1698476965E+00    0.1000000000E+01   -0.4118665024E+00    0.2656948198E+00   -0.7028497303E+00   -0.5155332225E+00   -0.1307847698E+01   -0.1130612441E+01    0.3636687633E+02
    0.9570000000E+00    0.8579094912E+00    0.2112613211E-01    0.5133663327E+00    0.5718543966E+00   -0.1877128801E+00    0.1000000000E+01   -0.4129135262E+00    0.2698503998E+00   -0.7162332991E+00   -0.4936527553E+00   -0.1296062494E+01   -0.1160399319E+01    0.3638619659E+02
    0.9580000000E+00    0.8617608264E+00   -0.9299314817E-02    0.5072295346E+00    0.5695994273E+00   -0.2056057082E+00    0.1000000000E+01   -0.4138916774E+00    0.2740051746E+00   -0.7289913149E+00   -0.4713666371E+00   -0.1283534104E+01   -0.1190010541E+01    0.3640527530E+02
    0.9590000000E+00    0.8644394152E+00   -0.4004972291E-01    0.5011392193E+00    0.5667366621E+00   -0.2235039660E+00    0.1000000000E+01   -0.4147996772E+00    0.2781572934E+00   -0.7411105827E+00   -0.4486923803E+00   -0.1270262806E+01   -0.1219423368E+01    0.3642411447E+02
    0.9600000000E+00    0.8659234823E+00   -0.7107764623E-01    0.4951004858E+00    0.5632627330E+00   -0.2413851321E+00    0.1000000000E+01   -0.4156362776E+00    0.2823048725E+00   -0.7525783930E+00   -0.4256479837E+00   -0.1256249612E+01   -0.1248614923E+01    0.3644271628E+02
    0.9610000000E+00    0.8661932830E+00   -0.1023342247E+00    0.4891184958E+00    0.5591751629E+00   -0.2592264142E+00    0.1000000000E+01   -0.4164002632E+00    0.2864459968E+00   -0.7633825418E+00   -0.4022519194E+00   -0.1241496280E+01   -0.1277562215E+01    0.3646108309E+02
    0.9620000000E+00    0.8652311968E+00   -0.1337692728E+00    0.4831984663E+00    0.5544723844E+00   -0.2770047875E+00    0.1000000000E+01   -0.4170904532E+00    0.2905787212E+00   -0.7735113499E+00   -0.3785231198E+00   -0.1226005324E+01   -0.1306242169E+01    0.3647921750E+02
    0.9630000000E+00    0.8630218164E+00   -0.1653313752E+00    0.4773456617E+00    0.5491537566E+00   -0.2946970333E+00    0.1000000000E+01   -0.4177057041E+00    0.2947010727E+00   -0.7829536830E+00   -0.3544809626E+00   -0.1209780026E+01   -0.1334631654E+01    0.3649712226E+02
    0.9640000000E+00    0.8595520335E+00   -0.1969679881E+00    0.4715653861E+00    0.5432195794E+00   -0.3122797789E+00    0.1000000000E+01   -0.4182449114E+00    0.2988110520E+00   -0.7916989701E+00   -0.3301452559E+00   -0.1192824440E+01   -0.1362707517E+01    0.3651480034E+02
    0.9650000000E+00    0.8548111187E+00   -0.2286255463E+00    0.4658629743E+00    0.5366711073E+00   -0.3297295393E+00    0.1000000000E+01   -0.4187070121E+00    0.3029066352E+00   -0.7997372229E+00   -0.3055362214E+00   -0.1175143403E+01   -0.1390446607E+01    0.3653225492E+02
    0.9660000000E+00    0.8487907970E+00   -0.2602495775E+00    0.4602437836E+00    0.5295105598E+00   -0.3470227586E+00    0.1000000000E+01   -0.4190909865E+00    0.3069857761E+00   -0.8070590535E+00   -0.2806744776E+00   -0.1156742536E+01   -0.1417825812E+01    0.3654948936E+02
    0.9670000000E+00    0.8414853171E+00   -0.2917848200E+00    0.4547131842E+00    0.5217411313E+00   -0.3641358535E+00    0.1000000000E+01   -0.4193958605E+00    0.3110464083E+00   -0.8136556924E+00   -0.2555810211E+00   -0.1137628255E+01   -0.1444822087E+01    0.3656650721E+02
    0.9680000000E+00    0.8328915151E+00   -0.3231753479E+00    0.4492765502E+00    0.5133669975E+00   -0.3810452568E+00    0.1000000000E+01   -0.4196207075E+00    0.3150864470E+00   -0.8195190054E+00   -0.2302772080E+00   -0.1117807768E+01   -0.1471412491E+01    0.3658331224E+02
    0.9690000000E+00    0.8230088713E+00   -0.3543646996E+00    0.4439392497E+00    0.5043933210E+00   -0.3977274616E+00    0.1000000000E+01   -0.4197646506E+00    0.3191037916E+00   -0.8246415108E+00   -0.2047847335E+00   -0.1097289081E+01   -0.1497574213E+01    0.3659990842E+02
    0.9700000000E+00    0.8118395602E+00   -0.3852960119E+00    0.4387066352E+00    0.4948262537E+00   -0.4141590666E+00    0.1000000000E+01   -0.4198268644E+00    0.3230963277E+00   -0.8290163944E+00   -0.1791256113E+00   -0.1076080996E+01   -0.1523284610E+01    0.3661629989E+02
    0.9710000000E+00    0.7993884935E+00   -0.4159121577E+00    0.4335840329E+00    0.4846729377E+00   -0.4303168211E+00    0.1000000000E+01   -0.4198065773E+00    0.3270619299E+00   -0.8326375258E+00   -0.1533221520E+00   -0.1054193110E+01   -0.1548521239E+01    0.3663249101E+02
    0.9720000000E+00    0.7856633550E+00   -0.4461558878E+00    0.4285767333E+00    0.4739415036E+00   -0.4461776710E+00    0.1000000000E+01   -0.4197030728E+00    0.3309984640E+00   -0.8354994716E+00   -0.1273969404E+00   -0.1031635813E+01   -0.1573261889E+01    0.3664848632E+02
    0.9730000000E+00    0.7706746283E+00   -0.4759699764E+00    0.4236899797E+00    0.4626410664E+00   -0.4617188044E+00    0.1000000000E+01   -0.4195156917E+00    0.3349037893E+00   -0.8375975104E+00   -0.1013728119E+00   -0.1008420285E+01   -0.1597484617E+01    0.3666429055E+02
    0.9740000000E+00    0.7544356150E+00   -0.5052973685E+00    0.4189289585E+00    0.4507817198E+00   -0.4769176975E+00    0.1000000000E+01   -0.4192438336E+00    0.3387757619E+00   -0.8389276443E+00   -0.7527282913E-01   -0.9845584877E+00   -0.1621167777E+01    0.3667990863E+02
    0.9750000000E+00    0.7369624459E+00   -0.5340813308E+00    0.4142987878E+00    0.4383745271E+00   -0.4917521609E+00    0.1000000000E+01   -0.4188869590E+00    0.3426122367E+00   -0.8394866117E+00   -0.4912025633E-01   -0.9600631598E+00   -0.1644290060E+01    0.3669534567E+02
    0.9760000000E+00    0.7182740821E+00   -0.5622656036E+00    0.4098045070E+00    0.4254315109E+00   -0.5062003850E+00    0.1000000000E+01   -0.4184445903E+00    0.3464110705E+00   -0.8392718980E+00   -0.2293853432E-01   -0.9349478075E+00   -0.1666830520E+01    0.3671060697E+02
    0.9770000000E+00    0.6983923083E+00   -0.5897945547E+00    0.4054510660E+00    0.4119656392E+00   -0.5202409853E+00    0.1000000000E+01   -0.4179163136E+00    0.3501701244E+00   -0.8382817453E+00    0.3248745880E-02   -0.9092266941E+00   -0.1688768612E+01    0.3672569798E+02
    0.9780000000E+00    0.6773417158E+00   -0.6166133334E+00    0.4012433142E+00    0.3979908106E+00   -0.5338530478E+00    0.1000000000E+01   -0.4173017801E+00    0.3538872669E+00   -0.8365151616E+00    0.2941786983E-01   -0.8829148290E+00   -0.1710084225E+01    0.3674062437E+02
    0.9790000000E+00    0.6551496771E+00   -0.6426680249E+00    0.3971859897E+00    0.3835218359E+00   -0.5470161728E+00    0.1000000000E+01   -0.4166007074E+00    0.3575603768E+00   -0.8339719285E+00    0.5554502707E-01   -0.8560279540E+00   -0.1730757712E+01    0.3675539194E+02
    0.9800000000E+00    0.6318463107E+00   -0.6679058045E+00    0.3932837092E+00    0.3685744181E+00   -0.5597105191E+00    0.1000000000E+01   -0.4158128806E+00    0.3611873456E+00   -0.8306526080E+00    0.8160633901E-01   -0.8285825287E+00   -0.1750769920E+01    0.3677000668E+02
    0.9810000000E+00    0.6074644373E+00   -0.6922750903E+00    0.3895409566E+00    0.3531651298E+00   -0.5719168466E+00    0.1000000000E+01   -0.4149381534E+00    0.3647660809E+00   -0.8265585480E+00    0.1075778873E+00   -0.8005957146E+00   -0.1770102228E+01    0.3678447474E+02
    0.9820000000E+00    0.5820395249E+00   -0.7157256944E+00    0.3859620731E+00    0.3373113889E+00   -0.5836165582E+00    0.1000000000E+01   -0.4139764492E+00    0.3682945089E+00   -0.8216918868E+00    0.1334357426E+00   -0.7720853572E+00   -0.1788736571E+01    0.3679880242E+02
    0.9830000000E+00    0.5556096269E+00   -0.7382089717E+00    0.3825512471E+00    0.3210314313E+00   -0.5947917406E+00    0.1000000000E+01   -0.4129277619E+00    0.3717705774E+00   -0.8160555562E+00    0.1591559938E+00   -0.7430699670E+00   -0.1806655475E+01    0.3681299618E+02
    0.9840000000E+00    0.5282153089E+00   -0.7596779660E+00    0.3793125038E+00    0.3043442818E+00   -0.6054252039E+00    0.1000000000E+01   -0.4117921565E+00    0.3751922590E+00   -0.8096532836E+00    0.1847147773E+00   -0.7135686988E+00   -0.1823842083E+01    0.3682706260E+02
    0.9850000000E+00    0.4998995673E+00   -0.7800875521E+00    0.3762496959E+00    0.2872697232E+00   -0.6155005198E+00    0.1000000000E+01   -0.4105697699E+00    0.3785575535E+00   -0.8024895924E+00    0.2100883071E+00   -0.6836013301E+00   -0.1840280184E+01    0.3684100844E+02
    0.9860000000E+00    0.4707077395E+00   -0.7993945741E+00    0.3733664941E+00    0.2698282631E+00   -0.6250020582E+00    0.1000000000E+01   -0.4092608115E+00    0.3818644910E+00   -0.7945698018E+00    0.2352529040E+00   -0.6531882377E+00   -0.1855954242E+01    0.3685484055E+02
    0.9870000000E+00    0.4406874042E+00   -0.8175579784E+00    0.3706663780E+00    0.2520410988E+00   -0.6339150227E+00    0.1000000000E+01   -0.4078655629E+00    0.3851111348E+00   -0.7859000245E+00    0.2601850263E+00   -0.6223503731E+00   -0.1870849421E+01    0.3686856593E+02
    0.9880000000E+00    0.4098882743E+00   -0.8345389419E+00    0.3681526274E+00    0.2339300802E+00   -0.6422254839E+00    0.1000000000E+01   -0.4063843791E+00    0.3882955843E+00   -0.7764871639E+00    0.2848612994E+00   -0.5911092368E+00   -0.1884951612E+01    0.3688219169E+02
    0.9890000000E+00    0.3783620811E+00   -0.8503009938E+00    0.3658283144E+00    0.2155176709E+00   -0.6499204108E+00    0.1000000000E+01   -0.4048176878E+00    0.3914159773E+00   -0.7663389095E+00    0.3092585457E+00   -0.5594868511E+00   -0.1898247452E+01    0.3689572506E+02
    0.9900000000E+00    0.3461624513E+00   -0.8648101307E+00    0.3636962953E+00    0.1968269083E+00   -0.6569877011E+00    0.1000000000E+01   -0.4031659898E+00    0.3944704932E+00   -0.7554637309E+00    0.3333538149E+00   -0.5275057322E+00   -0.1910724355E+01    0.3690917337E+02
    0.9910000000E+00    0.3133447763E+00   -0.8780349252E+00    0.3617592036E+00    0.1778813611E+00   -0.6634162087E+00    0.1000000000E+01   -0.4014298584E+00    0.3974573556E+00   -0.7438708708E+00    0.3571244137E+00   -0.4951888607E+00   -0.1922370528E+01    0.3692254403E+02
    0.9920000000E+00    0.2799660750E+00   -0.8899466262E+00    0.3600194430E+00    0.1587050861E+00   -0.6691957691E+00    0.1000000000E+01   -0.3996099395E+00    0.4003748349E+00   -0.7315703363E+00    0.3805479350E+00   -0.4625596514E+00   -0.1933174993E+01    0.3693584456E+02
    0.9930000000E+00    0.2460848495E+00   -0.9005192521E+00    0.3584791815E+00    0.1393225832E+00   -0.6743172234E+00    0.1000000000E+01   -0.3977069509E+00    0.4032212504E+00   -0.7185728898E+00    0.4036022875E+00   -0.4296419223E+00   -0.1943127604E+01    0.3694908255E+02
    0.9940000000E+00    0.2117609363E+00   -0.9097296739E+00    0.3571403453E+00    0.1197587495E+00   -0.6787724392E+00    0.1000000000E+01   -0.3957216817E+00    0.4059949734E+00   -0.7048900371E+00    0.4262657244E+00   -0.3964598620E+00   -0.1952219070E+01    0.3696226565E+02
    0.9950000000E+00    0.1770553509E+00   -0.9175576915E+00    0.3560046145E+00    0.1000388321E+00   -0.6825543296E+00    0.1000000000E+01   -0.3936549916E+00    0.4086944295E+00   -0.6905340155E+00    0.4485168719E+00   -0.3630379968E+00   -0.1960440963E+01    0.3697540159E+02
    0.9960000000E+00    0.1420301283E+00   -0.9239860986E+00    0.3550734181E+00    0.8018837985E-01   -0.6856568697E+00    0.1000000000E+01   -0.3915078101E+00    0.4113181002E+00   -0.6755177801E+00    0.4703347573E+00   -0.3294011574E+00   -0.1967785738E+01    0.3698849816E+02
    0.9970000000E+00    0.1067481596E+00   -0.9290007399E+00    0.3543479304E+00    0.6023319438E-01   -0.6880751107E+00    0.1000000000E+01   -0.3892811351E+00    0.4138645261E+00   -0.6598549889E+00    0.4916988361E+00   -0.2955744443E+00   -0.1974246747E+01    0.3700156316E+02
    0.9980000000E+00    0.7127302478E-01   -0.9325905568E+00    0.3538290681E+00    0.4019928053E-01   -0.6898051915E+00    0.1000000000E+01   -0.3869760324E+00    0.4163323081E+00   -0.6435599870E+00    0.5125890193E+00   -0.2615831923E+00   -0.1979818243E+01    0.3701460446E+02
    0.9990000000E+00    0.3566882310E-01   -0.9347476243E+00    0.3535174876E+00    0.2011279595E-01   -0.6908443476E+00    0.1000000000E+01   -0.3845936338E+00    0.4187201101E+00   -0.6266477888E+00    0.5329856987E+00   -0.2274529361E+00   -0.1984495397E+01    0.3702762995E+02
    0.1000000000E+01    0.9710051208E-09   -0.9354671769E+00    0.3534135836E+00    0.4441625303E-09   -0.6911909177E+00    0.1000000000E+01   -0.3821351359E+00    0.4210266602E+00   -0.6091340602E+00    0.5528697731E+00   -0.1932093732E+00   -0.1988274302E+01    0.3704064753E+02
