    0.0000000000E+00    0.6528217926E-07    0.8188257390E-05    0.1000000000E+01    0.2521869756E-05    0.4117996981E-05    0.1000000000E+01   -0.4897755025E-05    0.1016781233E-04    0.1000000000E+01    0.0000000000E+00    0.0000000000E+00    0.0000000000E+00    0.1000000000E+01    0.0000000000E+00    0.0000000000E+00    0.0000000000E+00
    0.5000000000E-03    0.2060921863E-06    0.8237575406E-05    0.1000000000E+01    0.2607830194E-05    0.4099703679E-05    0.1000000000E+01   -0.4703741413E-05    0.1034959551E-04    0.1000000000E+01    0.2599904328E-07    0.4165300142E-07    0.1351544487E-01    0.9999086622E+00    0.8582721476E-09   -0.5216865352E-09    0.2047652241E-01
    0.1000000000E-02    0.3486305023E-06    0.8284768348E-05    0.1000000000E+01    0.2694003588E-05    0.4079824910E-05    0.1000000000E+01   -0.4504474918E-05    0.1052780798E-04    0.1000000000E+01    0.5286835453E-07    0.8311675275E-07    0.2702842080E-01    0.9996346655E+00    0.3447122594E-08   -0.2079559697E-08    0.4095304482E-01
    0.1500000000E-02    0.4928706318E-06    0.8329792838E-05    0.1000000000E+01    0.2780363968E-05    0.4058347168E-05    0.1000000000E+01   -0.4300021636E-05    0.1070231268E-04    0.1000000000E+01    0.8060786359E-07    0.1243794426E-06    0.4053645929E-01    0.9991780599E+00    0.7787618759E-08   -0.4662633409E-08    0.6142956723E-01
    0.2000000000E-02    0.6387851517E-06    0.8372605712E-05    0.1000000000E+01    0.2866884965E-05    0.4035257319E-05    0.1000000000E+01   -0.4090451084E-05    0.1087297386E-04    0.1000000000E+01    0.1092173557E-06    0.1654292509E-06    0.5403709277E-01    0.9985389289E+00    0.1390084792E-07   -0.8259644676E-08    0.8190608964E-01
    0.2500000000E-02    0.7863457101E-06    0.8413164034E-05    0.1000000000E+01    0.2953539819E-05    0.4010542603E-05    0.1000000000E+01   -0.3875836163E-05    0.1103965715E-04    0.1000000000E+01    0.1386964713E-06    0.2062543514E-06    0.6752785499E-01    0.9977173892E+00    0.2180791462E-07   -0.1285905153E-07    0.1023826120E+00
    0.3000000000E-02    0.9355230252E-06    0.8451425116E-05    0.1000000000E+01    0.3040301382E-05    0.3984190647E-05    0.1000000000E+01   -0.3656253135E-05    0.1120222965E-04    0.1000000000E+01    0.1690447064E-06    0.2468429129E-06    0.8100628151E-01    0.9967135909E+00    0.3152993803E-07   -0.1844903106E-07    0.1228591345E+00
    0.3500000000E-02    0.1086286885E-05    0.8487346537E-05    0.1000000000E+01    0.3127142123E-05    0.3956189474E-05    0.1000000000E+01   -0.3431781584E-05    0.1136056003E-04    0.1000000000E+01    0.2002614120E-06    0.2871831015E-06    0.9446991017E-01    0.9955277174E+00    0.4308804920E-07   -0.2501747748E-07    0.1433356569E+00
    0.4000000000E-02    0.1238606145E-05    0.8520886159E-05    0.1000000000E+01    0.3214034129E-05    0.3926527513E-05    0.1000000000E+01   -0.3202504384E-05    0.1151451858E-04    0.1000000000E+01    0.2323457945E-06    0.3272630821E-06    0.1079162815E+00    0.9941599852E+00    0.5650338837E-07   -0.3255200026E-07    0.1638121793E+00
    0.4500000000E-02    0.1392448732E-05    0.8552002147E-05    0.1000000000E+01    0.3300949116E-05    0.3895193604E-05    0.1000000000E+01   -0.2968507662E-05    0.1166397729E-04    0.1000000000E+01    0.2652969158E-06    0.3670710209E-06    0.1213429391E+00    0.9926106443E+00    0.7179710210E-07   -0.4103992230E-07    0.1842887017E+00
    0.5000000000E-02    0.1547781641E-05    0.8580652985E-05    0.1000000000E+01    0.3387858427E-05    0.3862177012E-05    0.1000000000E+01   -0.2729880759E-05    0.1180880997E-04    0.1000000000E+01    0.2991136930E-06    0.4065950862E-06    0.1347474304E+00    0.9908799776E+00    0.8899034049E-07   -0.5046827811E-07    0.2047652241E+00
    0.5500000000E-02    0.1704570937E-05    0.8606797496E-05    0.1000000000E+01    0.3474733046E-05    0.3827467434E-05    0.1000000000E+01   -0.2486716190E-05    0.1194889229E-04    0.1000000000E+01    0.3337948990E-06    0.4458234513E-06    0.1481273065E+00    0.9889683013E+00    0.1081042542E-06   -0.6082381202E-07    0.2252417465E+00
    0.6000000000E-02    0.1862781756E-05    0.8630394860E-05    0.1000000000E+01    0.3561543593E-05    0.3791055007E-05    0.1000000000E+01   -0.2239109600E-05    0.1208410188E-04    0.1000000000E+01    0.3693391619E-06    0.4847442955E-06    0.1614801235E+00    0.9868759647E+00    0.1291599918E-06   -0.7209297634E-07    0.2457182689E+00
    0.6500000000E-02    0.2022378305E-05    0.8651404635E-05    0.1000000000E+01    0.3648260338E-05    0.3752930319E-05    0.1000000000E+01   -0.1987159722E-05    0.1221431839E-04    0.1000000000E+01    0.4057449661E-06    0.5233458064E-06    0.1748034419E+00    0.9846033499E+00    0.1521786965E-06   -0.8426192956E-07    0.2661947913E+00
    0.7000000000E-02    0.2183323866E-05    0.8669786770E-05    0.1000000000E+01    0.3734853204E-05    0.3713084416E-05    0.1000000000E+01   -0.1730968327E-05    0.1233942357E-04    0.1000000000E+01    0.4430106516E-06    0.5616161816E-06    0.1880948281E+00    0.9821508721E+00    0.1771815034E-06   -0.9731653447E-07    0.2866713137E+00
    0.7500000000E-02    0.2345580797E-05    0.8685501629E-05    0.1000000000E+01    0.3821291771E-05    0.3671508812E-05    0.1000000000E+01   -0.1470640175E-05    0.1245930137E-04    0.1000000000E+01    0.4811344145E-06    0.5995436306E-06    0.2013518539E+00    0.9795189794E+00    0.2041895365E-06   -0.1112423562E-06    0.3071478361E+00
    0.8000000000E-02    0.2509110534E-05    0.8698510007E-05    0.1000000000E+01    0.3907545285E-05    0.3628195500E-05    0.1000000000E+01   -0.1206282965E-05    0.1257383796E-04    0.1000000000E+01    0.5201143077E-06    0.6371163769E-06    0.2145720976E+00    0.9767081524E+00    0.2332239060E-06   -0.1260246605E-06    0.3276243586E+00
    0.8500000000E-02    0.2673873592E-05    0.8708773149E-05    0.1000000000E+01    0.3993582663E-05    0.3583136954E-05    0.1000000000E+01   -0.9380072790E-06    0.1268292185E-04    0.1000000000E+01    0.5599482403E-06    0.6743226597E-06    0.2277531442E+00    0.9737189047E+00    0.2643057046E-06   -0.1416484113E-06    0.3481008810E+00
    0.9000000000E-02    0.2839829572E-05    0.8716252771E-05    0.1000000000E+01    0.4079372501E-05    0.3536326147E-05    0.1000000000E+01   -0.6659265357E-06    0.1278644396E-04    0.1000000000E+01    0.6006339787E-06    0.7111507357E-06    0.2408925859E+00    0.9705517823E+00    0.2974560051E-06   -0.1580982702E-06    0.3685774034E+00
    0.9500000000E-02    0.3006937161E-05    0.8720911075E-05    0.1000000000E+01    0.4164883078E-05    0.3487756551E-05    0.1000000000E+01   -0.3901569383E-06    0.1288429764E-04    0.1000000000E+01    0.6421691461E-06    0.7475888800E-06    0.2539880224E+00    0.9672073637E+00    0.3326958559E-06   -0.1753585954E-06    0.3890539258E+00
    0.1000000000E-01    0.3175154135E-05    0.8722710770E-05    0.1000000000E+01    0.4250082366E-05    0.3437422151E-05    0.1000000000E+01   -0.1108174079E-06    0.1297637879E-04    0.1000000000E+01    0.6845512233E-06    0.7836253891E-06    0.2670370615E+00    0.9636862600E+00    0.3700462793E-06   -0.1934134383E-06    0.4095304482E+00
    0.1050000000E-01    0.3344437368E-05    0.8721615092E-05    0.1000000000E+01    0.4334938034E-05    0.3385317453E-05    0.1000000000E+01    0.1719704720E-06    0.1306258592E-04    0.1000000000E+01    0.7277775491E-06    0.8192485824E-06    0.2800373195E+00    0.9599891144E+00    0.4095282675E-06   -0.2122465427E-06    0.4300069706E+00
    0.1100000000E-01    0.3514742830E-05    0.8717587821E-05    0.1000000000E+01    0.4419417459E-05    0.3331437488E-05    0.1000000000E+01    0.4580825161E-06    0.1314282018E-04    0.1000000000E+01    0.7718453203E-06    0.8544468039E-06    0.2929864214E+00    0.9561166021E+00    0.4511627795E-06   -0.2318413430E-06    0.4504834930E+00
    0.1150000000E-01    0.3686025597E-05    0.8710593301E-05    0.1000000000E+01    0.4503487730E-05    0.3275777827E-05    0.1000000000E+01    0.7473919996E-06    0.1321698547E-04    0.1000000000E+01    0.8167515927E-06    0.8892084238E-06    0.3058820019E+00    0.9520694307E+00    0.4949707379E-06   -0.2521809625E-06    0.4709600154E+00
    0.1200000000E-01    0.3858239852E-05    0.8700596459E-05    0.1000000000E+01    0.4587115659E-05    0.3218334583E-05    0.1000000000E+01    0.1039769722E-05    0.1328498846E-04    0.1000000000E+01    0.8624932807E-06    0.9235218410E-06    0.3187217053E+00    0.9478483395E+00    0.5409730255E-06   -0.2732482117E-06    0.4914365378E+00
    0.1250000000E-01    0.4031338895E-05    0.8687562822E-05    0.1000000000E+01    0.4670267785E-05    0.3159104424E-05    0.1000000000E+01    0.1335084072E-05    0.1334673867E-04    0.1000000000E+01    0.9090671584E-06    0.9573754841E-06    0.3315031859E+00    0.9434540994E+00    0.5891904818E-06   -0.2950255872E-06    0.5119130602E+00
    0.1300000000E-01    0.4205275142E-05    0.8671458538E-05    0.1000000000E+01    0.4752910387E-05    0.3098084579E-05    0.1000000000E+01    0.1633201092E-05    0.1340214855E-04    0.1000000000E+01    0.9564698598E-06    0.9907578134E-06    0.3442241090E+00    0.9388875134E+00    0.6396438999E-06   -0.3174952697E-06    0.5323895826E+00
    0.1350000000E-01    0.4380000140E-05    0.8652250397E-05    0.1000000000E+01    0.4835009487E-05    0.3035272844E-05    0.1000000000E+01    0.1933984551E-05    0.1345113348E-04    0.1000000000E+01    0.1004697879E-05    0.1023657323E-05    0.3568821507E+00    0.9341494155E+00    0.6923540224E-06   -0.3406391229E-06    0.5528661051E+00
    0.1400000000E-01    0.4555464566E-05    0.8629905844E-05    0.1000000000E+01    0.4916530863E-05    0.2970667593E-05    0.1000000000E+01    0.2237296006E-05    0.1349361191E-04    0.1000000000E+01    0.1053747573E-05    0.1056062542E-05    0.3694749988E+00    0.9292406713E+00    0.7473415388E-06   -0.3644386918E-06    0.5733426275E+00
    0.1450000000E-01    0.4731618237E-05    0.8604393002E-05    0.1000000000E+01    0.4997440055E-05    0.2904267787E-05    0.1000000000E+01    0.2542994880E-05    0.1352950532E-04    0.1000000000E+01    0.1103615156E-05    0.1087962037E-05    0.3820003529E+00    0.9241621775E+00    0.8046270813E-06   -0.3888752014E-06    0.5938191499E+00
    0.1500000000E-01    0.4908410119E-05    0.8575680690E-05    0.1000000000E+01    0.5077702374E-05    0.2836072974E-05    0.1000000000E+01    0.2850938530E-05    0.1355873834E-04    0.1000000000E+01    0.1154296709E-05    0.1119344412E-05    0.3944559248E+00    0.9189148619E+00    0.8642312214E-06   -0.4139295553E-06    0.6142956723E+00
    0.1550000000E-01    0.5085788329E-05    0.8543738445E-05    0.1000000000E+01    0.5157282911E-05    0.2766083307E-05    0.1000000000E+01    0.3160982321E-05    0.1358123877E-04    0.1000000000E+01    0.1205788173E-05    0.1150198313E-05    0.4068394392E+00    0.9134996829E+00    0.9261744664E-06   -0.4395823337E-06    0.6347721947E+00
    0.1600000000E-01    0.5263700151E-05    0.8508536532E-05    0.1000000000E+01    0.5236146550E-05    0.2694299542E-05    0.1000000000E+01    0.3472979701E-05    0.1359693765E-04    0.1000000000E+01    0.1258085352E-05    0.1180512429E-05    0.4191486340E+00    0.9079176299E+00    0.9904772559E-06   -0.4658137927E-06    0.6552487171E+00
    0.1650000000E-01    0.5442092036E-05    0.8470045974E-05    0.1000000000E+01    0.5314257971E-05    0.2620723054E-05    0.1000000000E+01    0.3786782281E-05    0.1360576926E-04    0.1000000000E+01    0.1311183916E-05    0.1210275491E-05    0.4313812605E+00    0.9021697224E+00    0.1057159958E-05   -0.4926038616E-06    0.6757252395E+00
    0.1700000000E-01    0.5620909619E-05    0.8428238562E-05    0.1000000000E+01    0.5391581664E-05    0.2545355834E-05    0.1000000000E+01    0.4102239904E-05    0.1360767123E-04    0.1000000000E+01    0.1365079397E-05    0.1239476277E-05    0.4435350843E+00    0.8962570106E+00    0.1126242865E-05   -0.5199321433E-06    0.6962017619E+00
    0.1750000000E-01    0.5800097721E-05    0.8383086878E-05    0.1000000000E+01    0.5468081937E-05    0.2468200507E-05    0.1000000000E+01    0.4419200721E-05    0.1360258454E-04    0.1000000000E+01    0.1419767194E-05    0.1268103612E-05    0.4556078850E+00    0.8901805745E+00    0.1197746192E-05   -0.5477779127E-06    0.7166782843E+00
    0.1800000000E-01    0.5979600362E-05    0.8334564311E-05    0.1000000000E+01    0.5543722928E-05    0.2389260330E-05    0.1000000000E+01    0.4737511277E-05    0.1359045356E-04    0.1000000000E+01    0.1475242572E-05    0.1296146369E-05    0.4675974572E+00    0.8839415241E+00    0.1271690068E-05   -0.5761201149E-06    0.7371548067E+00
    0.1850000000E-01    0.6159360769E-05    0.8282645078E-05    0.1000000000E+01    0.5618468611E-05    0.2308539205E-05    0.1000000000E+01    0.5057016588E-05    0.1357122613E-04    0.1000000000E+01    0.1531500661E-05    0.1323593475E-05    0.4795016108E+00    0.8775409992E+00    0.1348094539E-05   -0.6049373642E-06    0.7576313291E+00
    0.1900000000E-01    0.6339321390E-05    0.8227304241E-05    0.1000000000E+01    0.5692282811E-05    0.2226041680E-05    0.1000000000E+01    0.5377560218E-05    0.1354485352E-04    0.1000000000E+01    0.1588536459E-05    0.1350433906E-05    0.4913181712E+00    0.8709801689E+00    0.1426979558E-05   -0.6342079428E-06    0.7781078516E+00
    0.1950000000E-01    0.6519423901E-05    0.8168517725E-05    0.1000000000E+01    0.5765129211E-05    0.2141772961E-05    0.1000000000E+01    0.5698984366E-05    0.1351129056E-04    0.1000000000E+01    0.1646344834E-05    0.1376656693E-05    0.5030449798E+00    0.8642602318E+00    0.1508364984E-05   -0.6639097996E-06    0.7985843740E+00
    0.2000000000E-01    0.6699609217E-05    0.8106262338E-05    0.1000000000E+01    0.5836971364E-05    0.2055738916E-05    0.1000000000E+01    0.6021129945E-05    0.1347049559E-04    0.1000000000E+01    0.1704920520E-05    0.1402250923E-05    0.5146798943E+00    0.8573824155E+00    0.1592270580E-05   -0.6940205489E-06    0.8190608964E+00
    0.2050000000E-01    0.6879817505E-05    0.8040515786E-05    0.1000000000E+01    0.5907772706E-05    0.1967946078E-05    0.1000000000E+01    0.6343836662E-05    0.1342243056E-04    0.1000000000E+01    0.1764258123E-05    0.1427205742E-05    0.5262207893E+00    0.8503479764E+00    0.1678716005E-05   -0.7245174695E-06    0.8395374188E+00
    0.2100000000E-01    0.7059988196E-05    0.7971256694E-05    0.1000000000E+01    0.5977496562E-05    0.1878401656E-05    0.1000000000E+01    0.6666943107E-05    0.1336706099E-04    0.1000000000E+01    0.1824352118E-05    0.1451510352E-05    0.5376655566E+00    0.8431581994E+00    0.1767720810E-05   -0.7553775038E-06    0.8600139412E+00
    0.2150000000E-01    0.7240059994E-05    0.7898464623E-05    0.1000000000E+01    0.6046106161E-05    0.1787113541E-05    0.1000000000E+01    0.6990286835E-05    0.1330435606E-04    0.1000000000E+01    0.1885196854E-05    0.1475154019E-05    0.5490121056E+00    0.8358143980E+00    0.1859304439E-05   -0.7865772565E-06    0.8804904636E+00
    0.2200000000E-01    0.7419970892E-05    0.7822120088E-05    0.1000000000E+01    0.6113564646E-05    0.1694090306E-05    0.1000000000E+01    0.7313704446E-05    0.1323428860E-04    0.9999999999E+00    0.1946786549E-05    0.1498126067E-05    0.5602583635E+00    0.8283179137E+00    0.1953486220E-05   -0.8180929939E-06    0.9009669860E+00
    0.2250000000E-01    0.7599658184E-05    0.7742204572E-05    0.1000000000E+01    0.6179835086E-05    0.1599341216E-05    0.1000000000E+01    0.7637031679E-05    0.1315683511E-04    0.9999999999E+00    0.2009115296E-05    0.1520415887E-05    0.5714022758E+00    0.8206701159E+00    0.2050285363E-05   -0.8499006427E-06    0.9214435084E+00
    0.2300000000E-01    0.7779058475E-05    0.7658700552E-05    0.1000000000E+01    0.6244880485E-05    0.1502876235E-05    0.1000000000E+01    0.7960103489E-05    0.1307197581E-04    0.9999999999E+00    0.2072177062E-05    0.1542012935E-05    0.5824418069E+00    0.8128724018E+00    0.2149720954E-05   -0.8819757892E-06    0.9419200308E+00
    0.2350000000E-01    0.7958107699E-05    0.7571591505E-05    0.1000000000E+01    0.6308663800E-05    0.1404706025E-05    0.1000000000E+01    0.8282754140E-05    0.1297969463E-04    0.9999999999E+00    0.2135965690E-05    0.1562906732E-05    0.5933749401E+00    0.8049261957E+00    0.2251811955E-05   -0.9142936784E-06    0.9623965532E+00
    0.2400000000E-01    0.8136741130E-05    0.7480861937E-05    0.1000000000E+01    0.6371147946E-05    0.1304841959E-05    0.1000000000E+01    0.8604817288E-05    0.1287997925E-04    0.9999999999E+00    0.2200474898E-05    0.1583086869E-05    0.6041996781E+00    0.7968329492E+00    0.2356577195E-05   -0.9468292127E-06    0.9828730756E+00
    0.2450000000E-01    0.8314893398E-05    0.7386497391E-05    0.1000000000E+01    0.6432295813E-05    0.1203296117E-05    0.1000000000E+01    0.8926126068E-05    0.1277282107E-04    0.9999999999E+00    0.2265698280E-05    0.1602543007E-05    0.6149140437E+00    0.7885941408E+00    0.2464035368E-05   -0.9795569509E-06    0.1003349598E+01
    0.2500000000E-01    0.8492498504E-05    0.7288484468E-05    0.1000000000E+01    0.6492070275E-05    0.1100081299E-05    0.1000000000E+01    0.9246513185E-05    0.1265821528E-04    0.9999999999E+00    0.2331629311E-05    0.1621264879E-05    0.6255160794E+00    0.7802112755E+00    0.2574205028E-05   -0.1012451107E-05    0.1023826120E+01
    0.2550000000E-01    0.8669489831E-05    0.7186810842E-05    0.1000000000E+01    0.6550434204E-05    0.9952110235E-06    0.1000000000E+01    0.9565810994E-05    0.1253616085E-04    0.9999999999E+00    0.2398261342E-05    0.1639242289E-05    0.6360038486E+00    0.7716858846E+00    0.2687104587E-05   -0.1045485553E-05    0.1044302643E+01
    0.2600000000E-01    0.8845800165E-05    0.7081465281E-05    0.1000000000E+01    0.6607350483E-05    0.8886995352E-06    0.1000000000E+01    0.9883851593E-05    0.1240666050E-04    0.9999999999E+00    0.2465587607E-05    0.1656465118E-05    0.6463754355E+00    0.7630195256E+00    0.2802752308E-05   -0.1078633814E-05    0.1064779165E+01
    0.2650000000E-01    0.9021361706E-05    0.6972437657E-05    0.1000000000E+01    0.6662782018E-05    0.7805618074E-06    0.1000000000E+01    0.1020046691E-04    0.1226972078E-04    0.9999999999E+00    0.2533601218E-05    0.1672923320E-05    0.6566289453E+00    0.7542137815E+00    0.2921166299E-05   -0.1111869068E-05    0.1085255688E+01
    0.2700000000E-01    0.9196106087E-05    0.6859718965E-05    0.1000000000E+01    0.6716691750E-05    0.6708135464E-06    0.1000000000E+01    0.1051548879E-04    0.1212535201E-04    0.9999999999E+00    0.2602295172E-05    0.1688606929E-05    0.6667625050E+00    0.7452702610E+00    0.3042364515E-05   -0.1145164149E-05    0.1105732210E+01
    0.2750000000E-01    0.9369964390E-05    0.6743301340E-05    0.1000000000E+01    0.6769042670E-05    0.5594711952E-06    0.1000000000E+01    0.1082874908E-04    0.1197356830E-04    0.9999999999E+00    0.2671662349E-05    0.1703506056E-05    0.6767742635E+00    0.7361905977E+00    0.3166364747E-05   -0.1178491542E-05    0.1126208733E+01
    0.2800000000E-01    0.9542867162E-05    0.6623178074E-05    0.1000000000E+01    0.6819797829E-05    0.4465519369E-06    0.1000000000E+01    0.1114007971E-04    0.1181438757E-04    0.9999999999E+00    0.2741695512E-05    0.1717610893E-05    0.6866623919E+00    0.7269764505E+00    0.3293184620E-05   -0.1211823384E-05    0.1146685255E+01
    0.2850000000E-01    0.9714744432E-05    0.6499343625E-05    0.1000000000E+01    0.6868920356E-05    0.3320736979E-06    0.1000000000E+01    0.1144931282E-04    0.1164783152E-04    0.9999999999E+00    0.2812387312E-05    0.1730911715E-05    0.6964250838E+00    0.7176295023E+00    0.3422841590E-05   -0.1245131463E-05    0.1167161777E+01
    0.2900000000E-01    0.9885525730E-05    0.6371793640E-05    0.1000000000E+01    0.6916373467E-05    0.2160551511E-06    0.1000000000E+01    0.1175628079E-04    0.1147392565E-04    0.9999999999E+00    0.2883730283E-05    0.1743398878E-05    0.7060605559E+00    0.7081514608E+00    0.3555352936E-05   -0.1278387220E-05    0.1187638300E+01
    0.2950000000E-01    0.1005514010E-04    0.6240524968E-05    0.1000000000E+01    0.6962120481E-05    0.9851571869E-07    0.1000000000E+01    0.1206081635E-04    0.1129269923E-04    0.9999999999E+00    0.2955716852E-05    0.1755062822E-05    0.7155670479E+00    0.6985440573E+00    0.3690735760E-05   -0.1311561746E-05    0.1208114822E+01
    0.3000000000E-01    0.1022351614E-04    0.6105535671E-05    0.1000000000E+01    0.7006124830E-05   -0.2052442527E-07    0.1000000000E+01    0.1236275269E-04    0.1110418531E-04    0.9999999999E+00    0.3028339332E-05    0.1765894076E-05    0.7249428233E+00    0.6888090468E+00    0.3829006977E-05   -0.1344625783E-05    0.1228591345E+01
    0.3050000000E-01    0.1039058197E-04    0.5966825043E-05    0.1000000000E+01    0.7048350080E-05   -0.1410443525E-06    0.1000000000E+01    0.1266192352E-04    0.1090842069E-04    0.9999999999E+00    0.3101589927E-05    0.1775883252E-05    0.7341861693E+00    0.6789482078E+00    0.3970183314E-05   -0.1377549720E-05    0.1249067867E+01
    0.3100000000E-01    0.1055626531E-04    0.5824393624E-05    0.1000000000E+01    0.7088759937E-05   -0.2630223781E-06    0.1000000000E+01    0.1295816317E-04    0.1070544595E-04    0.9999999999E+00    0.3175460733E-05    0.1785021053E-05    0.7432953974E+00    0.6689633414E+00    0.4114281305E-05   -0.1410303601E-05    0.1269544389E+01
    0.3150000000E-01    0.1072049347E-04    0.5678243212E-05    0.1000000000E+01    0.7127318264E-05   -0.3864360589E-06    0.1000000000E+01    0.1325130665E-04    0.1049530537E-04    0.9999999999E+00    0.3249943738E-05    0.1793298272E-05    0.7522688436E+00    0.6588562718E+00    0.4261317286E-05   -0.1442857116E-05    0.1290020912E+01
    0.3200000000E-01    0.1088319336E-04    0.5528376878E-05    0.1000000000E+01    0.7163989099E-05   -0.5112621917E-06    0.1000000000E+01    0.1354118978E-04    0.1027804697E-04    0.9999999999E+00    0.3325030825E-05    0.1800705790E-05    0.7611048686E+00    0.6486288453E+00    0.4411307389E-05   -0.1475179605E-05    0.1310497434E+01
    0.3250000000E-01    0.1104429153E-04    0.5374798981E-05    0.1000000000E+01    0.7198736662E-05   -0.6374768117E-06    0.1000000000E+01    0.1382764923E-04    0.1005372246E-04    0.9999999999E+00    0.3400713774E-05    0.1807234583E-05    0.7698018584E+00    0.6382829300E+00    0.4564267537E-05   -0.1507240058E-05    0.1330973957E+01
    0.3300000000E-01    0.1120371419E-04    0.5217515179E-05    0.1000000000E+01    0.7231525375E-05   -0.7650551914E-06    0.1000000000E+01    0.1411052264E-04    0.9822387238E-05    0.9999999999E+00    0.3476984259E-05    0.1812875720E-05    0.7783582241E+00    0.6278204161E+00    0.4720213443E-05   -0.1539007111E-05    0.1351450479E+01
    0.3350000000E-01    0.1136138721E-04    0.5056532444E-05    0.1000000000E+01    0.7262319875E-05   -0.8939718396E-06    0.1000000000E+01    0.1438964867E-04    0.9584100340E-05    0.9999999999E+00    0.3553833853E-05    0.1817620365E-05    0.7867724028E+00    0.6172432147E+00    0.4879160601E-05   -0.1570449052E-05    0.1371927001E+01
    0.3400000000E-01    0.1151723616E-04    0.4891859075E-05    0.1000000000E+01    0.7291085026E-05   -0.1024200500E-05    0.1000000000E+01    0.1466486711E-04    0.9338924452E-05    0.9999999999E+00    0.3631254031E-05    0.1821459777E-05    0.7950428574E+00    0.6065532580E+00    0.5041124281E-05   -0.1601533818E-05    0.1392403524E+01
    0.3450000000E-01    0.1167118633E-04    0.4723504706E-05    0.1000000000E+01    0.7317785936E-05   -0.1155714153E-05    0.1000000000E+01    0.1493601896E-04    0.9086925856E-05    0.9999999999E+00    0.3709236164E-05    0.1824385313E-05    0.8031680771E+00    0.5957524989E+00    0.5206119530E-05   -0.1632228993E-05    0.1412880046E+01
    0.3500000000E-01    0.1182316274E-04    0.4551480327E-05    0.1000000000E+01    0.7342387973E-05   -0.1288485011E-05    0.1000000000E+01    0.1520294650E-04    0.8828174414E-05    0.9999999999E+00    0.3787771530E-05    0.1826388427E-05    0.8111465775E+00    0.5848429103E+00    0.5374161157E-05   -0.1662501812E-05    0.1433356569E+01
    0.3550000000E-01    0.1197309018E-04    0.4375798288E-05    0.1000000000E+01    0.7364856776E-05   -0.1422484524E-05    0.1000000000E+01    0.1546549336E-04    0.8562743532E-05    0.9999999999E+00    0.3866851307E-05    0.1827460673E-05    0.8189769013E+00    0.5738264852E+00    0.5545263739E-05   -0.1692319159E-05    0.1453833091E+01
    0.3600000000E-01    0.1212089320E-04    0.4196472312E-05    0.1000000000E+01    0.7385158272E-05   -0.1557683375E-05    0.1000000000E+01    0.1572350465E-04    0.8290710130E-05    0.9999999999E+00    0.3946466579E-05    0.1827593706E-05    0.8266576180E+00    0.5627052360E+00    0.5719441607E-05   -0.1721647568E-05    0.1474309613E+01
    0.3650000000E-01    0.1226649618E-04    0.4013517512E-05    0.1000000000E+01    0.7403258692E-05   -0.1694051483E-05    0.1000000000E+01    0.1597682696E-04    0.8012154605E-05    0.9999999999E+00    0.4026608339E-05    0.1826779283E-05    0.8341873245E+00    0.5514811943E+00    0.5896708848E-05   -0.1750453220E-05    0.1494786136E+01
    0.3700000000E-01    0.1240982330E-04    0.3826950393E-05    0.9999999999E+00    0.7419124585E-05   -0.1831558004E-05    0.1000000000E+01    0.1622530852E-04    0.7727160799E-05    0.9999999999E+00    0.4107267484E-05    0.1825009263E-05    0.8415646453E+00    0.5401564104E+00    0.6077079292E-05   -0.1778701949E-05    0.1515262658E+01
    0.3750000000E-01    0.1255079861E-04    0.3636788871E-05    0.9999999999E+00    0.7432722832E-05   -0.1970171331E-05    0.1000000000E+01    0.1646879922E-04    0.7435815960E-05    0.9999999999E+00    0.4188434822E-05    0.1822275609E-05    0.8487882329E+00    0.5287329531E+00    0.6260566517E-05   -0.1806359237E-05    0.1535739181E+01
    0.3800000000E-01    0.1268934604E-04    0.3443052277E-05    0.9999999999E+00    0.7444020663E-05   -0.2109859096E-05    0.1000000000E+01    0.1670715071E-04    0.7138210702E-05    0.9999999999E+00    0.4270101073E-05    0.1818570388E-05    0.8558567675E+00    0.5172129093E+00    0.6447183834E-05   -0.1833390220E-05    0.1556215703E+01
    0.3850000000E-01    0.1282538938E-04    0.3245761371E-05    0.9999999999E+00    0.7452985669E-05   -0.2250588170E-05    0.1000000000E+01    0.1694021647E-04    0.6834438963E-05    0.9999999999E+00    0.4352256866E-05    0.1813885774E-05    0.8627689580E+00    0.5055983832E+00    0.6636944289E-05   -0.1859759681E-05    0.1576692226E+01
    0.3900000000E-01    0.1295885237E-04    0.3044938350E-05    0.9999999999E+00    0.7459585823E-05   -0.2392324669E-05    0.1000000000E+01    0.1716785189E-04    0.6524597965E-05    0.9999999999E+00    0.4434892746E-05    0.1808214047E-05    0.8695235416E+00    0.4938914967E+00    0.6829860654E-05   -0.1885432058E-05    0.1597168748E+01
    0.3950000000E-01    0.1308965870E-04    0.2840606858E-05    0.9999999999E+00    0.7463789490E-05   -0.2535033950E-05    0.1000000000E+01    0.1738991432E-04    0.6208788167E-05    0.9999999999E+00    0.4517999173E-05    0.1801547597E-05    0.8761192846E+00    0.4820943882E+00    0.7025945423E-05   -0.1910371441E-05    0.1617645270E+01
    0.4000000000E-01    0.1321773201E-04    0.2632791992E-05    0.9999999999E+00    0.7465565444E-05   -0.2678680619E-05    0.1000000000E+01    0.1760626319E-04    0.5887113221E-05    0.9999999999E+00    0.4601566524E-05    0.1793878919E-05    0.8825549819E+00    0.4702092129E+00    0.7225210807E-05   -0.1934541572E-05    0.1638121793E+01
    0.4050000000E-01    0.1334299594E-04    0.2421520317E-05    0.9999999999E+00    0.7464882885E-05   -0.2823228530E-05    0.1000000000E+01    0.1781676002E-04    0.5559679918E-05    0.9999999999E+00    0.4685585092E-05    0.1785200621E-05    0.8888294580E+00    0.4582381418E+00    0.7427668729E-05   -0.1957905847E-05    0.1658598315E+01
    0.4100000000E-01    0.1346537416E-04    0.2206819865E-05    0.9999999999E+00    0.7461711452E-05   -0.2968640790E-05    0.1000000000E+01    0.1802126854E-04    0.5226598143E-05    0.9999999999E+00    0.4770045093E-05    0.1775505420E-05    0.8949415666E+00    0.4461833618E+00    0.7633330816E-05   -0.1980427317E-05    0.1679074838E+01
    0.4150000000E-01    0.1358479038E-04    0.1988720152E-05    0.9999999999E+00    0.7456021241E-05   -0.3114879762E-05    0.1000000000E+01    0.1821965470E-04    0.4887980820E-05    0.9999999999E+00    0.4854936663E-05    0.1764786146E-05    0.9008901912E+00    0.4340470750E+00    0.7842208398E-05   -0.2002068685E-05    0.1699551360E+01
    0.4200000000E-01    0.1370116837E-04    0.1767252178E-05    0.9999999999E+00    0.7447782819E-05   -0.3261907068E-05    0.1000000000E+01    0.1841178682E-04    0.4543943868E-05    0.9999999999E+00    0.4940249859E-05    0.1753035740E-05    0.9066742452E+00    0.4218314984E+00    0.8054312499E-05   -0.2022792312E-05    0.1720027882E+01
    0.4250000000E-01    0.1381443202E-04    0.1542448439E-05    0.9999999999E+00    0.7436967238E-05   -0.3409683592E-05    0.1000000000E+01    0.1859753557E-04    0.4194606145E-05    0.9999999999E+00    0.5025974666E-05    0.1740247257E-05    0.9122926719E+00    0.4095388635E+00    0.8269653835E-05   -0.2042560219E-05    0.1740504405E+01
    0.4300000000E-01    0.1392450531E-04    0.1314342931E-05    0.9999999999E+00    0.7423546055E-05   -0.3558169487E-05    0.1000000000E+01    0.1877677410E-04    0.3840089385E-05    0.9999999999E+00    0.5112100992E-05    0.1726413865E-05    0.9177444451E+00    0.3971714158E+00    0.8488242806E-05   -0.2061334081E-05    0.1760980927E+01
    0.4350000000E-01    0.1403131240E-04    0.1082971156E-05    0.9999999999E+00    0.7407491342E-05   -0.3707324175E-05    0.1000000000E+01    0.1894937806E-04    0.3480518149E-05    0.9999999999E+00    0.5198618675E-05    0.1711528849E-05    0.9230285687E+00    0.3847314145E+00    0.8710089490E-05   -0.2079075232E-05    0.1781457450E+01
    0.4400000000E-01    0.1413477761E-04    0.8483701294E-06    0.9999999999E+00    0.7388775708E-05   -0.3857106357E-05    0.1000000000E+01    0.1911522567E-04    0.3116019762E-05    0.9999999999E+00    0.5285517479E-05    0.1695585608E-05    0.9281440775E+00    0.3722211323E+00    0.8935203640E-05   -0.2095744669E-05    0.1801933972E+01
    0.4450000000E-01    0.1423482546E-04    0.6105783845E-06    0.9999999999E+00    0.7367372309E-05   -0.4007474013E-05    0.1000000000E+01    0.1927419778E-04    0.2746724255E-05    0.9999999999E+00    0.5372787103E-05    0.1678577657E-05    0.9330900371E+00    0.3596428543E+00    0.9163594679E-05   -0.2111303048E-05    0.1822410494E+01
    0.4500000000E-01    0.1433138072E-04    0.3696359768E-06    0.9999999999E+00    0.7343254865E-05   -0.4158384411E-05    0.1000000000E+01    0.1942617796E-04    0.2372764306E-05    0.9999999999E+00    0.5460417176E-05    0.1660498629E-05    0.9378655439E+00    0.3469988784E+00    0.9395271691E-05   -0.2125710686E-05    0.1842887017E+01
    0.4550000000E-01    0.1442436840E-04    0.1255844893E-06    0.9999999999E+00    0.7316397679E-05   -0.4309794111E-05    0.1000000000E+01    0.1957105249E-04    0.1994275177E-05    0.9999999999E+00    0.5548397260E-05    0.1641342276E-05    0.9424697255E+00    0.3342915142E+00    0.9630243417E-05   -0.2138927567E-05    0.1863363539E+01
    0.4600000000E-01    0.1451371379E-04   -0.1215329640E-06    0.9999999999E+00    0.7286775648E-05   -0.4461658969E-05    0.1000000000E+01    0.1970871049E-04    0.1611394650E-05    0.9999999999E+00    0.5636716857E-05    0.1621102467E-05    0.9469017409E+00    0.3215230831E+00    0.9868518252E-05   -0.2150913338E-05    0.1883840062E+01
    0.4650000000E-01    0.1459934251E-04   -0.3716717339E-06    0.9999999999E+00    0.7254364282E-05   -0.4613934150E-05    0.1000000000E+01    0.1983904390E-04    0.1224262963E-05    0.9999999999E+00    0.5725365403E-05    0.1599773190E-05    0.9511607805E+00    0.3086959177E+00    0.1011010424E-04   -0.2161627313E-05    0.1904316584E+01
    0.4700000000E-01    0.1468118051E-04   -0.6247856336E-06    0.9999999999E+00    0.7219139716E-05   -0.4766574123E-05    0.1000000000E+01    0.1996194759E-04    0.8330227466E-06    0.9999999999E+00    0.5814332273E-05    0.1577348553E-05    0.9552460662E+00    0.2958123610E+00    0.1035500905E-04   -0.2171028474E-05    0.1924793106E+01
    0.4750000000E-01    0.1475915411E-04   -0.8808269355E-06    0.9999999999E+00    0.7181078730E-05   -0.4919532681E-05    0.1000000000E+01    0.2007731938E-04    0.4378189576E-06    0.9999999999E+00    0.5903606784E-05    0.1553822787E-05    0.9591568518E+00    0.2828747666E+00    0.1060324002E-04   -0.2179075471E-05    0.1945269629E+01
    0.4800000000E-01    0.1483319002E-04   -0.1139746369E-05    0.9999999999E+00    0.7140158760E-05   -0.5072762937E-05    0.1000000000E+01    0.2018506011E-04    0.3879880872E-07    0.9999999999E+00    0.5993178196E-05    0.1529190239E-05    0.9628924229E+00    0.2698854979E+00    0.1085480408E-04   -0.2185726630E-05    0.1965746151E+01
    0.4850000000E-01    0.1490321540E-04   -0.1401493119E-05    0.9999999999E+00    0.7096357918E-05   -0.5226217337E-05    0.1000000000E+01    0.2028507366E-04   -0.3638882977E-06    0.9999999999E+00    0.6083035710E-05    0.1503445381E-05    0.9664520970E+00    0.2568469276E+00    0.1110970781E-04   -0.2190939943E-05    0.1986222674E+01
    0.4900000000E-01    0.1496915783E-04   -0.1666014825E-05    0.9999999999E+00    0.7049655003E-05   -0.5379847670E-05    0.1000000000E+01    0.2037726699E-04   -0.7700908406E-06    0.9999999999E+00    0.6173168478E-05    0.1476582807E-05    0.9698352238E+00    0.2437614378E+00    0.1136795739E-04   -0.2194673082E-05    0.2006699196E+01
    0.4950000000E-01    0.1503094541E-04   -0.1933257579E-05    0.9999999999E+00    0.7000029520E-05   -0.5533605069E-05    0.1000000000E+01    0.2046155023E-04   -0.1179655251E-05    0.9999999999E+00    0.6263565595E-05    0.1448597234E-05    0.9730411855E+00    0.2306314186E+00    0.1162955863E-04   -0.2196883392E-05    0.2027175718E+01
    0.5000000000E-01    0.1508850672E-04   -0.2203165926E-05    0.9999999999E+00    0.6947461694E-05   -0.5687440025E-05    0.1000000000E+01    0.2053783666E-04   -0.1592425982E-05    0.9999999999E+00    0.6354216108E-05    0.1419483501E-05    0.9760693963E+00    0.2174592688E+00    0.1189451694E-04   -0.2197527895E-05    0.2047652241E+01
    0.5050000000E-01    0.1514177090E-04   -0.2475682866E-05    0.9999999999E+00    0.6891932484E-05   -0.5841302393E-05    0.1000000000E+01    0.2060604280E-04   -0.2008245574E-05    0.9999999998E+00    0.6445109013E-05    0.1389236571E-05    0.9789193030E+00    0.2042473944E+00    0.1216283733E-04   -0.2196563298E-05    0.2068128763E+01
    0.5100000000E-01    0.1519066767E-04   -0.2750749849E-05    0.9999999999E+00    0.6833423599E-05   -0.5995141403E-05    0.1000000000E+01    0.2066608844E-04   -0.2426954738E-05    0.9999999998E+00    0.6536233259E-05    0.1357851531E-05    0.9815903851E+00    0.1909982090E+00    0.1243452441E-04   -0.2193945985E-05    0.2088605286E+01
    0.5150000000E-01    0.1523512732E-04   -0.3028306784E-05    0.9999999999E+00    0.6771917515E-05   -0.6148905666E-05    0.1000000000E+01    0.2071789664E-04   -0.2848392422E-05    0.9999999998E+00    0.6627577752E-05    0.1325323592E-05    0.9840821546E+00    0.1777141329E+00    0.1270958236E-04   -0.2189632029E-05    0.2109081808E+01
    0.5200000000E-01    0.1527508079E-04   -0.3308292033E-05    0.9999999999E+00    0.6707397488E-05   -0.6302543188E-05    0.1000000000E+01    0.2076139379E-04   -0.3272395886E-05    0.9999999998E+00    0.6719131350E-05    0.1291648091E-05    0.9863941562E+00    0.1643975928E+00    0.1298801499E-04   -0.2183577186E-05    0.2129558331E+01
    0.5250000000E-01    0.1531045969E-04   -0.3590642420E-05    0.9999999999E+00    0.6639847569E-05   -0.6456001375E-05    0.1000000000E+01    0.2079650966E-04   -0.3698800779E-05    0.9999999998E+00    0.6810882871E-05    0.1256820488E-05    0.9885259678E+00    0.1510510213E+00    0.1326982563E-04   -0.2175736902E-05    0.2150034853E+01
    0.5300000000E-01    0.1534119630E-04   -0.3875293227E-05    0.9999999999E+00    0.6569252620E-05   -0.6609227048E-05    0.1000000000E+01    0.2082317740E-04   -0.4127441213E-05    0.9999999998E+00    0.6902821094E-05    0.1220836372E-05    0.9904771997E+00    0.1376768564E+00    0.1355501723E-04   -0.2166066313E-05    0.2170511375E+01
    0.5350000000E-01    0.1536722363E-04   -0.4162178204E-05    0.9999999999E+00    0.6495598328E-05   -0.6762166449E-05    0.1000000000E+01    0.2084133358E-04   -0.4558149834E-05    0.9999999998E+00    0.6994934757E-05    0.1183691455E-05    0.9922474957E+00    0.1242775413E+00    0.1384359230E-04   -0.2154520250E-05    0.2190987898E+01
    0.5400000000E-01    0.1538847545E-04   -0.4451229566E-05    0.9999999999E+00    0.6418871222E-05   -0.6914765258E-05    0.1000000000E+01    0.2085091820E-04   -0.4990757906E-05    0.9999999998E+00    0.7087212562E-05    0.1145381577E-05    0.9938365322E+00    0.1108555237E+00    0.1413555288E-04   -0.2141053236E-05    0.2211464420E+01
    0.5450000000E-01    0.1540488628E-04   -0.4742378003E-05    0.9999999999E+00    0.6339058682E-05   -0.7066968595E-05    0.1000000000E+01    0.2085187477E-04   -0.5425095379E-05    0.9999999998E+00    0.7179643176E-05    0.1105902703E-05    0.9952440191E+00    0.9741325557E-01    0.1443090059E-04   -0.2125619497E-05    0.2231940943E+01
    0.5500000000E-01    0.1541639149E-04   -0.5035552681E-05    0.9999999999E+00    0.6256148960E-05   -0.7218721041E-05    0.1000000000E+01    0.2084415027E-04   -0.5860990973E-05    0.9999999998E+00    0.7272215233E-05    0.1065250925E-05    0.9964696992E+00    0.8395319238E-01    0.1472963661E-04   -0.2108172956E-05    0.2252417465E+01
    0.5550000000E-01    0.1542292727E-04   -0.5330681249E-05    0.9999999999E+00    0.6170131191E-05   -0.7369966643E-05    0.1000000000E+01    0.2082769519E-04   -0.6298272248E-05    0.9999999998E+00    0.7364917334E-05    0.1023422463E-05    0.9975133486E+00    0.7047779299E-01    0.1503176164E-04   -0.2088667243E-05    0.2272893987E+01
    0.5600000000E-01    0.1542443067E-04   -0.5627689843E-05    0.9999999999E+00    0.6080995407E-05   -0.7520648930E-05    0.1000000000E+01    0.2080246359E-04   -0.6736765689E-05    0.9999999998E+00    0.7457738051E-05    0.9804136615E-06    0.9983747766E+00    0.5698951904E-01    0.1533727593E-04   -0.2067055691E-05    0.2293370510E+01
    0.5650000000E-01    0.1542083967E-04   -0.5926503095E-05    0.9999999999E+00    0.5988732552E-05   -0.7670710923E-05    0.1000000000E+01    0.2076841305E-04   -0.7176296776E-05    0.9999999998E+00    0.7550665928E-05    0.9362209947E-06    0.9990538260E+00    0.4349083449E-01    0.1564617927E-04   -0.2043291346E-05    0.2313847032E+01
    0.5700000000E-01    0.1541209317E-04   -0.6227044139E-05    0.9999999999E+00    0.5893334498E-05   -0.7820095149E-05    0.1000000000E+01    0.2072550474E-04   -0.7616690067E-05    0.9999999998E+00    0.7643689481E-05    0.8908410630E-06    0.9995503726E+00    0.2998420522E-01    0.1595847096E-04   -0.2017326962E-05    0.2334323555E+01
    0.5750000000E-01    0.1539813104E-04   -0.6529234616E-05    0.9999999999E+00    0.5794794056E-05   -0.7968743653E-05    0.1000000000E+01    0.2067370340E-04   -0.8057769273E-05    0.9999999998E+00    0.7736797205E-05    0.8442705949E-06    0.9998643257E+00    0.1647209857E-01    0.1627414983E-04   -0.1989115010E-05    0.2354800077E+01
    0.5800000000E-01    0.1537889412E-04   -0.6832994687E-05    0.9999999999E+00    0.5693104989E-05   -0.8116598015E-05    0.1000000000E+01    0.2061297737E-04   -0.8499357338E-05    0.9999999998E+00    0.7829977569E-05    0.7965064467E-06    0.9999956281E+00    0.2956982875E-02    0.1659321422E-04   -0.1958607676E-05    0.2375276599E+01
    0.5850000000E-01    0.1535432431E-04   -0.7138243037E-05    0.9999999999E+00    0.5588262029E-05   -0.8263599357E-05    0.1000000000E+01    0.2054329860E-04   -0.8941276515E-05    0.9999999998E+00    0.7923219022E-05    0.7475456016E-06    0.9999442556E+00   -0.1055867299E-01    0.1691566198E-04   -0.1925756871E-05    0.2395753122E+01
    0.5900000000E-01    0.1532436455E-04   -0.7444896885E-05    0.9999999999E+00    0.5480260889E-05   -0.8409688363E-05    0.1000000000E+01    0.2046464266E-04   -0.9383348443E-05    0.9999999998E+00    0.8016509994E-05    0.6973851705E-06    0.9997102178E+00   -0.2407240005E-01    0.1724149047E-04   -0.1890514229E-05    0.2416229644E+01
    0.5950000000E-01    0.1528895886E-04   -0.7752871995E-05    0.9999999999E+00    0.5369098274E-05   -0.8554805290E-05    0.1000000000E+01    0.2037698873E-04   -0.9825394229E-05    0.9999999998E+00    0.8109838896E-05    0.6460223922E-06    0.9992935572E+00   -0.3758172966E-01    0.1757069654E-04   -0.1852831112E-05    0.2436706167E+01
    0.6000000000E-01    0.1524805240E-04   -0.8062082687E-05    0.9999999999E+00    0.5254771899E-05   -0.8698889984E-05    0.1000000000E+01    0.2028031962E-04   -0.1026723452E-04    0.9999999998E+00    0.8203194126E-05    0.5934546330E-06    0.9986943502E+00   -0.5108419401E-01    0.1790327654E-04   -0.1812658611E-05    0.2457182689E+01
    0.6050000000E-01    0.1520159145E-04   -0.8372441845E-05    0.9999999999E+00    0.5137280497E-05   -0.8841881893E-05    0.1000000000E+01    0.2017462179E-04   -0.1070868959E-04    0.9999999998E+00    0.8296564065E-05    0.5396793867E-06    0.9979127060E+00   -0.6457732653E-01    0.1823922629E-04   -0.1769947555E-05    0.2477659211E+01
    0.6100000000E-01    0.1514952349E-04   -0.8683860931E-05    0.9999999999E+00    0.5016623833E-05   -0.8983720085E-05    0.1000000000E+01    0.2005988530E-04   -0.1114957939E-04    0.9999999998E+00    0.8389937084E-05    0.4846942751E-06    0.9969487676E+00   -0.7805866234E-01    0.1857854110E-04   -0.1724648507E-05    0.2498135734E+01
    0.6150000000E-01    0.1509179720E-04   -0.8996249994E-05    0.9999999999E+00    0.4892802720E-05   -0.9124343262E-05    0.1000000000E+01    0.1993610385E-04   -0.1158972368E-04    0.9999999998E+00    0.8483301542E-05    0.4284970472E-06    0.9958027109E+00   -0.9152573874E-01    0.1892121575E-04   -0.1676711774E-05    0.2518612256E+01
    0.6200000000E-01    0.1502836251E-04   -0.9309517688E-05    0.9999999999E+00    0.4765819027E-05   -0.9263689775E-05    0.1000000000E+01    0.1980327479E-04   -0.1202894205E-04    0.9999999998E+00    0.8576645790E-05    0.3710855793E-06    0.9944747454E+00   -0.1049760956E+00    0.1926724449E-04   -0.1626087408E-05    0.2539088779E+01
    0.6250000000E-01    0.1495917061E-04   -0.9623571278E-05    0.9999999999E+00    0.4635675693E-05   -0.9401697642E-05    0.1000000000E+01    0.1966139907E-04   -0.1246705401E-04    0.9999999998E+00    0.8669958171E-05    0.3124578750E-06    0.9929651137E+00   -0.1184072759E+00    0.1961662104E-04   -0.1572725209E-05    0.2559565301E+01
    0.6300000000E-01    0.1488417401E-04   -0.9938316659E-05    0.9999999999E+00    0.4502376738E-05   -0.9538304563E-05    0.1000000000E+01    0.1951048125E-04   -0.1290387910E-04    0.9999999998E+00    0.8763227026E-05    0.2526120648E-06    0.9912740914E+00   -0.1318168261E+00    0.1996933856E-04   -0.1516574731E-05    0.2580041823E+01
    0.6350000000E-01    0.1480332654E-04   -0.1025365837E-04    0.9999999999E+00    0.4365927279E-05   -0.9673447936E-05    0.1000000000E+01    0.1935052955E-04   -0.1333923692E-04    0.9999999998E+00    0.8856440689E-05    0.1915464060E-06    0.9894019876E+00   -0.1452022966E+00    0.2032538967E-04   -0.1457585284E-05    0.2600518346E+01
    0.6400000000E-01    0.1471658339E-04   -0.1056949960E-04    0.9999999999E+00    0.4226333535E-05   -0.9807064877E-05    0.1000000000E+01    0.1918155573E-04   -0.1377294723E-04    0.9999999998E+00    0.8949587493E-05    0.1292592823E-06    0.9873491441E+00   -0.1585612422E+00    0.2068476643E-04   -0.1395705940E-05    0.2620994868E+01
    0.6450000000E-01    0.1462390115E-04   -0.1088574223E-04    0.9999999999E+00    0.4083602841E-05   -0.9939092232E-05    0.1000000000E+01    0.1900357520E-04   -0.1420483002E-04    0.9999999998E+00    0.9042655772E-05    0.6574920372E-07    0.9851159361E+00   -0.1718912225E+00    0.2104746035E-04   -0.1330885535E-05    0.2641471391E+01
    0.6500000000E-01    0.1452523784E-04   -0.1120228680E-04    0.9999999999E+00    0.3937743662E-05   -0.1006946660E-04    0.1000000000E+01    0.1881660691E-04   -0.1463470559E-04    0.9999999998E+00    0.9135633861E-05    0.1014806435E-08    0.9827027714E+00   -0.1851898024E+00    0.2141346235E-04   -0.1263072675E-05    0.2661947913E+01
    0.6550000000E-01    0.1442055292E-04   -0.1151903259E-04    0.9999999999E+00    0.3788765601E-05   -0.1019812435E-04    0.1000000000E+01    0.1862067338E-04   -0.1506239461E-04    0.9999999998E+00    0.9228510099E-05   -0.6494514750E-07    0.9801100910E+00   -0.1984545527E+00    0.2178276280E-04   -0.1192215740E-05    0.2682424435E+01
    0.6600000000E-01    0.1430980735E-04   -0.1183587757E-04    0.9999999999E+00    0.3636679408E-05   -0.1032500164E-04    0.1000000000E+01    0.1841580070E-04   -0.1548771820E-04    0.9999999998E+00    0.9321272830E-05   -0.1321317702E-06    0.9773383683E+00   -0.2116830502E+00    0.2215535148E-04   -0.1118262884E-05    0.2702900958E+01
    0.6650000000E-01    0.1419296361E-04   -0.1215271848E-04    0.9999999999E+00    0.3481496995E-05   -0.1045003442E-04    0.1000000000E+01    0.1820201846E-04   -0.1591049801E-04    0.9999999998E+00    0.9413910406E-05   -0.2005460485E-06    0.9743881098E+00   -0.2248728784E+00    0.2253121757E-04   -0.1041162046E-05    0.2723377480E+01
    0.6700000000E-01    0.1406998569E-04   -0.1246945080E-04    0.9999999999E+00    0.3323231442E-05   -0.1057315848E-04    0.1000000000E+01    0.1797935979E-04   -0.1633055628E-04    0.9999999998E+00    0.9506411186E-05   -0.2701888454E-06    0.9712598543E+00   -0.2380216278E+00    0.2291034970E-04   -0.9608609529E-06    0.2743854003E+01
    0.6750000000E-01    0.1394083919E-04   -0.1278596880E-04    0.9999999999E+00    0.3161897008E-05   -0.1069430945E-04    0.1000000000E+01    0.1774786131E-04   -0.1674771592E-04    0.9999999998E+00    0.9598763540E-05   -0.3410608992E-06    0.9679541734E+00   -0.2511268964E+00    0.2329273586E-04   -0.8773071207E-06    0.2764330525E+01
    0.6800000000E-01    0.1380549130E-04   -0.1310216553E-04    0.9999999999E+00    0.2997509142E-05   -0.1081342281E-04    0.1000000000E+01    0.1750756309E-04   -0.1716180057E-04    0.9999999998E+00    0.9690955851E-05   -0.4131628245E-06    0.9644716709E+00   -0.2641862903E+00    0.2367836347E-04   -0.7904478631E-06    0.2784807048E+01
    0.6850000000E-01    0.1366391085E-04   -0.1341793289E-04    0.9999999999E+00    0.2830084492E-05   -0.1093043394E-04    0.1000000000E+01    0.1725850867E-04   -0.1757263467E-04    0.9999999998E+00    0.9782976513E-05   -0.4864951122E-06    0.9608129829E+00   -0.2771974238E+00    0.2406721932E-04   -0.7002302941E-06    0.2805283570E+01
    0.6900000000E-01    0.1351606833E-04   -0.1373316158E-04    0.9999999998E+00    0.2659640911E-05   -0.1104527810E-04    0.1000000000E+01    0.1700074501E-04   -0.1798004354E-04    0.9999999998E+00    0.9874813940E-05   -0.5610581303E-06    0.9569787779E+00   -0.2901579201E+00    0.2445928959E-04   -0.6066013338E-06    0.2825760092E+01
    0.6950000000E-01    0.1336193591E-04   -0.1404774119E-04    0.9999999998E+00    0.2486197469E-05   -0.1115789050E-04    0.1000000000E+01    0.1673432245E-04   -0.1838385346E-04    0.9999999998E+00    0.9966456560E-05   -0.6368521242E-06    0.9529697562E+00   -0.3030654117E+00    0.2485455986E-04   -0.5095077125E-06    0.2846236615E+01
    0.7000000000E-01    0.1320148750E-04   -0.1436156019E-04    0.9999999998E+00    0.2309774461E-05   -0.1126820626E-04    0.1000000000E+01    0.1645929472E-04   -0.1878389168E-04    0.9999999998E+00    0.1005789282E-04   -0.7138772173E-06    0.9487866501E+00   -0.3159175405E+00    0.2525301505E-04   -0.4088959766E-06    0.2866713137E+01
    0.7050000000E-01    0.1303469874E-04   -0.1467450595E-04    0.9999999998E+00    0.2130393415E-05   -0.1137616049E-04    0.1000000000E+01    0.1617571887E-04   -0.1917998654E-04    0.9999999997E+00    0.1014911119E-04   -0.7921334117E-06    0.9444302240E+00   -0.3287119590E+00    0.2565463948E-04   -0.3047124934E-06    0.2887189660E+01
    0.7100000000E-01    0.1286154708E-04   -0.1498646476E-04    0.9999999998E+00    0.1948077098E-05   -0.1148168826E-04    0.1000000000E+01    0.1588365527E-04   -0.1957196753E-04    0.9999999997E+00    0.1024010016E-04   -0.8716205886E-06    0.9399012734E+00   -0.3414463298E+00    0.2605941681E-04   -0.1969034565E-06    0.2907666182E+01
    0.7150000000E-01    0.1268201174E-04   -0.1529732187E-04    0.9999999998E+00    0.1762849526E-05   -0.1158472467E-04    0.1000000000E+01    0.1558316757E-04   -0.1995966533E-04    0.9999999997E+00    0.1033084824E-04   -0.9523385090E-06    0.9352006259E+00   -0.3541183267E+00    0.2646733008E-04   -0.8541489100E-07    0.2928142704E+01
    0.7200000000E-01    0.1249607379E-04   -0.1560696151E-04    0.9999999998E+00    0.1574735970E-05   -0.1168520482E-04    0.1000000000E+01    0.1527432265E-04   -0.2034291188E-04    0.9999999997E+00    0.1042134397E-04   -0.1034286814E-05    0.9303291400E+00   -0.3667256348E+00    0.2687836166E-04    0.2980734059E-07    0.2948619227E+01
    0.7250000000E-01    0.1230371617E-04   -0.1591526692E-04    0.9999999998E+00    0.1383762964E-05   -0.1178306388E-04    0.1000000000E+01    0.1495719061E-04   -0.2072154046E-04    0.9999999997E+00    0.1051157592E-04   -0.1117465027E-05    0.9252877057E+00   -0.3792659511E+00    0.2729249329E-04    0.1488175332E-06    0.2969095749E+01
    0.7300000000E-01    0.1210492370E-04   -0.1622212035E-04    0.9999999998E+00    0.1189958309E-05   -0.1187823708E-04    0.1000000000E+01    0.1463184473E-04   -0.2109538573E-04    0.9999999997E+00    0.1060153269E-04   -0.1201872552E-05    0.9200772439E+00   -0.3917369847E+00    0.2770970601E-04    0.2716701335E-06    0.2989572272E+01
    0.7350000000E-01    0.1189968311E-04   -0.1652740311E-04    0.9999999998E+00    0.9933510836E-06   -0.1197065972E-04    0.1000000000E+01    0.1429836142E-04   -0.2146428381E-04    0.9999999997E+00    0.1069120290E-04   -0.1287508676E-05    0.9146987064E+00   -0.4041364576E+00    0.2812998025E-04    0.3984197344E-06    0.3010048794E+01
    0.7400000000E-01    0.1168798310E-04   -0.1683099561E-04    0.9999999998E+00    0.7939716448E-06   -0.1206026726E-04    0.1000000000E+01    0.1395682019E-04   -0.2182807229E-04    0.9999999997E+00    0.1078057521E-04   -0.1374372569E-05    0.9091530758E+00   -0.4164621046E+00    0.2855329572E-04    0.5291210695E-06    0.3030525316E+01
    0.7450000000E-01    0.1146981431E-04   -0.1713277733E-04    0.9999999998E+00    0.5918516374E-06   -0.1214699525E-04    0.1000000000E+01    0.1360730362E-04   -0.2218659036E-04    0.9999999997E+00    0.1086963831E-04   -0.1462463283E-05    0.9034413652E+00   -0.4287116742E+00    0.2897963148E-04    0.6638290078E-06    0.3051001839E+01
    0.7500000000E-01    0.1124516940E-04   -0.1743262692E-04    0.9999999998E+00    0.3870239976E-06   -0.1223077944E-04    0.1000000000E+01    0.1324989728E-04   -0.2253967880E-04    0.9999999997E+00    0.1095838092E-04   -0.1551779756E-05    0.8975646178E+00   -0.4408829285E+00    0.2940896590E-04    0.8025985467E-06    0.3071478361E+01
    0.7550000000E-01    0.1101404304E-04   -0.1773042219E-04    0.9999999998E+00    0.1795229584E-06   -0.1231155572E-04    0.1000000000E+01    0.1288468976E-04   -0.2288718008E-04    0.9999999997E+00    0.1104679182E-04   -0.1642320812E-05    0.8915239073E+00   -0.4529736444E+00    0.2984127666E-04    0.9454848045E-06    0.3091954884E+01
    0.7600000000E-01    0.1077643195E-04   -0.1802604014E-04    0.9999999998E+00   -0.3061594648E-07   -0.1238926023E-04    0.1000000000E+01    0.1251177257E-04   -0.2322893840E-04    0.9999999997E+00    0.1113485980E-04   -0.1734085161E-05    0.8853203372E+00   -0.4649816130E+00    0.3027654076E-04    0.1092543016E-05    0.3112431406E+01
    0.7650000000E-01    0.1053233494E-04   -0.1831935699E-04    0.9999999998E+00   -0.2433558777E-06   -0.1246382929E-04    0.1000000000E+01    0.1213124011E-04   -0.2356479973E-04    0.9999999997E+00    0.1122257371E-04   -0.1827071400E-05    0.8789550406E+00   -0.4769046408E+00    0.3071473447E-04    0.1243828528E-05    0.3132907928E+01
    0.7700000000E-01    0.1028175289E-04   -0.1861024822E-04    0.9999999998E+00   -0.4586586872E-06   -0.1253519952E-04    0.1000000000E+01    0.1174318965E-04   -0.2389461187E-04    0.9999999997E+00    0.1130992242E-04   -0.1921278014E-05    0.8724291804E+00   -0.4887405498E+00    0.3115583341E-04    0.1399396788E-05    0.3153384451E+01
    0.7750000000E-01    0.1002468883E-04   -0.1889858860E-04    0.9999999998E+00   -0.6764849145E-06   -0.1260330778E-04    0.1000000000E+01    0.1134772123E-04   -0.2421822450E-04    0.9999999997E+00    0.1139689487E-04   -0.2016703376E-05    0.8657439487E+00   -0.5004871778E+00    0.3159981243E-04    0.1559303342E-05    0.3173860973E+01
    0.7800000000E-01    0.9761147927E-05   -0.1918425221E-04    0.9999999998E+00   -0.8967937838E-06   -0.1266809125E-04    0.1000000000E+01    0.1094493770E-04   -0.2453548923E-04    0.9999999997E+00    0.1148348002E-04   -0.2113345750E-05    0.8589005667E+00   -0.5121423790E+00    0.3204664570E-04    0.1723603827E-05    0.3194337496E+01
    0.7850000000E-01    0.9491137525E-05   -0.1946711249E-04    0.9999999998E+00   -0.1119543201E-05   -0.1272948743E-04    0.1000000000E+01    0.1053494457E-04   -0.2484625966E-04    0.9999999997E+00    0.1156966689E-04   -0.2211203289E-05    0.8519002845E+00   -0.5237040243E+00    0.3249630668E-04    0.1892353966E-05    0.3214814018E+01
    0.7900000000E-01    0.9214667160E-05   -0.1974704226E-04    0.9999999998E+00   -0.1344689753E-05   -0.1278743416E-04    0.1000000000E+01    0.1011785007E-04   -0.2515039139E-04    0.9999999997E+00    0.1165544455E-04   -0.2310274039E-05    0.8447443810E+00   -0.5351700017E+00    0.3294876806E-04    0.2065609554E-05    0.3235290540E+01
    0.7950000000E-01    0.8931748587E-05   -0.2002391375E-04    0.9999999998E+00   -0.1572188703E-05   -0.1284186966E-04    0.1000000000E+01    0.9693765003E-05   -0.2544774210E-04    0.9999999997E+00    0.1174080210E-04   -0.2410555938E-05    0.8374341632E+00   -0.5465382165E+00    0.3340400185E-04    0.2243426463E-05    0.3255767063E+01
    0.8000000000E-01    0.8642395805E-05   -0.2029759865E-04    0.9999999998E+00   -0.1801993993E-05   -0.1289273256E-04    0.1000000000E+01    0.9262802775E-05   -0.2573817158E-04    0.9999999997E+00    0.1182572871E-04   -0.2512046817E-05    0.8299709667E+00   -0.5578065922E+00    0.3386197929E-04    0.2425860623E-05    0.3276243585E+01
    0.8050000000E-01    0.8346625075E-05   -0.2056796812E-04    0.9999999998E+00   -0.2034058237E-05   -0.1293996189E-04    0.1000000000E+01    0.8825079298E-05   -0.2602154176E-04    0.9999999997E+00    0.1191021360E-04   -0.2614744402E-05    0.8223561547E+00   -0.5689730702E+00    0.3432267089E-04    0.2612968023E-05    0.3296720108E+01
    0.8100000000E-01    0.8044454944E-05   -0.2083489287E-04    0.9999999998E+00   -0.2268332728E-05   -0.1298349714E-04    0.1000000000E+01    0.8380712956E-05   -0.2629771679E-04    0.9999999997E+00    0.1199424603E-04   -0.2718646317E-05    0.8145911184E+00   -0.5800356107E+00    0.3478604641E-04    0.2804804701E-05    0.3317196630E+01
    0.8150000000E-01    0.7735906267E-05   -0.2109824313E-04    0.9999999998E+00   -0.2504767432E-05   -0.1302327828E-04    0.1000000000E+01    0.7929824558E-05   -0.2656656302E-04    0.9999999997E+00    0.1207781532E-04   -0.2823750078E-05    0.8066772761E+00   -0.5909921929E+00    0.3525207487E-04    0.3001426737E-05    0.3337673152E+01
    0.8200000000E-01    0.7421002226E-05   -0.2135788874E-04    0.9999999998E+00   -0.2743310990E-05   -0.1305924577E-04    0.1000000000E+01    0.7472537280E-05   -0.2682794909E-04    0.9999999997E+00    0.1216091086E-04   -0.2930053103E-05    0.7986160736E+00   -0.6018408152E+00    0.3572072453E-04    0.3202890245E-05    0.3358149675E+01
    0.8250000000E-01    0.7099768352E-05   -0.2161369918E-04    0.9999999998E+00   -0.2983910719E-05   -0.1309134059E-04    0.1000000000E+01    0.7008976615E-05   -0.2708174594E-04    0.9999999997E+00    0.1224352207E-04   -0.3037552707E-05    0.7904089834E+00   -0.6125794959E+00    0.3619196286E-04    0.3409251369E-05    0.3378626197E+01
    0.8300000000E-01    0.6772232544E-05   -0.2186554358E-04    0.9999999998E+00   -0.3226512613E-05   -0.1311950427E-04    0.1000000000E+01    0.6539270324E-05   -0.2732782686E-04    0.9999999997E+00    0.1232563846E-04   -0.3146246104E-05    0.7820575047E+00   -0.6232062733E+00    0.3666575661E-04    0.3620566271E-05    0.3399102720E+01
    0.8350000000E-01    0.6438425090E-05   -0.2211329078E-04    0.9999999998E+00   -0.3471061345E-05   -0.1314367893E-04    0.1000000000E+01    0.6063548379E-05   -0.2756606750E-04    0.9999999997E+00    0.1240724958E-04   -0.3256130409E-05    0.7735631633E+00   -0.6337192061E+00    0.3714207172E-04    0.3836891127E-05    0.3419579242E+01
    0.8400000000E-01    0.6098378682E-05   -0.2235680936E-04    0.9999999998E+00   -0.3717500269E-05   -0.1316380728E-04    0.1000000000E+01    0.5581942917E-05   -0.2779634592E-04    0.9999999997E+00    0.1248834505E-04   -0.3367202642E-05    0.7649275108E+00   -0.6441163739E+00    0.3762087338E-04    0.4058282116E-05    0.3440055764E+01
    0.8450000000E-01    0.5752128440E-05   -0.2259596768E-04    0.9999999998E+00   -0.3965771420E-05   -0.1317983266E-04    0.1000000000E+01    0.5094588181E-05   -0.2801854263E-04    0.9999999997E+00    0.1256891453E-04   -0.3479459724E-05    0.7561521246E+00   -0.6543958773E+00    0.3810212597E-04    0.4284795414E-05    0.3460532287E+01
    0.8500000000E-01    0.5399711926E-05   -0.2283063394E-04    0.9999999998E+00   -0.4215815520E-05   -0.1319169906E-04    0.1000000000E+01    0.4601620470E-05   -0.2823254060E-04    0.9999999997E+00    0.1264894779E-04   -0.3592898482E-05    0.7472386079E+00   -0.6645558386E+00    0.3858579311E-04    0.4516487185E-05    0.3481008809E+01
    0.8550000000E-01    0.5041169160E-05   -0.2306067618E-04    0.9999999998E+00   -0.4467571982E-05   -0.1319935115E-04    0.1000000000E+01    0.4103178083E-05   -0.2843822531E-04    0.9999999997E+00    0.1272843462E-04   -0.3707515649E-05    0.7381885890E+00   -0.6745944018E+00    0.3907183763E-04    0.4753413578E-05    0.3501485332E+01
    0.8600000000E-01    0.4676542642E-05   -0.2328596235E-04    0.9999999998E+00   -0.4720978910E-05   -0.1320273432E-04    0.1000000000E+01    0.3599401266E-05   -0.2863548474E-04    0.9999999996E+00    0.1280736490E-04   -0.3823307863E-05    0.7290037210E+00   -0.6845097330E+00    0.3956022153E-04    0.4995630709E-05    0.3521961854E+01
    0.8650000000E-01    0.4305877363E-05   -0.2350636034E-04    0.9999999997E+00   -0.4975973105E-05   -0.1320179467E-04    0.1000000000E+01    0.3090432159E-05   -0.2882420943E-04    0.9999999996E+00    0.1288572857E-04   -0.3940271673E-05    0.7196856819E+00   -0.6943000210E+00    0.4005090606E-04    0.5243194664E-05    0.3542438376E+01
    0.8700000000E-01    0.3929220825E-05   -0.2372173803E-04    0.9999999997E+00   -0.5232490074E-05   -0.1319647908E-04    0.1000000000E+01    0.2576414742E-05   -0.2900429251E-04    0.9999999996E+00    0.1296351564E-04   -0.4058403535E-05    0.7102361737E+00   -0.7039634773E+00    0.4054385161E-04    0.5496161483E-05    0.3562914899E+01
    0.8750000000E-01    0.3546623050E-05   -0.2393196332E-04    0.9999999997E+00   -0.5490464027E-05   -0.1318673521E-04    0.1000000000E+01    0.2057494780E-05   -0.2917562967E-04    0.9999999996E+00    0.1304071621E-04   -0.4177699819E-05    0.7006569228E+00   -0.7134983367E+00    0.4103901781E-04    0.5754587153E-05    0.3583391421E+01
    0.8800000000E-01    0.3158136602E-05   -0.2413690420E-04    0.9999999997E+00   -0.5749827890E-05   -0.1317251151E-04    0.1000000000E+01    0.1533819767E-05   -0.2933811924E-04    0.9999999996E+00    0.1311732041E-04   -0.4298156805E-05    0.6909496789E+00   -0.7229028573E+00    0.4153636345E-04    0.6018527603E-05    0.3603867944E+01
    0.8850000000E-01    0.2763816594E-05   -0.2433642875E-04    0.9999999997E+00   -0.6010513308E-05   -0.1315375731E-04    0.1000000000E+01    0.1005538876E-05   -0.2949166218E-04    0.9999999996E+00    0.1319331848E-04   -0.4419770687E-05    0.6811162153E+00   -0.7321753212E+00    0.4203584649E-04    0.6288038692E-05    0.3624344466E+01
    0.8900000000E-01    0.2363720704E-05   -0.2453040521E-04    0.9999999997E+00   -0.6272450652E-05   -0.1313042277E-04    0.1000000000E+01    0.4728029006E-06   -0.2963616213E-04    0.9999999996E+00    0.1326870072E-04   -0.4542537576E-05    0.6711583285E+00   -0.7413140346E+00    0.4253742410E-04    0.6563176199E-05    0.3644820988E+01
    0.8950000000E-01    0.1957909189E-05   -0.2471870203E-04    0.9999999997E+00   -0.6535569027E-05   -0.1310245896E-04    0.1000000000E+01   -0.6423579767E-07   -0.2977152536E-04    0.9999999996E+00    0.1334345749E-04   -0.4666453496E-05    0.6610778374E+00   -0.7503173280E+00    0.4304105261E-04    0.6843995820E-05    0.3665297511E+01
    0.9000000000E-01    0.1546444893E-05   -0.2490118789E-04    0.9999999997E+00   -0.6799796277E-05   -0.1306981786E-04    0.1000000000E+01   -0.6054233429E-06   -0.2989766086E-04    0.9999999996E+00    0.1341757926E-04   -0.4791514391E-05    0.6508765835E+00   -0.7591835567E+00    0.4354668749E-04    0.7130553152E-05    0.3685774033E+01
    0.9050000000E-01    0.1129393262E-05   -0.2507773179E-04    0.9999999997E+00   -0.7065058998E-05   -0.1303245241E-04    0.1000000000E+01   -0.1150604399E-05   -0.3001448032E-04    0.9999999996E+00    0.1349105654E-04   -0.4917716125E-05    0.6405564304E+00   -0.7679111012E+00    0.4405428342E-04    0.7422903691E-05    0.3706250556E+01
    0.9100000000E-01    0.7068223520E-06   -0.2524820302E-04    0.9999999997E+00   -0.7331282543E-05   -0.1299031652E-04    0.1000000000E+01   -0.1699622224E-05   -0.3012189814E-04    0.9999999996E+00    0.1356387995E-04   -0.5045054480E-05    0.6301192632E+00   -0.7764983670E+00    0.4456379422E-04    0.7721102818E-05    0.3726727078E+01
    0.9150000000E-01    0.2788028383E-06   -0.2541247129E-04    0.9999999997E+00   -0.7598391032E-05   -0.1294336509E-04    0.1000000000E+01   -0.2252318722E-05   -0.3021983145E-04    0.9999999996E+00    0.1363604017E-04   -0.5173525160E-05    0.6195669886E+00   -0.7849437855E+00    0.4507517285E-04    0.8025205792E-05    0.3747203600E+01
    0.9200000000E-01   -0.1545919729E-06   -0.2557040673E-04    0.9999999997E+00   -0.7866307363E-05   -0.1289155405E-04    0.1000000000E+01   -0.2808534498E-05   -0.3030820011E-04    0.9999999996E+00    0.1370752796E-04   -0.5303123795E-05    0.6089015343E+00   -0.7932458140E+00    0.4558837144E-04    0.8335267740E-05    0.3767680123E+01
    0.9250000000E-01   -0.5932861382E-06   -0.2572187993E-04    0.9999999997E+00   -0.8134953220E-05   -0.1283484039E-04    0.1000000000E+01   -0.3368108913E-05   -0.3038692676E-04    0.9999999996E+00    0.1377833418E-04   -0.5433845938E-05    0.5981248485E+00   -0.8014029357E+00    0.4610334126E-04    0.8651343646E-05    0.3788156645E+01
    0.9300000000E-01   -0.1037201069E-05   -0.2586676202E-04    0.9999999997E+00   -0.8404249086E-05   -0.1277318217E-04    0.1000000000E+01   -0.3930880134E-05   -0.3045593677E-04    0.9999999996E+00    0.1384844974E-04   -0.5565687069E-05    0.5872388999E+00   -0.8094136608E+00    0.4662003274E-04    0.8973488346E-05    0.3808633168E+01
    0.9350000000E-01   -0.1486255523E-05   -0.2600492468E-04    0.9999999997E+00   -0.8674114251E-05   -0.1270653858E-04    0.1000000000E+01   -0.4496685185E-05   -0.3051515830E-04    0.9999999996E+00    0.1391786567E-04   -0.5698642597E-05    0.5762456771E+00   -0.8172765257E+00    0.4713839544E-04    0.9301756514E-05    0.3829109690E+01
    0.9400000000E-01   -0.1940365602E-05   -0.2613624022E-04    0.9999999997E+00   -0.8944466828E-05   -0.1263486991E-04    0.1000000000E+01   -0.5065360007E-05   -0.3056452225E-04    0.9999999996E+00    0.1398657305E-04   -0.5832707858E-05    0.5651471882E+00   -0.8249900941E+00    0.4765837804E-04    0.9636202655E-05    0.3849586212E+01
    0.9450000000E-01   -0.2399444741E-05   -0.2626058161E-04    0.9999999997E+00   -0.9215223763E-05   -0.1255813765E-04    0.1000000000E+01   -0.5636739497E-05   -0.3060396233E-04    0.9999999996E+00    0.1405456307E-04   -0.5967878121E-05    0.5539454608E+00   -0.8325529570E+00    0.4817992839E-04    0.9976881094E-05    0.3870062735E+01
    0.9500000000E-01   -0.2863403710E-05   -0.2637782254E-04    0.9999999997E+00   -0.9486300848E-05   -0.1247630444E-04    0.1000000000E+01   -0.6210657571E-05   -0.3063341502E-04    0.9999999996E+00    0.1412182699E-04   -0.6104148587E-05    0.5426425410E+00   -0.8399637328E+00    0.4870299343E-04    0.1032384596E-04    0.3890539257E+01
    0.9550000000E-01   -0.3332150604E-05   -0.2648783746E-04    0.9999999997E+00   -0.9757612734E-05   -0.1238933417E-04    0.1000000000E+01   -0.6786947209E-05   -0.3065281957E-04    0.9999999996E+00    0.1418835618E-04   -0.6241514391E-05    0.5312404937E+00   -0.8472210677E+00    0.4922751926E-04    0.1067715120E-04    0.3911015780E+01
    0.9600000000E-01   -0.3805590844E-05   -0.2659050164E-04    0.9999999997E+00   -0.1002907295E-04   -0.1229719195E-04    0.1000000000E+01   -0.7365440505E-05   -0.3066211803E-04    0.9999999996E+00    0.1425414206E-04   -0.6379970603E-05    0.5197414018E+00   -0.8543236360E+00    0.4975345108E-04    0.1103685054E-04    0.3931492302E+01
    0.9650000000E-01   -0.4283627174E-05   -0.2668569120E-04    0.9999999997E+00   -0.1030059390E-04   -0.1219984415E-04    0.1000000000E+01   -0.7945968720E-05   -0.3066125523E-04    0.9999999996E+00    0.1431917618E-04   -0.6519512232E-05    0.5081473657E+00   -0.8612701402E+00    0.5028073321E-04    0.1140299748E-04    0.3951968824E+01
    0.9700000000E-01   -0.4766159658E-05   -0.2677328318E-04    0.9999999997E+00   -0.1057208690E-04   -0.1209725846E-04    0.1000000000E+01   -0.8528362331E-05   -0.3065017878E-04    0.9999999996E+00    0.1438345014E-04   -0.6660134224E-05    0.4964605035E+00   -0.8680593114E+00    0.5080930910E-04    0.1177564529E-04    0.3972445347E+01
    0.9750000000E-01   -0.5253085681E-05   -0.2685315558E-04    0.9999999997E+00   -0.1084346219E-04   -0.1198940387E-04    0.1000000000E+01   -0.9112451077E-05   -0.3062883910E-04    0.9999999996E+00    0.1444695566E-04   -0.6801831466E-05    0.4846829502E+00   -0.8746899094E+00    0.5133912131E-04    0.1215484702E-04    0.3992921869E+01
    0.9800000000E-01   -0.5744299950E-05   -0.2692518743E-04    0.9999999997E+00   -0.1111462894E-04   -0.1187625073E-04    0.1000000000E+01   -0.9698064012E-05   -0.3059718935E-04    0.9999999995E+00    0.1450968453E-04   -0.6944598790E-05    0.4728168570E+00   -0.8811607228E+00    0.5187011150E-04    0.1254065545E-04    0.4013398392E+01
    0.9850000000E-01   -0.6239694493E-05   -0.2698925879E-04    0.9999999997E+00   -0.1138549525E-04   -0.1175777075E-04    0.1000000000E+01   -0.1028502955E-04   -0.3055518550E-04    0.9999999995E+00    0.1457162866E-04   -0.7088430968E-05    0.4608643918E+00   -0.8874705697E+00    0.5240222044E-04    0.1293312310E-04    0.4033874914E+01
    0.9900000000E-01   -0.6739158661E-05   -0.2704525088E-04    0.9999999996E+00   -0.1165596823E-04   -0.1163393705E-04    0.1000000000E+01   -0.1087317550E-04   -0.3050278628E-04    0.9999999995E+00    0.1463278001E-04   -0.7233322719E-05    0.4488277379E+00   -0.8936182974E+00    0.5293538801E-04    0.1333230223E-04    0.4054351436E+01
    0.9950000000E-01   -0.7242579133E-05   -0.2709304606E-04    0.9999999996E+00   -0.1192595393E-04   -0.1150472416E-04    0.1000000000E+01   -0.1146232913E-04   -0.3043995319E-04    0.9999999995E+00    0.1469313067E-04   -0.7379268709E-05    0.4367090941E+00   -0.8996027828E+00    0.5346955318E-04    0.1373824481E-04    0.4074827959E+01
    0.1000000000E+00   -0.7749839919E-05   -0.2713252792E-04    0.9999999996E+00   -0.1219535744E-04   -0.1137010809E-04    0.1000000000E+01   -0.1205231722E-04   -0.3036665050E-04    0.9999999995E+00    0.1475267281E-04   -0.7526263551E-05    0.4245106743E+00   -0.9054229327E+00    0.5400465404E-04    0.1415100251E-04    0.4095304481E+01
    0.1005000000E+00   -0.8260822363E-05   -0.2716358131E-04    0.9999999996E+00   -0.1246408285E-04   -0.1123006629E-04    0.1000000000E+01   -0.1264296607E-04   -0.3028284520E-04    0.9999999995E+00    0.1481139868E-04   -0.7674301812E-05    0.4122347067E+00   -0.9110776840E+00    0.5454062775E-04    0.1457062671E-04    0.4115781004E+01
    0.1010000000E+00   -0.8775405151E-05   -0.2718609243E-04    0.9999999996E+00   -0.1273203330E-04   -0.1108457774E-04    0.1000000000E+01   -0.1323410158E-04   -0.3018850708E-04    0.9999999995E+00    0.1486930066E-04   -0.7823378009E-05    0.3998834339E+00   -0.9165660036E+00    0.5507741057E-04    0.1499716846E-04    0.4136257526E+01
    0.1015000000E+00   -0.9293464313E-05   -0.2719994884E-04    0.9999999996E+00   -0.1299911100E-04   -0.1093362292E-04    0.1000000000E+01   -0.1382554928E-04   -0.3008360863E-04    0.9999999995E+00    0.1492637119E-04   -0.7973486613E-05    0.3874591121E+00   -0.9218868890E+00    0.5561493786E-04    0.1543067849E-04    0.4156734048E+01
    0.1020000000E+00   -0.9814873236E-05   -0.2720503953E-04    0.9999999996E+00   -0.1326521722E-04   -0.1077718390E-04    0.1000000000E+01   -0.1441713437E-04   -0.2996812508E-04    0.9999999995E+00    0.1498260283E-04   -0.8124622052E-05    0.3749640110E+00   -0.9270393682E+00    0.5615314407E-04    0.1587120720E-04    0.4177210571E+01
    0.1025000000E+00   -0.1033950267E-04   -0.2720125497E-04    0.9999999996E+00   -0.1353025235E-04   -0.1061524428E-04    0.1000000000E+01   -0.1500868176E-04   -0.2984203437E-04    0.9999999995E+00    0.1503798821E-04   -0.8276778708E-05    0.3624004131E+00   -0.9320224999E+00    0.5669196272E-04    0.1631880463E-04    0.4197687093E+01
    0.1030000000E+00   -0.1086722073E-04   -0.2718848719E-04    0.9999999996E+00   -0.1379411590E-04   -0.1044778930E-04    0.1000000000E+01   -0.1560001614E-04   -0.2970531717E-04    0.9999999995E+00    0.1509252009E-04   -0.8429950927E-05    0.3497706136E+00   -0.9368353738E+00    0.5723132643E-04    0.1677352046E-04    0.4218163616E+01
    0.1035000000E+00   -0.1139789293E-04   -0.2716662978E-04    0.9999999996E+00   -0.1405670653E-04   -0.1027480580E-04    0.1000000000E+01   -0.1619096197E-04   -0.2955795683E-04    0.9999999995E+00    0.1514619131E-04   -0.8584133012E-05    0.3370769194E+00   -0.9414771108E+00    0.5777116690E-04    0.1723540401E-04    0.4238640138E+01
    0.1040000000E+00   -0.1193138215E-04   -0.2713557800E-04    0.9999999996E+00   -0.1431792205E-04   -0.1009628229E-04    0.1000000000E+01   -0.1678134355E-04   -0.2939993938E-04    0.9999999995E+00    0.1519899479E-04   -0.8739319230E-05    0.3243216496E+00   -0.9459468628E+00    0.5831141488E-04    0.1770450420E-04    0.4259116660E+01
    0.1045000000E+00   -0.1246754869E-04   -0.2709522879E-04    0.9999999996E+00   -0.1457765949E-04   -0.9912208941E-05    0.1000000000E+01   -0.1737098508E-04   -0.2923125353E-04    0.9999999995E+00    0.1525092359E-04   -0.8895503813E-05    0.3115071341E+00   -0.9502438135E+00    0.5885200025E-04    0.1818086956E-04    0.4279593183E+01
    0.1050000000E+00   -0.1300625028E-04   -0.2704548085E-04    0.9999999996E+00   -0.1483581508E-04   -0.9722577623E-05    0.1000000000E+01   -0.1795971063E-04   -0.2905189064E-04    0.9999999995E+00    0.1530197083E-04   -0.9052680957E-05    0.2986357138E+00   -0.9543671778E+00    0.5939285193E-04    0.1866454824E-04    0.4300069705E+01
    0.1055000000E+00   -0.1354734207E-04   -0.2698623468E-04    0.9999999996E+00   -0.1509228428E-04   -0.9527381930E-05    0.1000000000E+01   -0.1854734425E-04   -0.2886184473E-04    0.9999999995E+00    0.1535212976E-04   -0.9210844829E-05    0.2857097401E+00   -0.9583162026E+00    0.5993389793E-04    0.1915558792E-04    0.4320546228E+01
    0.1060000000E+00   -0.1409067664E-04   -0.2691739264E-04    0.9999999996E+00   -0.1534696184E-04   -0.9326617199E-05    0.1000000000E+01   -0.1913370998E-04   -0.2866111243E-04    0.9999999995E+00    0.1540139370E-04   -0.9369989563E-05    0.2727315742E+00   -0.9620901663E+00    0.6047506531E-04    0.1965403589E-04    0.4341022750E+01
    0.1065000000E+00   -0.1463610406E-04   -0.2683885901E-04    0.9999999996E+00   -0.1559974176E-04   -0.9120280535E-05    0.1000000000E+01   -0.1971863186E-04   -0.2844969300E-04    0.9999999995E+00    0.1544975609E-04   -0.9530109268E-05    0.2597035869E+00   -0.9656883797E+00    0.6101628024E-04    0.2015993899E-04    0.4361499272E+01
    0.1070000000E+00   -0.1518347187E-04   -0.2675054003E-04    0.9999999996E+00   -0.1585051741E-04   -0.8908370831E-05    0.1000000000E+01   -0.2030193401E-04   -0.2822758830E-04    0.9999999995E+00    0.1549721047E-04   -0.9691198023E-05    0.2466281581E+00   -0.9691101853E+00    0.6155746793E-04    0.2067334360E-04    0.4381975795E+01
    0.1075000000E+00   -0.1573262510E-04   -0.2665234396E-04    0.9999999996E+00   -0.1609918145E-04   -0.8690888794E-05    0.1000000000E+01   -0.2088344062E-04   -0.2799480276E-04    0.9999999995E+00    0.1554375046E-04   -0.9853249884E-05    0.2335076763E+00   -0.9723549582E+00    0.6209855268E-04    0.2119429562E-04    0.4402452317E+01
    0.1080000000E+00   -0.1628340630E-04   -0.2654418116E-04    0.9999999995E+00   -0.1634562593E-04   -0.8467836965E-05    0.1000000000E+01   -0.2146297600E-04   -0.2775134340E-04    0.9999999994E+00    0.1558936981E-04   -0.1001625888E-04    0.2203445384E+00   -0.9754221056E+00    0.6263945783E-04    0.2172284050E-04    0.4422928840E+01
    0.1085000000E+00   -0.1683565556E-04   -0.2642596408E-04    0.9999999995E+00   -0.1658974230E-04   -0.8239219740E-05    0.1000000000E+01   -0.2204036462E-04   -0.2749721977E-04    0.9999999994E+00    0.1563406235E-04   -0.1018021903E-04    0.2071411489E+00   -0.9783110671E+00    0.6318010582E-04    0.2225902318E-04    0.4443405362E+01
    0.1090000000E+00   -0.1738921053E-04   -0.2629760739E-04    0.9999999995E+00   -0.1683142144E-04   -0.8005043393E-05    0.1000000000E+01   -0.2261543115E-04   -0.2723244397E-04    0.9999999994E+00    0.1567782201E-04   -0.1034512432E-04    0.1938999198E+00   -0.9810213151E+00    0.6372041814E-04    0.2280288809E-04    0.4463881884E+01
    0.1095000000E+00   -0.1794390644E-04   -0.2615902798E-04    0.9999999995E+00   -0.1707055365E-04   -0.7765316096E-05    0.1000000000E+01   -0.2318800044E-04   -0.2695703061E-04    0.9999999994E+00    0.1572064285E-04   -0.1051096873E-04    0.1806232699E+00   -0.9835523545E+00    0.6426031533E-04    0.2335447916E-04    0.4484358407E+01
    0.1100000000E+00   -0.1849957610E-04   -0.2601014505E-04    0.9999999995E+00   -0.1730702874E-04   -0.7520047940E-05    0.1000000000E+01   -0.2375789762E-04   -0.2667099681E-04    0.9999999994E+00    0.1576251898E-04   -0.1067774621E-04    0.1673136246E+00   -0.9859037228E+00    0.6479971703E-04    0.2391383978E-04    0.4504834929E+01
    0.1105000000E+00   -0.1905604999E-04   -0.2585088013E-04    0.9999999995E+00   -0.1754073602E-04   -0.7269250954E-05    0.1000000000E+01   -0.2432494807E-04   -0.2637436217E-04    0.9999999994E+00    0.1580344467E-04   -0.1084545071E-04    0.1539734151E+00   -0.9880749906E+00    0.6533854193E-04    0.2448101281E-04    0.4525311452E+01
    0.1110000000E+00   -0.1961315620E-04   -0.2568115717E-04    0.9999999995E+00   -0.1777156434E-04   -0.7012939129E-05    0.1000000000E+01   -0.2488897748E-04   -0.2606714876E-04    0.9999999994E+00    0.1584341424E-04   -0.1101407616E-04    0.1406050784E+00   -0.9900657612E+00    0.6587670777E-04    0.2505604055E-04    0.4545787974E+01
    0.1115000000E+00   -0.2017072052E-04   -0.2550090254E-04    0.9999999995E+00   -0.1799940214E-04   -0.6751128433E-05    0.1000000000E+01   -0.2544981186E-04   -0.2574938110E-04    0.9999999994E+00    0.1588242214E-04   -0.1118361650E-04    0.1272110567E+00   -0.9918756710E+00    0.6641413137E-04    0.2563896471E-04    0.4566264496E+01
    0.1120000000E+00   -0.2072856643E-04   -0.2531004517E-04    0.9999999995E+00   -0.1822413742E-04   -0.6483836831E-05    0.1000000000E+01   -0.2600727756E-04   -0.2542108614E-04    0.9999999994E+00    0.1592046293E-04   -0.1135406562E-04    0.1137937965E+00   -0.9935043893E+00    0.6695072861E-04    0.2622982645E-04    0.4586741019E+01
    0.1125000000E+00   -0.2128651518E-04   -0.2510851652E-04    0.9999999995E+00   -0.1844565786E-04   -0.6211084306E-05    0.1000000000E+01   -0.2656120134E-04   -0.2508229325E-04    0.9999999994E+00    0.1595753124E-04   -0.1152541744E-04    0.1003557491E+00   -0.9949516185E+00    0.6748641444E-04    0.2682866634E-04    0.4607217541E+01
    0.1130000000E+00   -0.2184438573E-04   -0.2489625068E-04    0.9999999995E+00   -0.1866385077E-04   -0.5932892877E-05    0.1000000000E+01   -0.2711141033E-04   -0.2473303418E-04    0.9999999994E+00    0.1599362182E-04   -0.1169766587E-04    0.8689936903E-01   -0.9962170945E+00    0.6802110285E-04    0.2743552431E-04    0.4627694064E+01
    0.1135000000E+00   -0.2240199488E-04   -0.2467318440E-04    0.9999999995E+00   -0.1887860319E-04   -0.5649286613E-05    0.1000000000E+01   -0.2765773210E-04   -0.2437334309E-04    0.9999999994E+00    0.1602872953E-04   -0.1187080481E-04    0.7342711461E-01   -0.9973005858E+00    0.6855470693E-04    0.2805043969E-04    0.4648170586E+01
    0.1140000000E+00   -0.2295915723E-04   -0.2443925717E-04    0.9999999995E+00   -0.1908980185E-04   -0.5360291656E-05    0.1000000000E+01   -0.2819999465E-04   -0.2400325647E-04    0.9999999994E+00    0.1606284931E-04   -0.1204482815E-04    0.5994144685E-01   -0.9982018947E+00    0.6908713882E-04    0.2867345119E-04    0.4668647108E+01
    0.1145000000E+00   -0.2351568525E-04   -0.2419441124E-04    0.9999999995E+00   -0.1929733329E-04   -0.5065936233E-05    0.1000000000E+01   -0.2873802647E-04   -0.2362281318E-04    0.9999999994E+00    0.1609597623E-04   -0.1221972980E-04    0.4644482925E-01   -0.9989208564E+00    0.6961830971E-04    0.2930459685E-04    0.4689123631E+01
    0.1150000000E+00   -0.2407138928E-04   -0.2393859171E-04    0.9999999995E+00   -0.1950108381E-04   -0.4766250676E-05    0.1000000000E+01   -0.2927165652E-04   -0.2323205439E-04    0.9999999994E+00    0.1612810542E-04   -0.1239550367E-04    0.3293972731E-01   -0.9994573397E+00    0.7014812989E-04    0.2994391407E-04    0.4709600153E+01
    0.1155000000E+00   -0.2462607762E-04   -0.2367174653E-04    0.9999999994E+00   -0.1970093957E-04   -0.4461267438E-05    0.1000000000E+01   -0.2980071428E-04   -0.2283102358E-04    0.9999999994E+00    0.1615923216E-04   -0.1257214366E-04    0.1942860809E-01   -0.9998112466E+00    0.7067650868E-04    0.3059143955E-04    0.4730076676E+01
    0.1160000000E+00   -0.2517955652E-04   -0.2339382663E-04    0.9999999994E+00   -0.1989678659E-04   -0.4151021105E-05    0.1000000000E+01   -0.3032502974E-04   -0.2241976654E-04    0.9999999994E+00    0.1618935178E-04   -0.1274964369E-04    0.5913939738E-02   -0.9999825123E+00    0.7120335449E-04    0.3124720934E-04    0.4750553198E+01
    0.1165000000E+00   -0.2573163021E-04   -0.2310478590E-04    0.9999999994E+00   -0.2008851078E-04   -0.3835548416E-05    0.1000000000E+01   -0.3084443346E-04   -0.2199833132E-04    0.9999999993E+00    0.1621845976E-04   -0.1292799769E-04   -0.7601808947E-02   -0.9999711056E+00    0.7172857481E-04    0.3191125875E-04    0.4771029720E+01
    0.1170000000E+00   -0.2628210098E-04   -0.2280458126E-04    0.9999999994E+00   -0.2027599802E-04   -0.3514888273E-05    0.1000000000E+01   -0.3135875653E-04   -0.2156676823E-04    0.9999999993E+00    0.1624655164E-04   -0.1310719959E-04   -0.2111616897E-01   -0.9997770286E+00    0.7225207616E-04    0.3258362241E-04    0.4791506243E+01
    0.1175000000E+00   -0.2683076920E-04   -0.2249317275E-04    0.9999999994E+00   -0.2045913414E-04   -0.3189081759E-05    0.1000000000E+01   -0.3186783064E-04   -0.2112512984E-04    0.9999999993E+00    0.1627362309E-04   -0.1328724335E-04   -0.3462667158E-01   -0.9994003168E+00    0.7277376418E-04    0.3326433419E-04    0.4811982765E+01
    0.1180000000E+00   -0.2737743334E-04   -0.2217052353E-04    0.9999999994E+00   -0.2063780498E-04   -0.2858172148E-05    0.1000000000E+01   -0.3237148809E-04   -0.2067347093E-04    0.9999999993E+00    0.1629966986E-04   -0.1346812291E-04   -0.4813084874E-01   -0.9988410389E+00    0.7329354355E-04    0.3395342726E-04    0.4832459287E+01
    0.1185000000E+00   -0.2792189004E-04   -0.2183659996E-04    0.9999999994E+00   -0.2081189646E-04   -0.2522204921E-05    0.1000000000E+01   -0.3286956177E-04   -0.2021184850E-04    0.9999999993E+00    0.1632468780E-04   -0.1364983227E-04   -0.6162623358E-01   -0.9980992971E+00    0.7381131804E-04    0.3465093399E-04    0.4852935810E+01
    0.1190000000E+00   -0.2846393414E-04   -0.2149137164E-04    0.9999999994E+00   -0.2098129456E-04   -0.2181227775E-05    0.1000000000E+01   -0.3336188519E-04   -0.1974032173E-04    0.9999999993E+00    0.1634867288E-04   -0.1383236542E-04   -0.7511036080E-01   -0.9971752270E+00    0.7432699050E-04    0.3535688600E-04    0.4873412332E+01
    0.1195000000E+00   -0.2900335873E-04   -0.2113481148E-04    0.9999999994E+00   -0.2114588540E-04   -0.1835290641E-05    0.1000000000E+01   -0.3384829253E-04   -0.1925895201E-04    0.9999999993E+00    0.1637162114E-04   -0.1401571637E-04   -0.8858076720E-01   -0.9960689972E+00    0.7484046284E-04    0.3607131413E-04    0.4893888855E+01
    0.1200000000E+00   -0.2953995517E-04   -0.2076689570E-04    0.9999999994E+00   -0.2130555525E-04   -0.1484445686E-05    0.1000000000E+01   -0.3432861859E-04   -0.1876780288E-04    0.9999999993E+00    0.1639352873E-04   -0.1419987917E-04   -0.1020349920E+00   -0.9947808100E+00    0.7535163609E-04    0.3679424841E-04    0.4914365377E+01
    0.1205000000E+00   -0.3007351320E-04   -0.2038760395E-04    0.9999999994E+00   -0.2146019060E-04   -0.1128747333E-05    0.1000000000E+01   -0.3480269885E-04   -0.1826694003E-04    0.9999999993E+00    0.1641439191E-04   -0.1438484787E-04   -0.1154705776E+00   -0.9933109006E+00    0.7586041033E-04    0.3752571807E-04    0.4934841899E+01
    0.1210000000E+00   -0.3060382089E-04   -0.1999691930E-04    0.9999999994E+00   -0.2160967818E-04   -0.7682522661E-06    0.1000000000E+01   -0.3527036948E-04   -0.1775643129E-04    0.9999999993E+00    0.1643420702E-04   -0.1457061656E-04   -0.1288850695E+00   -0.9916595375E+00    0.7636668472E-04    0.3826575151E-04    0.4955318422E+01
    0.1215000000E+00   -0.3113066478E-04   -0.1959482830E-04    0.9999999994E+00   -0.2175390500E-04   -0.4030194391E-06    0.1000000000E+01   -0.3573146732E-04   -0.1723634663E-04    0.9999999993E+00    0.1645297050E-04   -0.1475717937E-04   -0.1422760172E+00   -0.9898270225E+00    0.7687035755E-04    0.3901437628E-04    0.4975794944E+01
    0.1220000000E+00   -0.3165382987E-04   -0.1918132106E-04    0.9999999993E+00   -0.2189275839E-04   -0.3311008824E-07    0.1000000000E+01   -0.3618582993E-04   -0.1670675811E-04    0.9999999993E+00    0.1647067890E-04   -0.1494453042E-04   -0.1556409746E+00   -0.9878136902E+00    0.7737132616E-04    0.3977161908E-04    0.4996271467E+01
    0.1225000000E+00   -0.3217309970E-04   -0.1875639126E-04    0.9999999993E+00   -0.2202612604E-04    0.3414122622E-06    0.1000000000E+01   -0.3663329556E-04   -0.1616773992E-04    0.9999999993E+00    0.1648732886E-04   -0.1513266390E-04   -0.1689775002E+00   -0.9856199084E+00    0.7786948701E-04    0.4053750575E-04    0.5016747989E+01
    0.1230000000E+00   -0.3268825639E-04   -0.1832003621E-04    0.9999999993E+00   -0.2215389607E-04    0.7204817915E-06    0.1000000000E+01   -0.3707370321E-04   -0.1561936831E-04    0.9999999993E+00    0.1650291709E-04   -0.1532157402E-04   -0.1822831577E+00   -0.9832460780E+00    0.7836473565E-04    0.4131206122E-04    0.5037224511E+01
    0.1235000000E+00   -0.3319908070E-04   -0.1787225691E-04    0.9999999993E+00   -0.2227595702E-04    0.1104030376E-05    0.1000000000E+01   -0.3750689259E-04   -0.1506172162E-04    0.9999999992E+00    0.1651744042E-04   -0.1551125501E-04   -0.1955555165E+00   -0.9806926325E+00    0.7885696674E-04    0.4209530956E-04    0.5057701034E+01
    0.1240000000E+00   -0.3370535207E-04   -0.1741305807E-04    0.9999999993E+00   -0.2239219792E-04    0.1491987581E-05    0.1000000000E+01   -0.3793270417E-04   -0.1449488027E-04    0.9999999992E+00    0.1653089578E-04   -0.1570170116E-04   -0.2087921521E+00   -0.9779600384E+00    0.7934607403E-04    0.4288727389E-04    0.5078177556E+01
    0.1245000000E+00   -0.3420684869E-04   -0.1694244817E-04    0.9999999993E+00   -0.2250250835E-04    0.1884280659E-05    0.1000000000E+01   -0.3835097914E-04   -0.1391892671E-04    0.9999999992E+00    0.1654328017E-04   -0.1589290678E-04   -0.2219906465E+00   -0.9750487949E+00    0.7983195039E-04    0.4368797641E-04    0.5098654079E+01
    0.1250000000E+00   -0.3470334755E-04   -0.1646043951E-04    0.9999999993E+00   -0.2260677845E-04    0.2280834540E-05    0.1000000000E+01   -0.3876155948E-04   -0.1333394548E-04    0.9999999992E+00    0.1655459070E-04   -0.1608486624E-04   -0.2351485886E+00   -0.9719594337E+00    0.8031448780E-04    0.4449743840E-04    0.5119130601E+01
    0.1255000000E+00   -0.3519462449E-04   -0.1596704823E-04    0.9999999993E+00   -0.2270489898E-04    0.2681571830E-05    0.1000000000E+01   -0.3916428792E-04   -0.1274002313E-04    0.9999999992E+00    0.1656482457E-04   -0.1627757392E-04   -0.2482635748E+00   -0.9686925193E+00    0.8079357734E-04    0.4531568015E-04    0.5139607123E+01
    0.1260000000E+00   -0.3568045426E-04   -0.1546229438E-04    0.9999999993E+00   -0.2279676135E-04    0.3086412808E-05    0.1000000000E+01   -0.3955900796E-04   -0.1213724825E-04    0.9999999992E+00    0.1657397906E-04   -0.1647102427E-04   -0.2613332093E+00   -0.9652486484E+00    0.8126910925E-04    0.4614272100E-04    0.5160083646E+01
    0.1265000000E+00   -0.3616061061E-04   -0.1494620194E-04    0.9999999993E+00   -0.2288225767E-04    0.3495275421E-05    0.1000000000E+01   -0.3994556390E-04   -0.1152571145E-04    0.9999999992E+00    0.1658205155E-04   -0.1666521179E-04   -0.2743551046E+00   -0.9616284501E+00    0.8174097285E-04    0.4697857929E-04    0.5180560168E+01
    0.1270000000E+00   -0.3663486629E-04   -0.1441879889E-04    0.9999999993E+00   -0.2296128083E-04    0.3908075283E-05    0.1000000000E+01   -0.4032380081E-04   -0.1090550537E-04    0.9999999992E+00    0.1658903951E-04   -0.1686013101E-04   -0.2873268819E+00   -0.9578325858E+00    0.8220905662E-04    0.4782327235E-04    0.5201036690E+01
    0.1275000000E+00   -0.3710299316E-04   -0.1388011721E-04    0.9999999992E+00   -0.2303372446E-04    0.4324725672E-05    0.1000000000E+01   -0.4069356459E-04   -0.1027672465E-04    0.9999999992E+00    0.1659494049E-04   -0.1705577651E-04   -0.3002461716E+00   -0.9538617488E+00    0.8267324817E-04    0.4867681653E-04    0.5221513213E+01
    0.1280000000E+00   -0.3756476225E-04   -0.1333019296E-04    0.9999999992E+00   -0.2309948307E-04    0.4745137534E-05    0.1000000000E+01   -0.4105470189E-04   -0.9639465957E-05    0.9999999992E+00    0.1659975213E-04   -0.1725214293E-04   -0.3131106136E+00   -0.9497166646E+00    0.8313343424E-04    0.4953922710E-04    0.5241989735E+01
    0.1285000000E+00   -0.3801994379E-04   -0.1276906630E-04    0.9999999992E+00   -0.2315845202E-04    0.5169219475E-05    0.1000000000E+01   -0.4140706023E-04   -0.8993827938E-05    0.9999999992E+00    0.1660347217E-04   -0.1744922495E-04   -0.3259178580E+00   -0.9453980904E+00    0.8358950071E-04    0.5041051832E-04    0.5262466258E+01
    0.1290000000E+00   -0.3846830731E-04   -0.1219678151E-04    0.9999999992E+00   -0.2321052761E-04    0.5596877772E-05    0.1000000000E+01   -0.4175048790E-04   -0.8339911257E-05    0.9999999992E+00    0.1660609841E-04   -0.1764701734E-04   -0.3386655652E+00   -0.9409068149E+00    0.8404133263E-04    0.5129070335E-04    0.5282942780E+01
    0.1295000000E+00   -0.3890962167E-04   -0.1161338706E-04    0.9999999992E+00   -0.2325560710E-04    0.6028016364E-05    0.1000000000E+01   -0.4208483404E-04   -0.7677818567E-05    0.9999999991E+00    0.1660762876E-04   -0.1784551487E-04   -0.3513514064E+00   -0.9362436588E+00    0.8448881419E-04    0.5217979431E-04    0.5303419302E+01
    0.1300000000E+00   -0.3934365518E-04   -0.1101893566E-04    0.9999999992E+00   -0.2329358878E-04    0.6462536864E-05    0.1000000000E+01   -0.4240994861E-04   -0.7007654520E-05    0.9999999991E+00    0.1660806120E-04   -0.1804471241E-04   -0.3639730643E+00   -0.9314094738E+00    0.8493182874E-04    0.5307780220E-04    0.5323895825E+01
    0.1305000000E+00   -0.3977017560E-04   -0.1041348422E-04    0.9999999992E+00   -0.2332437199E-04    0.6900338553E-05    0.1000000000E+01   -0.4272568241E-04   -0.6329525756E-05    0.9999999991E+00    0.1660739381E-04   -0.1824460488E-04   -0.3765282332E+00   -0.9264051430E+00    0.8537025881E-04    0.5398473692E-04    0.5344372347E+01
    0.1310000000E+00   -0.4018895028E-04   -0.9797093971E-05    0.9999999992E+00   -0.2334785716E-04    0.7341318392E-05    0.1000000000E+01   -0.4303188709E-04   -0.5643540908E-05    0.9999999991E+00    0.1660562472E-04   -0.1844518725E-04   -0.3890146196E+00   -0.9212315806E+00    0.8580398608E-04    0.5490060725E-04    0.5364848870E+01
    0.1315000000E+00   -0.4059974615E-04   -0.9169830452E-05    0.9999999992E+00   -0.2336394592E-04    0.7785371021E-05    0.1000000000E+01   -0.4332841515E-04   -0.4949810601E-05    0.9999999991E+00    0.1660275217E-04   -0.1864645457E-04   -0.4014299425E+00   -0.9158897317E+00    0.8623289142E-04    0.5582542084E-04    0.5385325392E+01
    0.1320000000E+00   -0.4100232986E-04   -0.8531763551E-05    0.9999999992E+00   -0.2337254105E-04    0.8232388769E-05    0.1000000000E+01   -0.4361511994E-04   -0.4248447452E-05    0.9999999991E+00    0.1659877447E-04   -0.1884840195E-04   -0.4137719339E+00   -0.9103805721E+00    0.8665685491E-04    0.5675918415E-04    0.5405801914E+01
    0.1325000000E+00   -0.4139646784E-04   -0.7882967541E-05    0.9999999991E+00   -0.2337354660E-04    0.8682261655E-05    0.1000000000E+01   -0.4389185568E-04   -0.3539566073E-05    0.9999999991E+00    0.1659368999E-04   -0.1905102455E-04   -0.4260383394E+00   -0.9047051082E+00    0.8707575578E-04    0.5770190252E-04    0.5426278437E+01
    0.1330000000E+00   -0.4178192632E-04   -0.7223521108E-05    0.9999999991E+00   -0.2336686792E-04    0.9134877400E-05    0.1000000000E+01   -0.4415847745E-04   -0.2823283074E-05    0.9999999991E+00    0.1658749722E-04   -0.1925431762E-04   -0.4382269180E+00   -0.8988643767E+00    0.8748947248E-04    0.5865358006E-04    0.5446754959E+01
    0.1335000000E+00   -0.4215847147E-04   -0.6553507384E-05    0.9999999991E+00   -0.2335241168E-04    0.9590121435E-05    0.1000000000E+01   -0.4441484124E-04   -0.2099717070E-05    0.9999999991E+00    0.1658019470E-04   -0.1945827646E-04   -0.4503354432E+00   -0.8928594447E+00    0.8789788266E-04    0.5961421970E-04    0.5467231481E+01
    0.1340000000E+00   -0.4252586944E-04   -0.5873013973E-05    0.9999999991E+00   -0.2333008596E-04    0.1004787690E-04    0.1000000000E+01   -0.4466080390E-04   -0.1368988675E-05    0.9999999991E+00    0.1657178103E-04   -0.1966289647E-04   -0.4623617032E+00   -0.8866914090E+00    0.8830086319E-04    0.6058382315E-04    0.5487708004E+01
    0.1345000000E+00   -0.4288388643E-04   -0.5182132978E-05    0.9999999991E+00   -0.2329980025E-04    0.1050802468E-04    0.1000000000E+01   -0.4489622318E-04   -0.6312205067E-06    0.9999999991E+00    0.1656225491E-04   -0.1986817309E-04   -0.4743035010E+00   -0.8803613964E+00    0.8869829015E-04    0.6156239090E-04    0.5508184526E+01
    0.1350000000E+00   -0.4323228880E-04   -0.4480961031E-05    0.9999999991E+00   -0.2326146554E-04    0.1097044338E-04    0.1000000000E+01   -0.4512095774E-04    0.1134628006E-06    0.9999999990E+00    0.1655161511E-04   -0.2007410186E-04   -0.4861586550E+00   -0.8738705633E+00    0.8909003885E-04    0.6254992217E-04    0.5528661049E+01
    0.1355000000E+00   -0.4357084311E-04   -0.3769599317E-05    0.9999999991E+00   -0.2321499434E-04    0.1143500936E-04    0.1000000000E+01   -0.4533486714E-04    0.8649345944E-06    0.9999999990E+00    0.1653986046E-04   -0.2028067838E-04   -0.4979249998E+00   -0.8672200954E+00    0.8947598385E-04    0.6354641494E-04    0.5549137571E+01
    0.1360000000E+00   -0.4389931621E-04   -0.3048153598E-05    0.9999999991E+00   -0.2316030073E-04    0.1190159673E-04    0.1000000000E+01   -0.4553781189E-04    0.1623066196E-05    0.9999999990E+00    0.1652698986E-04   -0.2048789833E-04   -0.5096003858E+00   -0.8604112075E+00    0.8985599894E-04    0.6455186591E-04    0.5569614093E+01
    0.1365000000E+00   -0.4421747534E-04   -0.2316734235E-05    0.9999999991E+00   -0.2309730042E-04    0.1237007740E-04    0.1000000000E+01   -0.4572965340E-04    0.2387726894E-05    0.9999999990E+00    0.1651300228E-04   -0.2069575749E-04   -0.5211826803E+00   -0.8534451436E+00    0.9022995716E-04    0.6556627046E-04    0.5590090616E+01
    0.1370000000E+00   -0.4452508817E-04   -0.1575456214E-05    0.9999999990E+00   -0.2302591080E-04    0.1284032104E-04    0.1000000000E+01   -0.4591025404E-04    0.3158783934E-05    0.9999999990E+00    0.1649789678E-04   -0.2090425169E-04   -0.5326697674E+00   -0.8463231760E+00    0.9059773080E-04    0.6658962268E-04    0.5610567138E+01
    0.1375000000E+00   -0.4482192292E-04   -0.8244391624E-06    0.9999999990E+00   -0.2294605098E-04    0.1331219515E-04    0.1000000000E+01   -0.4607947713E-04    0.3936102511E-05    0.9999999990E+00    0.1648167245E-04   -0.2111337686E-04   -0.5440595488E+00   -0.8390466058E+00    0.9095919146E-04    0.6762191535E-04    0.5631043661E+01
    0.1380000000E+00   -0.4510774842E-04   -0.6380737117E-07    0.9999999990E+00   -0.2285764181E-04    0.1378556502E-04    0.1000000000E+01   -0.4623718693E-04    0.4719545762E-05    0.9999999990E+00    0.1646432848E-04   -0.2132312901E-04   -0.5553499437E+00   -0.8316167623E+00    0.9131420996E-04    0.6866313988E-04    0.5651520183E+01
    0.1385000000E+00   -0.4538233422E-04    0.7063101872E-06    0.9999999990E+00   -0.2276060598E-04    0.1426029380E-04    0.1000000000E+01   -0.4638324872E-04    0.5508974752E-05    0.9999999990E+00    0.1644586409E-04   -0.2153350424E-04   -0.5665388898E+00   -0.8240350027E+00    0.9166265646E-04    0.6971328634E-04    0.5671996705E+01
    0.1390000000E+00   -0.4564545061E-04    0.1485779842E-05    0.9999999990E+00   -0.2265486805E-04    0.1473624249E-04    0.1000000000E+01   -0.4651752872E-04    0.6304248471E-05    0.9999999990E+00    0.1642627858E-04   -0.2174449873E-04   -0.5776243430E+00   -0.8163027120E+00    0.9200440038E-04    0.7077234343E-04    0.5692473228E+01
    0.1395000000E+00   -0.4589686878E-04    0.2274463208E-05    0.9999999990E+00   -0.2254035446E-04    0.1521326994E-04    0.1000000000E+01   -0.4663989418E-04    0.7105223813E-05    0.9999999990E+00    0.1640557131E-04   -0.2195610875E-04   -0.5886042784E+00   -0.8084213027E+00    0.9233931045E-04    0.7184029846E-04    0.5712949750E+01
    0.1400000000E+00   -0.4613636086E-04    0.3072217172E-05    0.9999999990E+00   -0.2241699363E-04    0.1569123292E-04    0.1000000000E+01   -0.4675021335E-04    0.7911755571E-05    0.9999999989E+00    0.1638374170E-04   -0.2216833068E-04   -0.5994766901E+00   -0.8003922146E+00    0.9266725474E-04    0.7291713733E-04    0.5733426272E+01
    0.1405000000E+00   -0.4636370002E-04    0.3878893878E-05    0.9999999989E+00   -0.2228471598E-04    0.1616998611E-04    0.1000000000E+01   -0.4684835552E-04    0.8723696423E-05    0.9999999989E+00    0.1636078922E-04   -0.2238116095E-04   -0.6102395921E+00   -0.7922169144E+00    0.9298810062E-04    0.7400284453E-04    0.5753902795E+01
    0.1410000000E+00   -0.4657866054E-04    0.4694340718E-05    0.9999999989E+00   -0.2214345399E-04    0.1664938209E-04    0.1000000000E+01   -0.4693419102E-04    0.9540896915E-05    0.9999999989E+00    0.1633671340E-04   -0.2259459612E-04   -0.6208910182E+00   -0.7838968955E+00    0.9330171480E-04    0.7509740311E-04    0.5774379317E+01
    0.1415000000E+00   -0.4678101794E-04    0.5518400319E-05    0.9999999989E+00   -0.2199314223E-04    0.1712927144E-04    0.1000000000E+01   -0.4700759123E-04    0.1036320545E-04    0.9999999989E+00    0.1631151383E-04   -0.2280863283E-04   -0.6314290226E+00   -0.7754336777E+00    0.9360796335E-04    0.7620079468E-04    0.5794855840E+01
    0.1420000000E+00   -0.4697054901E-04    0.6350910537E-05    0.9999999989E+00   -0.2183371742E-04    0.1760950269E-04    0.1000000000E+01   -0.4706842862E-04    0.1119046826E-04    0.9999999989E+00    0.1628519014E-04   -0.2302326782E-04   -0.6418516804E+00   -0.7668288072E+00    0.9390671166E-04    0.7731299938E-04    0.5815332362E+01
    0.1425000000E+00   -0.4714703195E-04    0.7191704446E-05    0.9999999989E+00   -0.2166511849E-04    0.1808992238E-04    0.1000000000E+01   -0.4711657674E-04    0.1202252943E-04    0.9999999989E+00    0.1625774202E-04   -0.2323849791E-04   -0.6521570876E+00   -0.7580838557E+00    0.9419782453E-04    0.7843399585E-04    0.5835808884E+01
    0.1430000000E+00   -0.4731024643E-04    0.8040610335E-05    0.9999999989E+00   -0.2148728660E-04    0.1857037509E-04    0.1000000000E+01   -0.4715191028E-04    0.1285923084E-04    0.9999999989E+00    0.1622916921E-04   -0.2345432005E-04   -0.6623433615E+00   -0.7492004208E+00    0.9448116611E-04    0.7956376126E-04    0.5856285407E+01
    0.1435000000E+00   -0.4745997368E-04    0.8897451701E-05    0.9999999989E+00   -0.2130016521E-04    0.1905070344E-04    0.1000000000E+01   -0.4717430503E-04    0.1370041217E-04    0.9999999989E+00    0.1619947149E-04   -0.2367073126E-04   -0.6724086416E+00   -0.7401801253E+00    0.9475659995E-04    0.8070227127E-04    0.5876761929E+01
    0.1440000000E+00   -0.4759599661E-04    0.9762047249E-05    0.9999999989E+00   -0.2110370010E-04    0.1953074813E-04    0.1000000000E+01   -0.4718363796E-04    0.1454591090E-04    0.9999999988E+00    0.1616864870E-04   -0.2388772868E-04   -0.6823510889E+00   -0.7310246170E+00    0.9502398899E-04    0.8184949998E-04    0.5897238451E+01
    0.1445000000E+00   -0.4771809985E-04    0.1063421089E-04    0.9999999988E+00   -0.2089783944E-04    0.2001034798E-04    0.1000000000E+01   -0.4717978720E-04    0.1539556224E-04    0.9999999988E+00    0.1613670071E-04   -0.2410530954E-04   -0.6921688874E+00   -0.7217355683E+00    0.9528319560E-04    0.8300541998E-04    0.5917714974E+01
    0.1450000000E+00   -0.4782606990E-04    0.1151375173E-04    0.9999999988E+00   -0.2068253386E-04    0.2048933995E-04    0.1000000000E+01   -0.4716263207E-04    0.1624919917E-04    0.9999999988E+00    0.1610362744E-04   -0.2432347118E-04   -0.7018602435E+00   -0.7123146761E+00    0.9553408157E-04    0.8417000229E-04    0.5938191496E+01
    0.1455000000E+00   -0.4791969518E-04    0.1240047409E-04    0.9999999988E+00   -0.2045773643E-04    0.2096755916E-04    0.1000000000E+01   -0.4713205314E-04    0.1710665240E-04    0.9999999988E+00    0.1606942885E-04   -0.2454221104E-04   -0.7114233869E+00   -0.7027636614E+00    0.9577650810E-04    0.8534321636E-04    0.5958668019E+01
    0.1460000000E+00   -0.4799876615E-04    0.1329417751E-04    0.9999999988E+00   -0.2022340277E-04    0.2144483894E-04    0.1000000000E+01   -0.4708793221E-04    0.1796775036E-04    0.9999999988E+00    0.1603410494E-04   -0.2476152668E-04   -0.7208565705E+00   -0.6930842689E+00    0.9601033586E-04    0.8652503003E-04    0.5979144541E+01
    0.1465000000E+00   -0.4806307537E-04    0.1419465671E-04    0.9999999988E+00   -0.1997949104E-04    0.2192101083E-04    0.1000000000E+01   -0.4703015234E-04    0.1883231915E-04    0.9999999988E+00    0.1599765575E-04   -0.2498141576E-04   -0.7301580713E+00   -0.6832782669E+00    0.9623542500E-04    0.8771540956E-04    0.5999621063E+01
    0.1470000000E+00   -0.4811241765E-04    0.1510170168E-04    0.9999999988E+00   -0.1972596205E-04    0.2239590465E-04    0.1000000000E+01   -0.4695859790E-04    0.1970018258E-04    0.9999999988E+00    0.1596008135E-04   -0.2520187603E-04   -0.7393261900E+00   -0.6733474466E+00    0.9645163511E-04    0.8891431958E-04    0.6020097586E+01
    0.1475000000E+00   -0.4814659008E-04    0.1601509759E-04    0.9999999987E+00   -0.1946277925E-04    0.2286934853E-04    0.1000000000E+01   -0.4687315460E-04    0.2057116209E-04    0.9999999988E+00    0.1592138184E-04   -0.2542290538E-04   -0.7483592519E+00   -0.6632936222E+00    0.9665882528E-04    0.9012172308E-04    0.6040574108E+01
    0.1480000000E+00   -0.4816539217E-04    0.1693462488E-04    0.9999999987E+00   -0.1918990879E-04    0.2334116891E-04    0.1000000000E+01   -0.4677370949E-04    0.2144507679E-04    0.9999999987E+00    0.1588155736E-04   -0.2564450179E-04   -0.7572556068E+00   -0.6531186302E+00    0.9685685411E-04    0.9133758141E-04    0.6061050630E+01
    0.1485000000E+00   -0.4816862593E-04    0.1786005923E-04    0.9999999987E+00   -0.1890731960E-04    0.2381119061E-04    0.1000000000E+01   -0.4666015100E-04    0.2232174340E-04    0.9999999987E+00    0.1584060808E-04   -0.2586666336E-04   -0.7660136296E+00   -0.6428243293E+00    0.9704557969E-04    0.9256185425E-04    0.6081527153E+01
    0.1490000000E+00   -0.4815609596E-04    0.1879117157E-04    0.9999999987E+00   -0.1861498338E-04    0.2427923685E-04    0.1000000000E+01   -0.4653236900E-04    0.2320097624E-04    0.9999999987E+00    0.1579853419E-04   -0.2608938831E-04   -0.7746317204E+00   -0.6324126002E+00    0.9722485968E-04    0.9379449959E-04    0.6102003675E+01
    0.1495000000E+00   -0.4812760958E-04    0.1972772812E-04    0.9999999987E+00   -0.1831287467E-04    0.2474512930E-04    0.1000000000E+01   -0.4639025480E-04    0.2408258724E-04    0.9999999987E+00    0.1575533593E-04   -0.2631267495E-04   -0.7831083048E+00   -0.6218853447E+00    0.9739455124E-04    0.9503547373E-04    0.6122480198E+01
    0.1500000000E+00   -0.4808297686E-04    0.2066949039E-04    0.9999999987E+00   -0.1800097091E-04    0.2520868812E-04    0.1000000000E+01   -0.4623370119E-04    0.2496638587E-04    0.9999999987E+00    0.1571101353E-04   -0.2653652174E-04   -0.7914418346E+00   -0.6112444859E+00    0.9755451110E-04    0.9628473126E-04    0.6142956720E+01
    0.1505000000E+00   -0.4802201080E-04    0.2161621521E-04    0.9999999986E+00   -0.1767925245E-04    0.2566973196E-04    0.1000000000E+01   -0.4606260251E-04    0.2585217916E-04    0.9999999987E+00    0.1566556726E-04   -0.2676092722E-04   -0.7996307872E+00   -0.6004919677E+00    0.9770459557E-04    0.9754222504E-04    0.6163433242E+01
    0.1510000000E+00   -0.4794452736E-04    0.2256765473E-04    0.9999999986E+00   -0.1734770262E-04    0.2612807808E-04    0.1000000000E+01   -0.4587685462E-04    0.2673977168E-04    0.9999999987E+00    0.1561899742E-04   -0.2698589008E-04   -0.8076736667E+00   -0.5896297543E+00    0.9784466053E-04    0.9880790619E-04    0.6183909765E+01
    0.1515000000E+00   -0.4785034559E-04    0.2352355646E-04    0.9999999986E+00   -0.1700630776E-04    0.2658354230E-04    0.1000000000E+01   -0.4567635500E-04    0.2762896552E-04    0.9999999986E+00    0.1557130431E-04   -0.2721140911E-04   -0.8155690040E+00   -0.5786598299E+00    0.9797456147E-04    0.1000817241E-03    0.6204386287E+01
    0.1520000000E+00   -0.4773928771E-04    0.2448366327E-04    0.9999999986E+00   -0.1665505726E-04    0.2703593912E-04    0.1000000000E+01   -0.4546100276E-04    0.2851956024E-04    0.9999999986E+00    0.1552248826E-04   -0.2743748322E-04   -0.8233153568E+00   -0.5675841984E+00    0.9809415351E-04    0.1013636263E-03    0.6224862809E+01
    0.1525000000E+00   -0.4761117925E-04    0.2544771346E-04    0.9999999986E+00   -0.1629394362E-04    0.2748508171E-04    0.1000000000E+01   -0.4523069870E-04    0.2941135290E-04    0.9999999986E+00    0.1547254961E-04   -0.2766411144E-04   -0.8309113099E+00   -0.5564048832E+00    0.9820329136E-04    0.1026535586E-03    0.6245339332E+01
    0.1530000000E+00   -0.4746584909E-04    0.2641544074E-04    0.9999999986E+00   -0.1592296245E-04    0.2793078198E-04    0.1000000000E+01   -0.4498534532E-04    0.3030413802E-04    0.9999999986E+00    0.1542148871E-04   -0.2789129293E-04   -0.8383554758E+00   -0.5451239264E+00    0.9830182942E-04    0.1039514650E-03    0.6265815854E+01
    0.1535000000E+00   -0.4730312960E-04    0.2738657427E-04    0.9999999985E+00   -0.1554211257E-04    0.2837285062E-04    0.1000000000E+01   -0.4472484689E-04    0.3119770757E-04    0.9999999986E+00    0.1536930592E-04   -0.2811902696E-04   -0.8456464947E+00   -0.5337433887E+00    0.9838962173E-04    0.1052572878E-03    0.6286292376E+01
    0.1540000000E+00   -0.4712285670E-04    0.2836083873E-04    0.9999999985E+00   -0.1515139600E-04    0.2881109716E-04    0.1000000000E+01   -0.4444910949E-04    0.3209185094E-04    0.9999999986E+00    0.1531600161E-04   -0.2834731294E-04   -0.8527830345E+00   -0.5222653492E+00    0.9846652202E-04    0.1065709672E-03    0.6306768899E+01
    0.1545000000E+00   -0.4692487002E-04    0.2933795430E-04    0.9999999985E+00   -0.1475081802E-04    0.2924532999E-04    0.1000000000E+01   -0.4415804107E-04    0.3298635492E-04    0.9999999985E+00    0.1526157615E-04   -0.2857615038E-04   -0.8597637917E+00   -0.5106919045E+00    0.9853238370E-04    0.1078924418E-03    0.6327245421E+01
    0.1550000000E+00   -0.4670901295E-04    0.3031763671E-04    0.9999999985E+00   -0.1434038721E-04    0.2967535643E-04    0.1000000000E+01   -0.4385155146E-04    0.3388100372E-04    0.9999999985E+00    0.1520602994E-04   -0.2880553894E-04   -0.8665874911E+00   -0.4990251689E+00    0.9858705992E-04    0.1092216482E-03    0.6347721944E+01
    0.1555000000E+00   -0.4647513273E-04    0.3129959729E-04    0.9999999985E+00   -0.1392011548E-04    0.3010098278E-04    0.1000000000E+01   -0.4352955245E-04    0.3477557892E-04    0.9999999985E+00    0.1514936335E-04   -0.2903547838E-04   -0.8732528861E+00   -0.4872672736E+00    0.9863040353E-04    0.1105585212E-03    0.6368198466E+01
    0.1560000000E+00   -0.4622308061E-04    0.3228354302E-04    0.9999999984E+00   -0.1349001812E-04    0.3052201435E-04    0.1000000000E+01   -0.4319195783E-04    0.3566985946E-04    0.9999999985E+00    0.1509157676E-04   -0.2926596861E-04   -0.8797587590E+00   -0.4754203664E+00    0.9866226714E-04    0.1119029937E-03    0.6388674988E+01
    0.1565000000E+00   -0.4595271186E-04    0.3326917651E-04    0.9999999984E+00   -0.1305011382E-04    0.3093825554E-04    0.1000000000E+01   -0.4283868345E-04    0.3656362166E-04    0.9999999985E+00    0.1503267056E-04   -0.2949700965E-04   -0.8861039216E+00   -0.4634866116E+00    0.9868250312E-04    0.1132549967E-03    0.6409151511E+01
    0.1570000000E+00   -0.4566388596E-04    0.3425619613E-04    0.9999999984E+00   -0.1260042474E-04    0.3134950986E-04    0.1000000000E+01   -0.4246964726E-04    0.3745663914E-04    0.9999999985E+00    0.1497264512E-04   -0.2972860166E-04   -0.8922872145E+00   -0.4514681890E+00    0.9869096364E-04    0.1146144592E-03    0.6429628033E+01
    0.1575000000E+00   -0.4535646663E-04    0.3524429596E-04    0.9999999984E+00   -0.1214097650E-04    0.3175558001E-04    0.1000000000E+01   -0.4208476939E-04    0.3834868288E-04    0.9999999984E+00    0.1491150081E-04   -0.2996074492E-04   -0.8983075084E+00   -0.4393672942E+00    0.9868750064E-04    0.1159813083E-03    0.6450104555E+01
    0.1580000000E+00   -0.4503032198E-04    0.3623316593E-04    0.9999999984E+00   -0.1167179824E-04    0.3215626792E-04    0.1000000000E+01   -0.4168397216E-04    0.3923952117E-04    0.9999999984E+00    0.1484923798E-04   -0.3019343985E-04   -0.9041637034E+00   -0.4271861378E+00    0.9867196591E-04    0.1173554693E-03    0.6470581078E+01
    0.1585000000E+00   -0.4468532455E-04    0.3722249180E-04    0.9999999983E+00   -0.1119292266E-04    0.3255137483E-04    0.1000000000E+01   -0.4126718020E-04    0.4012891958E-04    0.9999999984E+00    0.1478585700E-04   -0.3042668697E-04   -0.9098547298E+00   -0.4149269448E+00    0.9864421104E-04    0.1187368655E-03    0.6491057600E+01
    0.1590000000E+00   -0.4432135148E-04    0.3821195522E-04    0.9999999983E+00   -0.1070438604E-04    0.3294070130E-04    0.1000000000E+01   -0.4083432046E-04    0.4101664100E-04    0.9999999984E+00    0.1472135818E-04   -0.3066048696E-04   -0.9153795479E+00   -0.4025919549E+00    0.9860408751E-04    0.1201254179E-03    0.6511534122E+01
    0.1595000000E+00   -0.4393828453E-04    0.3920123381E-04    0.9999999983E+00   -0.1020622830E-04    0.3332404732E-04    0.1000000000E+01   -0.4038532230E-04    0.4190244559E-04    0.9999999984E+00    0.1465574187E-04   -0.3089484063E-04   -0.9207371485E+00   -0.3901834212E+00    0.9855144666E-04    0.1215210460E-03    0.6532010645E+01
    0.1600000000E+00   -0.4353601026E-04    0.4019000121E-04    0.9999999983E+00   -0.9698492986E-05    0.3370121230E-04    0.1000000000E+01   -0.3992011751E-04    0.4278609081E-04    0.9999999984E+00    0.1458900835E-04   -0.3112974890E-04   -0.9259265529E+00   -0.3777036105E+00    0.9848613971E-04    0.1229236669E-03    0.6552487167E+01
    0.1605000000E+00   -0.4311442004E-04    0.4117792710E-04    0.9999999983E+00   -0.9181227338E-05    0.3407199521E-04    0.1000000000E+01   -0.3943864044E-04    0.4366733136E-04    0.9999999983E+00    0.1452115791E-04   -0.3136521285E-04   -0.9309468132E+00   -0.3651548026E+00    0.9840801783E-04    0.1243331960E-03    0.6572963690E+01
    0.1610000000E+00   -0.4267341022E-04    0.4216467729E-04    0.9999999982E+00   -0.8654482311E-05    0.3443619459E-04    0.1000000000E+01   -0.3894082799E-04    0.4454591923E-04    0.9999999983E+00    0.1445219082E-04   -0.3160123366E-04   -0.9357970121E+00   -0.3525392898E+00    0.9831693207E-04    0.1257495464E-03    0.6593440212E+01
    0.1615000000E+00   -0.4221288220E-04    0.4314991377E-04    0.9999999982E+00   -0.8118312604E-05    0.3479360861E-04    0.1000000000E+01   -0.3842661973E-04    0.4542160365E-04    0.9999999983E+00    0.1438210729E-04   -0.3183781268E-04   -0.9404762638E+00   -0.3398593767E+00    0.9821273349E-04    0.1271726294E-03    0.6613916734E+01
    0.1620000000E+00   -0.4173274250E-04    0.4413329479E-04    0.9999999982E+00   -0.7572776687E-05    0.3514403515E-04    0.1000000000E+01   -0.3789595797E-04    0.4629413112E-04    0.9999999983E+00    0.1431090755E-04   -0.3207495136E-04   -0.9449837135E+00   -0.3271173796E+00    0.9809527309E-04    0.1286023541E-03    0.6634393257E+01
    0.1625000000E+00   -0.4123290291E-04    0.4511447489E-04    0.9999999982E+00   -0.7017936834E-05    0.3548727184E-04    0.1000000000E+01   -0.3734878778E-04    0.4716324539E-04    0.9999999983E+00    0.1423859178E-04   -0.3231265130E-04   -0.9493185377E+00   -0.3143156261E+00    0.9796440186E-04    0.1300386276E-03    0.6654869779E+01
    0.1630000000E+00   -0.4071328054E-04    0.4609310499E-04    0.9999999981E+00   -0.6453859145E-05    0.3582311617E-04    0.1000000000E+01   -0.3678505710E-04    0.4802868746E-04    0.9999999982E+00    0.1416516011E-04   -0.3255091424E-04   -0.9534799445E+00   -0.3014564549E+00    0.9781997082E-04    0.1314813548E-03    0.6675346301E+01
    0.1635000000E+00   -0.4017379793E-04    0.4706883247E-04    0.9999999981E+00   -0.5880613578E-05    0.3615136549E-04    0.1000000000E+01   -0.3620471681E-04    0.4889019558E-04    0.9999999982E+00    0.1409061267E-04   -0.3278974204E-04   -0.9574671738E+00   -0.2885422148E+00    0.9766183102E-04    0.1329304387E-03    0.6695822824E+01
    0.1640000000E+00   -0.3961438314E-04    0.4804130119E-04    0.9999999981E+00   -0.5298273970E-05    0.3647181711E-04    0.1000000000E+01   -0.3560772078E-04    0.4974750526E-04    0.9999999982E+00    0.1401494953E-04   -0.3302913669E-04   -0.9612794973E+00   -0.2755752652E+00    0.9748983357E-04    0.1343857800E-03    0.6716299346E+01
    0.1645000000E+00   -0.3903496987E-04    0.4901015163E-04    0.9999999981E+00   -0.4706918061E-05    0.3678426838E-04    0.1000000000E+01   -0.3499402597E-04    0.5060034927E-04    0.9999999982E+00    0.1393817074E-04   -0.3326910035E-04   -0.9649162184E+00   -0.2625579747E+00    0.9730382965E-04    0.1358472774E-03    0.6736775868E+01
    0.1650000000E+00   -0.3843549750E-04    0.4997502091E-04    0.9999999980E+00   -0.4106627524E-05    0.3708851673E-04    0.1000000000E+01   -0.3436359248E-04    0.5144845765E-04    0.9999999981E+00    0.1386027628E-04   -0.3350963527E-04   -0.9683766729E+00   -0.2494927213E+00    0.9710367057E-04    0.1373148275E-03    0.6757252391E+01
    0.1655000000E+00   -0.3781591124E-04    0.5093554288E-04    0.9999999980E+00   -0.3497487979E-05    0.3738435974E-04    0.1000000000E+01   -0.3371638364E-04    0.5229155768E-04    0.9999999981E+00    0.1378126611E-04   -0.3375074387E-04   -0.9716602287E+00   -0.2363818916E+00    0.9688920771E-04    0.1387883247E-03    0.6777728913E+01
    0.1660000000E+00   -0.3717616219E-04    0.5189134823E-04    0.9999999980E+00   -0.2879589021E-05    0.3767159522E-04    0.1000000000E+01   -0.3305236609E-04    0.5312937395E-04    0.9999999981E+00    0.1370114014E-04   -0.3399242869E-04   -0.9747662858E+00   -0.2232278807E+00    0.9666029265E-04    0.1402676612E-03    0.6798205435E+01
    0.1665000000E+00   -0.3651620741E-04    0.5284206452E-04    0.9999999980E+00   -0.2253024239E-05    0.3795002127E-04    0.1000000000E+01   -0.3237150987E-04    0.5396162831E-04    0.9999999981E+00    0.1361989823E-04   -0.3423469241E-04   -0.9776942769E+00   -0.2100330916E+00    0.9641677709E-04    0.1417527271E-03    0.6818681958E+01
    0.1670000000E+00   -0.3583601008E-04    0.5378731630E-04    0.9999999979E+00   -0.1617891231E-05    0.3821943636E-04    0.1000000000E+01   -0.3167378847E-04    0.5478803994E-04    0.9999999981E+00    0.1353754018E-04   -0.3447753784E-04   -0.9804436671E+00   -0.1967999345E+00    0.9615851297E-04    0.1432434103E-03    0.6839158480E+01
    0.1675000000E+00   -0.3513553952E-04    0.5472672519E-04    0.9999999979E+00   -0.9742916312E-06    0.3847963940E-04    0.1000000000E+01   -0.3095917893E-04    0.5560832530E-04    0.9999999980E+00    0.1345406577E-04   -0.3472096794E-04   -0.9830139542E+00   -0.1835308269E+00    0.9588535239E-04    0.1447395965E-03    0.6859635003E+01
    0.1680000000E+00   -0.3441477130E-04    0.5565990995E-04    0.9999999979E+00   -0.3223311182E-06    0.3873042978E-04    0.1000000000E+01   -0.3022766192E-04    0.5642219820E-04    0.9999999980E+00    0.1336947468E-04   -0.3496498580E-04   -0.9854046687E+00   -0.1702281927E+00    0.9559714773E-04    0.1462411693E-03    0.6880111525E+01
    0.1685000000E+00   -0.3367368733E-04    0.5658648657E-04    0.9999999979E+00    0.3378805628E-06    0.3897160750E-04    0.1000000000E+01   -0.2947922182E-04    0.5722936978E-04    0.9999999980E+00    0.1328376656E-04   -0.3520959463E-04   -0.9876153737E+00   -0.1568944619E+00    0.9529375162E-04    0.1477480100E-03    0.6900588047E+01
    0.1690000000E+00   -0.3291227597E-04    0.5750606838E-04    0.9999999978E+00    0.1006229587E-05    0.3920297318E-04    0.1000000000E+01   -0.2871384679E-04    0.5802954855E-04    0.9999999980E+00    0.1319694099E-04   -0.3545479781E-04   -0.9896456655E+00   -0.1435320704E+00    0.9497501695E-04    0.1492599976E-03    0.6921064570E+01
    0.1695000000E+00   -0.3213053206E-04    0.5841826614E-04    0.9999999978E+00    0.1682598036E-05    0.3942432818E-04    0.1000000000E+01   -0.2793152891E-04    0.5882244039E-04    0.9999999979E+00    0.1310899750E-04   -0.3570059883E-04   -0.9914951733E+00   -0.1301434590E+00    0.9464079696E-04    0.1507770090E-03    0.6941541092E+01
    0.1700000000E+00   -0.3132845707E-04    0.5932268810E-04    0.9999999978E+00    0.2366863884E-05    0.3963547465E-04    0.1000000000E+01   -0.2713226418E-04    0.5960774861E-04    0.9999999979E+00    0.1301993553E-04   -0.3594700132E-04   -0.9931635590E+00   -0.1167310737E+00    0.9429094519E-04    0.1522989189E-03    0.6962017614E+01
    0.1705000000E+00   -0.3050605912E-04    0.6021894014E-04    0.9999999977E+00    0.3058900989E-05    0.3983621563E-04    0.1000000000E+01   -0.2631605268E-04    0.6038517393E-04    0.9999999979E+00    0.1292975447E-04   -0.3619400905E-04   -0.9946505180E+00   -0.1032973643E+00    0.9392531555E-04    0.1538255995E-03    0.6982494137E+01
    0.1710000000E+00   -0.2966335312E-04    0.6110662587E-04    0.9999999977E+00    0.3758579078E-05    0.4002635508E-04    0.1000000000E+01   -0.2548289863E-04    0.6115441453E-04    0.9999999979E+00    0.1283845364E-04   -0.3644162594E-04   -0.9959557787E+00   -0.8984478514E-01    0.9354376234E-04    0.1553569209E-03    0.7002970659E+01
    0.1715000000E+00   -0.2880036080E-04    0.6198534667E-04    0.9999999977E+00    0.4465763743E-05    0.4020569801E-04    0.1000000000E+01   -0.2463281047E-04    0.6191516611E-04    0.9999999978E+00    0.1274603228E-04   -0.3668985602E-04   -0.9970791025E+00   -0.7637579348E-01    0.9314614026E-04    0.1568927510E-03    0.7023447181E+01
    0.1720000000E+00   -0.2791711083E-04    0.6285470188E-04    0.9999999977E+00    0.5180316427E-05    0.4037405052E-04    0.1000000000E+01   -0.2376580096E-04    0.6266712183E-04    0.9999999978E+00    0.1265248957E-04   -0.3693870348E-04   -0.9980202843E+00   -0.6289284983E-01    0.9273230444E-04    0.1584329553E-03    0.7043923704E+01
    0.1725000000E+00   -0.2701363888E-04    0.6371428883E-04    0.9999999976E+00    0.5902094424E-05    0.4053121988E-04    0.1000000000E+01   -0.2288188727E-04    0.6340997247E-04    0.9999999978E+00    0.1255782459E-04   -0.3718817263E-04   -0.9987791522E+00   -0.4939841719E-01    0.9230211048E-04    0.1599773970E-03    0.7064400226E+01
    0.1730000000E+00   -0.2608998768E-04    0.6456370300E-04    0.9999999976E+00    0.6630950866E-05    0.4067701463E-04    0.1000000000E+01   -0.2198109106E-04    0.6414340634E-04    0.9999999978E+00    0.1246203635E-04   -0.3743826793E-04   -0.9993555675E+00   -0.3589496066E-01    0.9185541447E-04    0.1615259371E-03    0.7084876748E+01
    0.1735000000E+00   -0.2514620715E-04    0.6540253810E-04    0.9999999976E+00    0.7366734727E-05    0.4081124463E-04    0.1000000000E+01   -0.2106343859E-04    0.6486710942E-04    0.9999999977E+00    0.1236512378E-04   -0.3768899395E-04   -0.9997494249E+00   -0.2238494700E-01    0.9139207299E-04    0.1630784341E-03    0.7105353271E+01
    0.1740000000E+00   -0.2418235440E-04    0.6623038616E-04    0.9999999975E+00    0.8109290814E-05    0.4093372118E-04    0.1000000000E+01   -0.2012896079E-04    0.6558076533E-04    0.9999999977E+00    0.1226708572E-04   -0.3794035543E-04   -0.9999606525E+00   -0.8870844155E-02    0.9091194317E-04    0.1646347444E-03    0.7125829793E+01
    0.1745000000E+00   -0.2319849387E-04    0.6704683772E-04    0.9999999975E+00    0.8858459767E-05    0.4104425704E-04    0.1000000000E+01   -0.1917769337E-04    0.6628405543E-04    0.9999999977E+00    0.1216792093E-04   -0.3819235723E-04   -0.9999892117E+00    0.4644879174E-02    0.9041488272E-04    0.1661947219E-03    0.7146306315E+01
    0.1750000000E+00   -0.2219469736E-04    0.6785148187E-04    0.9999999975E+00    0.9614078063E-05    0.4114266656E-04    0.1000000000E+01   -0.1820967688E-04    0.6697665880E-04    0.9999999977E+00    0.1206762807E-04   -0.3844500432E-04   -0.9998350973E+00    0.1815975400E-01    0.8990074992E-04    0.1677582182E-03    0.7166782838E+01
    0.1755000000E+00   -0.2117104412E-04    0.6864390638E-04    0.9999999974E+00    0.1037597801E-04    0.4122876575E-04    0.1000000000E+01   -0.1722495688E-04    0.6765825237E-04    0.9999999976E+00    0.1196620571E-04   -0.3869830185E-04   -0.9994983374E+00    0.3167131148E-01    0.8936940367E-04    0.1693250826E-03    0.7187259360E+01
    0.1760000000E+00   -0.2012762093E-04    0.6942369787E-04    0.9999999974E+00    0.1114398776E-04    0.4130237235E-04    0.1000000000E+01   -0.1622358393E-04    0.6832851089E-04    0.9999999976E+00    0.1186365234E-04   -0.3895225507E-04   -0.9989789935E+00    0.4517708338E-01    0.8882070355E-04    0.1708951621E-03    0.7207735882E+01
    0.1765000000E+00   -0.1906452211E-04    0.7019044186E-04    0.9999999974E+00    0.1191793129E-04    0.4136330591E-04    0.1000000000E+01   -0.1520561375E-04    0.6898710705E-04    0.9999999976E+00    0.1175996633E-04   -0.3920686937E-04   -0.9982771606E+00    0.5867460253E-01    0.8825450976E-04    0.1724683011E-03    0.7228212405E+01
    0.1770000000E+00   -0.1798184966E-04    0.7094372293E-04    0.9999999973E+00    0.1269762845E-04    0.4141138790E-04    0.1000000000E+01   -0.1417110731E-04    0.6963371148E-04    0.9999999975E+00    0.1165514597E-04   -0.3946215028E-04   -0.9973929668E+00    0.7216140327E-01    0.8767068326E-04    0.1740443418E-03    0.7248688927E+01
    0.1775000000E+00   -0.1687971327E-04    0.7168312485E-04    0.9999999973E+00    0.1348289492E-04    0.4144644174E-04    0.1000000000E+01   -0.1312013088E-04    0.7026799285E-04    0.9999999975E+00    0.1154918942E-04   -0.3971810347E-04   -0.9963265736E+00    0.8563502188E-01    0.8706908570E-04    0.1756231240E-03    0.7269165449E+01
    0.1780000000E+00   -0.1575823041E-04    0.7240823068E-04    0.9999999973E+00    0.1427354226E-04    0.4146829294E-04    0.1000000000E+01   -0.1205275618E-04    0.7088961792E-04    0.9999999975E+00    0.1144209475E-04   -0.3997473471E-04   -0.9950781759E+00    0.9909299706E-01    0.8644957950E-04    0.1772044851E-03    0.7289641972E+01
    0.1785000000E+00   -0.1461752638E-04    0.7311862292E-04    0.9999999972E+00    0.1506937788E-04    0.4147676915E-04    0.1000000000E+01   -0.1096906044E-04    0.7149825157E-04    0.9999999974E+00    0.1133385994E-04   -0.4023204994E-04   -0.9936480017E+00    0.1125328704E+00    0.8581202788E-04    0.1787882602E-03    0.7310118494E+01
    0.1790000000E+00   -0.1345773435E-04    0.7381388366E-04    0.9999999972E+00    0.1587020509E-04    0.4147170024E-04    0.1000000000E+01   -0.9869126500E-05    0.7209355695E-04    0.9999999974E+00    0.1122448283E-04   -0.4049005521E-04   -0.9920363123E+00    0.1259521867E+00    0.8515629488E-04    0.1803742818E-03    0.7330595016E+01
    0.1795000000E+00   -0.1227899547E-04    0.7449359463E-04    0.9999999972E+00    0.1667582310E-04    0.4145291841E-04    0.1000000000E+01   -0.8753042897E-05    0.7267519545E-04    0.9999999974E+00    0.1111396117E-04   -0.4074875670E-04   -0.9902434020E+00    0.1393484946E+00    0.8448224536E-04    0.1819623801E-03    0.7351071539E+01
    0.1800000000E+00   -0.1108145886E-04    0.7515733745E-04    0.9999999971E+00    0.1748602702E-04    0.4142025826E-04    0.1000000000E+01   -0.7620903976E-05    0.7324282684E-04    0.9999999974E+00    0.1100229258E-04   -0.4100816073E-04   -0.9882695985E+00    0.1527193469E+00    0.8378974508E-04    0.1835523828E-03    0.7371548061E+01
    0.1805000000E+00   -0.9865281711E-05    0.7580469367E-04    0.9999999971E+00    0.1830060788E-04    0.4137355686E-04    0.1000000000E+01   -0.6472809968E-05    0.7379610933E-04    0.9999999973E+00    0.1088947456E-04   -0.4126827374E-04   -0.9861152622E+00    0.1660623012E+00    0.8307866070E-04    0.1851441155E-03    0.7392024583E+01
    0.1810000000E+00   -0.8630629302E-05    0.7643524494E-04    0.9999999971E+00    0.1911935267E-04    0.4131265386E-04    0.1000000000E+01   -0.5308867085E-05    0.7433469962E-04    0.9999999973E+00    0.1077550451E-04   -0.4152910230E-04   -0.9837807867E+00    0.1793749199E+00    0.8234885983E-04    0.1867374009E-03    0.7412501106E+01
    0.1815000000E+00   -0.7377675076E-05    0.7704857316E-04    0.9999999970E+00    0.1994204432E-04    0.4123739155E-04    0.1000000000E+01   -0.4129187616E-05    0.7485825303E-04    0.9999999973E+00    0.1066037969E-04   -0.4179065311E-04   -0.9812665985E+00    0.1926547712E+00    0.8160021102E-04    0.1883320595E-03    0.7432977628E+01
    0.1820000000E+00   -0.6106600669E-05    0.7764426062E-04    0.9999999970E+00    0.2076846177E-04    0.4114761498E-04    0.1000000000E+01   -0.2933890010E-05    0.7536642353E-04    0.9999999972E+00    0.1054409723E-04   -0.4205293299E-04   -0.9785731568E+00    0.2058994291E+00    0.8083258383E-04    0.1899279095E-03    0.7453454150E+01
    0.1825000000E+00   -0.4817595961E-05    0.7822189010E-04    0.9999999970E+00    0.2159837994E-04    0.4104317199E-04    0.1000000000E+01   -0.1723098978E-05    0.7585886387E-04    0.9999999972E+00    0.1042665415E-04   -0.4231594890E-04   -0.9757009537E+00    0.2191064743E+00    0.8004584885E-04    0.1915247665E-03    0.7473930673E+01
    0.1830000000E+00   -0.3510859115E-05    0.7878104510E-04    0.9999999969E+00    0.2243156979E-04    0.4092391337E-04    0.1000000000E+01   -0.4969455761E-06    0.7633522564E-04    0.9999999972E+00    0.1030804731E-04   -0.4257970791E-04   -0.9726505138E+00    0.2322734941E+00    0.7923987774E-04    0.1931224435E-03    0.7494407195E+01
    0.1835000000E+00   -0.2186596621E-05    0.7932130989E-04    0.9999999969E+00    0.2326779833E-04    0.4078969287E-04    0.1000000000E+01    0.7444326990E-06    0.7679515941E-04    0.9999999971E+00    0.1018827348E-04   -0.4284421723E-04   -0.9694223944E+00    0.2453980831E+00    0.7841454323E-04    0.1947207514E-03    0.7514883717E+01
    0.1840000000E+00   -0.8450233322E-06    0.7984226971E-04    0.9999999968E+00    0.2410682865E-04    0.4064036734E-04    0.1000000000E+01    0.2000891821E-05    0.7723831476E-04    0.9999999971E+00    0.1006732926E-04   -0.4310948417E-04   -0.9660171853E+00    0.2584778439E+00    0.7756971918E-04    0.1963194983E-03    0.7535360240E+01
    0.1845000000E+00    0.5136375018E-06    0.8034351093E-04    0.9999999968E+00    0.2494841995E-04    0.4047579680E-04    0.1000000000E+01    0.3272281156E-05    0.7766434041E-04    0.9999999970E+00    0.9945211137E-05   -0.4337551619E-04   -0.9624355083E+00    0.2715103872E+00    0.7670528060E-04    0.1979184901E-03    0.7555836762E+01
    0.1850000000E+00    0.1889154198E-05    0.8082462115E-04    0.9999999968E+00    0.2579232757E-04    0.4029584450E-04    0.1000000000E+01    0.4558443369E-05    0.7807288435E-04    0.9999999970E+00    0.9821915431E-05   -0.4364232085E-04   -0.9586780179E+00    0.2844933321E+00    0.7582110370E-04    0.1995175301E-03    0.7576313284E+01
    0.1855000000E+00    0.3281286613E-05    0.8128518940E-04    0.9999999967E+00    0.2663830301E-04    0.4010037705E-04    0.1000000000E+01    0.5859214340E-05    0.7846359387E-04    0.9999999970E+00    0.9697438335E-05   -0.4390990584E-04   -0.9547454004E+00    0.2974243070E+00    0.7491706589E-04    0.2011164191E-03    0.7596789807E+01
    0.1860000000E+00    0.4689786110E-05    0.8172480627E-04    0.9999999967E+00    0.2748609399E-04    0.3988926446E-04    0.1000000000E+01    0.7174423075E-05    0.7883611576E-04    0.9999999969E+00    0.9571775895E-05   -0.4417827898E-04   -0.9506383742E+00    0.3103009498E+00    0.7399304585E-04    0.2027149555E-03    0.7617266329E+01
    0.1865000000E+00    0.6114395535E-05    0.8214306405E-04    0.9999999966E+00    0.2833544445E-04    0.3966238028E-04    0.1000000000E+01    0.8503891625E-05    0.7919009633E-04    0.9999999969E+00    0.9444924008E-05   -0.4444744818E-04   -0.9463576896E+00    0.3231209081E+00    0.7304892352E-04    0.2043129353E-03    0.7637742851E+01
    0.1870000000E+00    0.7554849198E-05    0.8253955694E-04    0.9999999966E+00    0.2918609463E-04    0.3941960164E-04    0.1000000000E+01    0.9847435005E-05    0.7952518159E-04    0.9999999969E+00    0.9316878419E-05   -0.4471742149E-04   -0.9419041285E+00    0.3358818402E+00    0.7208458017E-04    0.2059101519E-03    0.7658219374E+01
    0.1875000000E+00    0.9010872841E-05    0.8291388114E-04    0.9999999965E+00    0.3003778105E-04    0.3916080934E-04    0.1000000000E+01    0.1120486111E-04    0.7984101735E-04    0.9999999968E+00    0.9187634724E-05   -0.4498820707E-04   -0.9372785046E+00    0.3485814148E+00    0.7109989841E-04    0.2075063962E-03    0.7678695896E+01
    0.1880000000E+00    0.1048218363E-04    0.8326563507E-04    0.9999999965E+00    0.3089023661E-04    0.3888588796E-04    0.1000000000E+01    0.1257597064E-04    0.8013724931E-04    0.9999999968E+00    0.9057188361E-05   -0.4525981320E-04   -0.9324816627E+00    0.3612173121E+00    0.7009476225E-04    0.2091014568E-03    0.7699172418E+01
    0.1885000000E+00    0.1196849014E-04    0.8359441947E-04    0.9999999965E+00    0.3174319061E-04    0.3859472593E-04    0.1000000000E+01    0.1396055702E-04    0.8041352323E-04    0.9999999967E+00    0.8925534612E-05   -0.4553224827E-04   -0.9275144792E+00    0.3737872238E+00    0.6906905711E-04    0.2106951196E-03    0.7719648941E+01
    0.1890000000E+00    0.1346949233E-04    0.8389983762E-04    0.9999999964E+00    0.3259636877E-04    0.3828721561E-04    0.1000000000E+01    0.1535840631E-04    0.8066948500E-04    0.9999999967E+00    0.8792668598E-05   -0.4580552077E-04   -0.9223778615E+00    0.3862888538E+00    0.6802266983E-04    0.2122871682E-03    0.7740125463E+01
    0.1895000000E+00    0.1498488153E-04    0.8418149547E-04    0.9999999964E+00    0.3344949330E-04    0.3796325339E-04    0.1000000000E+01    0.1676929716E-04    0.8090478082E-04    0.9999999967E+00    0.8658585277E-05   -0.4607963933E-04   -0.9170727478E+00    0.3987199181E+00    0.6695548879E-04    0.2138773835E-03    0.7760601985E+01
    0.1900000000E+00    0.1651434047E-04    0.8443900179E-04    0.9999999963E+00    0.3430228294E-04    0.3762273977E-04    0.1000000000E+01    0.1819300072E-04    0.8111905729E-04    0.9999999966E+00    0.8523279440E-05   -0.4635461267E-04   -0.9116001073E+00    0.4110781461E+00    0.6586740383E-04    0.2154655442E-03    0.7781078508E+01
    0.1905000000E+00    0.1805754323E-04    0.8467196837E-04    0.9999999963E+00    0.3515445303E-04    0.3726557942E-04    0.1000000000E+01    0.1962928055E-04    0.8131196157E-04    0.9999999966E+00    0.8386745712E-05   -0.4663044962E-04   -0.9059609397E+00    0.4233612801E+00    0.6475830638E-04    0.2170514263E-03    0.7801555030E+01
    0.1910000000E+00    0.1961415525E-04    0.8488001016E-04    0.9999999962E+00    0.3600571550E-04    0.3689168132E-04    0.1000000000E+01    0.2107789260E-04    0.8148314151E-04    0.9999999965E+00    0.8248978548E-05   -0.4690715913E-04   -0.9001562751E+00    0.4355670764E+00    0.6362808946E-04    0.2186348034E-03    0.7822031552E+01
    0.1915000000E+00    0.2118383334E-04    0.8506274548E-04    0.9999999962E+00    0.3685577901E-04    0.3650095876E-04    0.1000000000E+01    0.2253858509E-04    0.8163224577E-04    0.9999999965E+00    0.8109972230E-05   -0.4718475023E-04   -0.8941871740E+00    0.4476933052E+00    0.6247664767E-04    0.2202154465E-03    0.7842508075E+01
    0.1920000000E+00    0.2276622568E-04    0.8521979610E-04    0.9999999961E+00    0.3770434893E-04    0.3609332953E-04    0.1000000000E+01    0.2401109848E-04    0.8175892401E-04    0.9999999964E+00    0.7969720866E-05   -0.4746323209E-04   -0.8880547267E+00    0.4597377513E+00    0.6130387732E-04    0.2217931244E-03    0.7862984597E+01
    0.1925000000E+00    0.2436097185E-04    0.8535078753E-04    0.9999999961E+00    0.3855112742E-04    0.3566871589E-04    0.1000000000E+01    0.2549516539E-04    0.8186282700E-04    0.9999999964E+00    0.7828218393E-05   -0.4774261396E-04   -0.8817600535E+00    0.4716982146E+00    0.6010967638E-04    0.2233676032E-03    0.7883461119E+01
    0.1930000000E+00    0.2596770277E-04    0.8545534906E-04    0.9999999960E+00    0.3939581351E-04    0.3522704475E-04    0.1000000000E+01    0.2699051053E-04    0.8194360676E-04    0.9999999963E+00    0.7685458562E-05   -0.4802290520E-04   -0.8753043043E+00    0.4835725102E+00    0.5889394456E-04    0.2249386464E-03    0.7903937642E+01
    0.1935000000E+00    0.2758604080E-04    0.8553311406E-04    0.9999999960E+00    0.4023810312E-04    0.3476824769E-04    0.1000000000E+01    0.2849685070E-04    0.8200091674E-04    0.9999999963E+00    0.7541434942E-05   -0.4830411526E-04   -0.8686886583E+00    0.4953584688E+00    0.5765658334E-04    0.2265060154E-03    0.7924414164E+01
    0.1940000000E+00    0.2921559969E-04    0.8558372003E-04    0.9999999959E+00    0.4107768915E-04    0.3429226107E-04    0.1000000000E+01    0.3001389465E-04    0.8203441194E-04    0.9999999962E+00    0.7396140917E-05   -0.4858625371E-04   -0.8619143241E+00    0.5070539375E+00    0.5639749597E-04    0.2280694687E-03    0.7944890686E+01
    0.1945000000E+00    0.3085598461E-04    0.8560680886E-04    0.9999999959E+00    0.4191426154E-04    0.3379902608E-04    0.1000000000E+01    0.3154134308E-04    0.8204374910E-04    0.9999999962E+00    0.7249569689E-05   -0.4886933020E-04   -0.8549825391E+00    0.5186567799E+00    0.5511658757E-04    0.2296287627E-03    0.7965367208E+01
    0.1950000000E+00    0.3250679222E-04    0.8560202698E-04    0.9999999958E+00    0.4274750730E-04    0.3328848887E-04    0.1000000000E+01    0.3307888860E-04    0.8202858683E-04    0.9999999962E+00    0.7101714265E-05   -0.4915335448E-04   -0.8478945698E+00    0.5301648763E+00    0.5381376512E-04    0.2311836511E-03    0.7985843731E+01
    0.1955000000E+00    0.3416761061E-04    0.8556902552E-04    0.9999999958E+00    0.4357711064E-04    0.3276060060E-04    0.1000000000E+01    0.3462621562E-04    0.8198858581E-04    0.9999999961E+00    0.6952567466E-05   -0.4943833640E-04   -0.8406517108E+00    0.5415761245E+00    0.5248893751E-04    0.2327338853E-03    0.8006320253E+01
    0.1960000000E+00    0.3583801942E-04    0.8550746049E-04    0.9999999957E+00    0.4440275298E-04    0.3221531750E-04    0.1000000000E+01    0.3618300039E-04    0.8192340891E-04    0.9999999961E+00    0.6802121917E-05   -0.4972428590E-04   -0.8332552852E+00    0.5528884400E+00    0.5114201557E-04    0.2342792140E-03    0.8026796775E+01
    0.1965000000E+00    0.3751758980E-04    0.8541699296E-04    0.9999999957E+00    0.4522411305E-04    0.3165260100E-04    0.1000000000E+01    0.3774891088E-04    0.8183272138E-04    0.9999999960E+00    0.6650370049E-05   -0.5001121300E-04   -0.8257066443E+00    0.5640997563E+00    0.4977291211E-04    0.2358193837E-03    0.8047273298E+01
    0.1970000000E+00    0.3920588447E-04    0.8529728924E-04    0.9999999956E+00    0.4604086695E-04    0.3107241776E-04    0.1000000000E+01    0.3932360679E-04    0.8171619102E-04    0.9999999960E+00    0.6497304094E-05   -0.5029912784E-04   -0.8180071669E+00    0.5752080253E+00    0.4838154198E-04    0.2373541383E-03    0.8067749820E+01
    0.1975000000E+00    0.4090245776E-04    0.8514802105E-04    0.9999999956E+00    0.4685268824E-04    0.3047473976E-04    0.1000000000E+01    0.4090673949E-04    0.8157348837E-04    0.9999999959E+00    0.6342916083E-05   -0.5058804061E-04   -0.8101582595E+00    0.5862112179E+00    0.4696782206E-04    0.2388832193E-03    0.8088226342E+01
    0.1980000000E+00    0.4260685565E-04    0.8496886570E-04    0.9999999955E+00    0.4765924798E-04    0.2985954440E-04    0.1000000000E+01    0.4249795200E-04    0.8140428682E-04    0.9999999958E+00    0.6187197845E-05   -0.5087796161E-04   -0.8021613560E+00    0.5971073239E+00    0.4553167135E-04    0.2404063657E-03    0.8108702865E+01
    0.1985000000E+00    0.4431861581E-04    0.8475950627E-04    0.9999999955E+00    0.4846021485E-04    0.2922681455E-04    0.1000000000E+01    0.4409687896E-04    0.8120826286E-04    0.9999999958E+00    0.6030141003E-05   -0.5116890122E-04   -0.7940179172E+00    0.6078943531E+00    0.4407301095E-04    0.2419233142E-03    0.8129179387E+01
    0.1990000000E+00    0.4603726765E-04    0.8451963176E-04    0.9999999954E+00    0.4925525519E-04    0.2857653863E-04    0.1000000000E+01    0.4570314660E-04    0.8098509621E-04    0.9999999957E+00    0.5871736971E-05   -0.5146086989E-04   -0.7857294307E+00    0.6185703347E+00    0.4259176416E-04    0.2434337990E-03    0.8149655909E+01
    0.1995000000E+00    0.4776233236E-04    0.8424893732E-04    0.9999999953E+00    0.5004403312E-04    0.2790871068E-04    0.1000000000E+01    0.4731637270E-04    0.8073447004E-04    0.9999999957E+00    0.5711976956E-05   -0.5175387818E-04   -0.7772974106E+00    0.6291333187E+00    0.4108785647E-04    0.2449375518E-03    0.8170132432E+01
    0.2000000000E+00    0.4949332297E-04    0.8394712440E-04    0.9999999953E+00    0.5082621059E-04    0.2722333045E-04    0.1000000000E+01    0.4893616660E-04    0.8045607112E-04    0.9999999956E+00    0.5550851952E-05   -0.5204793670E-04   -0.7687233973E+00    0.6395813753E+00    0.3956121563E-04    0.2464343020E-03    0.8190608954E+01
    0.2005000000E+00    0.5122974444E-04    0.8361390091E-04    0.9999999952E+00    0.5160144747E-04    0.2652040346E-04    0.1000000000E+01    0.5056212917E-04    0.8014959002E-04    0.9999999956E+00    0.5388352740E-05   -0.5234305615E-04   -0.7600089570E+00    0.6499125961E+00    0.3801177165E-04    0.2479237765E-03    0.8211085476E+01
    0.2010000000E+00    0.5297109365E-04    0.8324898143E-04    0.9999999952E+00    0.5236940165E-04    0.2579994106E-04    0.1000000000E+01    0.5219385281E-04    0.7981472132E-04    0.9999999955E+00    0.5224469892E-05   -0.5263924730E-04   -0.7511556815E+00    0.6601250937E+00    0.3643945688E-04    0.2494056999E-03    0.8231561998E+01
    0.2015000000E+00    0.5471685953E-04    0.8285208737E-04    0.9999999951E+00    0.5312972911E-04    0.2506196052E-04    0.1000000000E+01    0.5383092141E-04    0.7945116376E-04    0.9999999955E+00    0.5059193753E-05   -0.5293652099E-04   -0.7421651883E+00    0.6702170025E+00    0.3484420604E-04    0.2508797944E-03    0.8252038521E+01
    0.2020000000E+00    0.5646652309E-04    0.8242294718E-04    0.9999999950E+00    0.5388208404E-04    0.2430648509E-04    0.1000000000E+01    0.5547291036E-04    0.7905862045E-04    0.9999999954E+00    0.4892514450E-05   -0.5323488815E-04   -0.7330391196E+00    0.6801864791E+00    0.3322595623E-04    0.2523457796E-03    0.8272515043E+01
    0.2025000000E+00    0.5821955752E-04    0.8196129647E-04    0.9999999950E+00    0.5462611887E-04    0.2353354407E-04    0.1000000000E+01    0.5711938658E-04    0.7863679906E-04    0.9999999953E+00    0.4724421888E-05   -0.5353435976E-04   -0.7237791425E+00    0.6900317022E+00    0.3158464700E-04    0.2538033731E-03    0.8292991565E+01
    0.2030000000E+00    0.5997542822E-04    0.8146687824E-04    0.9999999949E+00    0.5536148444E-04    0.2274317286E-04    0.1000000000E+01    0.5876990848E-04    0.7818541202E-04    0.9999999953E+00    0.4554905745E-05   -0.5383494687E-04   -0.7143869486E+00    0.6997508733E+00    0.2992022037E-04    0.2552522899E-03    0.8313468088E+01
    0.2035000000E+00    0.6173359293E-04    0.8093944304E-04    0.9999999948E+00    0.5608783003E-04    0.2193541307E-04    0.1000000000E+01    0.6042402597E-04    0.7770417674E-04    0.9999999952E+00    0.4383955475E-05   -0.5413666060E-04   -0.7048642537E+00    0.7093422170E+00    0.2823262088E-04    0.2566922427E-03    0.8333944610E+01
    0.2040000000E+00    0.6349350177E-04    0.8037874915E-04    0.9999999948E+00    0.5680480349E-04    0.2111031252E-04    0.1000000000E+01    0.6208128051E-04    0.7719281574E-04    0.9999999952E+00    0.4211560302E-05   -0.5443951214E-04   -0.6952127973E+00    0.7188039813E+00    0.2652179564E-04    0.2581229418E-03    0.8354421132E+01
    0.2045000000E+00    0.6525459736E-04    0.7978456274E-04    0.9999999947E+00    0.5751205134E-04    0.2026792535E-04    0.1000000000E+01    0.6374120508E-04    0.7665105694E-04    0.9999999951E+00    0.4037709222E-05   -0.5474351273E-04   -0.6854343425E+00    0.7281344375E+00    0.2478769432E-04    0.2595440953E-03    0.8374897654E+01
    0.2050000000E+00    0.6701631487E-04    0.7915665810E-04    0.9999999946E+00    0.5820921884E-04    0.1940831209E-04    0.1000000000E+01    0.6540332422E-04    0.7607863381E-04    0.9999999950E+00    0.3862390995E-05   -0.5504867367E-04   -0.6755306756E+00    0.7373318814E+00    0.2303026926E-04    0.2609554089E-03    0.8395374177E+01
    0.2055000000E+00    0.6877808216E-04    0.7849481776E-04    0.9999999946E+00    0.5889595013E-04    0.1853153966E-04    0.1000000000E+01    0.6706715407E-04    0.7547528556E-04    0.9999999950E+00    0.3685594149E-05   -0.5535500631E-04   -0.6655036057E+00    0.7463946328E+00    0.2124947547E-04    0.2623565860E-03    0.8415850699E+01
    0.2060000000E+00    0.7053931983E-04    0.7779883269E-04    0.9999999945E+00    0.5957188830E-04    0.1763768150E-04    0.1000000000E+01    0.6873220234E-04    0.7484075740E-04    0.9999999949E+00    0.3507306973E-05   -0.5566252208E-04   -0.6553549645E+00    0.7553210360E+00    0.1944527066E-04    0.2637473276E-03    0.8436327221E+01
    0.2065000000E+00    0.7229944133E-04    0.7706850247E-04    0.9999999944E+00    0.6023667551E-04    0.1672681758E-04    0.1000000000E+01    0.7039796841E-04    0.7417480069E-04    0.9999999948E+00    0.3327517517E-05   -0.5597123244E-04   -0.6450866059E+00    0.7641094605E+00    0.1761761530E-04    0.2651273328E-03    0.8456803744E+01
    0.2070000000E+00    0.7405785311E-04    0.7630363548E-04    0.9999999944E+00    0.6088995309E-04    0.1579903447E-04    0.1000000000E+01    0.7206394334E-04    0.7347717318E-04    0.9999999948E+00    0.3146213589E-05   -0.5628114890E-04   -0.6347004058E+00    0.7727583009E+00    0.1576647266E-04    0.2664962979E-03    0.8477280266E+01
    0.2075000000E+00    0.7581395464E-04    0.7550404906E-04    0.9999999943E+00    0.6153136167E-04    0.1485442542E-04    0.1000000000E+01    0.7372960987E-04    0.7274763921E-04    0.9999999947E+00    0.2963382755E-05   -0.5659228303E-04   -0.6241982614E+00    0.7812659772E+00    0.1389180883E-04    0.2678539174E-03    0.8497756788E+01
    0.2080000000E+00    0.7756713861E-04    0.7466956970E-04    0.9999999942E+00    0.6216054125E-04    0.1389309036E-04    0.1000000000E+01    0.7539444255E-04    0.7198596992E-04    0.9999999946E+00    0.2779012335E-05   -0.5690464644E-04   -0.6135820913E+00    0.7896309353E+00    0.1199359281E-04    0.2691998834E-03    0.8518233310E+01
    0.2085000000E+00    0.7931679098E-04    0.7380003318E-04    0.9999999942E+00    0.6277713133E-04    0.1291513599E-04    0.1000000000E+01    0.7705790771E-04    0.7119194345E-04    0.9999999946E+00    0.2593089403E-05   -0.5721825078E-04   -0.6028538346E+00    0.7978516471E+00    0.1007179647E-04    0.2705338856E-03    0.8538709833E+01
    0.2090000000E+00    0.8106229114E-04    0.7289528480E-04    0.9999999941E+00    0.6338077105E-04    0.1192067583E-04    0.1000000000E+01    0.7871946356E-04    0.7036534519E-04    0.9999999945E+00    0.2405600786E-05   -0.5753310775E-04   -0.5920154513E+00    0.8059266109E+00    0.8126394665E-05    0.2718556118E-03    0.8559186355E+01
    0.2095000000E+00    0.8280301201E-04    0.7195517948E-04    0.9999999940E+00    0.6397109925E-04    0.1090983026E-04    0.1000000000E+01    0.8037856025E-04    0.6950596796E-04    0.9999999944E+00    0.2216533066E-05   -0.5784922908E-04   -0.5810689212E+00    0.8138543515E+00    0.6157365248E-05    0.2731647474E-03    0.8579662877E+01
    0.2100000000E+00    0.8453832016E-04    0.7097958199E-04    0.9999999939E+00    0.6454775463E-04    0.9882726550E-05    0.1000000000E+01    0.8203463990E-04    0.6861361222E-04    0.9999999943E+00    0.2025872564E-05   -0.5816662654E-04   -0.5700162440E+00    0.8216334208E+00    0.4164689099E-05    0.2744609758E-03    0.8600139399E+01
    0.2105000000E+00    0.8626757595E-04    0.6996836708E-04    0.9999999939E+00    0.6511037585E-04    0.8839498946E-05    0.1000000000E+01    0.8368713671E-04    0.6768808629E-04    0.9999999943E+00    0.1833605349E-05   -0.5848531193E-04   -0.5588594387E+00    0.8292623978E+00    0.2148350178E-05    0.2757439780E-03    0.8620615922E+01
    0.2110000000E+00    0.8799013366E-04    0.6892141969E-04    0.9999999938E+00    0.6565860164E-04    0.7780288673E-05    0.1000000000E+01    0.8533547699E-04    0.6672920656E-04    0.9999999942E+00    0.1639717233E-05   -0.5880529709E-04   -0.5476005434E+00    0.8367398887E+00    0.1083355631E-06    0.2770134331E-03    0.8641092444E+01
    0.2115000000E+00    0.8970534164E-04    0.6783863507E-04    0.9999999937E+00    0.6619207093E-04    0.6705243998E-05    0.1000000000E+01    0.8697907929E-04    0.6573679773E-04    0.9999999941E+00    0.1444193772E-05   -0.5912659389E-04   -0.5362416149E+00    0.8440645277E+00   -0.1955364506E-05    0.2782690180E-03    0.8661568966E+01
    0.2120000000E+00    0.9141254242E-04    0.6671991896E-04    0.9999999936E+00    0.6671042299E-04    0.5614520264E-05    0.1000000000E+01    0.8861735445E-04    0.6471069298E-04    0.9999999940E+00    0.1247020260E-05   -0.5944921422E-04   -0.5247847282E+00    0.8512349767E+00   -0.4042756590E-05    0.2795104074E-03    0.8682045489E+01
    0.2125000000E+00    0.9311107289E-04    0.6556518778E-04    0.9999999935E+00    0.6721329750E-04    0.4508279929E-05    0.1000000000E+01    0.9024970569E-04    0.6365073423E-04    0.9999999940E+00    0.1048181732E-05   -0.5977316999E-04   -0.5132319761E+00    0.8582499258E+00   -0.6153844006E-05    0.2807372740E-03    0.8702522011E+01
    0.2130000000E+00    0.9480026441E-04    0.6437436878E-04    0.9999999935E+00    0.6770033474E-04    0.3386692602E-05    0.1000000000E+01    0.9187552871E-04    0.6255677234E-04    0.9999999939E+00    0.8476629599E-06   -0.6009847314E-04   -0.5015854690E+00    0.8651080936E+00   -0.8288626788E-05    0.2819492886E-03    0.8722998533E+01
    0.2135000000E+00    0.9647944299E-04    0.6314740016E-04    0.9999999934E+00    0.6817117567E-04    0.2249935079E-05    0.1000000000E+01    0.9349421180E-04    0.6142866729E-04    0.9999999938E+00    0.6454484506E-06   -0.6042513563E-04   -0.4898473345E+00    0.8718082273E+00   -0.1044710165E-04    0.2831461197E-03    0.8743475055E+01
    0.2140000000E+00    0.9814792943E-04    0.6188423131E-04    0.9999999933E+00    0.6862546207E-04    0.1098191371E-05    0.1000000000E+01    0.9510513594E-04    0.6026628846E-04    0.9999999937E+00    0.4415224445E-06   -0.6075316944E-04   -0.4780197168E+00    0.8783491029E+00   -0.1262926193E-04    0.2843274338E-03    0.8763951578E+01
    0.2145000000E+00    0.9980503950E-04    0.6058482288E-04    0.9999999932E+00    0.6906283667E-04   -0.6834726252E-07    0.1000000000E+01    0.9670767488E-04    0.5906951478E-04    0.9999999936E+00    0.2358689132E-06   -0.6108258654E-04   -0.4661047767E+00    0.8847295256E+00   -0.1483509757E-04    0.2854928957E-03    0.8784428100E+01
    0.2150000000E+00    0.1014500841E-03    0.5924914702E-04    0.9999999931E+00    0.6948294328E-04   -0.1249482284E-05    0.1000000000E+01    0.9830119529E-04    0.5783823498E-04    0.9999999936E+00    0.2847155791E-07   -0.6141339894E-04   -0.4541046905E+00    0.8909483298E+00   -0.1706459506E-04    0.2866421677E-03    0.8804904622E+01
    0.2155000000E+00    0.1030823693E-03    0.5787718745E-04    0.9999999930E+00    0.6988542692E-04   -0.2445007854E-05    0.1000000000E+01    0.9988505689E-04    0.5657234780E-04    0.9999999935E+00   -0.1806861925E-06   -0.6174561865E-04   -0.4420216505E+00    0.8970043794E+00   -0.1931773741E-04    0.2877749108E-03    0.8825381144E+01
    0.2160000000E+00    0.1047011968E-03    0.5646893969E-04    0.9999999929E+00    0.7026993396E-04   -0.3654710807E-05    0.1000000000E+01    0.1014586125E-03    0.5527176219E-04    0.9999999934E+00   -0.3916211828E-06   -0.6207925768E-04   -0.4298578639E+00    0.9028965682E+00   -0.2159450408E-04    0.2888907834E-03    0.8845857667E+01
    0.2165000000E+00    0.1063058638E-03    0.5502441117E-04    0.9999999929E+00    0.7063611222E-04   -0.4878370628E-05    0.1000000000E+01    0.1030212083E-03    0.5393639754E-04    0.9999999933E+00   -0.6043505323E-06   -0.6241432805E-04   -0.4176155528E+00    0.9086238199E+00   -0.2389487099E-04    0.2899894426E-03    0.8866334189E+01
    0.2170000000E+00    0.1078956633E-03    0.5354362137E-04    0.9999999928E+00    0.7098361116E-04   -0.6115759434E-05    0.1000000000E+01    0.1045721837E-03    0.5256618387E-04    0.9999999932E+00   -0.8188916357E-06   -0.6275084179E-04   -0.4052969535E+00    0.9141850882E+00   -0.2621881042E-04    0.2910705431E-03    0.8886810711E+01
    0.2175000000E+00    0.1094698843E-03    0.5202660200E-04    0.9999999927E+00    0.7131208197E-04   -0.7366641954E-05    0.1000000000E+01    0.1061108720E-03    0.5116106205E-04    0.9999999931E+00   -0.1035262163E-05   -0.6308881091E-04   -0.3929043164E+00    0.9195793572E+00   -0.2856629099E-04    0.2921337381E-03    0.8907287233E+01
    0.2180000000E+00    0.1110278121E-03    0.5047339711E-04    0.9999999926E+00    0.7162117773E-04   -0.8630775517E-05    0.1000000000E+01    0.1076366000E-03    0.4972098403E-04    0.9999999930E+00   -0.1253480060E-05   -0.6342824742E-04   -0.3804399052E+00    0.9248056415E+00   -0.3093727765E-04    0.2931786788E-03    0.8927763756E+01
    0.2185000000E+00    0.1125687282E-03    0.4888406326E-04    0.9999999925E+00    0.7191055354E-04   -0.9907910036E-05    0.1000000000E+01    0.1091486883E-03    0.4824591301E-04    0.9999999929E+00   -0.1473563563E-05   -0.6376916332E-04   -0.3679059970E+00    0.9298629863E+00   -0.3333173158E-04    0.2942050146E-03    0.8948240278E+01
    0.2190000000E+00    0.1140919107E-03    0.4725866965E-04    0.9999999924E+00    0.7217986665E-04   -0.1119778800E-04    0.1000000000E+01    0.1106464516E-03    0.4673582366E-04    0.9999999929E+00   -0.1695531185E-05   -0.6411157063E-04   -0.3553048813E+00    0.9347504679E+00   -0.3574961021E-04    0.2952123933E-03    0.8968716800E+01
    0.2195000000E+00    0.1155966343E-03    0.4559729823E-04    0.9999999923E+00    0.7242877664E-04   -0.1250014445E-04    0.1000000000E+01    0.1121291987E-03    0.4519070235E-04    0.9999999928E+00   -0.1919401727E-05   -0.6445548132E-04   -0.3426388601E+00    0.9394671934E+00   -0.3819086714E-04    0.2962004606E-03    0.8989193322E+01
    0.2200000000E+00    0.1170821710E-03    0.4390004389E-04    0.9999999922E+00    0.7265694550E-04   -0.1381470700E-04    0.1000000000E+01    0.1135962330E-03    0.4361054730E-04    0.9999999927E+00   -0.2145194272E-05   -0.6480090735E-04   -0.3299102471E+00    0.9440123011E+00   -0.4065545212E-04    0.2971688608E-03    0.9009669845E+01
    0.2205000000E+00    0.1185477896E-03    0.4216701454E-04    0.9999999921E+00    0.7286403781E-04   -0.1514119582E-04    0.1000000000E+01    0.1150468521E-03    0.4199536884E-04    0.9999999926E+00   -0.2372928190E-05   -0.6514786069E-04   -0.3171213675E+00    0.9483849609E+00   -0.4314331097E-04    0.2981172363E-03    0.9030146367E+01
    0.2210000000E+00    0.1199927563E-03    0.4039833127E-04    0.9999999920E+00    0.7304972090E-04   -0.1647932362E-04    0.1000000000E+01    0.1164803485E-03    0.4034518957E-04    0.9999999925E+00   -0.2602623139E-05   -0.6549635325E-04   -0.3042745577E+00    0.9525843738E+00   -0.4565438558E-04    0.2990452280E-03    0.9050622889E+01
    0.2215000000E+00    0.1214163351E-03    0.3859412846E-04    0.9999999919E+00    0.7321366494E-04   -0.1782879567E-04    0.1000000000E+01    0.1178960094E-03    0.3866004458E-04    0.9999999924E+00   -0.2834299065E-05   -0.6584639696E-04   -0.2913721643E+00    0.9566097729E+00   -0.4818861386E-04    0.2999524749E-03    0.9071099411E+01
    0.2220000000E+00    0.1228177874E-03    0.3675455391E-04    0.9999999918E+00    0.7335554314E-04   -0.1918930980E-04    0.1000000000E+01    0.1192931172E-03    0.3693998162E-04    0.9999999923E+00   -0.3067976207E-05   -0.6619800367E-04   -0.2784165443E+00    0.9604604227E+00   -0.5074592969E-04    0.3008386148E-03    0.9091575933E+01
    0.2225000000E+00    0.1241963729E-03    0.3487976898E-04    0.9999999917E+00    0.7347503186E-04   -0.2056055641E-04    0.1000000000E+01    0.1206709496E-03    0.3518506133E-04    0.9999999922E+00   -0.3303675093E-05   -0.6655118526E-04   -0.2654100644E+00    0.9641356198E+00   -0.5332626288E-04    0.3017032835E-03    0.9112052456E+01
    0.2230000000E+00    0.1255513495E-03    0.3296994866E-04    0.9999999916E+00    0.7357181079E-04   -0.2194221845E-04    0.1000000000E+01    0.1220287797E-03    0.3339535740E-04    0.9999999921E+00   -0.3541416547E-05   -0.6690595352E-04   -0.2523551005E+00    0.9676346928E+00   -0.5592953912E-04    0.3025461155E-03    0.9132528978E+01
    0.2235000000E+00    0.1268819732E-03    0.3102528174E-04    0.9999999915E+00    0.7364556304E-04   -0.2333397148E-04    0.1000000000E+01    0.1233658762E-03    0.3157095676E-04    0.9999999920E+00   -0.3781221686E-05   -0.6726232025E-04   -0.2392540376E+00    0.9709570026E+00   -0.5855567998E-04    0.3033667437E-03    0.9153005500E+01
    0.2240000000E+00    0.1281874990E-03    0.2904597089E-04    0.9999999914E+00    0.7369597535E-04   -0.2473548362E-04    0.1000000000E+01    0.1246815038E-03    0.2971195979E-04    0.9999999918E+00   -0.4023111926E-05   -0.6762029718E-04   -0.2261092688E+00    0.9741019423E+00   -0.6120460280E-04    0.3041647995E-03    0.9173482022E+01
    0.2245000000E+00    0.1294671806E-03    0.2703223276E-04    0.9999999913E+00    0.7372273821E-04   -0.2614641564E-04    0.1000000000E+01    0.1259749232E-03    0.2781848049E-04    0.9999999917E+00   -0.4267108979E-05   -0.6797989602E-04   -0.2129231953E+00    0.9770689373E+00   -0.6387622073E-04    0.3049399130E-03    0.9193958545E+01
    0.2250000000E+00    0.1307202710E-03    0.2498429813E-04    0.9999999912E+00    0.7372554601E-04   -0.2756642091E-04    0.1000000000E+01    0.1272453915E-03    0.2589064663E-04    0.9999999916E+00   -0.4513234854E-05   -0.6834112843E-04   -0.1996982259E+00    0.9798574457E+00   -0.6657044262E-04    0.3056917127E-03    0.9214435067E+01
    0.2255000000E+00    0.1319460224E-03    0.2290241194E-04    0.9999999911E+00    0.7370409719E-04   -0.2899514548E-04    0.1000000000E+01    0.1284921622E-03    0.2392859999E-04    0.9999999915E+00   -0.4761511860E-05   -0.6870400602E-04   -0.1864367766E+00    0.9824669580E+00   -0.6928717301E-04    0.3064198257E-03    0.9234911589E+01
    0.2260000000E+00    0.1331436866E-03    0.2078683348E-04    0.9999999909E+00    0.7365809439E-04   -0.3043222805E-04    0.1000000000E+01    0.1297144858E-03    0.2193249648E-04    0.9999999914E+00   -0.5011962601E-05   -0.6906854034E-04   -0.1731412698E+00    0.9848969976E+00   -0.7202631209E-04    0.3071238780E-03    0.9255388111E+01
    0.2265000000E+00    0.1343125152E-03    0.1863783641E-04    0.9999999908E+00    0.7358724461E-04   -0.3187730005E-04    0.1000000000E+01    0.1309116096E-03    0.1990250634E-04    0.9999999913E+00   -0.5264609983E-05   -0.6943474291E-04   -0.1598141344E+00    0.9871471206E+00   -0.7478775563E-04    0.3078034940E-03    0.9275864633E+01
    0.2270000000E+00    0.1354517602E-03    0.1645570887E-04    0.9999999907E+00    0.7349125937E-04   -0.3332998562E-04    0.1000000000E+01    0.1320827783E-03    0.1783881429E-04    0.9999999912E+00   -0.5519477221E-05   -0.6980262518E-04   -0.1464578047E+00    0.9892169158E+00   -0.7757139500E-04    0.3084582971E-03    0.9296341156E+01
    0.2275000000E+00    0.1365606734E-03    0.1424075358E-04    0.9999999906E+00    0.7336985482E-04   -0.3478990168E-04    0.1000000000E+01    0.1332272339E-03    0.1574161971E-04    0.9999999911E+00   -0.5776587830E-05   -0.7017219854E-04   -0.1330747209E+00    0.9911060053E+00   -0.8037711708E-04    0.3090879092E-03    0.9316817678E+01
    0.2280000000E+00    0.1376385077E-03    0.1199328794E-04    0.9999999905E+00    0.7322275194E-04   -0.3625665794E-04    0.1000000000E+01    0.1343442164E-03    0.1361113677E-04    0.9999999909E+00   -0.6035965633E-05   -0.7054347432E-04   -0.1196673275E+00    0.9928140439E+00   -0.8320480424E-04    0.3096919512E-03    0.9337294200E+01
    0.2285000000E+00    0.1386845165E-03    0.9713644067E-05    0.9999999904E+00    0.7304967666E-04   -0.3772985696E-04    0.1000000000E+01    0.1354329636E-03    0.1144759464E-04    0.9999999908E+00   -0.6297634755E-05   -0.7091646378E-04   -0.1062380738E+00    0.9943407196E+00   -0.8605433428E-04    0.3102700426E-03    0.9357770722E+01
    0.2290000000E+00    0.1396979544E-03    0.7402168902E-05    0.9999999902E+00    0.7285036003E-04   -0.3920909417E-04    0.1000000000E+01    0.1364927116E-03    0.9251237582E-05    0.9999999907E+00   -0.6561619630E-05   -0.7129117813E-04   -0.9278941302E-01    0.9956857535E+00   -0.8892558042E-04    0.3108218021E-03    0.9378247244E+01
    0.2295000000E+00    0.1406780775E-03    0.5059224273E-05    0.9999999901E+00    0.7262453838E-04   -0.4069395793E-04    0.1000000000E+01    0.1375226953E-03    0.7022325147E-05    0.9999999906E+00   -0.6827944995E-05   -0.7166762848E-04   -0.7932380188E-01    0.9968488999E+00   -0.9181841123E-04    0.3113468471E-03    0.9398723767E+01
    0.2300000000E+00    0.1416241432E-03    0.2685186967E-05    0.9999999900E+00    0.7237195343E-04   -0.4218402956E-04    0.1000000000E+01    0.1385221480E-03    0.4761132289E-05    0.9999999905E+00   -0.7096635900E-05   -0.7204582589E-04   -0.6584370021E-01    0.9978299464E+00   -0.9473269062E-04    0.3118447940E-03    0.9419200289E+01
    0.2305000000E+00    0.1425354110E-03    0.2804487904E-06    0.9999999899E+00    0.7209235253E-04   -0.4367888343E-04    0.1000000000E+01    0.1394903023E-03    0.2467949519E-05    0.9999999903E+00   -0.7367717700E-05   -0.7242578133E-04   -0.5235157050E-01    0.9986287137E+00   -0.9766827775E-04    0.3123152582E-03    0.9439676811E+01
    0.2310000000E+00    0.1434111427E-03   -0.2154583368E-05    0.9999999897E+00    0.7178548870E-04   -0.4517808693E-04    0.1000000000E+01    0.1404263902E-03    0.1430830348E-06    0.9999999902E+00   -0.7641216064E-05   -0.7280750569E-04   -0.3884987744E-01    0.9992450559E+00   -0.1006250271E-03    0.3127578542E-03    0.9460153333E+01
    0.2315000000E+00    0.1442506022E-03   -0.4619487483E-05    0.9999999896E+00    0.7145112089E-04   -0.4668120064E-04    0.1000000000E+01    0.1413296433E-03   -0.2213145143E-05    0.9999999901E+00   -0.7917156970E-05   -0.7319100978E-04   -0.2534108746E-01    0.9996788604E+00   -0.1036027882E-03    0.3131721954E-03    0.9480629855E+01
    0.2320000000E+00    0.1450530563E-03   -0.7113826339E-05    0.9999999895E+00    0.7108901405E-04   -0.4818777826E-04    0.1000000000E+01    0.1421992931E-03   -0.4600397050E-05    0.9999999899E+00   -0.8195566711E-05   -0.7357630432E-04   -0.1182766828E-01    0.9999300479E+00   -0.1066014060E-03    0.3135578945E-03    0.9501106378E+01
    0.2325000000E+00    0.1458177747E-03   -0.9637147486E-05    0.9999999893E+00    0.7069893935E-04   -0.4969736680E-04    0.1000000000E+01    0.1430345713E-03   -0.7018318650E-05    0.9999999898E+00   -0.8476471891E-05   -0.7396339995E-04    0.1687911529E-02    0.9999985727E+00   -0.1096207203E-03    0.3139145634E-03    0.9521582900E+01
    0.2330000000E+00    0.1465440305E-03   -0.1218898319E-04    0.9999999892E+00    0.7028067429E-04   -0.5120950654E-04    0.1000000000E+01    0.1438347104E-03   -0.9466539727E-05    0.9999999897E+00   -0.8759899429E-05   -0.7435230719E-04    0.1520318300E-01    0.9998844221E+00   -0.1126605663E-03    0.3142418130E-03    0.9542059422E+01
    0.2335000000E+00    0.1472311001E-03   -0.1476885041E-04    0.9999999891E+00    0.6983400287E-04   -0.5272373115E-04    0.1000000000E+01    0.1445989433E-03   -0.1194467376E-04    0.9999999895E+00   -0.9045876559E-05   -0.7474303650E-04    0.2871567721E-01    0.9995876171E+00   -0.1157207739E-03    0.3145392536E-03    0.9562535944E+01
    0.2340000000E+00    0.1478782640E-03   -0.1737625075E-04    0.9999999889E+00    0.6935871573E-04   -0.5423956776E-04    0.1000000000E+01    0.1453265045E-03   -0.1445231784E-04    0.9999999894E+00   -0.9334430825E-05   -0.7513559821E-04    0.4222292578E-01    0.9991082118E+00   -0.1188011682E-03    0.3148064948E-03    0.9583012466E+01
    0.2345000000E+00    0.1484848066E-03   -0.2001067044E-04    0.9999999888E+00    0.6885461032E-04   -0.5575653701E-04    0.1000000000E+01    0.1460166296E-03   -0.1698905255E-04    0.9999999893E+00   -0.9625590083E-05   -0.7553000256E-04    0.5572246124E-01    0.9984462938E+00   -0.1219015694E-03    0.3150431455E-03    0.9603488988E+01
    0.2350000000E+00    0.1490500168E-03   -0.2267158029E-04    0.9999999887E+00    0.6832149107E-04   -0.5727415316E-04    0.1000000000E+01    0.1466685563E-03   -0.1955444186E-04    0.9999999891E+00   -0.9919382510E-05   -0.7592625969E-04    0.6921181757E-01    0.9976019840E+00   -0.1250217923E-03    0.3152488140E-03    0.9623965511E+01
    0.2355000000E+00    0.1495731882E-03   -0.2535843570E-04    0.9999999885E+00    0.6775916949E-04   -0.5879192413E-04    0.1000000000E+01    0.1472815241E-03   -0.2214803307E-04    0.9999999890E+00   -0.1021583660E-04   -0.7632437961E-04    0.8268853059E-01    0.9965754367E+00   -0.1281616470E-03    0.3154231081E-03    0.9644442033E+01
    0.2360000000E+00    0.1500536193E-03   -0.2807067664E-04    0.9999999884E+00    0.6716746434E-04   -0.6030935161E-04    0.1000000000E+01    0.1478547751E-03   -0.2476935669E-04    0.9999999888E+00   -0.1051498117E-04   -0.7672437225E-04    0.9615013843E-01    0.9953668394E+00   -0.1313209382E-03    0.3155656351E-03    0.9664918555E+01
    0.2365000000E+00    0.1504906139E-03   -0.3080772763E-04    0.9999999882E+00    0.6654620183E-04   -0.6182593114E-04    0.1000000000E+01    0.1483875542E-03   -0.2741792639E-04    0.9999999887E+00   -0.1081684535E-04   -0.7712624739E-04    0.1095941820E+00    0.9939764128E+00   -0.1344994654E-03    0.3156760017E-03    0.9685395077E+01
    0.2370000000E+00    0.1508834815E-03   -0.3356899772E-04    0.9999999881E+00    0.6589521570E-04   -0.6334115219E-04    0.1000000000E+01    0.1488791091E-03   -0.3009323890E-04    0.9999999885E+00   -0.1112145858E-04   -0.7753001470E-04    0.1230182054E+00    0.9924044110E+00   -0.1376970231E-03    0.3157538142E-03    0.9705871599E+01
    0.2375000000E+00    0.1512315373E-03   -0.3635388053E-04    0.9999999879E+00    0.6521434740E-04   -0.6485449828E-04    0.1000000000E+01    0.1493286913E-03   -0.3279477397E-04    0.9999999884E+00   -0.1142885064E-04   -0.7793568375E-04    0.1364197563E+00    0.9906511212E+00   -0.1409134004E-03    0.3157986787E-03    0.9726348121E+01
    0.2380000000E+00    0.1515341028E-03   -0.3916175423E-04    0.9999999878E+00    0.6450344627E-04   -0.6636544704E-04    0.1000000000E+01    0.1497355559E-03   -0.3552199430E-04    0.9999999882E+00   -0.1173905161E-04   -0.7834326397E-04    0.1497963867E+00    0.9887168635E+00   -0.1441483811E-03    0.3158102009E-03    0.9746824644E+01
    0.2385000000E+00    0.1517905059E-03   -0.4199198156E-04    0.9999999876E+00    0.6376236964E-04   -0.6787347032E-04    0.1000000000E+01    0.1500989619E-03   -0.3827434546E-04    0.9999999881E+00   -0.1205209190E-04   -0.7875276464E-04    0.1631456530E+00    0.9866019915E+00   -0.1474017438E-03    0.3157879862E-03    0.9767301166E+01
    0.2390000000E+00    0.1520000815E-03   -0.4484390985E-04    0.9999999875E+00    0.6299098300E-04   -0.6937803431E-04    0.1000000000E+01    0.1504181732E-03   -0.4105125589E-04    0.9999999879E+00   -0.1236800222E-04   -0.7916419494E-04    0.1764651165E+00    0.9843068913E+00   -0.1506732616E-03    0.3157316399E-03    0.9787777688E+01
    0.2395000000E+00    0.1521621713E-03   -0.4771687101E-04    0.9999999873E+00    0.6218916015E-04   -0.7087859961E-04    0.1000000000E+01    0.1506924580E-03   -0.4385213683E-04    0.9999999877E+00   -0.1268681363E-04   -0.7957756391E-04    0.1897523441E+00    0.9818319823E+00   -0.1539627023E-03    0.3156407669E-03    0.9808254210E+01
    0.2400000000E+00    0.1522761244E-03   -0.5061018160E-04    0.9999999872E+00    0.6135678334E-04   -0.7237462139E-04    0.1000000000E+01    0.1509210901E-03   -0.4667638226E-04    0.9999999876E+00   -0.1300855751E-04   -0.7999288043E-04    0.2030049087E+00    0.9791777165E+00   -0.1572698283E-03    0.3155149722E-03    0.9828730732E+01
    0.2405000000E+00    0.1523412980E-03   -0.5352314285E-04    0.9999999870E+00    0.6049374340E-04   -0.7386554943E-04    0.1000000000E+01    0.1511033485E-03   -0.4952336893E-04    0.9999999874E+00   -0.1333326553E-04   -0.8041015325E-04    0.2162203891E+00    0.9763445789E+00   -0.1605943964E-03    0.3153538608E-03    0.9849207254E+01
    0.2410000000E+00    0.1523570568E-03   -0.5645504066E-04    0.9999999868E+00    0.5959993993E-04   -0.7535082830E-04    0.1000000000E+01    0.1512385183E-03   -0.5239245629E-04    0.9999999873E+00   -0.1366096972E-04   -0.8082939099E-04    0.2293963714E+00    0.9733330869E+00   -0.1639361582E-03    0.3151570376E-03    0.9869683776E+01
    0.2415000000E+00    0.1523227742E-03   -0.5940514572E-04    0.9999999867E+00    0.5867528141E-04   -0.7682989745E-04    0.1000000000E+01    0.1513258906E-03   -0.5528298649E-04    0.9999999871E+00   -0.1399170240E-04   -0.8125060210E-04    0.2425304486E+00    0.9701437907E+00   -0.1672948594E-03    0.3149241075E-03    0.9890160299E+01
    0.2420000000E+00    0.1522378320E-03   -0.6237271347E-04    0.9999999865E+00    0.5771968531E-04   -0.7830219131E-04    0.1000000000E+01    0.1513647633E-03   -0.5819428437E-04    0.9999999869E+00   -0.1432549625E-04   -0.8167379488E-04    0.2556202214E+00    0.9667772730E+00   -0.1706702404E-03    0.3146546757E-03    0.9910636821E+01
    0.2425000000E+00    0.1521016212E-03   -0.6535698423E-04    0.9999999863E+00    0.5673307832E-04   -0.7976713947E-04    0.1000000000E+01    0.1513544411E-03   -0.6112565748E-04    0.9999999867E+00   -0.1466238424E-04   -0.8209897749E-04    0.2686632986E+00    0.9632341486E+00   -0.1740620359E-03    0.3143483474E-03    0.9931113343E+01
    0.2430000000E+00    0.1519135419E-03   -0.6835718323E-04    0.9999999862E+00    0.5571539641E-04   -0.8122416674E-04    0.1000000000E+01    0.1512942363E-03   -0.6407639606E-04    0.9999999866E+00   -0.1500239966E-04   -0.8252615792E-04    0.2816572976E+00    0.9595150649E+00   -0.1774699750E-03    0.3140047282E-03    0.9951589865E+01
    0.2435000000E+00    0.1516730039E-03   -0.7137252066E-04    0.9999999860E+00    0.5466658499E-04   -0.8267269335E-04    0.1000000000E+01    0.1511834687E-03   -0.6704577306E-04    0.9999999864E+00   -0.1534557614E-04   -0.8295534401E-04    0.2945998446E+00    0.9556207011E+00   -0.1808937811E-03    0.3136234237E-03    0.9972066387E+01
    0.2440000000E+00    0.1513794266E-03   -0.7440219177E-04    0.9999999858E+00    0.5358659906E-04   -0.8411213500E-04    0.1000000000E+01    0.1510214662E-03   -0.7003304417E-04    0.9999999862E+00   -0.1569194763E-04   -0.8338654341E-04    0.3074885755E+00    0.9515517688E+00   -0.1843331719E-03    0.3132040402E-03    0.9992542909E+01
    0.2445000000E+00    0.1510322401E-03   -0.7744537693E-04    0.9999999856E+00    0.5247540335E-04   -0.8554190307E-04    0.1000000000E+01    0.1508075653E-03   -0.7303744783E-04    0.9999999860E+00   -0.1604154841E-04   -0.8381976362E-04    0.3203211357E+00    0.9473090112E+00   -0.1877878595E-03    0.3127461841E-03    0.1001301943E+02
    0.2450000000E+00    0.1506308846E-03   -0.8050124171E-04    0.9999999854E+00    0.5133297241E-04   -0.8696140474E-04    0.1000000000E+01    0.1505411111E-03   -0.7605820528E-04    0.9999999858E+00   -0.1639441307E-04   -0.8425501197E-04    0.3330951811E+00    0.9428932034E+00   -0.1912575502E-03    0.3122494626E-03    0.1003349595E+02
    0.2455000000E+00    0.1501748115E-03   -0.8356893701E-04    0.9999999853E+00    0.5015929082E-04   -0.8837004310E-04    0.1000000000E+01    0.1502214581E-03   -0.7909452059E-04    0.9999999857E+00   -0.1675057653E-04   -0.8469229562E-04    0.3458083780E+00    0.9383051520E+00   -0.1947419443E-03    0.3117134832E-03    0.1005397248E+02
    0.2460000000E+00    0.1496634831E-03   -0.8664759909E-04    0.9999999851E+00    0.4895435323E-04   -0.8976721734E-04    0.1000000000E+01    0.1498479704E-03   -0.8214558074E-04    0.9999999855E+00   -0.1711007403E-04   -0.8513162152E-04    0.3584584043E+00    0.9335456951E+00   -0.1982407366E-03    0.3111378539E-03    0.1007444900E+02
    0.2465000000E+00    0.1490963733E-03   -0.8973634974E-04    0.9999999849E+00    0.4771816457E-04   -0.9115232288E-04    0.1000000000E+01    0.1494200220E-03   -0.8521055564E-04    0.9999999853E+00   -0.1747294114E-04   -0.8557299648E-04    0.3710429489E+00    0.9286157022E+00   -0.2017536159E-03    0.3105221837E-03    0.1009492552E+02
    0.2470000000E+00    0.1484729679E-03   -0.9283429633E-04    0.9999999847E+00    0.4645074011E-04   -0.9252475150E-04    0.1000000000E+01    0.1489369975E-03   -0.8828859823E-04    0.9999999851E+00   -0.1783921376E-04   -0.8601642710E-04    0.3835597131E+00    0.9235160739E+00   -0.2052802651E-03    0.3098660819E-03    0.1011540204E+02
    0.2475000000E+00    0.1477927648E-03   -0.9594053198E-04    0.9999999845E+00    0.4515210565E-04   -0.9388389155E-04    0.1000000000E+01    0.1483982919E-03   -0.9137884454E-04    0.9999999849E+00   -0.1820892809E-04   -0.8646191979E-04    0.3960064102E+00    0.9182477418E+00   -0.2088203611E-03    0.3091691590E-03    0.1013587856E+02
    0.2480000000E+00    0.1470552741E-03   -0.9905413562E-04    0.9999999843E+00    0.4382229757E-04   -0.9522912806E-04    0.1000000000E+01    0.1478033117E-03   -0.9448041374E-04    0.9999999847E+00   -0.1858212066E-04   -0.8690948079E-04    0.4083807666E+00    0.9128116682E+00   -0.2123735752E-03    0.3084310260E-03    0.1015635509E+02
    0.2485000000E+00    0.1462600191E-03   -0.1021741722E-03    0.9999999841E+00    0.4246136304E-04   -0.9655984291E-04    0.1000000000E+01    0.1471514746E-03   -0.9759240830E-04    0.9999999845E+00   -0.1895882835E-04   -0.8735911611E-04    0.4206805219E+00    0.9072088462E+00   -0.2159395724E-03    0.3076512949E-03    0.1017683161E+02
    0.2490000000E+00    0.1454065358E-03   -0.1052996926E-03    0.9999999839E+00    0.4106936006E-04   -0.9787541502E-04    0.1000000000E+01    0.1464422106E-03   -0.1007139140E-03    0.9999999843E+00   -0.1933908834E-04   -0.8781083159E-04    0.4329034290E+00    0.9014402992E+00   -0.2195180118E-03    0.3068295789E-03    0.1019730813E+02
    0.2495000000E+00    0.1444943738E-03   -0.1084297343E-03    0.9999999837E+00    0.3964635761E-04   -0.9917522047E-04    0.1000000000E+01    0.1456749617E-03   -0.1038440002E-03    0.9999999841E+00   -0.1972293814E-04   -0.8826463287E-04    0.4450472553E+00    0.8955070811E+00   -0.2231085467E-03    0.3059654919E-03    0.1021778465E+02
    0.2500000000E+00    0.1435230964E-03   -0.1115633207E-03    0.9999999835E+00    0.3819243578E-04   -0.1004586327E-03    0.1000000000E+01    0.1448491827E-03   -0.1069817196E-03    0.9999999839E+00   -0.2011041558E-04   -0.8872052535E-04    0.4571097823E+00    0.8894102758E+00   -0.2267108240E-03    0.3050586492E-03    0.1023826117E+02
    0.2505000000E+00    0.1424922810E-03   -0.1146994621E-03    0.9999999833E+00    0.3670768586E-04   -0.1017250228E-03    0.1000000000E+01    0.1439643416E-03   -0.1101261089E-03    0.9999999836E+00   -0.2050155882E-04   -0.8917851427E-04    0.4690888065E+00    0.8831509968E+00   -0.2303244847E-03    0.3041086671E-03    0.1025873770E+02
    0.2510000000E+00    0.1414015192E-03   -0.1178371553E-03    0.9999999831E+00    0.3519221046E-04   -0.1029737594E-03    0.1000000000E+01    0.1430199198E-03   -0.1132761885E-03    0.9999999834E+00   -0.2089640634E-04   -0.8963860462E-04    0.4809821396E+00    0.8767303878E+00   -0.2339491639E-03    0.3031151631E-03    0.1027921422E+02
    0.2515000000E+00    0.1402504175E-03   -0.1209753841E-03    0.9999999829E+00    0.3364612361E-04   -0.1042042091E-03    0.1000000000E+01    0.1420154125E-03   -0.1164309626E-03    0.9999999832E+00   -0.2129499693E-04   -0.9010080119E-04    0.4927876091E+00    0.8701496215E+00   -0.2375844901E-03    0.3020777563E-03    0.1029969074E+02
    0.2520000000E+00    0.1390385972E-03   -0.1241131192E-03    0.9999999827E+00    0.3206955089E-04   -0.1054157366E-03    0.1000000000E+01    0.1409503293E-03   -0.1195894198E-03    0.9999999830E+00   -0.2169736970E-04   -0.9056510855E-04    0.5045030582E+00    0.8634099001E+00   -0.2412300862E-03    0.3009960669E-03    0.1032016726E+02
    0.2525000000E+00    0.1377656949E-03   -0.1272493186E-03    0.9999999824E+00    0.3046262951E-04   -0.1066077048E-03    0.1000000000E+01    0.1398241945E-03   -0.1227505329E-03    0.9999999828E+00   -0.2210356411E-04   -0.9103153105E-04    0.5161263470E+00    0.8565124548E+00   -0.2448855684E-03    0.2998697166E-03    0.1034064378E+02
    0.2530000000E+00    0.1364313630E-03   -0.1303829276E-03    0.9999999822E+00    0.2882550841E-04   -0.1077794751E-03    0.1000000000E+01    0.1386365472E-03   -0.1259132590E-03    0.9999999825E+00   -0.2251361993E-04   -0.9150007281E-04    0.5276553521E+00    0.8494585455E+00   -0.2485505472E-03    0.2986983289E-03    0.1036112031E+02
    0.2535000000E+00    0.1350352696E-03   -0.1335128793E-03    0.9999999820E+00    0.2715834838E-04   -0.1089304075E-03    0.1000000000E+01    0.1373869422E-03   -0.1290765400E-03    0.9999999823E+00   -0.2292757723E-04   -0.9197073773E-04    0.5390879674E+00    0.8422494609E+00   -0.2522246265E-03    0.2974815284E-03    0.1038159683E+02
    0.2540000000E+00    0.1335770993E-03   -0.1366380943E-03    0.9999999818E+00    0.2546132213E-04   -0.1100598608E-03    0.1000000000E+01    0.1360749500E-03   -0.1322393024E-03    0.9999999821E+00   -0.2334547644E-04   -0.9244352946E-04    0.5504221045E+00    0.8348865179E+00   -0.2559074043E-03    0.2962189419E-03    0.1040207335E+02
    0.2545000000E+00    0.1320565530E-03   -0.1397574812E-03    0.9999999815E+00    0.2373461441E-04   -0.1111671930E-03    0.1000000000E+01    0.1347001572E-03   -0.1354004579E-03    0.9999999818E+00   -0.2376735828E-04   -0.9291845144E-04    0.5616556929E+00    0.8273710615E+00   -0.2595984719E-03    0.2949101975E-03    0.1042254987E+02
    0.2550000000E+00    0.1304733487E-03   -0.1428699371E-03    0.9999999813E+00    0.2197842208E-04   -0.1122517611E-03    0.1000000000E+01    0.1332621673E-03   -0.1385589032E-03    0.9999999816E+00   -0.2419326380E-04   -0.9339550684E-04    0.5727866805E+00    0.8197044646E+00   -0.2632974147E-03    0.2935549255E-03    0.1044302639E+02
    0.2555000000E+00    0.1288272213E-03   -0.1459743473E-03    0.9999999811E+00    0.2019295420E-04   -0.1133129217E-03    0.1000000000E+01    0.1317606005E-03   -0.1417135206E-03    0.9999999813E+00   -0.2462323437E-04   -0.9387469862E-04    0.5838130340E+00    0.8118881277E+00   -0.2670038117E-03    0.2921527578E-03    0.1046350292E+02
    0.2560000000E+00    0.1271179233E-03   -0.1490695856E-03    0.9999999808E+00    0.1837843211E-04   -0.1143500310E-03    0.1000000000E+01    0.1301950946E-03   -0.1448631777E-03    0.9999999811E+00   -0.2505731167E-04   -0.9435602947E-04    0.5947327391E+00    0.8039234787E+00   -0.2707172355E-03    0.2907033284E-03    0.1048397944E+02
    0.2565000000E+00    0.1253452251E-03   -0.1521545149E-03    0.9999999806E+00    0.1653508955E-04   -0.1153624451E-03    0.1000000000E+01    0.1285653048E-03   -0.1480067282E-03    0.9999999808E+00   -0.2549553771E-04   -0.9483950185E-04    0.6055438010E+00    0.7958119724E+00   -0.2744372524E-03    0.2892062734E-03    0.1050445596E+02
    0.2570000000E+00    0.1235089149E-03   -0.1552279871E-03    0.9999999804E+00    0.1466317267E-04   -0.1163495199E-03    0.1000000000E+01    0.1268709047E-03   -0.1511430117E-03    0.9999999806E+00   -0.2593795482E-04   -0.9532511796E-04    0.6162442448E+00    0.7875550907E+00   -0.2781634223E-03    0.2876612308E-03    0.1052493248E+02
    0.2575000000E+00    0.1216087994E-03   -0.1582888434E-03    0.9999999801E+00    0.1276294018E-04   -0.1173106118E-03    0.1000000000E+01    0.1251115864E-03   -0.1542708543E-03    0.9999999803E+00   -0.2638460565E-04   -0.9581287973E-04    0.6268321159E+00    0.7791543420E+00   -0.2818952987E-03    0.2860678412E-03    0.1054540900E+02
    0.2580000000E+00    0.1196447041E-03   -0.1613359147E-03    0.9999999799E+00    0.1083466335E-04   -0.1182450778E-03    0.1000000000E+01    0.1232870607E-03   -0.1573890684E-03    0.9999999801E+00   -0.2683553316E-04   -0.9630278884E-04    0.6373054800E+00    0.7706112607E+00   -0.2856324290E-03    0.2844257470E-03    0.1056588553E+02
    0.2585000000E+00    0.1176164733E-03   -0.1643680218E-03    0.9999999796E+00    0.8878626140E-05   -0.1191522753E-03    0.1000000000E+01    0.1213970579E-03   -0.1604964535E-03    0.9999999798E+00   -0.2729078062E-04   -0.9679484674E-04    0.6476624240E+00    0.7619274076E+00   -0.2893743538E-03    0.2827345933E-03    0.1058636205E+02
    0.2590000000E+00    0.1155239704E-03   -0.1673839753E-03    0.9999999794E+00    0.6895125229E-05   -0.1200315628E-03    0.1000000000E+01    0.1194413276E-03   -0.1635917959E-03    0.9999999795E+00   -0.2775039164E-04   -0.9728905455E-04    0.6579010559E+00    0.7531043689E+00   -0.2931206074E-03    0.2809940276E-03    0.1060683857E+02
    0.2595000000E+00    0.1133670787E-03   -0.1703825764E-03    0.9999999791E+00    0.4884470088E-05   -0.1208822999E-03    0.1000000000E+01    0.1174196396E-03   -0.1666738694E-03    0.9999999793E+00   -0.2821441012E-04   -0.9778541319E-04    0.6680195052E+00    0.7441437564E+00   -0.2968707177E-03    0.2792036996E-03    0.1062731509E+02
    0.2600000000E+00    0.1111457010E-03   -0.1733626171E-03    0.9999999788E+00    0.2846983038E-05   -0.1217038478E-03    0.1000000000E+01    0.1153317840E-03   -0.1697414355E-03    0.9999999790E+00   -0.2868288029E-04   -0.9828392326E-04    0.6780159238E+00    0.7350472071E+00   -0.3006242061E-03    0.2773632621E-03    0.1064779161E+02
    0.2605000000E+00    0.1088597603E-03   -0.1763228802E-03    0.9999999786E+00    0.7829993090E-06   -0.1224955689E-03    0.1000000000E+01    0.1131775716E-03   -0.1727932436E-03    0.9999999787E+00   -0.2915584667E-04   -0.9878458510E-04    0.6878884853E+00    0.7258163825E+00   -0.3043805876E-03    0.2754723701E-03    0.1066826814E+02
    0.2610000000E+00    0.1065092000E-03   -0.1792621395E-03    0.9999999783E+00   -0.1307132916E-05   -0.1232568277E-03    0.1000000000E+01    0.1109568343E-03   -0.1758280313E-03    0.9999999785E+00   -0.2963335414E-04   -0.9928739877E-04    0.6976353865E+00    0.7164529690E+00   -0.3081393706E-03    0.2735306817E-03    0.1068874466E+02
    0.2615000000E+00    0.1040939841E-03   -0.1821791608E-03    0.9999999780E+00   -0.3423052448E-05   -0.1239869907E-03    0.1000000000E+01    0.1086694253E-03   -0.1788445248E-03    0.9999999782E+00   -0.3011544784E-04   -0.9979236406E-04    0.7072548466E+00    0.7069586771E+00   -0.3119000571E-03    0.2715378577E-03    0.1070922118E+02
    0.2620000000E+00    0.1016140977E-03   -0.1850727012E-03    0.9999999777E+00   -0.5564385047E-05   -0.1246854268E-03    0.1000000000E+01    0.1063152196E-03   -0.1818414390E-03    0.9999999779E+00   -0.3060217327E-04   -0.1002994805E-03    0.7167451086E+00    0.6973352410E+00   -0.3156621425E-03    0.2694935618E-03    0.1072969770E+02
    0.2625000000E+00    0.9906954677E-04   -0.1879415104E-03    0.9999999775E+00   -0.7730743386E-05   -0.1253515073E-03    0.1000000000E+01    0.1038941145E-03   -0.1848174783E-03    0.9999999776E+00   -0.3109357620E-04   -0.1008087472E-03    0.7261044387E+00    0.6875844188E+00   -0.3194251158E-03    0.2673974608E-03    0.1075017422E+02
    0.2630000000E+00    0.9646035902E-04   -0.1907843304E-03    0.9999999772E+00   -0.9921727010E-05   -0.1259846063E-03    0.1000000000E+01    0.1014060294E-03   -0.1877713364E-03    0.9999999773E+00   -0.3158970275E-04   -0.1013201631E-03    0.7353311273E+00    0.6777079917E+00   -0.3231884593E-03    0.2652492245E-03    0.1077065075E+02
    0.2635000000E+00    0.9378658376E-04   -0.1935998957E-03    0.9999999769E+00   -0.1213692231E-04   -0.1265841011E-03    0.1000000000E+01    0.9885090688E-04   -0.1907016971E-03    0.9999999770E+00   -0.3209059932E-04   -0.1018337269E-03    0.7444234888E+00    0.6677077639E+00   -0.3269516490E-03    0.2630485259E-03    0.1079112727E+02
    0.2640000000E+00    0.9104829225E-04   -0.1963869343E-03    0.9999999766E+00   -0.1437590248E-04   -0.1271493720E-03    0.1000000000E+01    0.9622871231E-04   -0.1936072341E-03    0.9999999767E+00   -0.3259631263E-04   -0.1023494368E-03    0.7533798623E+00    0.6575855622E+00   -0.3307141540E-03    0.2607950414E-03    0.1081160379E+02
    0.2645000000E+00    0.8824557804E-04   -0.1991441674E-03    0.9999999763E+00   -0.1663822751E-04   -0.1276798030E-03    0.1000000000E+01    0.9353943469E-04   -0.1964866121E-03    0.9999999764E+00   -0.3310688970E-04   -0.1028672909E-03    0.7621986116E+00    0.6473432357E+00   -0.3344754373E-03    0.2584884505E-03    0.1083208031E+02
    0.2650000000E+00    0.8537855709E-04   -0.2018703101E-03    0.9999999760E+00   -0.1892344415E-04   -0.1281747818E-03    0.1000000000E+01    0.9078308675E-04   -0.1993384864E-03    0.9999999761E+00   -0.3362237787E-04   -0.1033872869E-03    0.7708781259E+00    0.6369826553E+00   -0.3382349550E-03    0.2561284364E-03    0.1085255683E+02
    0.2655000000E+00    0.8244736813E-04   -0.2045640716E-03    0.9999999757E+00   -0.2123108592E-04   -0.1286337001E-03    0.1000000000E+01    0.8795970530E-04   -0.2021615039E-03    0.9999999758E+00   -0.3414282477E-04   -0.1039094222E-03    0.7794168196E+00    0.6265057137E+00   -0.3419921566E-03    0.2537146856E-03    0.1087303336E+02
    0.2660000000E+00    0.7945217282E-04   -0.2072241554E-03    0.9999999754E+00   -0.2356067304E-04   -0.1290559539E-03    0.1000000000E+01    0.8506935156E-04   -0.2049543032E-03    0.9999999754E+00   -0.3466827836E-04   -0.1044336939E-03    0.7878131328E+00    0.6159143249E+00   -0.3457464853E-03    0.2512468883E-03    0.1089350988E+02
    0.2665000000E+00    0.7639315601E-04   -0.2098492600E-03    0.9999999751E+00   -0.2591171249E-04   -0.1294409436E-03    0.1000000000E+01    0.8211211147E-04   -0.2077155148E-03    0.9999999751E+00   -0.3519878689E-04   -0.1049600988E-03    0.7960655318E+00    0.6052104235E+00   -0.3494973775E-03    0.2487247386E-03    0.1091398640E+02
    0.2670000000E+00    0.7327052599E-04   -0.2124380792E-03    0.9999999748E+00   -0.2828369797E-04   -0.1297880746E-03    0.1000000000E+01    0.7908809596E-04   -0.2104437620E-03    0.9999999748E+00   -0.3573439891E-04   -0.1054886333E-03    0.8041725091E+00    0.5943959650E+00   -0.3532442632E-03    0.2461479339E-03    0.1093446292E+02
    0.2675000000E+00    0.7008451468E-04   -0.2149893022E-03    0.9999999745E+00   -0.3067610990E-04   -0.1300967571E-03    0.1000000000E+01    0.7599744128E-04   -0.2131376609E-03    0.9999999745E+00   -0.3627516329E-04   -0.1060192935E-03    0.8121325837E+00    0.5834729248E+00   -0.3569865656E-03    0.2435161761E-03    0.1095493944E+02
    0.2680000000E+00    0.6683537788E-04   -0.2175016142E-03    0.9999999742E+00   -0.3308841544E-04   -0.1303664067E-03    0.1000000000E+01    0.7284030927E-04   -0.2157958211E-03    0.9999999741E+00   -0.3682112918E-04   -0.1065520753E-03    0.8199443014E+00    0.5724432983E+00   -0.3607237015E-03    0.2408291706E-03    0.1097541597E+02
    0.2685000000E+00    0.6352339548E-04   -0.2199736967E-03    0.9999999738E+00   -0.3552006847E-04   -0.1305964445E-03    0.1000000000E+01    0.6961688765E-04   -0.2184168457E-03    0.9999999738E+00   -0.3737234604E-04   -0.1070869742E-03    0.8276062354E+00    0.5613091005E+00   -0.3644550809E-03    0.2380866270E-03    0.1099589249E+02
    0.2690000000E+00    0.6014887165E-04   -0.2224042281E-03    0.9999999735E+00   -0.3797050965E-04   -0.1307862974E-03    0.1000000000E+01    0.6632739030E-04   -0.2209993325E-03    0.9999999734E+00   -0.3792886361E-04   -0.1076239853E-03    0.8351169859E+00    0.5500723651E+00   -0.3681801074E-03    0.2352882592E-03    0.1101636901E+02
    0.2695000000E+00    0.5671213506E-04   -0.2247918837E-03    0.9999999732E+00   -0.4043916641E-04   -0.1309353984E-03    0.1000000000E+01    0.6297205753E-04   -0.2235418734E-03    0.9999999731E+00   -0.3849073197E-04   -0.1081631034E-03    0.8424751809E+00    0.5387351450E+00   -0.3718981781E-03    0.2324337851E-03    0.1103684553E+02
    0.2700000000E+00    0.5321353909E-04   -0.2271353365E-03    0.9999999728E+00   -0.4292545294E-04   -0.1310431868E-03    0.1000000000E+01    0.5955115633E-04   -0.2260430558E-03    0.9999999727E+00   -0.3905800147E-04   -0.1087043231E-03    0.8496794762E+00    0.5272995111E+00   -0.3756086832E-03    0.2295229271E-03    0.1105732205E+02
    0.2705000000E+00    0.4965346199E-04   -0.2294332573E-03    0.9999999725E+00   -0.4542877030E-04   -0.1311091085E-03    0.1000000000E+01    0.5606498065E-04   -0.2285014625E-03    0.9999999724E+00   -0.3963072276E-04   -0.1092476384E-03    0.8567285558E+00    0.5157675524E+00   -0.3793110066E-03    0.2265554121E-03    0.1107779857E+02
    0.2710000000E+00    0.4603230711E-04   -0.2316843153E-03    0.9999999721E+00   -0.4794850637E-04   -0.1311326163E-03    0.1000000000E+01    0.5251385163E-04   -0.2309156725E-03    0.9999999720E+00   -0.4020894678E-04   -0.1097930432E-03    0.8636211320E+00    0.5041413756E+00   -0.3830045255E-03    0.2235309713E-03    0.1109827510E+02
    0.2715000000E+00    0.4235050304E-04   -0.2338871786E-03    0.9999999718E+00   -0.5048403594E-04   -0.1311131701E-03    0.1000000000E+01    0.4889811786E-04   -0.2332842611E-03    0.9999999717E+00   -0.4079272479E-04   -0.1103405308E-03    0.8703559458E+00    0.4924231045E+00   -0.3866886106E-03    0.2204493406E-03    0.1111875162E+02
    0.2720000000E+00    0.3860850382E-04   -0.2360405144E-03    0.9999999714E+00   -0.5303472074E-04   -0.1310502372E-03    0.1000000000E+01    0.4521815560E-04   -0.2356058008E-03    0.9999999713E+00   -0.4138210831E-04   -0.1108900945E-03    0.8769317667E+00    0.4806148797E+00   -0.3903626259E-03    0.2173102609E-03    0.1113922814E+02
    0.2725000000E+00    0.3480678909E-04   -0.2381429894E-03    0.9999999711E+00   -0.5559990946E-04   -0.1309432926E-03    0.1000000000E+01    0.4147436900E-04   -0.2378788614E-03    0.9999999709E+00   -0.4197714917E-04   -0.1114417270E-03    0.8833473936E+00    0.4687188583E+00   -0.3940259290E-03    0.2141134774E-03    0.1115970466E+02
    0.2730000000E+00    0.3094586426E-04   -0.2401932704E-03    0.9999999707E+00   -0.5817893783E-04   -0.1307918190E-03    0.1000000000E+01    0.3766719035E-04   -0.2401020107E-03    0.9999999705E+00   -0.4257789948E-04   -0.1119954206E-03    0.8896016544E+00    0.4567372134E+00   -0.3976778709E-03    0.2108587407E-03    0.1118018118E+02
    0.2735000000E+00    0.2702626064E-04   -0.2421900250E-03    0.9999999703E+00   -0.6077112869E-04   -0.1305953077E-03    0.1000000000E+01    0.3379708028E-04   -0.2422738151E-03    0.9999999701E+00   -0.4318441165E-04   -0.1125511673E-03    0.8956934068E+00    0.4446721337E+00   -0.4013177960E-03    0.2075458061E-03    0.1120065771E+02
    0.2740000000E+00    0.2304853565E-04   -0.2441319214E-03    0.9999999700E+00   -0.6337579199E-04   -0.1303532583E-03    0.1000000000E+01    0.2986452793E-04   -0.2443928398E-03    0.9999999698E+00   -0.4379673838E-04   -0.1131089590E-03    0.9016215378E+00    0.4325258233E+00   -0.4049450421E-03    0.2041744340E-03    0.1122113423E+02
    0.2745000000E+00    0.1901327290E-04   -0.2460176293E-03    0.9999999696E+00   -0.6599222493E-04   -0.1300651789E-03    0.1000000000E+01    0.2587005121E-04   -0.2464576496E-03    0.9999999694E+00   -0.4441493264E-04   -0.1136687867E-03    0.9073849646E+00    0.4203005010E+00   -0.4085589408E-03    0.2007443902E-03    0.1124161075E+02
    0.2750000000E+00    0.1492108236E-04   -0.2478458204E-03    0.9999999692E+00   -0.6861971199E-04   -0.1297305870E-03    0.1000000000E+01    0.2181419693E-04   -0.2484668092E-03    0.9999999690E+00   -0.4503904772E-04   -0.1142306416E-03    0.9129826343E+00    0.4079984000E+00   -0.4121588169E-03    0.1972554457E-03    0.1126208727E+02
    0.2755000000E+00    0.1077260048E-04   -0.2496151686E-03    0.9999999688E+00   -0.7125752501E-04   -0.1293490093E-03    0.1000000000E+01    0.1769754100E-04   -0.2504188841E-03    0.9999999686E+00   -0.4566913716E-04   -0.1147945141E-03    0.9184135243E+00    0.3956217677E+00   -0.4157439887E-03    0.1937073768E-03    0.1128256379E+02
    0.2760000000E+00    0.6568490326E-05   -0.2513243505E-03    0.9999999684E+00   -0.7390492328E-04   -0.1289199818E-03    0.1000000000E+01    0.1352068860E-04   -0.2523124406E-03    0.9999999681E+00   -0.4630525481E-04   -0.1153603944E-03    0.9236766426E+00    0.3831728649E+00   -0.4193137683E-03    0.1900999654E-03    0.1130304031E+02
    0.2765000000E+00    0.2309441655E-05   -0.2529720463E-03    0.9999999680E+00   -0.7656115362E-04   -0.1284430508E-03    0.1000000000E+01    0.9284274335E-05   -0.2541460467E-03    0.9999999677E+00   -0.4694745477E-04   -0.1159282723E-03    0.9287710277E+00    0.3706539658E+00   -0.4228674609E-03    0.1864329990E-03    0.1132351684E+02
    0.2770000000E+00   -0.2003828935E-05   -0.2545569395E-03    0.9999999676E+00   -0.7922545049E-04   -0.1279177722E-03    0.1000000000E+01    0.4988962392E-05   -0.2559182726E-03    0.9999999673E+00   -0.4759579144E-04   -0.1164981374E-03    0.9336957491E+00    0.3580673573E+00   -0.4264043657E-03    0.1827062707E-03    0.1134399336E+02
    0.2775000000E+00   -0.6370577925E-05   -0.2560777183E-03    0.9999999672E+00   -0.8189703606E-04   -0.1273437128E-03    0.1000000000E+01    0.6354466814E-06   -0.2576276912E-03    0.9999999669E+00   -0.4825031951E-04   -0.1170699785E-03    0.9384499069E+00    0.3454153386E+00   -0.4299237751E-03    0.1789195795E-03    0.1136446988E+02
    0.2780000000E+00   -0.1079003478E-04   -0.2575330752E-03    0.9999999668E+00   -0.8457512034E-04   -0.1267204496E-03    0.1000000000E+01   -0.3775549033E-05   -0.2592728787E-03    0.9999999664E+00   -0.4891109392E-04   -0.1176437844E-03    0.9430326329E+00    0.3327002210E+00   -0.4334249753E-03    0.1750727303E-03    0.1138494640E+02
    0.2785000000E+00   -0.1526140187E-04   -0.2589217081E-03    0.9999999664E+00   -0.8725890126E-04   -0.1260475708E-03    0.1000000000E+01   -0.8243271008E-05   -0.2608524149E-03    0.9999999660E+00   -0.4957816991E-04   -0.1182195433E-03    0.9474430898E+00    0.3199243271E+00   -0.4369072461E-03    0.1711655339E-03    0.1140542292E+02
    0.2790000000E+00   -0.1978385437E-04   -0.2602423207E-03    0.9999999660E+00   -0.8994756481E-04   -0.1253246759E-03    0.1000000000E+01   -0.1276693541E-04   -0.2623648843E-03    0.9999999656E+00   -0.5025160300E-04   -0.1187972431E-03    0.9516804720E+00    0.3070899909E+00   -0.4403698608E-03    0.1671978071E-03    0.1142589945E+02
    0.2795000000E+00   -0.2435654024E-04   -0.2614936227E-03    0.9999999656E+00   -0.9264028514E-04   -0.1245513755E-03    0.1000000000E+01   -0.1734572822E-04   -0.2638088763E-03    0.9999999651E+00   -0.5093144896E-04   -0.1193768712E-03    0.9557440054E+00    0.2941995568E+00   -0.4438120865E-03    0.1631693733E-03    0.1144637597E+02
    0.2800000000E+00   -0.2897858012E-04   -0.2626743307E-03    0.9999999651E+00   -0.9533622470E-04   -0.1237272924E-03    0.1000000000E+01   -0.2197880511E-04   -0.2651829857E-03    0.9999999647E+00   -0.5161776385E-04   -0.1199584148E-03    0.9596329477E+00    0.2812553796E+00   -0.4472331839E-03    0.1590800618E-03    0.1146685249E+02
    0.2805000000E+00   -0.3364906729E-04   -0.2637831683E-03    0.9999999647E+00   -0.9803453434E-04   -0.1228520611E-03    0.1000000000E+01   -0.2666529141E-04   -0.2664858136E-03    0.9999999642E+00   -0.5231060400E-04   -0.1205418605E-03    0.9633465885E+00    0.2682598240E+00   -0.4506324074E-03    0.1549297085E-03    0.1148732901E+02
    0.2810000000E+00   -0.3836706764E-04   -0.2648188670E-03    0.9999999642E+00   -0.1007343535E-03   -0.1219253285E-03    0.1000000000E+01   -0.3140428198E-04   -0.2677159677E-03    0.9999999637E+00   -0.5301002600E-04   -0.1211271945E-03    0.9668842493E+00    0.2552152638E+00   -0.4540090050E-03    0.1507181557E-03    0.1150780553E+02
    0.2815000000E+00   -0.4313161962E-04   -0.2657801665E-03    0.9999999638E+00   -0.1034348103E-03   -0.1209467541E-03    0.1000000000E+01   -0.3619484121E-04   -0.2688720632E-03    0.9999999633E+00   -0.5371608671E-04   -0.1217144028E-03    0.9702452840E+00    0.2421240820E+00   -0.4573622187E-03    0.1464452524E-03    0.1152828205E+02
    0.2820000000E+00   -0.4794173423E-04   -0.2666658153E-03    0.9999999633E+00   -0.1061350217E-03   -0.1199160103E-03    0.1000000000E+01   -0.4103600290E-04   -0.2699527230E-03    0.9999999628E+00   -0.5442884327E-04   -0.1223034707E-03    0.9734290786E+00    0.2289886701E+00   -0.4606912842E-03    0.1421108544E-03    0.1154875858E+02
    0.2825000000E+00   -0.5279639498E-04   -0.2674745712E-03    0.9999999629E+00   -0.1088340936E-03   -0.1188327824E-03    0.1000000000E+01   -0.4592677025E-04   -0.2709565786E-03    0.9999999623E+00   -0.5514835307E-04   -0.1228943833E-03    0.9764350514E+00    0.2158114275E+00   -0.4639954308E-03    0.1377148240E-03    0.1156923510E+02
    0.2830000000E+00   -0.5769455790E-04   -0.2682052016E-03    0.9999999624E+00   -0.1115311213E-03   -0.1176967694E-03    0.1000000000E+01   -0.5086611586E-04   -0.2718822707E-03    0.9999999618E+00   -0.5587467377E-04   -0.1234871253E-03    0.9792626533E+00    0.2025947615E+00   -0.4672738820E-03    0.1332570309E-03    0.1158971162E+02
    0.2835000000E+00   -0.6263515154E-04   -0.2688564846E-03    0.9999999619E+00   -0.1142251890E-03   -0.1165076836E-03    0.1000000000E+01   -0.5585298164E-04   -0.2727284496E-03    0.9999999613E+00   -0.5660786331E-04   -0.1240816807E-03    0.9819113679E+00    0.1893410863E+00   -0.4705258547E-03    0.1287373513E-03    0.1161018814E+02
    0.2840000000E+00   -0.6761707697E-04   -0.2694272090E-03    0.9999999615E+00   -0.1169153707E-03   -0.1152652514E-03    0.1000000000E+01   -0.6088627889E-04   -0.2734937761E-03    0.9999999608E+00   -0.5734797987E-04   -0.1246780334E-03    0.9843807112E+00    0.1760528231E+00   -0.4737505603E-03    0.1241556690E-03    0.1163066466E+02
    0.2845000000E+00   -0.7263920781E-04   -0.2699161750E-03    0.9999999610E+00   -0.1196007299E-03   -0.1139692133E-03    0.1000000000E+01   -0.6596488823E-04   -0.2741769218E-03    0.9999999603E+00   -0.5809508190E-04   -0.1252761666E-03    0.9866702322E+00    0.1627323994E+00   -0.4769472035E-03    0.1195118747E-03    0.1165114118E+02
    0.2850000000E+00   -0.7770039023E-04   -0.2703221947E-03    0.9999999605E+00   -0.1222803201E-03   -0.1126193244E-03    0.1000000000E+01   -0.7108765965E-04   -0.2747765700E-03    0.9999999598E+00   -0.5884922809E-04   -0.1258760634E-03    0.9887795126E+00    0.1493822484E+00   -0.4801149835E-03    0.1148058667E-03    0.1167161771E+02
    0.2855000000E+00   -0.8279944305E-04   -0.2706440930E-03    0.9999999600E+00   -0.1249531847E-03   -0.1112153543E-03    0.1000000000E+01   -0.7625341254E-04   -0.2752914162E-03    0.9999999593E+00   -0.5961047739E-04   -0.1264777061E-03    0.9907081671E+00    0.1360048090E+00   -0.4832530931E-03    0.1100375507E-03    0.1169209423E+02
    0.2860000000E+00   -0.8793515772E-04   -0.2708807076E-03    0.9999999595E+00   -0.1276183573E-03   -0.1097570877E-03    0.1000000000E+01   -0.8146093571E-04   -0.2757201686E-03    0.9999999587E+00   -0.6037888901E-04   -0.1270810769E-03    0.9924558434E+00    0.1226025248E+00   -0.4863607194E-03    0.1052068398E-03    0.1171257075E+02
    0.2865000000E+00   -0.9310629841E-04   -0.2710308898E-03    0.9999999590E+00   -0.1302748620E-03   -0.1082443245E-03    0.1000000000E+01   -0.8670898744E-04   -0.2760615491E-03    0.9999999582E+00   -0.6115452244E-04   -0.1276861573E-03    0.9940222222E+00    0.1091778441E+00   -0.4894370436E-03    0.1003136549E-03    0.1173304727E+02
    0.2870000000E+00   -0.9831160206E-04   -0.2710935052E-03    0.9999999585E+00   -0.1329217134E-03   -0.1066768800E-03    0.1000000000E+01   -0.9199629553E-04   -0.2763142936E-03    0.9999999577E+00   -0.6193743738E-04   -0.1282929284E-03    0.9954070175E+00    0.9573321925E-01   -0.4924812409E-03    0.9535792463E-04    0.1175352379E+02
    0.2875000000E+00   -0.1035497785E-03   -0.2710674340E-03    0.9999999580E+00   -0.1355579170E-03   -0.1050545853E-03    0.1000000000E+01   -0.9732155743E-04   -0.2764771525E-03    0.9999999571E+00   -0.6272769381E-04   -0.1289013711E-03    0.9966099761E+00    0.8227110630E-01   -0.4954924806E-03    0.9033958559E-04    0.1177400031E+02
    0.2880000000E+00   -0.1088195104E-03   -0.2709515715E-03    0.9999999574E+00   -0.1381824693E-03   -0.1033772875E-03    0.1000000000E+01   -0.1026834403E-03   -0.2765488918E-03    0.9999999566E+00   -0.6352535194E-04   -0.1295114655E-03    0.9976308785E+00    0.6879396443E-01   -0.4984699265E-03    0.8525858229E-04    0.1179447683E+02
    0.2885000000E+00   -0.1141194537E-03   -0.2707448292E-03    0.9999999569E+00   -0.1407943581E-03   -0.1016448499E-03    0.1000000000E+01   -0.1080805809E-03   -0.2765282936E-03    0.9999999560E+00   -0.6433047224E-04   -0.1301231915E-03    0.9984695380E+00    0.5530425557E-01   -0.5014127364E-03    0.8011486735E-04    0.1181495336E+02
    0.2890000000E+00   -0.1194482372E-03   -0.2704461347E-03    0.9999999564E+00   -0.1433925626E-03   -0.9985715234E-04    0.1000000000E+01   -0.1135115862E-03   -0.2764141565E-03    0.9999999554E+00   -0.6514311541E-04   -0.1307365285E-03    0.9991258015E+00    0.4180444398E-01   -0.5043200625E-03    0.7490840160E-04    0.1183542988E+02
    0.2895000000E+00   -0.1248044632E-03   -0.2700544326E-03    0.9999999558E+00   -0.1459760537E-03   -0.9801409133E-04    0.1000000000E+01   -0.1189750331E-03   -0.2762052963E-03    0.9999999548E+00   -0.6596334240E-04   -0.1313514553E-03    0.9995995490E+00    0.2829699574E-01   -0.5071910514E-03    0.6963915420E-04    0.1185590640E+02
    0.2900000000E+00   -0.1301867072E-03   -0.2695686849E-03    0.9999999552E+00   -0.1485437943E-03   -0.9611558041E-04    0.1000000000E+01   -0.1244694685E-03   -0.2759005468E-03    0.9999999543E+00   -0.6679121442E-04   -0.1319679505E-03    0.9998906942E+00    0.1478437833E-01   -0.5100248439E-03    0.6430710271E-04    0.1187638292E+02
    0.2905000000E+00   -0.1355935184E-03   -0.2689878718E-03    0.9999999547E+00   -0.1510947395E-03   -0.9416155031E-04    0.1000000000E+01   -0.1299934096E-03   -0.2754987606E-03    0.9999999537E+00   -0.6762679288E-04   -0.1325859919E-03    0.9999991837E+00    0.1269060178E-02   -0.5128205755E-03    0.5891223325E-04    0.1189685944E+02
    0.2910000000E+00   -0.1410234195E-03   -0.2683109921E-03    0.9999999541E+00   -0.1536278367E-03   -0.9215194926E-04    0.1000000000E+01   -0.1355453444E-03   -0.2749988091E-03    0.9999999531E+00   -0.6847013948E-04   -0.1332055572E-03    0.9999249977E+00   -0.1224648980E-01   -0.5155773760E-03    0.5345454055E-04    0.1191733596E+02
    0.2915000000E+00   -0.1464749073E-03   -0.2675370637E-03    0.9999999535E+00   -0.1561420263E-03   -0.9008674315E-04    0.1000000000E+01   -0.1411237312E-03   -0.2743995839E-03    0.9999999525E+00   -0.6932131613E-04   -0.1338266234E-03    0.9996681499E+00   -0.2575980265E-01   -0.5182943700E-03    0.4793402810E-04    0.1193781249E+02
    0.2920000000E+00   -0.1519464523E-03   -0.2666651243E-03    0.9999999530E+00   -0.1586362412E-03   -0.8796591582E-04    0.1000000000E+01   -0.1467269992E-03   -0.2736999969E-03    0.9999999518E+00   -0.7018038497E-04   -0.1344491671E-03    0.9992286870E+00   -0.3926840980E-01   -0.5209706765E-03    0.4235070826E-04    0.1195828901E+02
    0.2925000000E+00   -0.1574364993E-03   -0.2656942319E-03    0.9999999524E+00   -0.1611094078E-03   -0.8578946925E-04    0.1000000000E+01   -0.1523535486E-03   -0.2728989813E-03    0.9999999512E+00   -0.7104740839E-04   -0.1350731643E-03    0.9986066895E+00   -0.5276984358E-01   -0.5236054091E-03    0.3670460234E-04    0.1197876553E+02
    0.2930000000E+00   -0.1629434675E-03   -0.2646234655E-03    0.9999999518E+00   -0.1635604459E-03   -0.8355742384E-04    0.1000000000E+01   -0.1580017510E-03   -0.2719954920E-03    0.9999999506E+00   -0.7192244900E-04   -0.1356985908E-03    0.9978022709E+00   -0.6626163759E-01   -0.5261976765E-03    0.3099574075E-04    0.1199924205E+02
    0.2935000000E+00   -0.1684657508E-03   -0.2634519253E-03    0.9999999512E+00   -0.1659882690E-03   -0.8126981857E-04    0.1000000000E+01   -0.1636699493E-03   -0.2709885065E-03    0.9999999500E+00   -0.7280556964E-04   -0.1363254217E-03    0.9968155782E+00   -0.7974132721E-01   -0.5287465817E-03    0.2522416308E-04    0.1201971857E+02
    0.2940000000E+00   -0.1740017177E-03   -0.2621787337E-03    0.9999999506E+00   -0.1683917848E-03   -0.7892671127E-04    0.1000000000E+01   -0.1693564580E-03   -0.2698770251E-03    0.9999999493E+00   -0.7369683338E-04   -0.1369536316E-03    0.9956467915E+00   -0.9320645004E-01   -0.5312512228E-03    0.1938991823E-04    0.1204019509E+02
    0.2945000000E+00   -0.1795497117E-03   -0.2608030357E-03    0.9999999499E+00   -0.1707698951E-03   -0.7652817882E-04    0.1000000000E+01   -0.1750595638E-03   -0.2686600722E-03    0.9999999487E+00   -0.7459630351E-04   -0.1375831949E-03    0.9942961245E+00   -0.1066545463E+00   -0.5337106929E-03    0.1349306448E-04    0.1206067161E+02
    0.2950000000E+00   -0.1851080517E-03   -0.2593239994E-03    0.9999999493E+00   -0.1731214964E-03   -0.7407431736E-04    0.1000000000E+01   -0.1807775254E-03   -0.2673366962E-03    0.9999999480E+00   -0.7550404358E-04   -0.1382140851E-03    0.9927638239E+00   -0.1200831594E+00   -0.5361240799E-03    0.7533669645E-05    0.1208114814E+02
    0.2955000000E+00   -0.1906750320E-03   -0.2577408166E-03    0.9999999487E+00   -0.1754454802E-03   -0.7156524249E-04    0.1000000000E+01   -0.1865085739E-03   -0.2659059708E-03    0.9999999473E+00   -0.7642011732E-04   -0.1388462755E-03    0.9910501695E+00   -0.1334898363E+00   -0.5384904667E-03    0.1511811153E-05    0.1210162466E+02
    0.2960000000E+00   -0.1962489226E-03   -0.2560527033E-03    0.9999999480E+00   -0.1777407330E-03   -0.6900108952E-04    0.1000000000E+01   -0.1922509133E-03   -0.2643669952E-03    0.9999999466E+00   -0.7734458871E-04   -0.1394797389E-03    0.9891554745E+00   -0.1468721278E+00   -0.5408089314E-03   -0.4572423824E-05    0.1212210118E+02
    0.2965000000E+00   -0.2018279697E-03   -0.2542589004E-03    0.9999999474E+00   -0.1800061371E-03   -0.6638201361E-04    0.1000000000E+01   -0.1980027208E-03   -0.2627188951E-03    0.9999999460E+00   -0.7827752194E-04   -0.1401144475E-03    0.9870800848E+00   -0.1602275893E+00   -0.5430785474E-03   -0.1071893827E-04    0.1214257770E+02
    0.2970000000E+00   -0.2074103955E-03   -0.2523586743E-03    0.9999999467E+00   -0.1822405702E-03   -0.6370819003E-04    0.1000000000E+01   -0.2037621467E-03   -0.2609608228E-03    0.9999999453E+00   -0.7921898142E-04   -0.1407503729E-03    0.9848243798E+00   -0.1735537812E+00   -0.5452983829E-03   -0.1692762521E-04    0.1216305422E+02
    0.2975000000E+00   -0.2129943991E-03   -0.2503513173E-03    0.9999999460E+00   -0.1844429067E-03   -0.6097981429E-04    0.1000000000E+01   -0.2095273151E-03   -0.2590919585E-03    0.9999999445E+00   -0.8016903177E-04   -0.1413874865E-03    0.9823887713E+00   -0.1868482690E+00   -0.5474675020E-03   -0.2319836760E-04    0.1218353074E+02
    0.2980000000E+00   -0.2185781564E-03   -0.2482361482E-03    0.9999999454E+00   -0.1866120169E-03   -0.5819710239E-04    0.1000000000E+01   -0.2152963241E-03   -0.2571115104E-03    0.9999999438E+00   -0.8112773784E-04   -0.1420257590E-03    0.9797737044E+00   -0.2001086242E+00   -0.5495849636E-03   -0.2953103822E-04    0.1220400726E+02
    0.2985000000E+00   -0.2241598203E-03   -0.2460125128E-03    0.9999999447E+00   -0.1887467684E-03   -0.5536029097E-04    0.1000000000E+01   -0.2210672464E-03   -0.2550187155E-03    0.9999999431E+00   -0.8209516467E-04   -0.1426651606E-03    0.9769796567E+00   -0.2133324244E+00   -0.5516498225E-03   -0.3592549958E-04    0.1222448378E+02
    0.2990000000E+00   -0.2297375215E-03   -0.2436797848E-03    0.9999999440E+00   -0.1908460256E-03   -0.5246963750E-04    0.1000000000E+01   -0.2268381293E-03   -0.2528128405E-03    0.9999999424E+00   -0.8307137755E-04   -0.1433056610E-03    0.9740071387E+00   -0.2265172541E+00   -0.5536611288E-03   -0.4238160378E-04    0.1224496031E+02
    0.2995000000E+00   -0.2353093685E-03   -0.2412373657E-03    0.9999999433E+00   -0.1929086504E-03   -0.4952542046E-04    0.1000000000E+01   -0.2326069952E-03   -0.2504931818E-03    0.9999999416E+00   -0.8405644193E-04   -0.1439472294E-03    0.9708566933E+00   -0.2396607045E+00   -0.5556179283E-03   -0.4889919243E-04    0.1226543683E+02
    0.3000000000E+00   -0.2408734478E-03   -0.2386846860E-03    0.9999999426E+00   -0.1949335028E-03   -0.4652793951E-04    0.1000000000E+01   -0.2383718422E-03   -0.2480590668E-03    0.9999999409E+00   -0.8505042352E-04   -0.1445898346E-03    0.9675288961E+00   -0.2527603748E+00   -0.5575192623E-03   -0.5547809652E-04    0.1228591335E+02
    0.3005000000E+00   -0.2464278248E-03   -0.2360212055E-03    0.9999999419E+00   -0.1969194405E-03   -0.4347751563E-04    0.1000000000E+01   -0.2441306441E-03   -0.2455098542E-03    0.9999999401E+00   -0.8605338821E-04   -0.1452334447E-03    0.9640243550E+00   -0.2658138719E+00   -0.5593641682E-03   -0.6211813632E-04    0.1230638987E+02
    0.3010000000E+00   -0.2519705436E-03   -0.2332464138E-03    0.9999999411E+00   -0.1988653202E-03   -0.4037449135E-04    0.1000000000E+01   -0.2498813513E-03   -0.2428449343E-03    0.9999999394E+00   -0.8706540209E-04   -0.1458780273E-03    0.9603437101E+00   -0.2788188113E+00   -0.5611516790E-03   -0.6881912129E-04    0.1232686639E+02
    0.3015000000E+00   -0.2574996277E-03   -0.2303598307E-03    0.9999999404E+00   -0.2007699972E-03   -0.3721923082E-04    0.1000000000E+01   -0.2556218909E-03   -0.2400637303E-03    0.9999999386E+00   -0.8808653147E-04   -0.1465235496E-03    0.9564876339E+00   -0.2917728173E+00   -0.5628808237E-03   -0.7558084990E-04    0.1234734291E+02
    0.3020000000E+00   -0.2630130803E-03   -0.2273610072E-03    0.9999999396E+00   -0.2026323260E-03   -0.3401212003E-04    0.1000000000E+01   -0.2613501673E-03   -0.2371656984E-03    0.9999999378E+00   -0.8911684284E-04   -0.1471699782E-03    0.9524568308E+00   -0.3046735235E+00   -0.5645506272E-03   -0.8240310959E-04    0.1236781943E+02
    0.3025000000E+00   -0.2685088849E-03   -0.2242495256E-03    0.9999999389E+00   -0.2044511609E-03   -0.3075356692E-04    0.1000000000E+01   -0.2670640626E-03   -0.2341503284E-03    0.9999999370E+00   -0.9015640288E-04   -0.1478172792E-03    0.9482520370E+00   -0.3175185733E+00   -0.5661601107E-03   -0.8928567662E-04    0.1238829595E+02
    0.3030000000E+00   -0.2739850053E-03   -0.2210250002E-03    0.9999999381E+00   -0.2062253560E-03   -0.2744400154E-04    0.1000000000E+01   -0.2727614370E-03   -0.2310171446E-03    0.9999999362E+00   -0.9120527851E-04   -0.1484654182E-03    0.9438740207E+00   -0.3303056202E+00   -0.5677082916E-03   -0.9622831604E-04    0.1240877248E+02
    0.3035000000E+00   -0.2794393864E-03   -0.2176870777E-03    0.9999999373E+00   -0.2079537660E-03   -0.2408387616E-04    0.1000000000E+01   -0.2784401295E-03   -0.2277657060E-03    0.9999999354E+00   -0.9226353681E-04   -0.1491143601E-03    0.9393235816E+00   -0.3430323284E+00   -0.5691941833E-03   -0.1032307815E-03    0.1242924900E+02
    0.3040000000E+00   -0.2848699546E-03   -0.2142354380E-03    0.9999999365E+00   -0.2096352462E-03   -0.2067366545E-04    0.1000000000E+01   -0.2840979580E-03   -0.2243956074E-03    0.9999999345E+00   -0.9333124508E-04   -0.1497640694E-03    0.9346015510E+00   -0.3556963729E+00   -0.5706167959E-03   -0.1102928151E-03    0.1244972552E+02
    0.3045000000E+00   -0.2902746178E-03   -0.2106697945E-03    0.9999999358E+00   -0.2112686529E-03   -0.1721386652E-04    0.1000000000E+01   -0.2897327204E-03   -0.2209064793E-03    0.9999999337E+00   -0.9440847079E-04   -0.1504145102E-03    0.9297087916E+00   -0.3682954403E+00   -0.5719751358E-03   -0.1174141475E-03    0.1247020204E+02
    0.3050000000E+00   -0.2956512668E-03   -0.2069898948E-03    0.9999999349E+00   -0.2128528441E-03   -0.1370499912E-04    0.1000000000E+01   -0.2953421947E-03   -0.2172979890E-03    0.9999999328E+00   -0.9549528162E-04   -0.1510656458E-03    0.9246461970E+00   -0.3808272292E+00   -0.5732682060E-03   -0.1245944975E-03    0.1249067856E+02
    0.3055000000E+00   -0.3009977746E-03   -0.2031955207E-03    0.9999999341E+00   -0.2143866797E-03   -0.1014760572E-04    0.1000000000E+01   -0.3009241394E-03   -0.2135698411E-03    0.9999999320E+00   -0.9659174542E-04   -0.1517174390E-03    0.9194146921E+00   -0.3932894502E+00   -0.5744950062E-03   -0.1318335723E-03    0.1251115508E+02
    0.3060000000E+00   -0.3063119981E-03   -0.1992864895E-03    0.9999999333E+00   -0.2158690220E-03   -0.6542251604E-05    0.1000000000E+01   -0.3064762947E-03   -0.2097217778E-03    0.9999999311E+00   -0.9769793023E-04   -0.1523698522E-03    0.9140152326E+00   -0.4056798268E+00   -0.5756545327E-03   -0.1391310668E-03    0.1253163160E+02
    0.3065000000E+00   -0.3115917775E-03   -0.1952626538E-03    0.9999999325E+00   -0.2172987359E-03   -0.2889524981E-05    0.1000000000E+01   -0.3119963824E-03   -0.2057535796E-03    0.9999999302E+00   -0.9881390429E-04   -0.1530228472E-03    0.9084488048E+00   -0.4179960956E+00   -0.5767457788E-03   -0.1464866643E-03    0.1255210812E+02
    0.3070000000E+00   -0.3168349375E-03   -0.1911239025E-03    0.9999999316E+00   -0.2186746894E-03    0.8099629191E-06    0.1000000000E+01   -0.3174821067E-03   -0.2016650658E-03    0.9999999293E+00   -0.9993973600E-04   -0.1536763852E-03    0.9027164255E+00   -0.4302360067E+00   -0.5777677348E-03   -0.1539000358E-03    0.1257258464E+02
    0.3075000000E+00   -0.3220392877E-03   -0.1868701609E-03    0.9999999308E+00   -0.2199957542E-03    0.4555577762E-05    0.1000000000E+01   -0.3229311550E-03   -0.1974560953E-03    0.9999999284E+00   -0.1010754940E-03   -0.1543304268E-03    0.8968191420E+00   -0.4423973242E+00   -0.5787193879E-03   -0.1613708401E-03    0.1259306117E+02
    0.3080000000E+00   -0.3272026230E-03   -0.1825013915E-03    0.9999999299E+00   -0.2212608058E-03    0.8346662028E-05    0.1000000000E+01   -0.3283411982E-03   -0.1931265667E-03    0.9999999275E+00   -0.1022212469E-03   -0.1549849321E-03    0.8907580315E+00   -0.4544778265E+00   -0.5795997226E-03   -0.1688987235E-03    0.1261353769E+02
    0.3085000000E+00   -0.3323227242E-03   -0.1780175941E-03    0.9999999290E+00   -0.2224687242E-03    0.1218253494E-04    0.1000000000E+01   -0.3337098915E-03   -0.1886764191E-03    0.9999999266E+00   -0.1033770639E-03   -0.1556398608E-03    0.8845342013E+00   -0.4664753068E+00   -0.5804077207E-03   -0.1764833202E-03    0.1263401421E+02
    0.3090000000E+00   -0.3373973584E-03   -0.1734188066E-03    0.9999999281E+00   -0.2236183943E-03    0.1606249240E-04    0.1000000000E+01   -0.3390348748E-03   -0.1841056324E-03    0.9999999256E+00   -0.1045430140E-03   -0.1562951717E-03    0.8781487882E+00   -0.4783875734E+00   -0.5811423613E-03   -0.1841242515E-03    0.1265449073E+02
    0.3095000000E+00   -0.3424242801E-03   -0.1687051056E-03    0.9999999272E+00   -0.2247087060E-03    0.1998580691E-04    0.1000000000E+01   -0.3443137738E-03   -0.1794142281E-03    0.9999999247E+00   -0.1057191665E-03   -0.1569508234E-03    0.8716029588E+00   -0.4902124503E+00   -0.5818026210E-03   -0.1918211263E-03    0.1267496725E+02
    0.3100000000E+00   -0.3474012310E-03   -0.1638766062E-03    0.9999999263E+00   -0.2257385551E-03    0.2395172755E-04    0.1000000000E+01   -0.3495442000E-03   -0.1746022696E-03    0.9999999237E+00   -0.1069055910E-03   -0.1576067736E-03    0.8648979088E+00   -0.5019477773E+00   -0.5823874741E-03   -0.1995735407E-03    0.1269544377E+02
    0.3105000000E+00   -0.3523259414E-03   -0.1589334632E-03    0.9999999254E+00   -0.2267068433E-03    0.2795947992E-04    0.1000000000E+01   -0.3547237522E-03   -0.1696698626E-03    0.9999999228E+00   -0.1081023569E-03   -0.1582629797E-03    0.8580348630E+00   -0.5135914107E+00   -0.5828958924E-03   -0.2073810777E-03    0.1271592029E+02
    0.3110000000E+00   -0.3571961301E-03   -0.1538758709E-03    0.9999999244E+00   -0.2276124791E-03    0.3200826608E-04    0.1000000000E+01   -0.3598500162E-03   -0.1646171559E-03    0.9999999218E+00   -0.1093095342E-03   -0.1589193984E-03    0.8510150752E+00   -0.5251412235E+00   -0.5833268458E-03   -0.2152433076E-03    0.1273639681E+02
    0.3115000000E+00   -0.3620095055E-03   -0.1487040643E-03    0.9999999235E+00   -0.2284543778E-03    0.3609726455E-04    0.1000000000E+01   -0.3649205663E-03   -0.1594443414E-03    0.9999999208E+00   -0.1105271929E-03   -0.1595759858E-03    0.8438398277E+00   -0.5365951058E+00   -0.5836793020E-03   -0.2231597876E-03    0.1275687333E+02
    0.3120000000E+00   -0.3667637659E-03   -0.1434183185E-03    0.9999999225E+00   -0.2292314623E-03    0.4022563027E-04    0.1000000000E+01   -0.3699329656E-03   -0.1541516549E-03    0.9999999198E+00   -0.1117554030E-03   -0.1602326976E-03    0.8365104312E+00   -0.5479509652E+00   -0.5839522268E-03   -0.2311300618E-03    0.1277734985E+02
    0.3125000000E+00   -0.3714566005E-03   -0.1380189501E-03    0.9999999216E+00   -0.2299426631E-03    0.4439249458E-04    0.1000000000E+01   -0.3748847668E-03   -0.1487393767E-03    0.9999999187E+00   -0.1129942350E-03   -0.1608894885E-03    0.8290282247E+00   -0.5592067274E+00   -0.5841445842E-03   -0.2391536608E-03    0.1279782637E+02
    0.3130000000E+00   -0.3760856895E-03   -0.1325063171E-03    0.9999999206E+00   -0.2305869193E-03    0.4859696522E-04    0.1000000000E+01   -0.3797735129E-03   -0.1432078313E-03    0.9999999177E+00   -0.1142437592E-03   -0.1615463132E-03    0.8213945750E+00   -0.5703603361E+00   -0.5842553366E-03   -0.2472301020E-03    0.1281830290E+02
    0.3135000000E+00   -0.3806487053E-03   -0.1268808193E-03    0.9999999196E+00   -0.2311631788E-03    0.5283812631E-04    0.1000000000E+01   -0.3845967379E-03   -0.1375573888E-03    0.9999999166E+00   -0.1155040463E-03   -0.1622031254E-03    0.8136108765E+00   -0.5814097539E+00   -0.5842834447E-03   -0.2553588893E-03    0.1283877942E+02
    0.3140000000E+00   -0.3851433130E-03   -0.1211428988E-03    0.9999999186E+00   -0.2316703985E-03    0.5711503841E-04    0.1000000000E+01   -0.3893519679E-03   -0.1317884645E-03    0.9999999156E+00   -0.1167751672E-03   -0.1628598782E-03    0.8056785512E+00   -0.5923529624E+00   -0.5842278678E-03   -0.2635395132E-03    0.1285925594E+02
    0.3145000000E+00   -0.3895671710E-03   -0.1152930405E-03    0.9999999176E+00   -0.2321075454E-03    0.6142673847E-04    0.1000000000E+01   -0.3940367212E-03   -0.1259015199E-03    0.9999999145E+00   -0.1180571927E-03   -0.1635165245E-03    0.7975990480E+00   -0.6031879624E+00   -0.5840875641E-03   -0.2717714502E-03    0.1287973246E+02
    0.3150000000E+00   -0.3939179315E-03   -0.1093317722E-03    0.9999999165E+00   -0.2324735963E-03    0.6577223987E-04    0.1000000000E+01   -0.3986485096E-03   -0.1198970625E-03    0.9999999134E+00   -0.1193501940E-03   -0.1641730162E-03    0.7893738429E+00   -0.6139127747E+00   -0.5838614902E-03   -0.2800541633E-03    0.1290020898E+02
    0.3155000000E+00   -0.3981932417E-03   -0.1032596651E-03    0.9999999155E+00   -0.2327675388E-03    0.7015053249E-04    0.1000000000E+01   -0.4031848390E-03   -0.1137756469E-03    0.9999999123E+00   -0.1206542422E-03   -0.1648293048E-03    0.7810044385E+00   -0.6245254400E+00   -0.5835486022E-03   -0.2883871016E-03    0.1292068550E+02
    0.3160000000E+00   -0.4023907441E-03   -0.9707733445E-04    0.9999999144E+00   -0.2329883717E-03    0.7456058269E-04    0.1000000000E+01   -0.4076432103E-03   -0.1075378744E-03    0.9999999112E+00   -0.1219694090E-03   -0.1654853411E-03    0.7724923637E+00   -0.6350240199E+00   -0.5831478547E-03   -0.2967697002E-03    0.1294116202E+02
    0.3165000000E+00   -0.4065080775E-03   -0.9078543922E-04    0.9999999133E+00   -0.2331351052E-03    0.7900133339E-04    0.1000000000E+01   -0.4120211199E-03   -0.1011843940E-03    0.9999999101E+00   -0.1232957657E-03   -0.1661410753E-03    0.7638391733E+00   -0.6454065963E+00   -0.5826582021E-03   -0.3052013801E-03    0.1296163854E+02
    0.3170000000E+00   -0.4105428773E-03   -0.8438468304E-04    0.9999999123E+00   -0.2332067617E-03    0.8347170413E-04    0.1000000000E+01   -0.4163160609E-03   -0.9471590246E-04    0.9999999089E+00   -0.1246333841E-03   -0.1667964573E-03    0.7550464481E+00   -0.6556712726E+00   -0.5820785977E-03   -0.3136815482E-03    0.1298211506E+02
    0.3175000000E+00   -0.4144927767E-03   -0.7787581426E-04    0.9999999112E+00   -0.2332023760E-03    0.8797059111E-04    0.1000000000E+01   -0.4205255236E-03   -0.8813314445E-04    0.9999999078E+00   -0.1259823360E-03   -0.1674514359E-03    0.7461157944E+00   -0.6658161739E+00   -0.5814079946E-03   -0.3222095974E-03    0.1300259158E+02
    0.3180000000E+00   -0.4183554074E-03   -0.7125962632E-04    0.9999999100E+00   -0.2331209960E-03    0.9249686728E-04    0.1000000000E+01   -0.4246469965E-03   -0.8143691324E-04    0.9999999066E+00   -0.1273426936E-03   -0.1681059596E-03    0.7370488435E+00   -0.6758394467E+00   -0.5806453454E-03   -0.3307849058E-03    0.1302306810E+02
    0.3185000000E+00   -0.4221284000E-03   -0.6453695804E-04    0.9999999089E+00   -0.2329616829E-03    0.9704938244E-04    0.1000000000E+01   -0.4286779672E-03   -0.7462805082E-04    0.9999999054E+00   -0.1287145288E-03   -0.1687599763E-03    0.7278472518E+00   -0.6857392602E+00   -0.5797896026E-03   -0.3394068376E-03    0.1304354462E+02
    0.3190000000E+00   -0.4258093853E-03   -0.5770869389E-04    0.9999999078E+00   -0.2327235122E-03    0.1016269633E-03    0.1000000000E+01   -0.4326159232E-03   -0.6770744815E-04    0.9999999042E+00   -0.1300979140E-03   -0.1694134332E-03    0.7185127002E+00   -0.6955138058E+00   -0.5788397184E-03   -0.3480747419E-03    0.1306402114E+02
    0.3195000000E+00   -0.4293959945E-03   -0.5077576432E-04    0.9999999066E+00   -0.2324055735E-03    0.1062284135E-03    0.1000000000E+01   -0.4364583526E-03   -0.6067604556E-04    0.9999999030E+00   -0.1314929216E-03   -0.1700662768E-03    0.7090468938E+00   -0.7051612980E+00   -0.5777946454E-03   -0.3567879537E-03    0.1308449766E+02
    0.3200000000E+00   -0.4328858605E-03   -0.4373914601E-04    0.9999999054E+00   -0.2320069716E-03    0.1108525139E-03    0.1000000000E+01   -0.4402027452E-03   -0.5353483291E-04    0.9999999017E+00   -0.1328996241E-03   -0.1707184532E-03    0.6994515618E+00   -0.7146799745E+00   -0.5766533361E-03   -0.3655457931E-03    0.1310497418E+02
    0.3205000000E+00   -0.4362766184E-03   -0.3659986207E-04    0.9999999043E+00   -0.2315268263E-03    0.1154980226E-03    0.1000000000E+01   -0.4438465932E-03   -0.4628484993E-04    0.9999999005E+00   -0.1343180943E-03   -0.1713699077E-03    0.6897284571E+00   -0.7240680963E+00   -0.5754147435E-03   -0.3743475653E-03    0.1312545070E+02
    0.3210000000E+00   -0.4395659065E-03   -0.2935898238E-04    0.9999999031E+00   -0.2309642737E-03    0.1201636750E-03    0.1000000000E+01   -0.4473873922E-03   -0.3892718637E-04    0.9999998992E+00   -0.1357484050E-03   -0.1720205850E-03    0.6798793558E+00   -0.7333239486E+00   -0.5740778213E-03   -0.3831925609E-03    0.1314592723E+02
    0.3215000000E+00   -0.4427513667E-03   -0.2201762374E-04    0.9999999018E+00   -0.2303184660E-03    0.1248481841E-03    0.1000000000E+01   -0.4508226421E-03   -0.3146298231E-04    0.9999998979E+00   -0.1371906291E-03   -0.1726704293E-03    0.6699060571E+00   -0.7424458404E+00   -0.5726415237E-03   -0.3920800553E-03    0.1316640375E+02
    0.3220000000E+00   -0.4458306460E-03   -0.1457695013E-04    0.9999999006E+00   -0.2295885725E-03    0.1295502403E-03    0.1000000000E+01   -0.4541498480E-03   -0.2389342831E-04    0.9999998967E+00   -0.1386448397E-03   -0.1733193840E-03    0.6598103830E+00   -0.7514321055E+00   -0.5711048056E-03   -0.4010093090E-03    0.1318688027E+02
    0.3225000000E+00   -0.4488013969E-03   -0.7038172921E-05    0.9999998994E+00   -0.2287737795E-03    0.1342685121E-03    0.1000000000E+01   -0.4573665209E-03   -0.1621976562E-04    0.9999998953E+00   -0.1401111100E-03   -0.1739673920E-03    0.6495941776E+00   -0.7602811023E+00   -0.5694666232E-03   -0.4099795673E-03    0.1320735679E+02
    0.3230000000E+00   -0.4516612783E-03    0.5974489735E-06    0.9999998981E+00   -0.2278732915E-03    0.1390016457E-03    0.1000000000E+01   -0.4604701792E-03   -0.8443286356E-05    0.9999998940E+00   -0.1415895135E-03   -0.1746143955E-03    0.6392593072E+00   -0.7689912143E+00   -0.5677259337E-03   -0.4189900603E-03    0.1322783331E+02
    0.3235000000E+00   -0.4544079562E-03    0.8328608875E-05    0.9999998968E+00   -0.2268863310E-03    0.1437482656E-03    0.1000000000E+01   -0.4634583490E-03   -0.5653336892E-06    0.9999998927E+00   -0.1430801235E-03   -0.1752603360E-03    0.6288076597E+00   -0.7775608503E+00   -0.5658816955E-03   -0.4280400027E-03    0.1324830983E+02
    0.3240000000E+00   -0.4570391050E-03    0.1615395220E-04    0.9999998955E+00   -0.2258121395E-03    0.1485069745E-03    0.1000000000E+01   -0.4663285651E-03    0.7412698041E-05    0.9999998913E+00   -0.1445830136E-03   -0.1759051546E-03    0.6182411443E+00   -0.7859884450E+00   -0.5639328686E-03   -0.4371285942E-03    0.1326878635E+02
    0.3245000000E+00   -0.4595524080E-03    0.2407207628E-04    0.9999998942E+00   -0.2246499777E-03    0.1532763536E-03    0.1000000000E+01   -0.4690783726E-03    0.1548936317E-04    0.9999998899E+00   -0.1460982576E-03   -0.1765487915E-03    0.6075616914E+00   -0.7942724587E+00   -0.5618784146E-03   -0.4462550185E-03    0.1328926287E+02
    0.3250000000E+00   -0.4619455585E-03    0.3208153025E-04    0.9999998929E+00   -0.2233991260E-03    0.1580549629E-03    0.1000000000E+01   -0.4717053271E-03    0.2366316460E-04    0.9999998885E+00   -0.1476259293E-03   -0.1771911863E-03    0.5967712518E+00   -0.8024113782E+00   -0.5597172970E-03   -0.4554184441E-03    0.1330973939E+02
    0.3255000000E+00   -0.4642162602E-03    0.4018081493E-04    0.9999998915E+00   -0.2220588852E-03    0.1628413410E-03    0.1000000000E+01   -0.4742069960E-03    0.3193255370E-04    0.9999998871E+00   -0.1491661027E-03   -0.1778322781E-03    0.5858717966E+00   -0.8104037167E+00   -0.5574484812E-03   -0.4646180239E-03    0.1333021591E+02
    0.3260000000E+00   -0.4663622290E-03    0.4836838268E-04    0.9999998902E+00   -0.2206285767E-03    0.1676340060E-03    0.1000000000E+01   -0.4765809593E-03    0.4029593020E-04    0.9999998857E+00   -0.1507188518E-03   -0.1784720052E-03    0.5748653170E+00   -0.8182480142E+00   -0.5550709346E-03   -0.4738528950E-03    0.1335069243E+02
    0.3265000000E+00   -0.4683811930E-03    0.5664263733E-04    0.9999998888E+00   -0.2191075433E-03    0.1724314552E-03    0.1000000000E+01   -0.4788248109E-03    0.4875164217E-04    0.9999998842E+00   -0.1522842508E-03   -0.1791103052E-03    0.5637538235E+00   -0.8259428377E+00   -0.5525836272E-03   -0.4831221788E-03    0.1337116895E+02
    0.3270000000E+00   -0.4702708938E-03    0.6500193411E-04    0.9999998874E+00   -0.2174951494E-03    0.1772321653E-03    0.1000000000E+01   -0.4809361594E-03    0.5729798593E-04    0.9999998828E+00   -0.1538623740E-03   -0.1797471153E-03    0.5525393459E+00   -0.8334867817E+00   -0.5499855312E-03   -0.4924249807E-03    0.1339164547E+02
    0.3275000000E+00   -0.4720290877E-03    0.7344457954E-04    0.9999998860E+00   -0.2157907815E-03    0.1820345931E-03    0.1000000000E+01   -0.4829126289E-03    0.6593320603E-04    0.9999998813E+00   -0.1554532959E-03   -0.1803823719E-03    0.5412239328E+00   -0.8408784679E+00   -0.5472756215E-03   -0.5017603904E-03    0.1341212199E+02
    0.3280000000E+00   -0.4736535458E-03    0.8196883146E-04    0.9999998846E+00   -0.2139938488E-03    0.1868371753E-03    0.1000000000E+01   -0.4847518603E-03    0.7465549522E-04    0.9999998798E+00   -0.1570570909E-03   -0.1810160106E-03    0.5298096514E+00   -0.8481165462E+00   -0.5444528762E-03   -0.5111274814E-03    0.1343259851E+02
    0.3285000000E+00   -0.4751420559E-03    0.9057289889E-04    0.9999998831E+00   -0.2121037839E-03    0.1916383290E-03    0.1000000000E+01   -0.4864515120E-03    0.8346299447E-04    0.9999998783E+00   -0.1586738337E-03   -0.1816479665E-03    0.5182985866E+00   -0.8551996942E+00   -0.5415162759E-03   -0.5205253113E-03    0.1345307503E+02
    0.3290000000E+00   -0.4764924227E-03    0.9925494209E-04    0.9999998817E+00   -0.2101200427E-03    0.1964364521E-03    0.1000000000E+01   -0.4880092613E-03    0.9235379295E-04    0.9999998767E+00   -0.1603035990E-03   -0.1822781740E-03    0.5066928413E+00   -0.8621266181E+00   -0.5384648047E-03   -0.5299529215E-03    0.1347355155E+02
    0.3295000000E+00   -0.4777024691E-03    0.1080130725E-03    0.9999998802E+00   -0.2080421054E-03    0.2012299231E-03    0.1000000000E+01   -0.4894228049E-03    0.1013259281E-03    0.9999998752E+00   -0.1619464616E-03   -0.1829065669E-03    0.4949945356E+00   -0.8688960525E+00   -0.5352974501E-03   -0.5394093373E-03    0.1349402807E+02
    0.3300000000E+00   -0.4787700371E-03    0.1168453530E-03    0.9999998787E+00   -0.2058694766E-03    0.2060171019E-03    0.1000000000E+01   -0.4906898604E-03    0.1103773857E-03    0.9999998736E+00   -0.1636024966E-03   -0.1835330781E-03    0.4832058065E+00   -0.8755067607E+00   -0.5320132030E-03   -0.5488935676E-03    0.1351450459E+02
    0.3305000000E+00   -0.4796929886E-03    0.1257497973E-03    0.9999998772E+00   -0.2036016861E-03    0.2107963299E-03    0.1000000000E+01   -0.4918081671E-03    0.1195060998E-03    0.9999998720E+00   -0.1652717788E-03   -0.1841576401E-03    0.4713288075E+00   -0.8819575353E+00   -0.5286110581E-03   -0.5584046051E-03    0.1353498111E+02
    0.3310000000E+00   -0.4804692065E-03    0.1347243707E-03    0.9999998756E+00   -0.2012382891E-03    0.2155659303E-03    0.1000000000E+01   -0.4927754868E-03    0.1287099531E-03    0.9999998704E+00   -0.1669543836E-03   -0.1847801845E-03    0.4593657082E+00   -0.8882471977E+00   -0.5250900142E-03   -0.5679414260E-03    0.1355545763E+02
    0.3315000000E+00   -0.4810965957E-03    0.1437669900E-03    0.9999998741E+00   -0.1987788670E-03    0.2203242086E-03    0.1000000000E+01   -0.4935896054E-03    0.1379867767E-03    0.9999998687E+00   -0.1686503861E-03   -0.1854006424E-03    0.4473186939E+00   -0.8943745990E+00   -0.5214490740E-03   -0.5775029901E-03    0.1357593415E+02
    0.3320000000E+00   -0.4815730839E-03    0.1528755231E-03    0.9999998725E+00   -0.1962230274E-03    0.2250694526E-03    0.1000000000E+01   -0.4942483333E-03    0.1473343506E-03    0.9999998671E+00   -0.1703598617E-03   -0.1860189441E-03    0.4351899655E+00   -0.9003386198E+00   -0.5176872447E-03   -0.5870882408E-03    0.1359641067E+02
    0.3325000000E+00   -0.4818966226E-03    0.1620477897E-03    0.9999998709E+00   -0.1935704049E-03    0.2297999329E-03    0.1000000000E+01   -0.4947495069E-03    0.1567504034E-03    0.9999998654E+00   -0.1720828858E-03   -0.1866350192E-03    0.4229817385E+00   -0.9061381708E+00   -0.5138035378E-03   -0.5966961046E-03    0.1361688719E+02
    0.3330000000E+00   -0.4820651884E-03    0.1712815609E-03    0.9999998693E+00   -0.1908206615E-03    0.2345139037E-03    0.1000000000E+01   -0.4950909893E-03    0.1662326128E-03    0.9999998637E+00   -0.1738195339E-03   -0.1872487968E-03    0.4106962430E+00   -0.9117721923E+00   -0.5097969698E-03   -0.6063254917E-03    0.1363736371E+02
    0.3335000000E+00   -0.4820767834E-03    0.1805745600E-03    0.9999998676E+00   -0.1879734868E-03    0.2392096022E-03    0.1000000000E+01   -0.4952706716E-03    0.1757786058E-03    0.9999998620E+00   -0.1755698817E-03   -0.1878602050E-03    0.3983357233E+00   -0.9172396554E+00   -0.5056665618E-03   -0.6159752956E-03    0.1365784023E+02
    0.3340000000E+00   -0.4819294366E-03    0.1899244617E-03    0.9999998660E+00   -0.1850285991E-03    0.2438852499E-03    0.1000000000E+01   -0.4952864739E-03    0.1853859587E-03    0.9999998602E+00   -0.1773340048E-03   -0.1884691715E-03    0.3859024374E+00   -0.9225395611E+00   -0.5014113403E-03   -0.6256443929E-03    0.1367831675E+02
    0.3345000000E+00   -0.4816212049E-03    0.1993288932E-03    0.9999998643E+00   -0.1819857450E-03    0.2485390526E-03    0.1000000000E+01   -0.4951363461E-03    0.1950521973E-03    0.9999998585E+00   -0.1791119792E-03   -0.1890756231E-03    0.3733986566E+00   -0.9276709414E+00   -0.4970303369E-03   -0.6353316436E-03    0.1369879327E+02
    0.3350000000E+00   -0.4811501738E-03    0.2087854338E-03    0.9999998626E+00   -0.1788447004E-03    0.2531692006E-03    0.1000000000E+01   -0.4948182692E-03    0.2047747974E-03    0.9999998567E+00   -0.1809038805E-03   -0.1896794860E-03    0.3608266649E+00   -0.9326328587E+00   -0.4925225888E-03   -0.6450358906E-03    0.1371926979E+02
    0.3355000000E+00   -0.4805144587E-03    0.2182916154E-03    0.9999998608E+00   -0.1756052709E-03    0.2577738697E-03    0.1000000000E+01   -0.4943302564E-03    0.2145511848E-03    0.9999998549E+00   -0.1827097850E-03   -0.1902806856E-03    0.3481887590E+00   -0.9374244068E+00   -0.4878871388E-03   -0.6547559601E-03    0.1373974631E+02
    0.3360000000E+00   -0.4797122057E-03    0.2278449225E-03    0.9999998591E+00   -0.1722672920E-03    0.2623512209E-03    0.1000000000E+01   -0.4936703539E-03    0.2243787357E-03    0.9999998530E+00   -0.1845297685E-03   -0.1908791468E-03    0.3354872475E+00   -0.9420447104E+00   -0.4831230358E-03   -0.6644906613E-03    0.1376022282E+02
    0.3365000000E+00   -0.4787415926E-03    0.2374427926E-03    0.9999998573E+00   -0.1688306298E-03    0.2668994013E-03    0.1000000000E+01   -0.4928366420E-03    0.2342547770E-03    0.9999998512E+00   -0.1863639072E-03   -0.1914747935E-03    0.3227244506E+00   -0.9464929253E+00   -0.4782293346E-03   -0.6742387865E-03    0.1378069934E+02
    0.3370000000E+00   -0.4776008300E-03    0.2470826164E-03    0.9999998555E+00   -0.1652951812E-03    0.2714165444E-03    0.1000000000E+01   -0.4918272363E-03    0.2441765866E-03    0.9999998493E+00   -0.1882122773E-03   -0.1920675492E-03    0.3099026999E+00   -0.9507682390E+00   -0.4732050966E-03   -0.6839991109E-03    0.1380117586E+02
    0.3375000000E+00   -0.4762881622E-03    0.2567617379E-03    0.9999998537E+00   -0.1616608743E-03    0.2759007706E-03    0.1000000000E+01   -0.4906402888E-03    0.2541413937E-03    0.9999998474E+00   -0.1900749551E-03   -0.1926573365E-03    0.2970243375E+00   -0.9548698705E+00   -0.4680493895E-03   -0.6937703926E-03    0.1382165238E+02
    0.3380000000E+00   -0.4748018684E-03    0.2664774552E-03    0.9999998519E+00   -0.1579276691E-03    0.2803501875E-03    0.1000000000E+01   -0.4892739886E-03    0.2641463791E-03    0.9999998455E+00   -0.1919520171E-03   -0.1932440772E-03    0.2840917160E+00   -0.9587970707E+00   -0.4627612879E-03   -0.7035513728E-03    0.1384212890E+02
    0.3385000000E+00   -0.4731402634E-03    0.2762270202E-03    0.9999998500E+00   -0.1540955578E-03    0.2847628906E-03    0.1000000000E+01   -0.4877265633E-03    0.2741886758E-03    0.9999998435E+00   -0.1938435396E-03   -0.1938276925E-03    0.2711071979E+00   -0.9625491219E+00   -0.4573398734E-03   -0.7133407753E-03    0.1386260542E+02
    0.3390000000E+00   -0.4713016989E-03    0.2860076393E-03    0.9999998482E+00   -0.1501645648E-03    0.2891369635E-03    0.1000000000E+01   -0.4859962797E-03    0.2842653691E-03    0.9999998416E+00   -0.1957495992E-03   -0.1944081030E-03    0.2580731551E+00   -0.9661253389E+00   -0.4517842346E-03   -0.7231373068E-03    0.1388308194E+02
    0.3395000000E+00   -0.4692845642E-03    0.2958164738E-03    0.9999998463E+00   -0.1461347479E-03    0.2934704785E-03    0.1000000000E+01   -0.4840814455E-03    0.2943734973E-03    0.9999998396E+00   -0.1976702724E-03   -0.1949852283E-03    0.2449919687E+00   -0.9695250684E+00   -0.4460934677E-03   -0.7329396569E-03    0.1390355846E+02
    0.3400000000E+00   -0.4670872874E-03    0.3056506400E-03    0.9999998443E+00   -0.1420061978E-03    0.2977614974E-03    0.1000000000E+01   -0.4819804094E-03    0.3045100519E-03    0.9999998375E+00   -0.1996056360E-03   -0.1955589874E-03    0.2318660281E+00   -0.9727476892E+00   -0.4402666765E-03   -0.7427464978E-03    0.1392403498E+02
    0.3405000000E+00   -0.4647083365E-03    0.3155072096E-03    0.9999998424E+00   -0.1377790394E-03    0.3020080715E-03    0.1000000000E+01   -0.4796915629E-03    0.3146719781E-03    0.9999998355E+00   -0.2015557666E-03   -0.1961292987E-03    0.2186977313E+00   -0.9757926128E+00   -0.4343029726E-03   -0.7525564846E-03    0.1394451150E+02
    0.3410000000E+00   -0.4621462201E-03    0.3253832105E-03    0.9999998404E+00   -0.1334534311E-03    0.3062082425E-03    0.1000000000E+01   -0.4772133412E-03    0.3248561757E-03    0.9999998334E+00   -0.2035207411E-03   -0.1966960796E-03    0.2054894838E+00   -0.9786592829E+00   -0.4282014756E-03   -0.7623682549E-03    0.1396498802E+02
    0.3415000000E+00   -0.4593994888E-03    0.3352756269E-03    0.9999998384E+00   -0.1290295664E-03    0.3103600426E-03    0.1000000000E+01   -0.4745442239E-03    0.3350594987E-03    0.9999998313E+00   -0.2055006363E-03   -0.1972592470E-03    0.1922436984E+00   -0.9813471757E+00   -0.4219613136E-03   -0.7721804291E-03    0.1398546454E+02
    0.3420000000E+00   -0.4564667358E-03    0.3451813997E-03    0.9999998364E+00   -0.1245076732E-03    0.3144614955E-03    0.1000000000E+01   -0.4716827363E-03    0.3452787567E-03    0.9999998292E+00   -0.2074955292E-03   -0.1978187169E-03    0.1789627947E+00   -0.9838558004E+00   -0.4155816229E-03   -0.7819916102E-03    0.1400594106E+02
    0.3425000000E+00   -0.4533465980E-03    0.3550974271E-03    0.9999998343E+00   -0.1198880148E-03    0.3185106168E-03    0.1000000000E+01   -0.4686274505E-03    0.3555107150E-03    0.9999998271E+00   -0.2095054968E-03   -0.1983744046E-03    0.1656491989E+00   -0.9861846985E+00   -0.4090615490E-03   -0.7918003840E-03    0.1402641757E+02
    0.3430000000E+00   -0.4500377573E-03    0.3650205652E-03    0.9999998323E+00   -0.1151708901E-03    0.3225054145E-03    0.1000000000E+01   -0.4653769862E-03    0.3657520953E-03    0.9999998249E+00   -0.2115306160E-03   -0.1989262246E-03    0.1523053430E+00   -0.9883334448E+00   -0.4024002460E-03   -0.8016053186E-03    0.1404689409E+02
    0.3435000000E+00   -0.4465389412E-03    0.3749476282E-03    0.9999998301E+00   -0.1103566338E-03    0.3264438893E-03    0.1000000000E+01   -0.4619300120E-03    0.3759995760E-03    0.9999998227E+00   -0.2135709641E-03   -0.1994740908E-03    0.1389336647E+00   -0.9903016467E+00   -0.3955968773E-03   -0.8114049650E-03    0.1406737061E+02
    0.3440000000E+00   -0.4428489241E-03    0.3848753894E-03    0.9999998280E+00   -0.1054456169E-03    0.3303240357E-03    0.1000000000E+01   -0.4582852461E-03    0.3862497932E-03    0.9999998205E+00   -0.2156266182E-03   -0.2000179162E-03    0.1255366065E+00   -0.9920889446E+00   -0.3886506158E-03   -0.8211978565E-03    0.1408784713E+02
    0.3445000000E+00   -0.4389665280E-03    0.3948005812E-03    0.9999998259E+00   -0.1004382469E-03    0.3341438423E-03    0.1000000000E+01   -0.4544414576E-03    0.3964993414E-03    0.9999998182E+00   -0.2176976555E-03   -0.2005576131E-03    0.1121166159E+00   -0.9936950120E+00   -0.3815606441E-03   -0.8309825091E-03    0.1410832365E+02
    0.3450000000E+00   -0.4348906237E-03    0.4047198960E-03    0.9999998237E+00   -0.9533496843E-04    0.3379012922E-03    0.1000000000E+01   -0.4503974673E-03    0.4067447733E-03    0.9999998159E+00   -0.2197841534E-03   -0.2010930931E-03    0.9867614435E-01   -0.9951195555E+00   -0.3743261547E-03   -0.8407574213E-03    0.1412880017E+02
    0.3455000000E+00   -0.4306201318E-03    0.4146299868E-03    0.9999998215E+00   -0.9013626312E-04    0.3415943642E-03    0.1000000000E+01   -0.4461521488E-03    0.4169826016E-03    0.9999998136E+00   -0.2218861890E-03   -0.2016242668E-03    0.8521764705E-01   -0.9963623150E+00   -0.3669463502E-03   -0.8505210743E-03    0.1414927669E+02
    0.3460000000E+00   -0.4261540235E-03    0.4245274675E-03    0.9999998192E+00   -0.8484265020E-04    0.3452210325E-03    0.1000000000E+01   -0.4417044295E-03    0.4272092987E-03    0.9999998113E+00   -0.2240038400E-03   -0.2021510443E-03    0.7174358257E-01   -0.9974230634E+00   -0.3594204436E-03   -0.8602719316E-03    0.1416975321E+02
    0.3465000000E+00   -0.4214913216E-03    0.4344089142E-03    0.9999998170E+00   -0.7945468673E-04    0.3487792682E-03    0.1000000000E+01   -0.4370532917E-03    0.4374212982E-03    0.9999998089E+00   -0.2261371836E-03   -0.2026733348E-03    0.5825641229E-01   -0.9983016068E+00   -0.3517476585E-03   -0.8700084395E-03    0.1419022973E+02
    0.3470000000E+00   -0.4166311018E-03    0.4442708649E-03    0.9999998147E+00   -0.7397296790E-04    0.3522670394E-03    0.1000000000E+01   -0.4321977732E-03    0.4476149950E-03    0.9999998065E+00   -0.2282862973E-03   -0.2031910467E-03    0.4475859998E-01   -0.9989977849E+00   -0.3439272296E-03   -0.8797290266E-03    0.1421070624E+02
    0.3475000000E+00   -0.4115724931E-03    0.4541098211E-03    0.9999998123E+00   -0.6839812727E-04    0.3556823121E-03    0.1000000000E+01   -0.4271369689E-03    0.4577867464E-03    0.9999998041E+00   -0.2304512588E-03   -0.2037040877E-03    0.3125261138E-01   -0.9995114705E+00   -0.3359584024E-03   -0.8894321043E-03    0.1423118276E+02
    0.3480000000E+00   -0.4063146792E-03    0.4639222478E-03    0.9999998100E+00   -0.6273083709E-04    0.3590230506E-03    0.1000000000E+01   -0.4218700311E-03    0.4679328728E-03    0.9999998016E+00   -0.2326321455E-03   -0.2042123647E-03    0.1774091369E-01   -0.9998425697E+00   -0.3278404339E-03   -0.8991160661E-03    0.1425165928E+02
    0.3485000000E+00   -0.4008568994E-03    0.4737045746E-03    0.9999998076E+00   -0.5697180853E-04    0.3622872184E-03    0.1000000000E+01   -0.4163961708E-03    0.4780496584E-03    0.9999997991E+00   -0.2348290352E-03   -0.2047157838E-03    0.4225975165E-02   -0.9999910220E+00   -0.3195725927E-03   -0.9087792885E-03    0.1427213580E+02
    0.3490000000E+00   -0.3951984493E-03    0.4834531964E-03    0.9999998052E+00   -0.5112179195E-04    0.3654727787E-03    0.1000000000E+01   -0.4107146590E-03    0.4881333521E-03    0.9999997966E+00   -0.2370420054E-03   -0.2052142502E-03   -0.9289735333E-02   -0.9999568003E+00   -0.3111541593E-03   -0.9184201303E-03    0.1429261232E+02
    0.3495000000E+00   -0.3893386819E-03    0.4931644741E-03    0.9999998028E+00   -0.4518157714E-04    0.3685776952E-03    0.1000000000E+01   -0.4048248268E-03    0.4981801683E-03    0.9999997940E+00   -0.2392711339E-03   -0.2057076686E-03   -0.2280374882E-01   -0.9997399109E+00   -0.3025844264E-03   -0.9280369330E-03    0.1431308884E+02
    0.3500000000E+00   -0.3832770088E-03    0.5028347350E-03    0.9999998003E+00   -0.3915199354E-04    0.3715999325E-03    0.1000000000E+01   -0.3987260670E-03    0.5081862876E-03    0.9999997914E+00   -0.2415164984E-03   -0.2061959425E-03   -0.3631359661E-01   -0.9993403934E+00   -0.2938626988E-03   -0.9376280207E-03    0.1433356535E+02
    0.3505000000E+00   -0.3770129004E-03    0.5124602744E-03    0.9999997978E+00   -0.3303391050E-04    0.3745374571E-03    0.1000000000E+01   -0.3924178350E-03    0.5181478581E-03    0.9999997888E+00   -0.2437781767E-03   -0.2066789749E-03   -0.4981681079E-01   -0.9987583207E+00   -0.2849882940E-03   -0.9471916998E-03    0.1435404187E+02
    0.3510000000E+00   -0.3705458877E-03    0.5220373558E-03    0.9999997952E+00   -0.2682823744E-04    0.3773882380E-03    0.1000000000E+01   -0.3858996493E-03    0.5280609957E-03    0.9999997862E+00   -0.2460562466E-03   -0.2071566679E-03   -0.6331092465E-01   -0.9979937993E+00   -0.2759605425E-03   -0.9567262598E-03    0.1437451839E+02
    0.3515000000E+00   -0.3638755624E-03    0.5315622117E-03    0.9999997927E+00   -0.2053592410E-04    0.3801502473E-03    0.1000000000E+01   -0.3791710929E-03    0.5379217854E-03    0.9999997835E+00   -0.2483507860E-03   -0.2076289229E-03   -0.7679347314E-01   -0.9970469686E+00   -0.2667787878E-03   -0.9662299726E-03    0.1439499491E+02
    0.3520000000E+00   -0.3570015786E-03    0.5410310449E-03    0.9999997901E+00   -0.1415796069E-04    0.3828214610E-03    0.1000000000E+01   -0.3722318137E-03    0.5477262823E-03    0.9999997808E+00   -0.2506618728E-03   -0.2080956402E-03   -0.9026199332E-01   -0.9959180019E+00   -0.2574423867E-03   -0.9757010926E-03    0.1441547143E+02
    0.3525000000E+00   -0.3499236528E-03    0.5504400292E-03    0.9999997874E+00   -0.7695378108E-05    0.3853998598E-03    0.1000000000E+01   -0.3650815258E-03    0.5574705121E-03    0.9999997780E+00   -0.2529895848E-03   -0.2085567196E-03   -0.1037140248E+00   -0.9946071051E+00   -0.2479507099E-03   -0.9851378570E-03    0.1443594794E+02
    0.3530000000E+00   -0.3426415656E-03    0.5597853100E-03    0.9999997848E+00   -0.1149248084E-05    0.3878834296E-03    0.1000000000E+01   -0.3577200104E-03    0.5671504726E-03    0.9999997753E+00   -0.2553340001E-03   -0.2090120599E-03   -0.1171471103E+00   -0.9931145179E+00   -0.2383031418E-03   -0.9945384860E-03    0.1445642446E+02
    0.3535000000E+00   -0.3351551620E-03    0.5690630056E-03    0.9999997821E+00    0.5479316651E-05    0.3902701625E-03    0.1000000000E+01   -0.3501471161E-03    0.5767621344E-03    0.9999997724E+00   -0.2576951966E-03   -0.2094615592E-03   -0.1305587959E+00   -0.9914405129E+00   -0.2284990809E-03   -0.1003901182E-02    0.1447690098E+02
    0.3540000000E+00   -0.3274643526E-03    0.5782692080E-03    0.9999997793E+00    0.1218916222E-04    0.3925580571E-03    0.1000000000E+01   -0.3423627605E-03    0.5863014420E-03    0.9999997696E+00   -0.2600732522E-03   -0.2099051147E-03   -0.1439466315E+00   -0.9895853958E+00   -0.2185379403E-03   -0.1013224131E-02    0.1449737750E+02
    0.3545000000E+00   -0.3195691143E-03    0.5873999838E-03    0.9999997766E+00    0.1897909348E-04    0.3947451198E-03    0.1000000000E+01   -0.3343669304E-03    0.5957643145E-03    0.9999997667E+00   -0.2624682451E-03   -0.2103426227E-03   -0.1573081716E+00   -0.9875495056E+00   -0.2084191476E-03   -0.1022505501E-02    0.1451785402E+02
    0.3550000000E+00   -0.3114694911E-03    0.5964513752E-03    0.9999997738E+00    0.2584787386E-04    0.3968293653E-03    0.1000000000E+01   -0.3261596830E-03    0.6051466474E-03    0.9999997638E+00   -0.2648802532E-03   -0.2107739787E-03   -0.1706409753E+00   -0.9853332142E+00   -0.1981421454E-03   -0.1031743443E-02    0.1453833053E+02
    0.3555000000E+00   -0.3031655951E-03    0.6054194011E-03    0.9999997709E+00    0.3279422530E-04    0.3988088172E-03    0.1000000000E+01   -0.3177411467E-03    0.6144443128E-03    0.9999997608E+00   -0.2673093547E-03   -0.2111990776E-03   -0.1839426071E+00   -0.9829369264E+00   -0.1877063915E-03   -0.1040936091E-02    0.1455880705E+02
    0.3560000000E+00   -0.2946576070E-03    0.6143000581E-03    0.9999997681E+00    0.3981682813E-04    0.4006815090E-03    0.1000000000E+01   -0.3091115217E-03    0.6236531612E-03    0.9999997578E+00   -0.2697556275E-03   -0.2116178130E-03   -0.1972106370E+00   -0.9803610800E+00   -0.1771113593E-03   -0.1050081563E-02    0.1457928357E+02
    0.3565000000E+00   -0.2859457773E-03    0.6230893214E-03    0.9999997652E+00    0.4691432096E-04    0.4024454847E-03    0.1000000000E+01   -0.3002710809E-03    0.6327690222E-03    0.9999997548E+00   -0.2722191500E-03   -0.2120300781E-03   -0.2104426414E+00   -0.9776061455E+00   -0.1663565377E-03   -0.1059177959E-02    0.1459976009E+02
    0.3570000000E+00   -0.2770304267E-03    0.6317831461E-03    0.9999997622E+00    0.5408530066E-04    0.4040987998E-03    0.1000000000E+01   -0.2912201707E-03    0.6417877058E-03    0.9999997517E+00   -0.2747000000E-03   -0.2124357651E-03   -0.2236362030E+00   -0.9746726261E+00   -0.1554414319E-03   -0.1068223362E-02    0.1462023660E+02
    0.3575000000E+00   -0.2679119473E-03    0.6403774679E-03    0.9999997592E+00    0.6132832226E-04    0.4056395219E-03    0.1000000000E+01   -0.2819592117E-03    0.6507050033E-03    0.9999997486E+00   -0.2771982559E-03   -0.2128347651E-03   -0.2367889117E+00   -0.9715610579E+00   -0.1443655632E-03   -0.1077215837E-02    0.1464071312E+02
    0.3580000000E+00   -0.2585908030E-03    0.6488682047E-03    0.9999997562E+00    0.6864189891E-04    0.4070657315E-03    0.1000000000E+01   -0.2724886994E-03    0.6595166890E-03    0.9999997455E+00   -0.2797139956E-03   -0.2132269687E-03   -0.2498983648E+00   -0.9682720091E+00   -0.1331284695E-03   -0.1086153436E-02    0.1466118964E+02
    0.3585000000E+00   -0.2490675302E-03    0.6572512574E-03    0.9999997532E+00    0.7602450185E-04    0.4083755228E-03    0.1000000000E+01   -0.2628092051E-03    0.6682185207E-03    0.9999997423E+00   -0.2822472975E-03   -0.2136122655E-03   -0.2629621676E+00   -0.9648060806E+00   -0.1217297054E-03   -0.1095034189E-02    0.1468166616E+02
    0.3590000000E+00   -0.2393427390E-03    0.6655225109E-03    0.9999997501E+00    0.8347456039E-04    0.4095670047E-03    0.1000000000E+01   -0.2529213763E-03    0.6768062415E-03    0.9999997390E+00   -0.2847982396E-03   -0.2139905441E-03   -0.2759779336E+00   -0.9611639055E+00   -0.1101688427E-03   -0.1103856114E-02    0.1470214267E+02
    0.3595000000E+00   -0.2294171135E-03    0.6736778356E-03    0.9999997469E+00    0.9099046190E-04    0.4106383011E-03    0.1000000000E+01   -0.2428259379E-03    0.6852755807E-03    0.9999997358E+00   -0.2873669003E-03   -0.2143616925E-03   -0.2889432852E+00   -0.9573461492E+00   -0.9844547070E-04   -0.1112617211E-02    0.1472261919E+02
    0.3600000000E+00   -0.2192914126E-03    0.6817130885E-03    0.9999997438E+00    0.9857055182E-04    0.4115875525E-03    0.1000000000E+01   -0.2325236920E-03    0.6936222549E-03    0.9999997325E+00   -0.2899533575E-03   -0.2147255975E-03   -0.3018558538E+00   -0.9533535091E+00   -0.8655919613E-04   -0.1121315461E-02    0.1474309571E+02
    0.3605000000E+00   -0.2089664706E-03    0.6896241142E-03    0.9999997406E+00    0.1062131337E-03    0.4124129160E-03    0.1000000000E+01   -0.2220155198E-03    0.7018419699E-03    0.9999997291E+00   -0.2925576896E-03   -0.2150821453E-03   -0.3147132808E+00   -0.9491867145E+00   -0.7450964376E-04   -0.1129948831E-02    0.1476357222E+02
    0.3610000000E+00   -0.1984431981E-03    0.6974067465E-03    0.9999997373E+00    0.1139164692E-03    0.4131125668E-03    0.1000000000E+01   -0.2113023809E-03    0.7099304213E-03    0.9999997257E+00   -0.2951799747E-03   -0.2154312211E-03   -0.3275132172E+00   -0.9448465267E+00   -0.6229645656E-04   -0.1138515272E-02    0.1478404874E+02
    0.3615000000E+00   -0.1877225827E-03    0.7050568091E-03    0.9999997340E+00    0.1216787781E-03    0.4136846984E-03    0.1000000000E+01   -0.2003853149E-03    0.7178832961E-03    0.9999997223E+00   -0.2978202911E-03   -0.2157727092E-03   -0.3402533250E+00   -0.9403337384E+00   -0.4991929597E-04   -0.1147012716E-02    0.1480452526E+02
    0.3620000000E+00   -0.1768056892E-03    0.7125701174E-03    0.9999997307E+00    0.1294982385E-03    0.4141275239E-03    0.1000000000E+01   -0.1892654417E-03    0.7256962739E-03    0.9999997188E+00   -0.3004787168E-03   -0.2161064930E-03   -0.3529312768E+00   -0.9356491740E+00   -0.3737784217E-04   -0.1155439083E-02    0.1482500177E+02
    0.3625000000E+00   -0.1656936605E-03    0.7199424793E-03    0.9999997273E+00    0.1373729868E-03    0.4144392767E-03    0.1000000000E+01   -0.1779439619E-03    0.7333650285E-03    0.9999997153E+00   -0.3031553302E-03   -0.2164324552E-03   -0.3655447566E+00   -0.9307936894E+00   -0.2467179438E-04   -0.1163792272E-02    0.1484547829E+02
    0.3630000000E+00   -0.1543877183E-03    0.7271696967E-03    0.9999997239E+00    0.1453011178E-03    0.4146182113E-03    0.1000000000E+01   -0.1664221576E-03    0.7408852288E-03    0.9999997118E+00   -0.3058502094E-03   -0.2167504772E-03   -0.3780914603E+00   -0.9257681714E+00   -0.1180087114E-04   -0.1172070170E-02    0.1486595481E+02
    0.3635000000E+00   -0.1428891636E-03    0.7342475670E-03    0.9999997204E+00    0.1532806848E-03    0.4146626041E-03    0.1000000000E+01   -0.1547013927E-03    0.7482525407E-03    0.9999997082E+00   -0.3085634325E-03   -0.2170604398E-03   -0.3905690959E+00   -0.9205735381E+00    0.1235189402E-05   -0.1180270646E-02    0.1488643132E+02
    0.3640000000E+00   -0.1311993770E-03    0.7411718842E-03    0.9999997169E+00    0.1613096997E-03    0.4145707542E-03    0.1000000000E+01   -0.1427831137E-03    0.7554626278E-03    0.9999997045E+00   -0.3112950778E-03   -0.2173622229E-03   -0.4029753841E+00   -0.9152107384E+00    0.1443662921E-04   -0.1188391553E-02    0.1490690784E+02
    0.3645000000E+00   -0.1193198197E-03    0.7479384403E-03    0.9999997134E+00    0.1693861333E-03    0.4143409847E-03    0.1000000000E+01   -0.1306688502E-03    0.7625111537E-03    0.9999997008E+00   -0.3140452235E-03   -0.2176557053E-03   -0.4153080584E+00   -0.9096807520E+00    0.2780367010E-04   -0.1196430729E-02    0.1492738436E+02
    0.3650000000E+00   -0.1072520337E-03    0.7545430264E-03    0.9999997098E+00    0.1775079153E-03    0.4139716427E-03    0.1000000000E+01   -0.1183602151E-03    0.7693937824E-03    0.9999996971E+00   -0.3168139476E-03   -0.2179407651E-03   -0.4275648661E+00   -0.9039845892E+00    0.4133651340E-04   -0.1204385996E-02    0.1494786087E+02
    0.3655000000E+00   -0.9499764251E-04    0.7609814347E-03    0.9999997061E+00    0.1856729342E-03    0.4134611011E-03    0.1000000000E+01   -0.1058589052E-03    0.7761061807E-03    0.9999996933E+00   -0.3196013284E-03   -0.2182172792E-03   -0.4397435680E+00   -0.8981232903E+00    0.5503533973E-04   -0.1212255162E-02    0.1496833739E+02
    0.3660000000E+00   -0.8255835131E-04    0.7672494593E-03    0.9999997025E+00    0.1938790384E-03    0.4128077587E-03    0.1000000000E+01   -0.9316670168E-04    0.7826440188E-03    0.9999996895E+00   -0.3224074439E-03   -0.2184851238E-03   -0.4518419396E+00   -0.8920979262E+00    0.6890030869E-04   -0.1220036016E-02    0.1498881391E+02
    0.3665000000E+00   -0.6993594777E-04    0.7733428979E-03    0.9999996987E+00    0.2021240351E-03    0.4120100415E-03    0.1000000000E+01   -0.8028547065E-04    0.7890029726E-03    0.9999996856E+00   -0.3252323723E-03   -0.2187441741E-03   -0.4638577706E+00   -0.8859095976E+00    0.8293155856E-04   -0.1227726336E-02    0.1500929042E+02
    0.3670000000E+00   -0.5713230233E-04    0.7792575533E-03    0.9999996949E+00    0.2104056917E-03    0.4110664033E-03    0.1000000000E+01   -0.6721716325E-04    0.7951787242E-03    0.9999996816E+00   -0.3280761916E-03   -0.2189943043E-03   -0.4757888660E+00   -0.8795594348E+00    0.9712920606E-04   -0.1235323882E-02    0.1502976694E+02
    0.3675000000E+00   -0.4414936862E-04    0.7849892344E-03    0.9999996911E+00    0.2187217353E-03    0.4099753267E-03    0.1000000000E+01   -0.5396381622E-04    0.8011669644E-03    0.9999996777E+00   -0.3309389800E-03   -0.2192353878E-03   -0.4876330465E+00   -0.8730485980E+00    0.1114933460E-03   -0.1242826400E-02    0.1505024345E+02
    0.3680000000E+00   -0.3098918388E-04    0.7905337583E-03    0.9999996872E+00    0.2270698532E-03    0.4087353241E-03    0.1000000000E+01   -0.4052755218E-04    0.8069633934E-03    0.9999996736E+00   -0.3338208155E-03   -0.2194672968E-03   -0.4993881482E+00   -0.8663782764E+00    0.1260240511E-03   -0.1250231620E-02    0.1507071997E+02
    0.3685000000E+00   -0.1765386932E-04    0.7958869513E-03    0.9999996833E+00    0.2354476932E-03    0.4073449381E-03    0.1000000000E+01   -0.2691058000E-04    0.8125637228E-03    0.9999996696E+00   -0.3367217761E-03   -0.2196899028E-03   -0.5110520239E+00   -0.8595496886E+00    0.1407213714E-03   -0.1257537258E-02    0.1509119649E+02
    0.3690000000E+00   -0.4145630477E-05    0.8010446506E-03    0.9999996794E+00    0.2438528638E-03    0.4058027429E-03    0.1000000000E+01   -0.1311519505E-04    0.8179636770E-03    0.9999996654E+00   -0.3396419399E-03   -0.2199030763E-03   -0.5226225428E+00   -0.8525640821E+00    0.1555853346E-03   -0.1264741017E-02    0.1511167300E+02
    0.3695000000E+00    0.9533242461E-05    0.8060027057E-03    0.9999996753E+00    0.2522829344E-03    0.4041073447E-03    0.1000000000E+01    0.8562204855E-06    0.8231589948E-03    0.9999996613E+00   -0.3425813847E-03   -0.2201066866E-03   -0.5340975913E+00   -0.8454227328E+00    0.1706159449E-03   -0.1271840582E-02    0.1513214952E+02
    0.3700000000E+00    0.2338037434E-04    0.8107569802E-03    0.9999996713E+00    0.2607354360E-03    0.4022573832E-03    0.1000000000E+01    0.1500119737E-04    0.8281454307E-03    0.9999996570E+00   -0.3455401886E-03   -0.2203006025E-03   -0.5454750731E+00   -0.8381269454E+00    0.1858131835E-03   -0.1278833626E-02    0.1515262603E+02
    0.3705000000E+00    0.3739330477E-04    0.8153033528E-03    0.9999996671E+00    0.2692078611E-03    0.4002515316E-03    0.1000000000E+01    0.2931717908E-04    0.8329187569E-03    0.9999996528E+00   -0.3485184295E-03   -0.2204846913E-03   -0.5567529100E+00   -0.8306780526E+00    0.2011770079E-03   -0.1285717808E-02    0.1517310255E+02
    0.3710000000E+00    0.5156948786E-04    0.8196377194E-03    0.9999996630E+00    0.2776976642E-03    0.3980884980E-03    0.1000000000E+01    0.4380152159E-04    0.8374747646E-03    0.9999996484E+00   -0.3515161852E-03   -0.2206588196E-03   -0.5679290416E+00   -0.8230774152E+00    0.2167073516E-03   -0.1292490771E-02    0.1519357906E+02
    0.3715000000E+00    0.6590629201E-04    0.8237559944E-03    0.9999996588E+00    0.2862022621E-03    0.3957670263E-03    0.1000000000E+01    0.5845149322E-04    0.8418092655E-03    0.9999996440E+00   -0.3545335335E-03   -0.2208228530E-03   -0.5790014264E+00   -0.8153264216E+00    0.2324041240E-03   -0.1299150145E-02    0.1521405558E+02
    0.3720000000E+00    0.8040099965E-04    0.8276541122E-03    0.9999996545E+00    0.2947190346E-03    0.3932858970E-03    0.1000000000E+01    0.7326427447E-04    0.8459180937E-03    0.9999996396E+00   -0.3575705524E-03   -0.2209766561E-03   -0.5899680418E+00   -0.8074264877E+00    0.2482672101E-03   -0.1305693547E-02    0.1523453209E+02
    0.3725000000E+00    0.9505080715E-04    0.8313280291E-03    0.9999996501E+00    0.3032453244E-03    0.3906439277E-03    0.1000000000E+01    0.8823695790E-04    0.8497971074E-03    0.9999996351E+00   -0.3606273195E-03   -0.2211200925E-03   -0.6008268843E+00   -0.7993790566E+00    0.2642964701E-03   -0.1312118581E-02    0.1525500861E+02
    0.3730000000E+00    0.1098528246E-03    0.8347737246E-03    0.9999996458E+00    0.3117784379E-03    0.3878399746E-03    0.1000000000E+01    0.1033665480E-03    0.8534421901E-03    0.9999996305E+00   -0.3637039126E-03   -0.2212530248E-03   -0.6115759704E+00   -0.7911855984E+00    0.2804917389E-03   -0.1318422834E-02    0.1527548512E+02
    0.3735000000E+00    0.1248040757E-03    0.8379872031E-03    0.9999996413E+00    0.3203156456E-03    0.3848729326E-03    0.1000000000E+01    0.1186499612E-03    0.8568492524E-03    0.9999996259E+00   -0.3668004094E-03   -0.2213753145E-03   -0.6222133365E+00   -0.7828476099E+00    0.2968528264E-03   -0.1324603884E-02    0.1529596164E+02
    0.3740000000E+00    0.1399014976E-03    0.8409644957E-03    0.9999996368E+00    0.3288541821E-03    0.3817417370E-03    0.1000000000E+01    0.1340840258E-03    0.8600142341E-03    0.9999996213E+00   -0.3699168875E-03   -0.2214868222E-03   -0.6327370393E+00   -0.7743666142E+00    0.3133795165E-03   -0.1330659293E-02    0.1531643815E+02
    0.3745000000E+00    0.1551419410E-03    0.8437016615E-03    0.9999996323E+00    0.3373912474E-03    0.3784453636E-03    0.1000000000E+01    0.1496654818E-03    0.8629331053E-03    0.9999996165E+00   -0.3730534244E-03   -0.2215874076E-03   -0.6431451564E+00   -0.7657441606E+00    0.3300715674E-03   -0.1336586612E-02    0.1533691467E+02
    0.3750000000E+00    0.1705221699E-03    0.8461947897E-03    0.9999996277E+00    0.3459240066E-03    0.3749828299E-03    0.1000000000E+01    0.1653909811E-03    0.8656018682E-03    0.9999996118E+00   -0.3762100978E-03   -0.2216769290E-03   -0.6534357866E+00   -0.7569818242E+00    0.3469287111E-03   -0.1342383377E-02    0.1535739118E+02
    0.3755000000E+00    0.1860388618E-03    0.8484400009E-03    0.9999996230E+00    0.3544495906E-03    0.3713531962E-03    0.1000000000E+01    0.1812570875E-03    0.8680165590E-03    0.9999996069E+00   -0.3793869851E-03   -0.2217552441E-03   -0.6636070499E+00   -0.7480812056E+00    0.3639506529E-03   -0.1348047114E-02    0.1537786770E+02
    0.3760000000E+00    0.2016886074E-03    0.8504334489E-03    0.9999996183E+00    0.3629650970E-03    0.3675555657E-03    0.1000000000E+01    0.1972602768E-03    0.8701732495E-03    0.9999996020E+00   -0.3825841637E-03   -0.2218222092E-03   -0.6736570884E+00   -0.7390439308E+00    0.3811370714E-03   -0.1353575335E-02    0.1539834421E+02
    0.3765000000E+00    0.2174679109E-03    0.8521713222E-03    0.9999996135E+00    0.3714675903E-03    0.3635890861E-03    0.1000000000E+01    0.2133969367E-03    0.8720680487E-03    0.9999995970E+00   -0.3858017110E-03   -0.2218776799E-03   -0.6835840662E+00   -0.7298716506E+00    0.3984876181E-03   -0.1358965540E-02    0.1541882073E+02
    0.3770000000E+00    0.2333731902E-03    0.8536498461E-03    0.9999996086E+00    0.3799541023E-03    0.3594529500E-03    0.1000000000E+01    0.2296633671E-03    0.8736971045E-03    0.9999995920E+00   -0.3890397043E-03   -0.2219215104E-03   -0.6933861697E+00   -0.7205660407E+00    0.4160019172E-03   -0.1364215218E-02    0.1543929724E+02
    0.3775000000E+00    0.2494007764E-03    0.8548652842E-03    0.9999996037E+00    0.3884216331E-03    0.3551463959E-03    0.1000000000E+01    0.2460557804E-03    0.8750566058E-03    0.9999995869E+00   -0.3922982209E-03   -0.2219535541E-03   -0.7030616085E+00   -0.7111288009E+00    0.4336795651E-03   -0.1369321844E-02    0.1545977375E+02
    0.3780000000E+00    0.2655469147E-03    0.8558139399E-03    0.9999995988E+00    0.3968671515E-03    0.3506687090E-03    0.1000000000E+01    0.2625703013E-03    0.8761427836E-03    0.9999995818E+00   -0.3955773380E-03   -0.2219736634E-03   -0.7126086150E+00   -0.7015616552E+00    0.4515201301E-03   -0.1374282885E-02    0.1548025027E+02
    0.3785000000E+00    0.2818077640E-03    0.8564921584E-03    0.9999995937E+00    0.4052875954E-03    0.3460192219E-03    0.1000000000E+01    0.2792029674E-03    0.8769519133E-03    0.9999995766E+00   -0.3988771327E-03   -0.2219816893E-03   -0.7220254453E+00   -0.6918663513E+00    0.4695231523E-03   -0.1379095793E-02    0.1550072678E+02
    0.3790000000E+00    0.2981793973E-03    0.8568963284E-03    0.9999995886E+00    0.4136798729E-03    0.3411973157E-03    0.1000000000E+01    0.2959497291E-03    0.8774803162E-03    0.9999995713E+00   -0.4021976819E-03   -0.2219774822E-03   -0.7313103790E+00   -0.6820446602E+00    0.4876881436E-03   -0.1383758011E-02    0.1552120330E+02
    0.3795000000E+00    0.3146578019E-03    0.8570228837E-03    0.9999995835E+00    0.4220408623E-03    0.3362024204E-03    0.1000000000E+01    0.3128064501E-03    0.8777243610E-03    0.9999995659E+00   -0.4055390628E-03   -0.2219608910E-03   -0.7404617202E+00   -0.6720983761E+00    0.5060145865E-03   -0.1388266971E-02    0.1554167981E+02
    0.3800000000E+00    0.3312388795E-03    0.8568683048E-03    0.9999995783E+00    0.4303674133E-03    0.3310340161E-03    0.1000000000E+01    0.3297689078E-03    0.8776804661E-03    0.9999995605E+00   -0.4089013522E-03   -0.2219317637E-03   -0.7494777970E+00   -0.6620293161E+00    0.5245019348E-03   -0.1392620093E-02    0.1556215632E+02
    0.3805000000E+00    0.3479184469E-03    0.8564291212E-03    0.9999995730E+00    0.4386563475E-03    0.3256916335E-03    0.1000000000E+01    0.3468327933E-03    0.8773451008E-03    0.9999995550E+00   -0.4122846270E-03   -0.2218899472E-03   -0.7583569625E+00   -0.6518393194E+00    0.5431496128E-03   -0.1396814788E-02    0.1558263284E+02
    0.3810000000E+00    0.3646922358E-03    0.8557019127E-03    0.9999995676E+00    0.4469044592E-03    0.3201748549E-03    0.1000000000E+01    0.3639937120E-03    0.8767147876E-03    0.9999995495E+00   -0.4156889638E-03   -0.2218352874E-03   -0.7670975945E+00   -0.6415302475E+00    0.5619570149E-03   -0.1400848456E-02    0.1560310935E+02
    0.3815000000E+00    0.3815558935E-03    0.8546833110E-03    0.9999995622E+00    0.4551085157E-03    0.3144833148E-03    0.1000000000E+01    0.3812471842E-03    0.8757861035E-03    0.9999995439E+00   -0.4191144395E-03   -0.2217676289E-03   -0.7756980965E+00   -0.6311039837E+00    0.5809235057E-03   -0.1404718487E-02    0.1562358586E+02
    0.3820000000E+00    0.3985049831E-03    0.8533700020E-03    0.9999995567E+00    0.4632652585E-03    0.3086167010E-03    0.1000000000E+01    0.3985886449E-03    0.8745556819E-03    0.9999995382E+00   -0.4225611305E-03   -0.2216868153E-03   -0.7841568974E+00   -0.6205624325E+00    0.6000484194E-03   -0.1408422262E-02    0.1564406238E+02
    0.3825000000E+00    0.4155349839E-03    0.8517587274E-03    0.9999995512E+00    0.4713714041E-03    0.3025747548E-03    0.1000000000E+01    0.4160134451E-03    0.8730202145E-03    0.9999995324E+00   -0.4260291133E-03   -0.2215926892E-03   -0.7924724518E+00   -0.6099075197E+00    0.6193310596E-03   -0.1411957151E-02    0.1566453889E+02
    0.3830000000E+00    0.4326412922E-03    0.8498462860E-03    0.9999995455E+00    0.4794236441E-03    0.2963572724E-03    0.1000000000E+01    0.4335168516E-03    0.8711764530E-03    0.9999995266E+00   -0.4295184644E-03   -0.2214850919E-03   -0.8006432408E+00   -0.5991411916E+00    0.6387706993E-03   -0.1415320516E-02    0.1568501540E+02
    0.3835000000E+00    0.4498192211E-03    0.8476295361E-03    0.9999995398E+00    0.4874186469E-03    0.2899641052E-03    0.1000000000E+01    0.4510940477E-03    0.8690212109E-03    0.9999995207E+00   -0.4330292602E-03   -0.2213638637E-03   -0.8086677717E+00   -0.5882654150E+00    0.6583665801E-03   -0.1418509709E-02    0.1570549191E+02
    0.3840000000E+00    0.4670640016E-03    0.8451053970E-03    0.9999995341E+00    0.4953530576E-03    0.2833951607E-03    0.1000000000E+01    0.4687401343E-03    0.8665513652E-03    0.9999995147E+00   -0.4365615767E-03   -0.2212288436E-03   -0.8165445787E+00   -0.5772821766E+00    0.6781179122E-03   -0.1421522075E-02    0.1572596843E+02
    0.3845000000E+00    0.4843707829E-03    0.8422708506E-03    0.9999995282E+00    0.5032234997E-03    0.2766504032E-03    0.1000000000E+01    0.4864501295E-03    0.8637638581E-03    0.9999995087E+00   -0.4401154902E-03   -0.2210798696E-03   -0.8242722228E+00   -0.5661934829E+00    0.6980238743E-03   -0.1424354949E-02    0.1574644494E+02
    0.3850000000E+00    0.5017346331E-03    0.8391229436E-03    0.9999995223E+00    0.5110265751E-03    0.2697298547E-03    0.1000000000E+01    0.5042189702E-03    0.8606556990E-03    0.9999995026E+00   -0.4436910767E-03   -0.2209167786E-03   -0.8318492925E+00   -0.5550013593E+00    0.7180836129E-03   -0.1427005658E-02    0.1576692145E+02
    0.3855000000E+00    0.5191505395E-03    0.8356587890E-03    0.9999995163E+00    0.5187588656E-03    0.2626335953E-03    0.1000000000E+01    0.5220415121E-03    0.8572239662E-03    0.9999994964E+00   -0.4472884121E-03   -0.2207394062E-03   -0.8392744035E+00   -0.5437078506E+00    0.7382962425E-03   -0.1429471521E-02    0.1578739796E+02
    0.3860000000E+00    0.5366134096E-03    0.8318755679E-03    0.9999995103E+00    0.5264169335E-03    0.2553617641E-03    0.1000000000E+01    0.5399125309E-03    0.8534658085E-03    0.9999994901E+00   -0.4509075722E-03   -0.2205475870E-03   -0.8465461995E+00   -0.5323150196E+00    0.7586608446E-03   -0.1431749849E-02    0.1580787448E+02
    0.3865000000E+00    0.5541180717E-03    0.8277705313E-03    0.9999995041E+00    0.5339973223E-03    0.2479145599E-03    0.1000000000E+01    0.5578267226E-03    0.8493784474E-03    0.9999994838E+00   -0.4545486328E-03   -0.2203411543E-03   -0.8536633521E+00   -0.5208249476E+00    0.7791764683E-03   -0.1433837948E-02    0.1582835099E+02
    0.3870000000E+00    0.5716592755E-03    0.8233410020E-03    0.9999994979E+00    0.5414965583E-03    0.2402922419E-03    0.1000000000E+01    0.5757787044E-03    0.8449591782E-03    0.9999994773E+00   -0.4582116695E-03   -0.2201199402E-03   -0.8606245612E+00   -0.5092397336E+00    0.7998421294E-03   -0.1435733113E-02    0.1584882750E+02
    0.3875000000E+00    0.5892316928E-03    0.8185843763E-03    0.9999994916E+00    0.5489111505E-03    0.2324951301E-03    0.1000000000E+01    0.5937630158E-03    0.8402053726E-03    0.9999994708E+00   -0.4618967576E-03   -0.2198837759E-03   -0.8674285550E+00   -0.4975614939E+00    0.8206568102E-03   -0.1437432636E-02    0.1586930401E+02
    0.3880000000E+00    0.6068299186E-03    0.8134981257E-03    0.9999994853E+00    0.5562375925E-03    0.2245236065E-03    0.1000000000E+01    0.6117741189E-03    0.8351144796E-03    0.9999994642E+00   -0.4656039727E-03   -0.2196324911E-03   -0.8740740908E+00   -0.4857923618E+00    0.8416194597E-03   -0.1438933799E-02    0.1588978052E+02
    0.3885000000E+00    0.6244484714E-03    0.8080797986E-03    0.9999994788E+00    0.5634723627E-03    0.2163781150E-03    0.1000000000E+01    0.6298063997E-03    0.8296840279E-03    0.9999994575E+00   -0.4693333899E-03   -0.2193659145E-03   -0.8805599544E+00   -0.4739344873E+00    0.8627289926E-03   -0.1440233881E-02    0.1591025703E+02
    0.3890000000E+00    0.6420817947E-03    0.8023270225E-03    0.9999994723E+00    0.5706119259E-03    0.2080591627E-03    0.1000000000E+01    0.6478541688E-03    0.8239116274E-03    0.9999994508E+00   -0.4730850844E-03   -0.2190838734E-03   -0.8868849612E+00   -0.4619900365E+00    0.8839842897E-03   -0.1441330152E-02    0.1593073355E+02
    0.3895000000E+00    0.6597242573E-03    0.7962375052E-03    0.9999994657E+00    0.5776527339E-03    0.1995673203E-03    0.1000000000E+01    0.6659116624E-03    0.8177949710E-03    0.9999994440E+00   -0.4768591311E-03   -0.2187861940E-03   -0.8930479556E+00   -0.4499611913E+00    0.9053841971E-03   -0.1442219879E-02    0.1595121006E+02
    0.3900000000E+00    0.6773701546E-03    0.7898090371E-03    0.9999994590E+00    0.5845912267E-03    0.1909032227E-03    0.1000000000E+01    0.6839730432E-03    0.8113318365E-03    0.9999994370E+00   -0.4806556051E-03   -0.2184727015E-03   -0.8990478119E+00   -0.4378501492E+00    0.9269275262E-03   -0.1442900323E-02    0.1597168657E+02
    0.3905000000E+00    0.6950137093E-03    0.7830394925E-03    0.9999994522E+00    0.5914238333E-03    0.1820675693E-03    0.1000000000E+01    0.7020324015E-03    0.8045200878E-03    0.9999994300E+00   -0.4844745808E-03   -0.2181432194E-03   -0.9048834340E+00   -0.4256591225E+00    0.9486130535E-03   -0.1443368739E-02    0.1599216308E+02
    0.3910000000E+00    0.7126490726E-03    0.7759268317E-03    0.9999994453E+00    0.5981469730E-03    0.1730611252E-03    0.1000000000E+01    0.7200837564E-03    0.7973576774E-03    0.9999994229E+00   -0.4883161331E-03   -0.2177975705E-03   -0.9105537559E+00   -0.4133903382E+00    0.9704395200E-03   -0.1443622378E-02    0.1601263959E+02
    0.3915000000E+00    0.7302703252E-03    0.7684691026E-03    0.9999994384E+00    0.6047570563E-03    0.1638847212E-03    0.1000000000E+01    0.7381210563E-03    0.7898426476E-03    0.9999994157E+00   -0.4921803363E-03   -0.2174355761E-03   -0.9160577417E+00   -0.4010460376E+00    0.9924056314E-03   -0.1443658487E-02    0.1603311610E+02
    0.3920000000E+00    0.7478714782E-03    0.7606644423E-03    0.9999994313E+00    0.6112504862E-03    0.1545392546E-03    0.1000000000E+01    0.7561381808E-03    0.7819731324E-03    0.9999994085E+00   -0.4960672647E-03   -0.2170570561E-03   -0.9213943861E+00   -0.3886284757E+00    0.1014510057E-02   -0.1443474308E-02    0.1605359261E+02
    0.3925000000E+00    0.7654464746E-03    0.7525110791E-03    0.9999994242E+00    0.6176236589E-03    0.1450256898E-03    0.1000000000E+01    0.7741289410E-03    0.7737473590E-03    0.9999994011E+00   -0.4999769925E-03   -0.2166618294E-03   -0.9265627141E+00   -0.3761399207E+00    0.1036751432E-02   -0.1443067081E-02    0.1607406912E+02
    0.3930000000E+00    0.7829891897E-03    0.7440073341E-03    0.9999994170E+00    0.6238729650E-03    0.1353450586E-03    0.1000000000E+01    0.7920870817E-03    0.7651636499E-03    0.9999993936E+00   -0.5039095938E-03   -0.2162497136E-03   -0.9315617816E+00   -0.3635826542E+00    0.1059128352E-02   -0.1442434042E-02    0.1609454563E+02
    0.3935000000E+00    0.8004934332E-03    0.7351516228E-03    0.9999994097E+00    0.6299947912E-03    0.1254984609E-03    0.1000000000E+01    0.8100062814E-03    0.7562204243E-03    0.9999993861E+00   -0.5078651423E-03   -0.2158205249E-03   -0.9363906754E+00   -0.3509589700E+00    0.1081639378E-02   -0.1441572422E-02    0.1611502214E+02
    0.3940000000E+00    0.8179529497E-03    0.7259424572E-03    0.9999994023E+00    0.6359855205E-03    0.1154870652E-03    0.1000000000E+01    0.8278801547E-03    0.7469161998E-03    0.9999993784E+00   -0.5118437119E-03   -0.2153740784E-03   -0.9410485133E+00   -0.3382711741E+00    0.1104283036E-02   -0.1440479453E-02    0.1613549865E+02
    0.3945000000E+00    0.8353614203E-03    0.7163784468E-03    0.9999993948E+00    0.6418415340E-03    0.1053121089E-03    0.1000000000E+01    0.8457022529E-03    0.7372495941E-03    0.9999993707E+00   -0.5158453760E-03   -0.2149101877E-03   -0.9455344446E+00   -0.3255215842E+00    0.1127057810E-02   -0.1439152362E-02    0.1615597516E+02
    0.3950000000E+00    0.8527124638E-03    0.7064583012E-03    0.9999993872E+00    0.6475592122E-03    0.9497489890E-04    0.1000000000E+01    0.8634660655E-03    0.7272193269E-03    0.9999993629E+00   -0.5198702080E-03   -0.2144286654E-03   -0.9498476497E+00   -0.3127125296E+00    0.1149962151E-02   -0.1437588375E-02    0.1617645167E+02
    0.3955000000E+00    0.8699996381E-03    0.6961808308E-03    0.9999993795E+00    0.6531349354E-03    0.8447681189E-04    0.1000000000E+01    0.8811650217E-03    0.7168242211E-03    0.9999993549E+00   -0.5239182811E-03   -0.2139293226E-03   -0.9539873407E+00   -0.2998463499E+00    0.1172994470E-02   -0.1435784717E-02    0.1619692818E+02
    0.3960000000E+00    0.8872164413E-03    0.6855449493E-03    0.9999993717E+00    0.6585650856E-03    0.7381929498E-04    0.1000000000E+01    0.8987924916E-03    0.7060632046E-03    0.9999993469E+00   -0.5279896684E-03   -0.2134119691E-03   -0.9579527614E+00   -0.2869253956E+00    0.1196153142E-02   -0.1433738610E-02    0.1621740469E+02
    0.3965000000E+00    0.9043563135E-03    0.6745496748E-03    0.9999993639E+00    0.6638460476E-03    0.6300386598E-04    0.1000000000E+01    0.9163417875E-03    0.6949353122E-03    0.9999993388E+00   -0.5320844427E-03   -0.2128764135E-03   -0.9617431874E+00   -0.2739520271E+00    0.1219436502E-02   -0.1431447278E-02    0.1623788120E+02
    0.3970000000E+00    0.9214126377E-03    0.6631941317E-03    0.9999993559E+00    0.6689742099E-03    0.5203211379E-04    0.1000000000E+01    0.9338061660E-03    0.6834396869E-03    0.9999993305E+00   -0.5362026767E-03   -0.2123224630E-03   -0.9653579262E+00   -0.2609286142E+00    0.1242842849E-02   -0.1428907942E-02    0.1625835770E+02
    0.3975000000E+00    0.9383787418E-03    0.6514775520E-03    0.9999993478E+00    0.6739459663E-03    0.4090569876E-04    0.1000000000E+01    0.9511788288E-03    0.6715755814E-03    0.9999993222E+00   -0.5403444429E-03   -0.2117499233E-03   -0.9687963176E+00   -0.2478575359E+00    0.1266370440E-02   -0.1426117824E-02    0.1627883421E+02
    0.3980000000E+00    0.9552479000E-03    0.6393992775E-03    0.9999993396E+00    0.6787577168E-03    0.2962635308E-04    0.1000000000E+01    0.9684529244E-03    0.6593423601E-03    0.9999993137E+00   -0.5445098136E-03   -0.2111585992E-03   -0.9720577335E+00   -0.2347411802E+00    0.1290017496E-02   -0.1423074147E-02    0.1629931072E+02
    0.3985000000E+00    0.9720133340E-03    0.6269587608E-03    0.9999993314E+00    0.6834058695E-03    0.1819588106E-04    0.1000000000E+01    0.9856215502E-03    0.6467395001E-03    0.9999993052E+00   -0.5486988609E-03   -0.2105482937E-03   -0.9751415780E+00   -0.2215819429E+00    0.1313782198E-02   -0.1419774134E-02    0.1631978723E+02
    0.3990000000E+00    0.9886682149E-03    0.6141555672E-03    0.9999993230E+00    0.6878868411E-03    0.6616159498E-05    0.1000000000E+01    0.1002677753E-02    0.6337665935E-03    0.9999992966E+00   -0.5529116568E-03   -0.2099188087E-03   -0.9780472879E+00   -0.2083822280E+00    0.1337662688E-02   -0.1416215009E-02    0.1634026374E+02
    0.3995000000E+00    0.1005205665E-02    0.6009893761E-03    0.9999993145E+00    0.6921970586E-03   -0.5110862107E-05    0.1000000000E+01    0.1019614533E-02    0.6204233479E-03    0.9999992878E+00   -0.5571482728E-03   -0.2092699447E-03   -0.9807743322E+00   -0.1951444468E+00    0.1361657068E-02   -0.1412393999E-02    0.1636074025E+02
    0.4000000000E+00    0.1021618758E-02    0.5874599824E-03    0.9999993059E+00    0.6963329606E-03   -0.1698316123E-04    0.1000000000E+01    0.1036424841E-02    0.6067095888E-03    0.9999992789E+00   -0.5614087807E-03   -0.2086015008E-03   -0.9833222129E+00   -0.1818710174E+00    0.1385763401E-02   -0.1408308330E-02    0.1638121675E+02
    0.4005000000E+00    0.1037900524E-02    0.5735672986E-03    0.9999992972E+00    0.7002909986E-03   -0.2899864208E-04    0.1000000000E+01    0.1053101585E-02    0.5926252607E-03    0.9999992699E+00   -0.5656932515E-03   -0.2079132747E-03   -0.9856904645E+00   -0.1685643646E+00    0.1409979708E-02   -0.1403955233E-02    0.1640169326E+02
    0.4010000000E+00    0.1054043947E-02    0.5593113556E-03    0.9999992884E+00    0.7040676384E-03   -0.4115513539E-04    0.1000000000E+01    0.1069637631E-02    0.5781704285E-03    0.9999992609E+00   -0.5700017565E-03   -0.2072050627E-03   -0.9878786543E+00   -0.1552269192E+00    0.1434303973E-02   -0.1399331941E-02    0.1642216977E+02
    0.4015000000E+00    0.1070041971E-02    0.5446923045E-03    0.9999992795E+00    0.7076593611E-03   -0.5345039822E-04    0.1000000000E+01    0.1086025800E-02    0.5633452793E-03    0.9999992517E+00   -0.5743343664E-03   -0.2064766598E-03   -0.9898863828E+00   -0.1418611176E+00    0.1458734137E-02   -0.1394435691E-02    0.1644264628E+02
    0.4020000000E+00    0.1085887496E-02    0.5297104181E-03    0.9999992705E+00    0.7110626649E-03   -0.6588211373E-04    0.1000000000E+01    0.1102258876E-02    0.5481501232E-03    0.9999992423E+00   -0.5786911521E-03   -0.2057278595E-03   -0.9917132830E+00   -0.1284694015E+00    0.1483268101E-02   -0.1389263722E-02    0.1646312278E+02
    0.4025000000E+00    0.1101573387E-02    0.5143660923E-03    0.9999992613E+00    0.7142740663E-03   -0.7844789107E-04    0.1000000000E+01    0.1118329606E-02    0.5325853953E-03    0.9999992329E+00   -0.5830721837E-03   -0.2049584538E-03   -0.9933590213E+00   -0.1150542172E+00    0.1507903726E-02   -0.1383813278E-02    0.1648359929E+02
    0.4030000000E+00    0.1117092471E-02    0.4986598474E-03    0.9999992520E+00    0.7172901013E-03   -0.9114526521E-04    0.1000000000E+01    0.1134230700E-02    0.5166516569E-03    0.9999992234E+00   -0.5874775316E-03   -0.2041682335E-03   -0.9948232970E+00   -0.1016180152E+00    0.1532638830E-02   -0.1378081608E-02    0.1650407580E+02
    0.4035000000E+00    0.1132437539E-02    0.4825923294E-03    0.9999992427E+00    0.7201073270E-03   -0.1039716968E-03    0.1000000000E+01    0.1149954834E-02    0.5003495966E-03    0.9999992137E+00   -0.5919072657E-03   -0.2033569880E-03   -0.9961058426E+00   -0.8816325015E-01    0.1557471192E-02   -0.1372065964E-02    0.1652455230E+02
    0.4040000000E+00    0.1147601351E-02    0.4661643120E-03    0.9999992332E+00    0.7227223231E-03   -0.1169245723E-03    0.1000000000E+01    0.1165494653E-02    0.4836800321E-03    0.9999992039E+00   -0.5963614556E-03   -0.2025245049E-03   -0.9972064238E+00   -0.7469237981E-01    0.1582398548E-02   -0.1365763607E-02    0.1654502881E+02
    0.4045000000E+00    0.1162576635E-02    0.4493766968E-03    0.9999992236E+00    0.7251316929E-03   -0.1300012034E-03    0.1000000000E+01    0.1180842770E-02    0.4666439110E-03    0.9999991940E+00   -0.6008401709E-03   -0.2016705707E-03   -0.9981248397E+00   -0.6120786500E-01    0.1607418594E-02   -0.1359171800E-02    0.1656550531E+02
    0.4050000000E+00    0.1177356090E-02    0.4322305159E-03    0.9999992138E+00    0.7273320651E-03   -0.1431988275E-03    0.1000000000E+01    0.1195991774E-02    0.4492423124E-03    0.9999991840E+00   -0.6053434806E-03   -0.2007949703E-03   -0.9988609223E+00   -0.4771216902E-01    0.1632528981E-02   -0.1352287815E-02    0.1658598182E+02
    0.4055000000E+00    0.1191932389E-02    0.4147269322E-03    0.9999992040E+00    0.7293200952E-03   -0.1565146075E-03    0.1000000000E+01    0.1210934225E-02    0.4314764481E-03    0.9999991738E+00   -0.6098714538E-03   -0.1998974871E-03   -0.9994145373E+00   -0.3420775720E-01    0.1657727320E-02   -0.1345108929E-02    0.1660645832E+02
    0.4060000000E+00    0.1206298178E-02    0.3968672410E-03    0.9999991940E+00    0.7310924665E-03   -0.1699456316E-03    0.1000000000E+01    0.1225662659E-02    0.4133476637E-03    0.9999991635E+00   -0.6144241592E-03   -0.1989779031E-03   -0.9997855836E+00   -0.2069709647E-01    0.1683011181E-02   -0.1337632427E-02    0.1662693483E+02
    0.4065000000E+00    0.1220446084E-02    0.3786528715E-03    0.9999991839E+00    0.7326458922E-03   -0.1834889138E-03    0.1000000000E+01    0.1240169593E-02    0.3948574400E-03    0.9999991531E+00   -0.6190016651E-03   -0.1980359987E-03   -0.9999739932E+00   -0.7182654902E-02    0.1708378089E-02   -0.1329855603E-02    0.1664741134E+02
    0.4070000000E+00    0.1234368711E-02    0.3600853875E-03    0.9999991737E+00    0.7339771164E-03   -0.1971413934E-03    0.1000000000E+01    0.1254447524E-02    0.3760073939E-03    0.9999991426E+00   -0.6236040396E-03   -0.1970715530E-03   -0.9999797319E+00    0.6333098742E-02    0.1733825527E-02   -0.1321775757E-02    0.1666788784E+02
    0.4075000000E+00    0.1248058644E-02    0.3411664889E-03    0.9999991633E+00    0.7350829158E-03   -0.2108999354E-03    0.1000000000E+01    0.1268488929E-02    0.3567992799E-03    0.9999991319E+00   -0.6282313507E-03   -0.1960843435E-03   -0.9998027985E+00    0.1984769546E-01    0.1759350937E-02   -0.1313390200E-02    0.1668836434E+02
    0.4080000000E+00    0.1261508453E-02    0.3218980129E-03    0.9999991528E+00    0.7359601009E-03   -0.2247613307E-03    0.1000000000E+01    0.1282286273E-02    0.3372349908E-03    0.9999991211E+00   -0.6328836660E-03   -0.1950741461E-03   -0.9994432254E+00    0.3335866647E-01    0.1784951714E-02   -0.1304696248E-02    0.1670884085E+02
    0.4085000000E+00    0.1274710696E-02    0.3022819347E-03    0.9999991422E+00    0.7366055179E-03   -0.2387222959E-03    0.1000000000E+01    0.1295832007E-02    0.3173165592E-03    0.9999991101E+00   -0.6375610526E-03   -0.1940407352E-03   -0.9989010783E+00    0.4686354364E-01    0.1810625215E-02   -0.1295691232E-02    0.1672931735E+02
    0.4090000000E+00    0.1287657915E-02    0.2823203693E-03    0.9999991315E+00    0.7370160495E-03   -0.2527794737E-03    0.1000000000E+01    0.1309118572E-02    0.2970461582E-03    0.9999990990E+00   -0.6422635775E-03   -0.1929838839E-03   -0.9981764561E+00    0.6035985996E-01    0.1836368749E-02   -0.1286372490E-02    0.1674979386E+02
    0.4095000000E+00    0.1300342646E-02    0.2620155716E-03    0.9999991206E+00    0.7371886172E-03   -0.2669294329E-03    0.1000000000E+01    0.1322138400E-02    0.2764261024E-03    0.9999990878E+00   -0.6469913076E-03   -0.1919033633E-03   -0.9972694914E+00    0.7384514998E-01    0.1862179585E-02   -0.1276737371E-02    0.1677027036E+02
    0.4100000000E+00    0.1312757418E-02    0.2413699382E-03    0.9999991096E+00    0.7371201824E-03   -0.2811686689E-03    0.1000000000E+01    0.1334883919E-02    0.2554588494E-03    0.9999990765E+00   -0.6517443091E-03   -0.1907989435E-03   -0.9961803496E+00    0.8731695026E-01    0.1888054945E-02   -0.1266783235E-02    0.1679074686E+02
    0.4105000000E+00    0.1324894753E-02    0.2203860082E-03    0.9999990984E+00    0.7368077476E-03   -0.2954936036E-03    0.1000000000E+01    0.1347347551E-02    0.2341470001E-03    0.9999990650E+00   -0.6565226481E-03   -0.1896703924E-03   -0.9949092299E+00    0.1007727998E+00    0.1913992011E-02   -0.1256507455E-02    0.1681122337E+02
    0.4110000000E+00    0.1336747174E-02    0.1990664638E-03    0.9999990871E+00    0.7362483585E-03   -0.3099005858E-03    0.1000000000E+01    0.1359521718E-02    0.2124932999E-03    0.9999990533E+00   -0.6613263904E-03   -0.1885174770E-03   -0.9934563644E+00    0.1142102406E+00    0.1939987917E-02   -0.1245907415E-02    0.1683169987E+02
    0.4115000000E+00    0.1348307202E-02    0.1774141317E-03    0.9999990757E+00    0.7354391053E-03   -0.3243858916E-03    0.1000000000E+01    0.1371398845E-02    0.1905006398E-03    0.9999990416E+00   -0.6661556014E-03   -0.1873399622E-03   -0.9918220185E+00    0.1276268180E+00    0.1966039756E-02   -0.1234980512E-02    0.1685217637E+02
    0.4120000000E+00    0.1359567361E-02    0.1554319835E-03    0.9999990641E+00    0.7343771239E-03   -0.3389457245E-03    0.1000000000E+01    0.1382971359E-02    0.1681720569E-03    0.9999990296E+00   -0.6710103461E-03   -0.1861376117E-03   -0.9900064908E+00    0.1410200809E+00    0.1992144575E-02   -0.1223724156E-02    0.1687265288E+02
    0.4125000000E+00    0.1370520182E-02    0.1331231370E-03    0.9999990524E+00    0.7330595978E-03   -0.3535762159E-03    0.1000000000E+01    0.1394231693E-02    0.1455107351E-03    0.9999990175E+00   -0.6758906893E-03   -0.1849101873E-03   -0.9880101129E+00    0.1543875830E+00    0.2018299377E-02   -0.1212135771E-02    0.1689312938E+02
    0.4130000000E+00    0.1381158202E-02    0.1104908567E-03    0.9999990405E+00    0.7314837595E-03   -0.3682734256E-03    0.1000000000E+01    0.1405172292E-02    0.1225200064E-03    0.9999990053E+00   -0.6807966955E-03   -0.1836574494E-03   -0.9858332495E+00    0.1677268821E+00    0.2044501120E-02   -0.1200212795E-02    0.1691360588E+02
    0.4135000000E+00    0.1391473968E-02    0.8753855448E-04    0.9999990285E+00    0.7296468921E-03   -0.3830333417E-03    0.1000000000E+01    0.1415785609E-02    0.9920335132E-04    0.9999989929E+00   -0.6857284287E-03   -0.1823791565E-03   -0.9834762982E+00    0.1810355416E+00    0.2070746718E-02   -0.1187952682E-02    0.1693408238E+02
    0.4140000000E+00    0.1401460041E-02    0.6426979075E-04    0.9999990163E+00    0.7275463306E-03   -0.3978518815E-03    0.1000000000E+01    0.1426064112E-02    0.7556439946E-04    0.9999989804E+00   -0.6906859525E-03   -0.1810750658E-03   -0.9809396897E+00    0.1943111302E+00    0.2097033041E-02   -0.1175352899E-02    0.1695455888E+02
    0.4145000000E+00    0.1411108998E-02    0.4068827469E-04    0.9999990039E+00    0.7251794636E-03   -0.4127248920E-03    0.1000000000E+01    0.1436000287E-02    0.5160693037E-04    0.9999989677E+00   -0.6956693305E-03   -0.1797449326E-03   -0.9782238873E+00    0.2075512229E+00    0.2123356911E-02   -0.1162410932E-02    0.1697503538E+02
    0.4150000000E+00    0.1420413432E-02    0.1679786514E-04    0.9999989915E+00    0.7225437349E-03   -0.4276481499E-03    0.1000000000E+01    0.1445586638E-02    0.2733487414E-04    0.9999989548E+00   -0.7006786254E-03   -0.1783885107E-03   -0.9753293870E+00    0.2207534010E+00    0.2149715109E-02   -0.1149124281E-02    0.1699551189E+02
    0.4155000000E+00    0.1429365960E-02   -0.7397428909E-05    0.9999989788E+00    0.7196366448E-03   -0.4426173626E-03    0.1000000000E+01    0.1454815692E-02    0.2752311873E-05    0.9999989418E+00   -0.7057138999E-03   -0.1770055523E-03   -0.9722567177E+00    0.2339152527E+00    0.2176104367E-02   -0.1135490464E-02    0.1701598839E+02
    0.4160000000E+00    0.1437959219E-02   -0.3189344770E-04    0.9999989660E+00    0.7164557521E-03   -0.4576281685E-03    0.1000000000E+01    0.1463679998E-02   -0.2213652367E-04    0.9999989286E+00   -0.7107752162E-03   -0.1755958076E-03   -0.9690064407E+00    0.2470343738E+00    0.2202521374E-02   -0.1121507016E-02    0.1703646489E+02
    0.4165000000E+00    0.1446185876E-02   -0.5668588021E-04    0.9999989531E+00    0.7129986751E-03   -0.4726761378E-03    0.1000000000E+01    0.1472172136E-02   -0.4732724765E-04    0.9999989153E+00   -0.7158626361E-03   -0.1741590256E-03   -0.9655791497E+00    0.2601083677E+00    0.2228962773E-02   -0.1107171491E-02    0.1705694139E+02
    0.4170000000E+00    0.1454038623E-02   -0.8177026366E-04    0.9999989399E+00    0.7092630931E-03   -0.4877567726E-03    0.1000000000E+01    0.1480284714E-02   -0.7281532267E-04    0.9999989018E+00   -0.7209762211E-03   -0.1726949532E-03   -0.9619754707E+00    0.2731348460E+00    0.2255425162E-02   -0.1092481462E-02    0.1707741789E+02
    0.4175000000E+00    0.1461510187E-02   -0.1071419831E-03    0.9999989267E+00    0.7052467487E-03   -0.5028655081E-03    0.1000000000E+01    0.1488010373E-02   -0.9859605835E-04    0.9999988881E+00   -0.7261160322E-03   -0.1712033358E-03   -0.9581960621E+00    0.2861114292E+00    0.2281905092E-02   -0.1077434519E-02    0.1709789439E+02
    0.4180000000E+00    0.1468593327E-02   -0.1327962711E-03    0.9999989132E+00    0.7009474484E-03   -0.5179977131E-03    0.1000000000E+01    0.1495341790E-02   -0.1246646110E-03    0.9999988743E+00   -0.7312821299E-03   -0.1696839169E-03   -0.9542416144E+00    0.2990357468E+00    0.2308399070E-02   -0.1062028275E-02    0.1711837089E+02
    0.4185000000E+00    0.1475280842E-02   -0.1587282072E-03    0.9999988996E+00    0.6963630647E-03   -0.5331486905E-03    0.1000000000E+01    0.1502271680E-02   -0.1510159833E-03    0.9999988603E+00   -0.7364745744E-03   -0.1681364386E-03   -0.9501128498E+00    0.3119054377E+00    0.2334903556E-02   -0.1046260362E-02    0.1713884738E+02
    0.4190000000E+00    0.1481565570E-02   -0.1849327178E-03    0.9999988858E+00    0.6914915374E-03   -0.5483136782E-03    0.1000000000E+01    0.1508792800E-02   -0.1776450240E-03    0.9999988461E+00   -0.7416934256E-03   -0.1665606408E-03   -0.9458105225E+00    0.3247181510E+00    0.2361414964E-02   -0.1030128432E-02    0.1715932388E+02
    0.4195000000E+00    0.1487440392E-02   -0.2114045760E-03    0.9999988718E+00    0.6863308754E-03   -0.5634878497E-03    0.1000000000E+01    0.1514897951E-02   -0.2045464277E-03    0.9999988317E+00   -0.7469387428E-03   -0.1649562621E-03   -0.9413354186E+00    0.3374715462E+00    0.2387929665E-02   -0.1013630160E-02    0.1717980038E+02
    0.4200000000E+00    0.1492898234E-02   -0.2381384010E-03    0.9999988577E+00    0.6808791577E-03   -0.5786663153E-03    0.1000000000E+01    0.1520579979E-02   -0.2317147347E-03    0.9999988171E+00   -0.7522105847E-03   -0.1633230392E-03   -0.9366883556E+00    0.3501632934E+00    0.2414443980E-02   -0.9967632435E-03    0.1720027688E+02
    0.4205000000E+00    0.1497932072E-02   -0.2651286586E-03    0.9999988434E+00    0.6751345355E-03   -0.5938441224E-03    0.1000000000E+01    0.1525831784E-02   -0.2591443309E-03    0.9999988024E+00   -0.7575090099E-03   -0.1616607069E-03   -0.9318701822E+00    0.3627910743E+00    0.2440954186E-02   -0.9795254019E-03    0.1722075338E+02
    0.4210000000E+00    0.1502534935E-02   -0.2923696603E-03    0.9999988289E+00    0.6690952333E-03   -0.6090162566E-03    0.1000000000E+01    0.1530646315E-02   -0.2868294476E-03    0.9999987875E+00   -0.7628340763E-03   -0.1599689984E-03   -0.9268817787E+00    0.3753525820E+00    0.2467456513E-02   -0.9619143785E-03    0.1724122987E+02
    0.4215000000E+00    0.1506699905E-02   -0.3198555638E-03    0.9999988142E+00    0.6627595505E-03   -0.6241776426E-03    0.1000000000E+01    0.1535016579E-02   -0.3147641615E-03    0.9999987724E+00   -0.7681858415E-03   -0.1582476451E-03   -0.9217240563E+00    0.3878455218E+00    0.2493947147E-02   -0.9439279406E-03    0.1726170637E+02
    0.4220000000E+00    0.1510420122E-02   -0.3475803731E-03    0.9999987993E+00    0.6561258630E-03   -0.6393231449E-03    0.1000000000E+01    0.1538935640E-02   -0.3429423947E-03    0.9999987571E+00   -0.7735643624E-03   -0.1564963764E-03   -0.9163979573E+00    0.4002676117E+00    0.2520422226E-02   -0.9255638802E-03    0.1728218287E+02
    0.4225000000E+00    0.1513688786E-02   -0.3755379380E-03    0.9999987843E+00    0.6491926247E-03   -0.6544475690E-03    0.1000000000E+01    0.1542396625E-02   -0.3713579149E-03    0.9999987416E+00   -0.7789696956E-03   -0.1547149200E-03   -0.9109044546E+00    0.4126165822E+00    0.2546877841E-02   -0.9068200145E-03    0.1730265936E+02
    0.4230000000E+00    0.1516499163E-02   -0.4037219547E-03    0.9999987691E+00    0.6419583689E-03   -0.6695456624E-03    0.1000000000E+01    0.1545392725E-02   -0.4000043354E-03    0.9999987259E+00   -0.7844018973E-03   -0.1529030019E-03   -0.9052445516E+00    0.4248901777E+00    0.2573310039E-02   -0.8876941867E-03    0.1732313586E+02
    0.4235000000E+00    0.1518844585E-02   -0.4321259655E-03    0.9999987536E+00    0.6344217096E-03   -0.6846121153E-03    0.1000000000E+01    0.1547917199E-02   -0.4288751151E-03    0.9999987101E+00   -0.7898610228E-03   -0.1510603461E-03   -0.8994192824E+00    0.4370861560E+00    0.2599714819E-02   -0.8681842665E-03    0.1734361236E+02
    0.4240000000E+00    0.1520718451E-02   -0.4607433597E-03    0.9999987380E+00    0.6265813435E-03   -0.6996415617E-03    0.1000000000E+01    0.1549963377E-02   -0.4579635593E-03    0.9999986940E+00   -0.7953471274E-03   -0.1491866749E-03   -0.8934297110E+00    0.4492022892E+00    0.2626088134E-02   -0.8482881510E-03    0.1736408885E+02
    0.4245000000E+00    0.1522114236E-02   -0.4895673729E-03    0.9999987222E+00    0.6184360508E-03   -0.7146285810E-03    0.1000000000E+01    0.1551524662E-02   -0.4872628190E-03    0.9999986777E+00   -0.8008602655E-03   -0.1472817086E-03   -0.8872769316E+00    0.4612363640E+00    0.2652425892E-02   -0.8280037648E-03    0.1738456535E+02
    0.4250000000E+00    0.1523025490E-02   -0.5185910883E-03    0.9999987062E+00    0.6099846973E-03   -0.7295676982E-03    0.1000000000E+01    0.1552594533E-02   -0.5167658923E-03    0.9999986613E+00   -0.8064004911E-03   -0.1453451658E-03   -0.8809620683E+00    0.4731861821E+00    0.2678723953E-02   -0.8073290612E-03    0.1740504184E+02
    0.4255000000E+00    0.1523445842E-02   -0.5478074362E-03    0.9999986900E+00    0.6012262353E-03   -0.7444533858E-03    0.1000000000E+01    0.1553166551E-02   -0.5464656238E-03    0.9999986446E+00   -0.8119678578E-03   -0.1433767630E-03   -0.8744862744E+00    0.4850495604E+00    0.2704978132E-02   -0.7862620223E-03    0.1742551834E+02
    0.4260000000E+00    0.1523369003E-02   -0.5772091952E-03    0.9999986736E+00    0.5921597053E-03   -0.7592800645E-03    0.1000000000E+01    0.1553234359E-02   -0.5763547058E-03    0.9999986277E+00   -0.8175624184E-03   -0.1413762150E-03   -0.8678507331E+00    0.4968243319E+00    0.2731184196E-02   -0.7648006604E-03    0.1744599483E+02
    0.4265000000E+00    0.1522788768E-02   -0.6067889920E-03    0.9999986569E+00    0.5827842374E-03   -0.7740421047E-03    0.1000000000E+01    0.1552791685E-02   -0.6064256783E-03    0.9999986106E+00   -0.8231842254E-03   -0.1393432345E-03   -0.8610566564E+00    0.5085083455E+00    0.2757337868E-02   -0.7429430177E-03    0.1746647132E+02
    0.4270000000E+00    0.1521699022E-02   -0.6365393022E-03    0.9999986401E+00    0.5730990528E-03   -0.7887338275E-03    0.1000000000E+01    0.1551832346E-02   -0.6366709297E-03    0.9999985933E+00   -0.8288333306E-03   -0.1372775326E-03   -0.8541052855E+00    0.5200994669E+00    0.2783434823E-02   -0.7206871678E-03    0.1748694782E+02
    0.4275000000E+00    0.1520093740E-02   -0.6664524511E-03    0.9999986231E+00    0.5631034649E-03   -0.8033495060E-03    0.1000000000E+01    0.1550350253E-02   -0.6670826974E-03    0.9999985758E+00   -0.8345097852E-03   -0.1351788181E-03   -0.8469978902E+00    0.5315955787E+00    0.2809470690E-02   -0.6980312158E-03    0.1750742431E+02
    0.4280000000E+00    0.1517966993E-02   -0.6965206141E-03    0.9999986058E+00    0.5527968810E-03   -0.8178833666E-03    0.1000000000E+01    0.1548339411E-02   -0.6976530683E-03    0.9999985580E+00   -0.8402136400E-03   -0.1330467981E-03   -0.8397357689E+00    0.5429945808E+00    0.2835441053E-02   -0.6749732995E-03    0.1752790080E+02
    0.4285000000E+00    0.1515312948E-02   -0.7267358174E-03    0.9999985883E+00    0.5421788034E-03   -0.8323295906E-03    0.1000000000E+01    0.1545793924E-02   -0.7283739799E-03    0.9999985401E+00   -0.8459449449E-03   -0.1308811777E-03   -0.8323202481E+00    0.5542943909E+00    0.2861341447E-02   -0.6515115892E-03    0.1754837730E+02
    0.4290000000E+00    0.1512125874E-02   -0.7570899389E-03    0.9999985706E+00    0.5312488311E-03   -0.8466823150E-03    0.1000000000E+01    0.1542707997E-02   -0.7592372206E-03    0.9999985219E+00   -0.8517037496E-03   -0.1286816601E-03   -0.8247526826E+00    0.5654929448E+00    0.2887167365E-02   -0.6276442896E-03    0.1756885379E+02
    0.4295000000E+00    0.1508400144E-02   -0.7875747089E-03    0.9999985527E+00    0.5200066608E-03   -0.8609356343E-03    0.1000000000E+01    0.1539075939E-02   -0.7902344307E-03    0.9999985034E+00   -0.8574901028E-03   -0.1264479466E-03   -0.8170344547E+00    0.5765881967E+00    0.2912914251E-02   -0.6033696392E-03    0.1758933028E+02
    0.4300000000E+00    0.1504130237E-02   -0.8181817108E-03    0.9999985346E+00    0.5084520884E-03   -0.8750836018E-03    0.1000000000E+01    0.1534892169E-02   -0.8213571034E-03    0.9999984848E+00   -0.8633040528E-03   -0.1241797362E-03   -0.8091669743E+00    0.5875781199E+00    0.2938577503E-02   -0.5786859118E-03    0.1760980677E+02
    0.4305000000E+00    0.1499310744E-02   -0.8489023827E-03    0.9999985162E+00    0.4965850102E-03   -0.8891202310E-03    0.1000000000E+01    0.1530151215E-02   -0.8525965856E-03    0.9999984659E+00   -0.8691456472E-03   -0.1218767262E-03   -0.8011516787E+00    0.5984607067E+00    0.2964152474E-02   -0.5535914171E-03    0.1763028326E+02
    0.4310000000E+00    0.1493936367E-02   -0.8797280176E-03    0.9999984976E+00    0.4844054244E-03   -0.9030394971E-03    0.1000000000E+01    0.1524847719E-02   -0.8839440786E-03    0.9999984468E+00   -0.8750149331E-03   -0.1195386117E-03   -0.7929900321E+00    0.6092339691E+00    0.2989634471E-02   -0.5280845009E-03    0.1765075975E+02
    0.4315000000E+00    0.1488001926E-02   -0.9106497648E-03    0.9999984788E+00    0.4719134322E-03   -0.9168353385E-03    0.1000000000E+01    0.1518976443E-02   -0.9153906399E-03    0.9999984274E+00   -0.8809119568E-03   -0.1171650859E-03   -0.7846835253E+00    0.6198959392E+00    0.3015018756E-02   -0.5021635464E-03    0.1767123624E+02
    0.4320000000E+00    0.1481502362E-02   -0.9416586311E-03    0.9999984597E+00    0.4591092389E-03   -0.9305016586E-03    0.1000000000E+01    0.1512532265E-02   -0.9469271835E-03    0.9999984078E+00   -0.8868367639E-03   -0.1147558399E-03   -0.7762336758E+00    0.6304446692E+00    0.3040300544E-02   -0.4758269744E-03    0.1769171273E+02
    0.4325000000E+00    0.1474432736E-02   -0.9727454820E-03    0.9999984404E+00    0.4459931556E-03   -0.9440323267E-03    0.1000000000E+01    0.1505510191E-02   -0.9785444818E-03    0.9999983880E+00   -0.8927893995E-03   -0.1123105629E-03   -0.7676420271E+00    0.6408782322E+00    0.3065475004E-02   -0.4490732445E-03    0.1771218922E+02
    0.4330000000E+00    0.1466788239E-02   -0.1003901043E-02    0.9999984209E+00    0.4325656002E-03   -0.9574211804E-03    0.1000000000E+01    0.1497905351E-02   -0.1010233166E-02    0.9999983679E+00   -0.8987699079E-03   -0.1098289419E-03   -0.7589101488E+00    0.6511947221E+00    0.3090537261E-02   -0.4219008552E-03    0.1773266571E+02
    0.4335000000E+00    0.1458564187E-02   -0.1035115900E-02    0.9999984011E+00    0.4188270982E-03   -0.9706620266E-03    0.1000000000E+01    0.1489713006E-02   -0.1041983729E-02    0.9999983476E+00   -0.9047783328E-03   -0.1073106618E-03   -0.7500396360E+00    0.6613922545E+00    0.3115482394E-02   -0.3943083451E-03    0.1775314220E+02
    0.4340000000E+00    0.1449756032E-02   -0.1066380502E-02    0.9999983811E+00    0.4047782845E-03   -0.9837486435E-03    0.1000000000E+01    0.1480928549E-02   -0.1073786524E-02    0.9999983270E+00   -0.9108147170E-03   -0.1047554056E-03   -0.7410321090E+00    0.6714689664E+00    0.3140305437E-02   -0.3662942934E-03    0.1777361869E+02
    0.4345000000E+00    0.1440359359E-02   -0.1097685162E-02    0.9999983608E+00    0.3904199044E-03   -0.9966747824E-03    0.1000000000E+01    0.1471547511E-02   -0.1105631768E-02    0.9999983061E+00   -0.9168791027E-03   -0.1021628541E-03   -0.7318892134E+00    0.6814230171E+00    0.3165001378E-02   -0.3378573205E-03    0.1779409517E+02
    0.4350000000E+00    0.1430369894E-02   -0.1129020058E-02    0.9999983402E+00    0.3757528143E-03   -0.1009434169E-02    0.1000000000E+01    0.1461565560E-02   -0.1137509543E-02    0.9999982850E+00   -0.9229715316E-03   -0.9953268592E-04   -0.7226126192E+00    0.6912525882E+00    0.3189565162E-02   -0.3089960890E-03    0.1781457166E+02
    0.4355000000E+00    0.1419783503E-02   -0.1160375236E-02    0.9999983194E+00    0.3607779835E-03   -0.1022020505E-02    0.1000000000E+01    0.1450978508E-02   -0.1169409799E-02    0.9999982636E+00   -0.9290920442E-03   -0.9686457763E-04   -0.7132040212E+00    0.7009558841E+00    0.3213991686E-02   -0.2797093041E-03    0.1783504815E+02
    0.4360000000E+00    0.1408596198E-02   -0.1191740608E-02    0.9999982984E+00    0.3454964946E-03   -0.1034427471E-02    0.1000000000E+01    0.1439782312E-02   -0.1201322351E-02    0.9999982420E+00   -0.9352406807E-03   -0.9415820365E-04   -0.7036651381E+00    0.7105311323E+00    0.3238275806E-02   -0.2499957145E-03    0.1785552463E+02
    0.4365000000E+00    0.1396804138E-02   -0.1223105960E-02    0.9999982770E+00    0.3299095451E-03   -0.1046648728E-02    0.1000000000E+01    0.1427973079E-02   -0.1233236885E-02    0.9999982201E+00   -0.9414174803E-03   -0.9141323629E-04   -0.6939977123E+00    0.7199765835E+00    0.3262412331E-02   -0.2198541132E-03    0.1787600112E+02
    0.4370000000E+00    0.1384403636E-02   -0.1254460947E-02    0.9999982554E+00    0.3140184482E-03   -0.1058677917E-02    0.1000000000E+01    0.1415547066E-02   -0.1265142958E-02    0.9999981979E+00   -0.9476224814E-03   -0.8862934574E-04   -0.6842035098E+00    0.7292905123E+00    0.3286396026E-02   -0.1892833380E-03    0.1789647760E+02
    0.4375000000E+00    0.1371391157E-02   -0.1285795099E-02    0.9999982336E+00    0.2978246339E-03   -0.1070508664E-02    0.1000000000E+01    0.1402500686E-02   -0.1297030002E-02    0.9999981754E+00   -0.9538557217E-03   -0.8580620006E-04   -0.6742843199E+00    0.7384712172E+00    0.3310221612E-02   -0.1582822725E-03    0.1791695409E+02
    0.4380000000E+00    0.1357763324E-02   -0.1317097822E-02    0.9999982114E+00    0.2813296499E-03   -0.1082134580E-02    0.1000000000E+01    0.1388830510E-02   -0.1328887321E-02    0.9999981527E+00   -0.9601172382E-03   -0.8294346502E-04   -0.6642419546E+00    0.7475170213E+00    0.3333883767E-02   -0.1268498464E-03    0.1793743057E+02
    0.4385000000E+00    0.1343516920E-02   -0.1348358398E-02    0.9999981890E+00    0.2645351627E-03   -0.1093549265E-02    0.1000000000E+01    0.1374533269E-02   -0.1360704098E-02    0.9999981296E+00   -0.9664070669E-03   -0.8004080423E-04   -0.6540782482E+00    0.7564262719E+00    0.3357377123E-02   -0.9498503667E-04    0.1795790706E+02
    0.4390000000E+00    0.1328648894E-02   -0.1379565991E-02    0.9999981663E+00    0.2474429583E-03   -0.1104746306E-02    0.1000000000E+01    0.1359605860E-02   -0.1392469394E-02    0.9999981063E+00   -0.9727252430E-03   -0.7709787908E-04   -0.6437950576E+00    0.7651973417E+00    0.3380696271E-02   -0.6268686814E-04    0.1797838354E+02
    0.4395000000E+00    0.1313156360E-02   -0.1410709645E-02    0.9999981433E+00    0.2300549434E-03   -0.1115719284E-02    0.1000000000E+01    0.1344045345E-02   -0.1424172151E-02    0.9999980827E+00   -0.9790718010E-03   -0.7411434877E-04   -0.6333942611E+00    0.7738286283E+00    0.3403835758E-02   -0.2995441409E-04    0.1799886002E+02
    0.4400000000E+00    0.1297036601E-02   -0.1441778289E-02    0.9999981201E+00    0.2123731461E-03   -0.1126461771E-02    0.1000000000E+01    0.1327848959E-02   -0.1455801194E-02    0.9999980588E+00   -0.9854467745E-03   -0.7108987026E-04   -0.6228777587E+00    0.7823185550E+00    0.3426790085E-02    0.3213202831E-05    0.1801933650E+02
    0.4405000000E+00    0.1280287074E-02   -0.1472760735E-02    0.9999980965E+00    0.1943997167E-03   -0.1136967336E-02    0.1000000000E+01    0.1311014108E-02   -0.1487345234E-02    0.9999980346E+00   -0.9918501962E-03   -0.6802409828E-04   -0.6122474717E+00    0.7906655709E+00    0.3449553715E-02    0.3681680992E-04    0.1803981299E+02
    0.4410000000E+00    0.1262905411E-02   -0.1503645688E-02    0.9999980727E+00    0.1761369289E-03   -0.1147229545E-02    0.1000000000E+01    0.1293538376E-02   -0.1518792868E-02    0.9999980101E+00   -0.9982820980E-03   -0.6491668532E-04   -0.6015053417E+00    0.7988681513E+00    0.3472121064E-02    0.7085718370E-04    0.1806028947E+02
    0.4415000000E+00    0.1244889425E-02   -0.1534421740E-02    0.9999980485E+00    0.1575871800E-03   -0.1157241964E-02    0.1000000000E+01    0.1275419524E-02   -0.1550132584E-02    0.9999979853E+00   -0.1004742511E-02   -0.6176728157E-04   -0.5906533313E+00    0.8069247976E+00    0.3494486507E-02    0.1053350491E-03    0.1808076595E+02
    0.4420000000E+00    0.1226237108E-02   -0.1565077378E-02    0.9999980241E+00    0.1387529922E-03   -0.1166998162E-02    0.1000000000E+01    0.1256655498E-02   -0.1581352761E-02    0.9999979601E+00   -0.1011231465E-02   -0.5857553498E-04   -0.5796934227E+00    0.8148340381E+00    0.3516644379E-02    0.1402510789E-03    0.1810124243E+02
    0.4425000000E+00    0.1206946638E-02   -0.1595600982E-02    0.9999979993E+00    0.1196370130E-03   -0.1176491708E-02    0.1000000000E+01    0.1237244427E-02   -0.1612441674E-02    0.9999979347E+00   -0.1017748989E-02   -0.5534109117E-04   -0.5686276182E+00    0.8225944280E+00    0.3538588969E-02    0.1756058926E-03    0.1812171891E+02
    0.4430000000E+00    0.1187016379E-02   -0.1625980833E-02    0.9999979742E+00    0.1002420161E-03   -0.1185716181E-02    0.1000000000E+01    0.1217184629E-02   -0.1643387493E-02    0.9999979089E+00   -0.1024295111E-02   -0.5206359344E-04   -0.5574579390E+00    0.8302045497E+00    0.3560314528E-02    0.2114000563E-03    0.1814219539E+02
    0.4435000000E+00    0.1166444889E-02   -0.1656205110E-02    0.9999979488E+00    0.8057090181E-04   -0.1194665167E-02    0.1000000000E+01    0.1196474613E-02   -0.1674178290E-02    0.9999978828E+00   -0.1030869859E-02   -0.4874268278E-04   -0.5461864258E+00    0.8376630129E+00    0.3581815263E-02    0.2476340812E-03    0.1816267187E+02
    0.4440000000E+00    0.1145230916E-02   -0.1686261897E-02    0.9999979231E+00    0.6062669800E-04   -0.1203332261E-02    0.1000000000E+01    0.1175113082E-02   -0.1704802037E-02    0.9999978564E+00   -0.1037473260E-02   -0.4537799783E-04   -0.5348151375E+00    0.8449684552E+00    0.3603085343E-02    0.2843084235E-03    0.1818314834E+02
    0.4445000000E+00    0.1123373404E-02   -0.1716139182E-02    0.9999978971E+00    0.4041256047E-04   -0.1211711074E-02    0.1000000000E+01    0.1153098935E-02   -0.1735246613E-02    0.9999978297E+00   -0.1044105337E-02   -0.4196917487E-04   -0.5233461513E+00    0.8521195421E+00    0.3624118893E-02    0.3214234831E-03    0.1820362482E+02
    0.4450000000E+00    0.1100871500E-02   -0.1745824863E-02    0.9999978707E+00    0.1993177363E-04   -0.1219795228E-02    0.1000000000E+01    0.1130431271E-02   -0.1765499801E-02    0.9999978026E+00   -0.1050766117E-02   -0.3851584788E-04   -0.5117815624E+00    0.8591149672E+00    0.3644909999E-02    0.3589796033E-03    0.1822410130E+02
    0.4455000000E+00    0.1077724548E-02   -0.1775306751E-02    0.9999978441E+00   -0.8122490527E-06   -0.1227578365E-02    0.1000000000E+01    0.1107109392E-02   -0.1795549300E-02    0.9999977752E+00   -0.1057455622E-02   -0.3501764849E-04   -0.5001234833E+00    0.8659534525E+00    0.3665452708E-02    0.3969770696E-03    0.1824457778E+02
    0.4460000000E+00    0.1053932099E-02   -0.1804572568E-02    0.9999978170E+00   -0.2181596452E-04   -0.1235054147E-02    0.1000000000E+01    0.1083132803E-02   -0.1825382718E-02    0.9999977475E+00   -0.1064173874E-02   -0.3147420598E-04   -0.4883740438E+00    0.8726337490E+00    0.3685741025E-02    0.4354161092E-03    0.1826505425E+02
    0.4465000000E+00    0.1029493912E-02   -0.1833609955E-02    0.9999977897E+00   -0.4307569967E-04   -0.1242216256E-02    0.1000000000E+01    0.1058501219E-02   -0.1854987580E-02    0.9999977194E+00   -0.1070920895E-02   -0.2788514709E-04   -0.4765353900E+00    0.8791546362E+00    0.3705768917E-02    0.4742968904E-03    0.1828553073E+02
    0.4470000000E+00    0.1004409953E-02   -0.1862406476E-02    0.9999977620E+00   -0.6458765092E-04   -0.1249058399E-02    0.1000000000E+01    0.1033214565E-02   -0.1884351332E-02    0.9999976909E+00   -0.1077696706E-02   -0.2425009623E-04   -0.4646096848E+00    0.8855149230E+00    0.3725530311E-02    0.5136195216E-03    0.1830600720E+02
    0.4475000000E+00    0.9786804029E-03   -0.1890949613E-02    0.9999977339E+00   -0.8634788387E-04   -0.1255574310E-02    0.1000000000E+01    0.1007272978E-02   -0.1913461342E-02    0.9999976621E+00   -0.1084501325E-02   -0.2056867534E-04   -0.4525991065E+00    0.8917134474E+00    0.3745019097E-02    0.5533840504E-03    0.1832648368E+02
    0.4480000000E+00    0.9523056573E-03   -0.1919226781E-02    0.9999977055E+00   -0.1083523329E-03   -0.1261757751E-02    0.1000000000E+01    0.9806768113E-03   -0.1942304901E-02    0.9999976329E+00   -0.1091334771E-02   -0.1684050396E-04   -0.4405058493E+00    0.8977490771E+00    0.3764229124E-02    0.5935904632E-03    0.1834696015E+02
    0.4485000000E+00    0.9252863290E-03   -0.1947225319E-02    0.9999976768E+00   -0.1305968010E-03   -0.1267602518E-02    0.1000000000E+01    0.9534266373E-03   -0.1970869232E-02    0.9999976034E+00   -0.1098197060E-02   -0.1306519917E-04   -0.4283321224E+00    0.9036207096E+00    0.3783154206E-02    0.6342386842E-03    0.1836743662E+02
    0.4490000000E+00    0.8976232514E-03   -0.1974932504E-02    0.9999976477E+00   -0.1530769593E-03   -0.1273102438E-02    0.1000000000E+01    0.9255232483E-03   -0.1999141488E-02    0.9999975735E+00   -0.1105088210E-02   -0.9242375578E-05   -0.4160801494E+00    0.9093272722E+00    0.3801788118E-02    0.6753285746E-03    0.1838791309E+02
    0.4495000000E+00    0.8693174804E-03   -0.2002335548E-02    0.9999976182E+00   -0.1757883471E-03   -0.1278251376E-02    0.1000000000E+01    0.8969676604E-03   -0.2027108758E-02    0.9999975432E+00   -0.1112008234E-02   -0.5371645352E-05   -0.4037521686E+00    0.9148677225E+00    0.3820124596E-02    0.7168599319E-03    0.1840838957E+02
    0.4500000000E+00    0.8403702973E-03   -0.2029421601E-02    0.9999975883E+00   -0.1987263713E-03   -0.1283043236E-02    0.1000000000E+01    0.8677611155E-03   -0.2054758071E-02    0.9999975125E+00   -0.1118957146E-02   -0.1452618148E-05   -0.3913504321E+00    0.9202410485E+00    0.3838157343E-02    0.7588324892E-03    0.1842886604E+02
    0.4505000000E+00    0.8107832108E-03   -0.2056177761E-02    0.9999975581E+00   -0.2218863067E-03   -0.1287471962E-02    0.1000000000E+01    0.8379050837E-03   -0.2082076395E-02    0.9999974815E+00   -0.1125934959E-02    0.2515098879E-05   -0.3788772052E+00    0.9254462684E+00    0.3855880023E-02    0.8012459143E-03    0.1844934251E+02
    0.4510000000E+00    0.7805579595E-03   -0.2082591068E-02    0.9999975275E+00   -0.2452632957E-03   -0.1291531543E-02    0.1000000000E+01    0.8074012659E-03   -0.2109050647E-02    0.9999974501E+00   -0.1132941685E-02    0.6531901108E-05   -0.3663347666E+00    0.9304824314E+00    0.3873286264E-02    0.8440998090E-03    0.1846981898E+02
    0.4515000000E+00    0.7496965143E-03   -0.2108648516E-02    0.9999974965E+00   -0.2688523482E-03   -0.1295216015E-02    0.1000000000E+01    0.7762515958E-03   -0.2135667692E-02    0.9999974182E+00   -0.1139977334E-02    0.1059818646E-04   -0.3537254075E+00    0.9353486176E+00    0.3890369661E-02    0.8873937085E-03    0.1849029545E+02
    0.4520000000E+00    0.7182010805E-03   -0.2134337052E-02    0.9999974651E+00   -0.2926483416E-03   -0.1298519462E-02    0.1000000000E+01    0.7444582425E-03   -0.2161914347E-02    0.9999973860E+00   -0.1147041914E-02    0.1471435541E-04   -0.3410514313E+00    0.9400439380E+00    0.3907123771E-02    0.9311270803E-03    0.1851077191E+02
    0.4525000000E+00    0.6860741002E-03   -0.2159643582E-02    0.9999974334E+00   -0.3166460209E-03   -0.1301436019E-02    0.1000000000E+01    0.7120236126E-03   -0.2187777387E-02    0.9999973534E+00   -0.1154135434E-02    0.1888081100E-04   -0.3283151532E+00    0.9445675348E+00    0.3923542118E-02    0.9752993236E-03    0.1853124838E+02
    0.4530000000E+00    0.6533182544E-03   -0.2184554973E-02    0.9999974012E+00   -0.3408399987E-03   -0.1303959877E-02    0.1000000000E+01    0.6789503523E-03   -0.2213243547E-02    0.9999973203E+00   -0.1161257900E-02    0.2309795883E-04   -0.3155188998E+00    0.9489185817E+00    0.3939618192E-02    0.1019909768E-02    0.1855172485E+02
    0.4535000000E+00    0.6199364647E-03   -0.2209058059E-02    0.9999973686E+00   -0.3652247554E-03   -0.1306085280E-02    0.1000000000E+01    0.6452413497E-03   -0.2238299526E-02    0.9999972869E+00   -0.1168409317E-02    0.2736620706E-04   -0.3026650088E+00    0.9530962840E+00    0.3955345449E-02    0.1064957675E-02    0.1857220131E+02
    0.4540000000E+00    0.5859318963E-03   -0.2233139641E-02    0.9999973357E+00   -0.3897946394E-03   -0.1307806537E-02    0.1000000000E+01    0.6108997370E-03   -0.2262931992E-02    0.9999972530E+00   -0.1175589691E-02    0.3168596638E-04   -0.2897558281E+00    0.9570998783E+00    0.3970717312E-02    0.1110442233E-02    0.1859267778E+02
    0.4545000000E+00    0.5513079589E-03   -0.2256786497E-02    0.9999973023E+00   -0.4145438670E-03   -0.1309118014E-02    0.1000000000E+01    0.5759288921E-03   -0.2287127583E-02    0.9999972187E+00   -0.1182799022E-02    0.3605765014E-04   -0.2767937161E+00    0.9609286334E+00    0.3985727172E-02    0.1156362561E-02    0.1861315424E+02
    0.4550000000E+00    0.5160683095E-03   -0.2279985380E-02    0.9999972685E+00   -0.4394665232E-03   -0.1310014143E-02    0.1000000000E+01    0.5403324410E-03   -0.2310872915E-02    0.9999971840E+00   -0.1190037314E-02    0.4048167439E-04   -0.2637810405E+00    0.9645818497E+00    0.4000368386E-02    0.1202717704E-02    0.1863363071E+02
    0.4555000000E+00    0.4802168539E-03   -0.2302723027E-02    0.9999972342E+00   -0.4645565612E-03   -0.1310489425E-02    0.1000000000E+01    0.5041142596E-03   -0.2334154583E-02    0.9999971489E+00   -0.1197304565E-02    0.4495845777E-04   -0.2507201785E+00    0.9680588601E+00    0.4014634283E-02    0.1249506636E-02    0.1865410717E+02
    0.4560000000E+00    0.4437577484E-03   -0.2324986158E-02    0.9999971996E+00   -0.4898078037E-03   -0.1310538428E-02    0.1000000000E+01    0.4672784756E-03   -0.2356959168E-02    0.9999971133E+00   -0.1204600776E-02    0.4948842160E-04   -0.2376135160E+00    0.9713590292E+00    0.4028518157E-02    0.1296728256E-02    0.1867458364E+02
    0.4565000000E+00    0.4066954020E-03   -0.2346761485E-02    0.9999971645E+00   -0.5152139426E-03   -0.1310155794E-02    0.1000000000E+01    0.4298294702E-03   -0.2379273238E-02    0.9999970772E+00   -0.1211925943E-02    0.5407198985E-04   -0.2244634472E+00    0.9744817542E+00    0.4042013275E-02    0.1344381388E-02    0.1869506010E+02
    0.4570000000E+00    0.3690344777E-03   -0.2368035714E-02    0.9999971289E+00   -0.5407685397E-03   -0.1309336241E-02    0.1000000000E+01    0.3917718798E-03   -0.2401083353E-02    0.9999970407E+00   -0.1219280063E-02    0.5870958916E-04   -0.2112723743E+00    0.9774264646E+00    0.4055112872E-02    0.1392464783E-02    0.1871553656E+02
    0.4575000000E+00    0.3307798946E-03   -0.2388795551E-02    0.9999970929E+00   -0.5664650271E-03   -0.1308074564E-02    0.1000000000E+01    0.3531105980E-03   -0.2422376072E-02    0.9999970038E+00   -0.1226663129E-02    0.6340164885E-04   -0.1980427072E+00    0.9801926226E+00    0.4067810154E-02    0.1440977114E-02    0.1873601302E+02
    0.4580000000E+00    0.2919368288E-03   -0.2409027701E-02    0.9999970565E+00   -0.5922967080E-03   -0.1306365637E-02    0.1000000000E+01    0.3138507770E-03   -0.2443137953E-02    0.9999969663E+00   -0.1234075137E-02    0.6814860097E-04   -0.1847768624E+00    0.9827797228E+00    0.4080098298E-02    0.1489916977E-02    0.1875648948E+02
    0.4585000000E+00    0.2525107157E-03   -0.2428718881E-02    0.9999970196E+00   -0.6182567569E-03   -0.1304204421E-02    0.1000000000E+01    0.2739978292E-03   -0.2463355562E-02    0.9999969285E+00   -0.1241516077E-02    0.7295088026E-04   -0.1714772633E+00    0.9851872926E+00    0.4091970456E-02    0.1539282893E-02    0.1877696594E+02
    0.4590000000E+00    0.2125072508E-03   -0.2447855818E-02    0.9999969823E+00   -0.6443382205E-03   -0.1301585960E-02    0.1000000000E+01    0.2335574287E-03   -0.2483015473E-02    0.9999968901E+00   -0.1248985940E-02    0.7780892422E-04   -0.1581463396E+00    0.9874148922E+00    0.4103419747E-02    0.1589073301E-02    0.1879744240E+02
    0.4595000000E+00    0.1719323916E-03   -0.2466425254E-02    0.9999969445E+00   -0.6705340183E-03   -0.1298505387E-02    0.1000000000E+01    0.1925355128E-03   -0.2502104277E-02    0.9999968513E+00   -0.1256484715E-02    0.8272317310E-04   -0.1447865263E+00    0.9894621146E+00    0.4114439268E-02    0.1639286563E-02    0.1881791885E+02
    0.4600000000E+00    0.1307923585E-03   -0.2484413955E-02    0.9999969062E+00   -0.6968369435E-03   -0.1294957928E-02    0.1000000000E+01    0.1509382832E-03   -0.2520608581E-02    0.9999968119E+00   -0.1264012389E-02    0.8769406995E-04   -0.1314002640E+00    0.9913285859E+00    0.4125022088E-02    0.1689920962E-02    0.1883839531E+02
    0.4605000000E+00    0.8909363629E-04   -0.2501808709E-02    0.9999968674E+00   -0.7232396633E-03   -0.1290938902E-02    0.1000000000E+01    0.1087722075E-03   -0.2538515020E-02    0.9999967721E+00   -0.1271568948E-02    0.9272206058E-04   -0.1179899982E+00    0.9930139651E+00    0.4135161249E-02    0.1740974698E-02    0.1885887176E+02
    0.4610000000E+00    0.4684297535E-04   -0.2518596338E-02    0.9999968281E+00   -0.7497347206E-03   -0.1286443724E-02    0.1000000000E+01    0.6604402040E-04   -0.2555810254E-02    0.9999967318E+00   -0.1279154377E-02    0.9780759360E-04   -0.1045581784E+00    0.9945179443E+00    0.4144849770E-02    0.1792445893E-02    0.1887934822E+02
    0.4615000000E+00    0.4047392576E-05   -0.2534763697E-02    0.9999967884E+00   -0.7763145339E-03   -0.1281467910E-02    0.1000000000E+01    0.2276072467E-04   -0.2572480978E-02    0.9999966910E+00   -0.1286768659E-02    0.1029511204E-03   -0.9110725843E-01    0.9958402488E+00    0.4154080646E-02    0.1844332583E-02    0.1889982467E+02
    0.4620000000E+00   -0.3928582750E-04   -0.2550297680E-02    0.9999967481E+00   -0.8029713990E-03   -0.1276007078E-02    0.1000000000E+01   -0.2107040755E-04   -0.2588513924E-02    0.9999966496E+00   -0.1294411775E-02    0.1081530952E-03   -0.7763969540E-01    0.9969806370E+00    0.4162846846E-02    0.1896632724E-02    0.1892030113E+02
    0.4625000000E+00   -0.8314913174E-04   -0.2565185228E-02    0.9999967074E+00   -0.8296974900E-03   -0.1270056952E-02    0.1000000000E+01   -0.6544183386E-04   -0.2603895868E-02    0.9999966078E+00   -0.1302083704E-02    0.1134139750E-03   -0.6415794952E-01    0.9979389005E+00    0.4171141318E-02    0.1949344187E-02    0.1894077758E+02
    0.4630000000E+00   -0.1275346976E-03   -0.2579413330E-02    0.9999966661E+00   -0.8564848595E-03   -0.1263613361E-02    0.1000000000E+01   -0.1103457406E-03   -0.2618613633E-02    0.9999965654E+00   -0.1309784425E-02    0.1187342195E-03   -0.5066448358E-01    0.9987148644E+00    0.4178956987E-02    0.2002464758E-02    0.1896125403E+02
    0.4635000000E+00   -0.1724344321E-03   -0.2592969030E-02    0.9999966243E+00   -0.8833254408E-03   -0.1256672248E-02    0.1000000000E+01   -0.1557740421E-03   -0.2632654094E-02    0.9999965225E+00   -0.1317513915E-02    0.1241142916E-03   -0.3716176252E-01    0.9993083869E+00    0.4186286758E-02    0.2055992140E-02    0.1898173048E+02
    0.4640000000E+00   -0.2178399715E-03   -0.2605839430E-02    0.9999965820E+00   -0.9102110484E-03   -0.1249229666E-02    0.1000000000E+01   -0.2017183797E-03   -0.2646004184E-02    0.9999964790E+00   -0.1325272148E-02    0.1295546568E-03   -0.2365225297E-01    0.9997193595E+00    0.4193123512E-02    0.2109923948E-02    0.1900220693E+02
    0.4645000000E+00   -0.2637426803E-03   -0.2618011698E-02    0.9999965392E+00   -0.9371333792E-03   -0.1241281785E-02    0.1000000000E+01   -0.2481701212E-03   -0.2658650899E-02    0.9999964351E+00   -0.1333059097E-02    0.1350557838E-03   -0.1013842279E-01    0.9999477072E+00    0.4199460114E-02    0.2164257713E-02    0.1902268338E+02
    0.4650000000E+00   -0.3101336509E-03   -0.2629473070E-02    0.9999964958E+00   -0.9640840142E-03   -0.1232824896E-02    0.1000000000E+01   -0.2951203604E-03   -0.2670581301E-02    0.9999963905E+00   -0.1340874734E-02    0.1406181439E-03    0.3377259360E-02    0.9999933882E+00    0.4205289406E-02    0.2218990876E-02    0.1904315983E+02
    0.4655000000E+00   -0.3570037030E-03   -0.2640210859E-02    0.9999964519E+00   -0.9910544194E-03   -0.1223855407E-02    0.1000000000E+01   -0.3425599160E-03   -0.2681782527E-02    0.9999963454E+00   -0.1348719028E-02    0.1462422113E-03    0.1689232449E-01    0.9998563942E+00    0.4210604215E-02    0.2274120790E-02    0.1906363627E+02
    0.4660000000E+00   -0.4043433832E-03   -0.2650212454E-02    0.9999964074E+00   -0.1018035947E-02   -0.1214369854E-02    0.1000000000E+01   -0.3904793319E-03   -0.2692241791E-02    0.9999962997E+00   -0.1356591949E-02    0.1519284634E-03    0.3040430371E-01    0.9995367501E+00    0.4215397347E-02    0.2329644722E-02    0.1908411272E+02
    0.4665000000E+00   -0.4521429650E-03   -0.2659465332E-02    0.9999963624E+00   -0.1045019839E-02   -0.1204364898E-02    0.1000000000E+01   -0.4388688761E-03   -0.2701946387E-02    0.9999962535E+00   -0.1364493460E-02    0.1576773803E-03    0.4391072870E-01    0.9990345145E+00    0.4219661592E-02    0.2385559845E-02    0.1910458916E+02
    0.4670000000E+00   -0.5003924480E-03   -0.2667957057E-02    0.9999963168E+00   -0.1071997223E-02   -0.1193837330E-02    0.1000000000E+01   -0.4877185412E-03   -0.2710883701E-02    0.9999962067E+00   -0.1372423529E-02    0.1634894451E-03    0.5740913217E-01    0.9983497790E+00    0.4223389726E-02    0.2441863247E-02    0.1912506561E+02
    0.4675000000E+00   -0.5490815584E-03   -0.2675675291E-02    0.9999962707E+00   -0.1098959123E-02   -0.1182784072E-02    0.1000000000E+01   -0.5370180432E-03   -0.2719041211E-02    0.9999961593E+00   -0.1380382116E-02    0.1693651439E-03    0.7089704827E-01    0.9974826687E+00    0.4226574508E-02    0.2498551921E-02    0.1914554205E+02
    0.4680000000E+00   -0.5981997484E-03   -0.2682607795E-02    0.9999962239E+00   -0.1125896450E-02   -0.1171202181E-02    0.1000000000E+01   -0.5867568225E-03   -0.2726406492E-02    0.9999961113E+00   -0.1388369183E-02    0.1753049657E-03    0.8437201307E-01    0.9964333420E+00    0.4229208680E-02    0.2555622769E-02    0.1916601849E+02
    0.4685000000E+00   -0.6477361967E-03   -0.2688742435E-02    0.9999961766E+00   -0.1152800012E-02   -0.1159088854E-02    0.1000000000E+01   -0.6369240428E-03   -0.2732967225E-02    0.9999960627E+00   -0.1396384689E-02    0.1813094027E-03    0.9783156503E-01    0.9952019906E+00    0.4231284976E-02    0.2613072602E-02    0.1918649493E+02
    0.4690000000E+00   -0.6976798084E-03   -0.2694067189E-02    0.9999961287E+00   -0.1179660514E-02   -0.1146441425E-02    0.1000000000E+01   -0.6875085921E-03   -0.2738711199E-02    0.9999960135E+00   -0.1404428591E-02    0.1873789501E-03    0.1112732454E+00    0.9937888394E+00    0.4232796111E-02    0.2670898136E-02    0.1920697137E+02
    0.4695000000E+00   -0.7480192152E-03   -0.2698570151E-02    0.9999960802E+00   -0.1206468557E-02   -0.1133257371E-02    0.1000000000E+01   -0.7384990821E-03   -0.2743626319E-02    0.9999959636E+00   -0.1412500845E-02    0.1935141059E-03    0.1246945987E+00    0.9921941465E+00    0.4233734793E-02    0.2729095996E-02    0.1922744781E+02
    0.4700000000E+00   -0.7987427758E-03   -0.2702239538E-02    0.9999960310E+00   -0.1233214642E-02   -0.1119534318E-02    0.1000000000E+01   -0.7898838491E-03   -0.2747700607E-02    0.9999959132E+00   -0.1420601402E-02    0.1997153713E-03    0.1380931732E+00    0.9904182033E+00    0.4234093715E-02    0.2787662709E-02    0.1924792425E+02
    0.4705000000E+00   -0.8498385765E-03   -0.2705063693E-02    0.9999959813E+00   -0.1259889171E-02   -0.1105270035E-02    0.1000000000E+01   -0.8416509539E-03   -0.2750922215E-02    0.9999958621E+00   -0.1428730216E-02    0.2059832505E-03    0.1514665212E+00    0.9884613342E+00    0.4233865563E-02    0.2846594709E-02    0.1926840069E+02
    0.4710000000E+00   -0.9012944313E-03   -0.2707031091E-02    0.9999959309E+00   -0.1286482450E-02   -0.1090462444E-02    0.1000000000E+01   -0.8937881825E-03   -0.2753279421E-02    0.9999958104E+00   -0.1436887235E-02    0.2123182506E-03    0.1648121998E+00    0.9863238966E+00    0.4233043012E-02    0.2905888333E-02    0.1928887712E+02
    0.4715000000E+00   -0.9530978828E-03   -0.2708130347E-02    0.9999958799E+00   -0.1312984690E-02   -0.1075109621E-02    0.1000000000E+01   -0.9462830462E-03   -0.2754760644E-02    0.9999957580E+00   -0.1445072407E-02    0.2187208820E-03    0.1781277710E+00    0.9840062810E+00    0.4231618729E-02    0.2965539822E-02    0.1930935356E+02
    0.4720000000E+00   -0.1005236203E-02   -0.2708350218E-02    0.9999958283E+00   -0.1339386008E-02   -0.1059209796E-02    0.1000000000E+01   -0.9991227829E-03   -0.2755354440E-02    0.9999957049E+00   -0.1453285676E-02    0.2251916582E-03    0.1914108024E+00    0.9815089108E+00    0.4229585372E-02    0.3025545319E-02    0.1932982999E+02
    0.4725000000E+00   -0.1057696394E-02   -0.2707679611E-02    0.9999957760E+00   -0.1365676434E-02   -0.1042761358E-02    0.1000000000E+01   -0.1052294357E-02   -0.2755049518E-02    0.9999956512E+00   -0.1461526988E-02    0.2317310957E-03    0.2046588674E+00    0.9788322421E+00    0.4226935595E-02    0.3085900870E-02    0.1935030642E+02
    0.4730000000E+00   -0.1110465188E-02   -0.2706107587E-02    0.9999957231E+00   -0.1391845906E-02   -0.1025762857E-02    0.1000000000E+01   -0.1105784462E-02   -0.2753834734E-02    0.9999955969E+00   -0.1469796281E-02    0.2383397141E-03    0.2178695461E+00    0.9759767640E+00    0.4223662045E-02    0.3146602421E-02    0.1937078285E+02
    0.4735000000E+00   -0.1163529050E-02   -0.2703623368E-02    0.9999956695E+00   -0.1417884278E-02   -0.1008213006E-02    0.1000000000E+01   -0.1159579518E-02   -0.2751699107E-02    0.9999955418E+00   -0.1478093497E-02    0.2450180363E-03    0.2310404250E+00    0.9729429979E+00    0.4219757364E-02    0.3207645821E-02    0.1939125928E+02
    0.4740000000E+00   -0.1216874178E-02   -0.2700216340E-02    0.9999956152E+00   -0.1443781318E-02   -0.9901106826E-03    0.1000000000E+01   -0.1213665676E-02   -0.2748631819E-02    0.9999954861E+00   -0.1486418572E-02    0.2517665882E-03    0.2441690982E+00    0.9697314982E+00    0.4215214191E-02    0.3269026816E-02    0.1941173571E+02
    0.4745000000E+00   -0.1270486504E-02   -0.2695876063E-02    0.9999955603E+00   -0.1469526715E-02   -0.9714549343E-03    0.1000000000E+01   -0.1268028818E-02   -0.2744622221E-02    0.9999954296E+00   -0.1494771441E-02    0.2585858989E-03    0.2572531674E+00    0.9663428515E+00    0.4210025163E-02    0.3330741053E-02    0.1943221214E+02
    0.4750000000E+00   -0.1324351696E-02   -0.2690592271E-02    0.9999955046E+00   -0.1495110076E-02   -0.9522449783E-03    0.1000000000E+01   -0.1322654559E-02   -0.2739659840E-02    0.9999953725E+00   -0.1503152036E-02    0.2654765005E-03    0.2702902425E+00    0.9627776768E+00    0.4204182913E-02    0.3392784078E-02    0.1945268857E+02
    0.4755000000E+00   -0.1378455159E-02   -0.2684354883E-02    0.9999954483E+00   -0.1520520934E-02   -0.9324802048E-03    0.1000000000E+01   -0.1377528245E-02   -0.2733734384E-02    0.9999953146E+00   -0.1511560288E-02    0.2724389286E-03    0.2832779417E+00    0.9590366253E+00    0.4197680076E-02    0.3455151334E-02    0.1947316499E+02
    0.4760000000E+00   -0.1432782035E-02   -0.2677154005E-02    0.9999953912E+00   -0.1545748746E-02   -0.9121601794E-03    0.1000000000E+01   -0.1432634959E-02   -0.2726835747E-02    0.9999952560E+00   -0.1519996126E-02    0.2794737218E-03    0.2962138927E+00    0.9551203805E+00    0.4190509286E-02    0.3517838163E-02    0.1949364142E+02
    0.4765000000E+00   -0.1487317208E-02   -0.2668979935E-02    0.9999953335E+00   -0.1570782898E-02   -0.8912846455E-03    0.1000000000E+01   -0.1487959520E-02   -0.2718954016E-02    0.9999951967E+00   -0.1528459476E-02    0.2865814220E-03    0.3090957323E+00    0.9510296578E+00    0.4182663178E-02    0.3580839801E-02    0.1951411784E+02
    0.4770000000E+00   -0.1542045303E-02   -0.2659823175E-02    0.9999952750E+00   -0.1595612705E-02   -0.8698535263E-03    0.1000000000E+01   -0.1543486484E-02   -0.2710079476E-02    0.9999951366E+00   -0.1536950261E-02    0.2937625742E-03    0.3219211073E+00    0.9467652044E+00    0.4174134390E-02    0.3644151383E-02    0.1953459426E+02
    0.4775000000E+00   -0.1596950688E-02   -0.2649674426E-02    0.9999952158E+00   -0.1620227417E-02   -0.8478669273E-03    0.1000000000E+01   -0.1599200148E-02   -0.2700202615E-02    0.9999950758E+00   -0.1545468404E-02    0.3010177268E-03    0.3346876747E+00    0.9423277993E+00    0.4164915563E-02    0.3707767938E-02    0.1955507068E+02
    0.4780000000E+00   -0.1652017478E-02   -0.2638524605E-02    0.9999951558E+00   -0.1644616222E-02   -0.8253251386E-03    0.1000000000E+01   -0.1655084550E-02   -0.2689314132E-02    0.9999950142E+00   -0.1554013822E-02    0.3083474315E-03    0.3473931025E+00    0.9377182531E+00    0.4154999345E-02    0.3771684392E-02    0.1957554710E+02
    0.4785000000E+00   -0.1707229535E-02   -0.2626364842E-02    0.9999950951E+00   -0.1668768243E-02   -0.8022286370E-03    0.1000000000E+01   -0.1711123472E-02   -0.2677404940E-02    0.9999949518E+00   -0.1562586434E-02    0.3157522432E-03    0.3600350697E+00    0.9329374080E+00    0.4144378385E-02    0.3835895561E-02    0.1959602352E+02
    0.4790000000E+00   -0.1762570471E-02   -0.2613186490E-02    0.9999950336E+00   -0.1692672549E-02   -0.7785780882E-03    0.1000000000E+01   -0.1767300442E-02   -0.2664466172E-02    0.9999948887E+00   -0.1571186153E-02    0.3232327198E-03    0.3726112668E+00    0.9279861371E+00    0.4133045344E-02    0.3900396159E-02    0.1961649994E+02
    0.4795000000E+00   -0.1818023649E-02   -0.2598981130E-02    0.9999949714E+00   -0.1716318150E-02   -0.7543743490E-03    0.1000000000E+01   -0.1823598736E-02   -0.2650489188E-02    0.9999948247E+00   -0.1579812891E-02    0.3307894228E-03    0.3851193966E+00    0.9228653451E+00    0.4120992887E-02    0.3965180791E-02    0.1963697635E+02
    0.4800000000E+00   -0.1873572189E-02   -0.2583740574E-02    0.9999949084E+00   -0.1739694005E-02   -0.7296184695E-03    0.1000000000E+01   -0.1880001380E-02   -0.2635465583E-02    0.9999947600E+00   -0.1588466559E-02    0.3384229168E-03    0.3975571739E+00    0.9175759673E+00    0.4108213689E-02    0.4030243956E-02    0.1965745277E+02
    0.4805000000E+00   -0.1929198966E-02   -0.2567456876E-02    0.9999948446E+00   -0.1762789025E-02   -0.7043116948E-03    0.1000000000E+01   -0.1936491152E-02   -0.2619387184E-02    0.9999946945E+00   -0.1597147063E-02    0.3461337699E-03    0.4099223268E+00    0.9121189699E+00    0.4094700437E-02    0.4095580042E-02    0.1967792918E+02
    0.4810000000E+00   -0.1984886614E-02   -0.2550122333E-02    0.9999947799E+00   -0.1785592073E-02   -0.6784554675E-03    0.1000000000E+01   -0.1993050586E-02   -0.2602246067E-02    0.9999946281E+00   -0.1605854308E-02    0.3539225535E-03    0.4222125964E+00    0.9064953499E+00    0.4080445826E-02    0.4161183332E-02    0.1969840559E+02
    0.4815000000E+00   -0.2040617530E-02   -0.2531729490E-02    0.9999947145E+00   -0.1808091970E-02   -0.6520514293E-03    0.1000000000E+01   -0.2049661973E-02   -0.2584034555E-02    0.9999945609E+00   -0.1614588197E-02    0.3617898425E-03    0.4344257375E+00    0.9007061345E+00    0.4065442566E-02    0.4227047998E-02    0.1971888200E+02
    0.4820000000E+00   -0.2096373878E-02   -0.2512271150E-02    0.9999946483E+00   -0.1830277494E-02   -0.6251014233E-03    0.1000000000E+01   -0.2106307366E-02   -0.2564745224E-02    0.9999944928E+00   -0.1623348628E-02    0.3697362147E-03    0.4465595192E+00    0.8947523813E+00    0.4049683381E-02    0.4293168103E-02    0.1973935841E+02
    0.4825000000E+00   -0.2152137586E-02   -0.2491740378E-02    0.9999945812E+00   -0.1852137390E-02   -0.5976074957E-03    0.1000000000E+01   -0.2162968581E-02   -0.2544370914E-02    0.9999944239E+00   -0.1632135498E-02    0.3777622518E-03    0.4586117248E+00    0.8886351779E+00    0.4033161007E-02    0.4359537598E-02    0.1975983482E+02
    0.4830000000E+00   -0.2207890358E-02   -0.2470130503E-02    0.9999945133E+00   -0.1873660366E-02   -0.5695718978E-03    0.1000000000E+01   -0.2219627200E-02   -0.2522904730E-02    0.9999943542E+00   -0.1640948703E-02    0.3858685384E-03    0.4705801527E+00    0.8823556416E+00    0.4015868199E-02    0.4426150325E-02    0.1978031122E+02
    0.4835000000E+00   -0.2263613668E-02   -0.2447435127E-02    0.9999944445E+00   -0.1894835102E-02   -0.5409970876E-03    0.1000000000E+01   -0.2276264573E-02   -0.2500340047E-02    0.9999942835E+00   -0.1649788133E-02    0.3940556629E-03    0.4824626164E+00    0.8759149198E+00    0.3997797728E-02    0.4493000015E-02    0.1980078763E+02
    0.4840000000E+00   -0.2319288769E-02   -0.2423648131E-02    0.9999943749E+00   -0.1915650249E-02   -0.5118857320E-03    0.1000000000E+01   -0.2332861827E-02   -0.2476670519E-02    0.9999942120E+00   -0.1658653679E-02    0.4023242168E-03    0.4942569455E+00    0.8693141888E+00    0.3978942383E-02    0.4560080286E-02    0.1982126403E+02
    0.4845000000E+00   -0.2374896696E-02   -0.2398763680E-02    0.9999943044E+00   -0.1936094437E-02   -0.4822407080E-03    0.1000000000E+01   -0.2389399860E-02   -0.2451890083E-02    0.9999941395E+00   -0.1667545225E-02    0.4106747952E-03    0.5059609853E+00    0.8625546545E+00    0.3959294974E-02    0.4627384644E-02    0.1984174043E+02
    0.4850000000E+00   -0.2430418268E-02   -0.2372776224E-02    0.9999942330E+00   -0.1956156273E-02   -0.4520651048E-03    0.1000000000E+01   -0.2445859353E-02   -0.2425992965E-02    0.9999940662E+00   -0.1676462657E-02    0.4191079966E-03    0.5175725977E+00    0.8556375517E+00    0.3938848330E-02    0.4694906482E-02    0.1986221683E+02
    0.4855000000E+00   -0.2485834090E-02   -0.2345680512E-02    0.9999941608E+00   -0.1975824349E-02   -0.4213622253E-03    0.1000000000E+01   -0.2502220770E-02   -0.2398973682E-02    0.9999939920E+00   -0.1685405854E-02    0.4276244230E-03    0.5290896616E+00    0.8485641441E+00    0.3917595305E-02    0.4762639081E-02    0.1988269323E+02
    0.4860000000E+00   -0.2541124562E-02   -0.2317471589E-02    0.9999940876E+00   -0.1995087243E-02   -0.3901355876E-03    0.1000000000E+01   -0.2558464359E-02   -0.2370827055E-02    0.9999939168E+00   -0.1694374695E-02    0.4362246798E-03    0.5405100730E+00    0.8413357236E+00    0.3895528775E-02    0.4830575606E-02    0.1990316962E+02
    0.4865000000E+00   -0.2596269877E-02   -0.2288144806E-02    0.9999940135E+00   -0.2013933524E-02   -0.3583889268E-03    0.1000000000E+01   -0.2614570160E-02   -0.2341548207E-02    0.9999938406E+00   -0.1703369055E-02    0.4449093760E-03    0.5518317458E+00    0.8339536108E+00    0.3872641640E-02    0.4898709109E-02    0.1992364602E+02
    0.4870000000E+00   -0.2651250029E-02   -0.2257695826E-02    0.9999939385E+00   -0.2032351754E-02   -0.3261261962E-03    0.1000000000E+01   -0.2670518010E-02   -0.2311132572E-02    0.9999937635E+00   -0.1712388807E-02    0.4536791239E-03    0.5630526116E+00    0.8264191542E+00    0.3848926828E-02    0.4967032529E-02    0.1994412241E+02
    0.4875000000E+00   -0.2706044815E-02   -0.2226120625E-02    0.9999938625E+00   -0.2050330496E-02   -0.2933515688E-03    0.1000000000E+01   -0.2726287540E-02   -0.2279575901E-02    0.9999936855E+00   -0.1721433819E-02    0.4625345395E-03    0.5741706208E+00    0.8187337302E+00    0.3824377293E-02    0.5035538686E-02    0.1996459881E+02
    0.4880000000E+00   -0.2760633841E-02   -0.2193415503E-02    0.9999937856E+00   -0.2067858311E-02   -0.2600694389E-03    0.1000000000E+01   -0.2781858186E-02   -0.2246874266E-02    0.9999936065E+00   -0.1730503959E-02    0.4714762418E-03    0.5851837423E+00    0.8108987426E+00    0.3798986019E-02    0.5104220287E-02    0.1998507520E+02
    0.4885000000E+00   -0.2814996524E-02   -0.2159577084E-02    0.9999937077E+00   -0.2084923768E-02   -0.2262844231E-03    0.1000000000E+01   -0.2837209192E-02   -0.2213024065E-02    0.9999935264E+00   -0.1739599090E-02    0.4805048539E-03    0.5960899642E+00    0.8029156229E+00    0.3772746019E-02    0.5173069922E-02    0.2000555158E+02
    0.4890000000E+00   -0.2869112099E-02   -0.2124602324E-02    0.9999936288E+00   -0.2101515443E-02   -0.1920013618E-03    0.1000000000E+01   -0.2892319611E-02   -0.2178022027E-02    0.9999934454E+00   -0.1748719073E-02    0.4896210023E-03    0.6068872942E+00    0.7947858292E+00    0.3745650338E-02    0.5242080066E-02    0.2002602797E+02
    0.4895000000E+00   -0.2922959620E-02   -0.2088488517E-02    0.9999935490E+00   -0.2117621926E-02   -0.1572253202E-03    0.1000000000E+01   -0.2947168313E-02   -0.2141865222E-02    0.9999933633E+00   -0.1757863766E-02    0.4988253168E-03    0.6175737600E+00    0.7865108468E+00    0.3717692053E-02    0.5311243075E-02    0.2004650436E+02
    0.4900000000E+00   -0.2976517970E-02   -0.2051233296E-02    0.9999934681E+00   -0.2133231824E-02   -0.1219615897E-03    0.1000000000E+01   -0.3001733987E-02   -0.2104551059E-02    0.9999932803E+00   -0.1767033022E-02    0.5081184312E-03    0.6281474092E+00    0.7780921871E+00    0.3688864278E-02    0.5380551190E-02    0.2006698074E+02
    0.4905000000E+00   -0.3029765859E-02   -0.2012834643E-02    0.9999933863E+00   -0.2148333767E-02   -0.8621568875E-04    0.1000000000E+01   -0.3055995149E-02   -0.2066077295E-02    0.9999931961E+00   -0.1776226694E-02    0.5175009825E-03    0.6386063104E+00    0.7695313882E+00    0.3659160160E-02    0.5449996533E-02    0.2008745712E+02
    0.4910000000E+00   -0.3082681836E-02   -0.1973290892E-02    0.9999933034E+00   -0.2162916406E-02   -0.4999336413E-04    0.1000000000E+01   -0.3109930144E-02   -0.2026442041E-02    0.9999931110E+00   -0.1785444630E-02    0.5269736114E-03    0.6489485530E+00    0.7608300139E+00    0.3628572883E-02    0.5519571109E-02    0.2010793350E+02
    0.4915000000E+00   -0.3135244288E-02   -0.1932600731E-02    0.9999932195E+00   -0.2176968424E-02   -0.1330059164E-04    0.1000000000E+01   -0.3163517151E-02   -0.1985643766E-02    0.9999930247E+00   -0.1794686676E-02    0.5365369622E-03    0.6591722476E+00    0.7519896537E+00    0.3597095671E-02    0.5589266802E-02    0.2012840988E+02
    0.4920000000E+00   -0.3187431449E-02   -0.1890763213E-02    0.9999931345E+00   -0.2190478536E-02    0.2385642281E-04    0.1000000000E+01   -0.3216734192E-02   -0.1943681301E-02    0.9999929374E+00   -0.1803952672E-02    0.5461916828E-03    0.6692755266E+00    0.7430119225E+00    0.3564721788E-02    0.5659075381E-02    0.2014888626E+02
    0.4925000000E+00   -0.3239221405E-02   -0.1847777755E-02    0.9999930484E+00   -0.2203435496E-02    0.6147124245E-04    0.1000000000E+01   -0.3269559130E-02   -0.1900553844E-02    0.9999928490E+00   -0.1813242458E-02    0.5559384246E-03    0.6792565443E+00    0.7338984604E+00    0.3531444537E-02    0.5728988494E-02    0.2016936263E+02
    0.4930000000E+00   -0.3290592095E-02   -0.1803644148E-02    0.9999929613E+00   -0.2215828096E-02    0.9953719883E-04    0.1000000000E+01   -0.3321969682E-02   -0.1856260968E-02    0.9999927594E+00   -0.1822555870E-02    0.5657778429E-03    0.6891134775E+00    0.7246509321E+00    0.3497257267E-02    0.5798997669E-02    0.2018983900E+02
    0.4935000000E+00   -0.3341521323E-02   -0.1758362556E-02    0.9999928731E+00   -0.2227645178E-02    0.1380473911E-03    0.1000000000E+01   -0.3373943420E-02   -0.1810802623E-02    0.9999926688E+00   -0.1831892740E-02    0.5757105965E-03    0.6988445255E+00    0.7152710269E+00    0.3462153368E-02    0.5869094316E-02    0.2021031537E+02
    0.4940000000E+00   -0.3391986758E-02   -0.1711933526E-02    0.9999927838E+00   -0.2238875631E-02    0.1769946856E-03    0.1000000000E+01   -0.3425457775E-02   -0.1764179139E-02    0.9999925770E+00   -0.1841252897E-02    0.5857373478E-03    0.7084479106E+00    0.7057604584E+00    0.3426126279E-02    0.5939269725E-02    0.2023079174E+02
    0.4945000000E+00   -0.3441965945E-02   -0.1664357988E-02    0.9999926933E+00   -0.2249508398E-02    0.2163717147E-03    0.1000000000E+01   -0.3476490050E-02   -0.1716391237E-02    0.9999924840E+00   -0.1850636166E-02    0.5958587631E-03    0.7179218786E+00    0.6961209639E+00    0.3389169484E-02    0.6009515065E-02    0.2025126811E+02
    0.4950000000E+00   -0.3491436304E-02   -0.1615637264E-02    0.9999926018E+00   -0.2259532482E-02    0.2561708771E-03    0.1000000000E+01   -0.3527017417E-02   -0.1667440026E-02    0.9999923899E+00   -0.1860042370E-02    0.6060755122E-03    0.7272646987E+00    0.6863543042E+00    0.3351276517E-02    0.6079821384E-02    0.2027174448E+02
    0.4955000000E+00   -0.3540375144E-02   -0.1565773070E-02    0.9999925090E+00   -0.2268936949E-02    0.2963843368E-03    0.1000000000E+01   -0.3577016928E-02   -0.1617327015E-02    0.9999922946E+00   -0.1869471327E-02    0.6163882686E-03    0.7364746642E+00    0.6764622636E+00    0.3312440961E-02    0.6150179610E-02    0.2029222084E+02
    0.4960000000E+00   -0.3588759660E-02   -0.1514767519E-02    0.9999924152E+00   -0.2277710931E-02    0.3370040231E-03    0.1000000000E+01   -0.3626465521E-02   -0.1566054110E-02    0.9999921981E+00   -0.1878922852E-02    0.6267977094E-03    0.7455500927E+00    0.6664466491E+00    0.3272656451E-02    0.6220580551E-02    0.2031269720E+02
    0.4965000000E+00   -0.3636566950E-02   -0.1462623129E-02    0.9999923201E+00   -0.2285843633E-02    0.3780216300E-03    0.1000000000E+01   -0.3675340023E-02   -0.1513623626E-02    0.9999921004E+00   -0.1888396758E-02    0.6373045154E-03    0.7544893262E+00    0.6563092903E+00    0.3231916678E-02    0.6291014891E-02    0.2033317356E+02
    0.4970000000E+00   -0.3683774009E-02   -0.1409342823E-02    0.9999922238E+00   -0.2293324336E-02    0.4194286163E-03    0.1000000000E+01   -0.3723617161E-02   -0.1460038285E-02    0.9999920015E+00   -0.1897892853E-02    0.6479093713E-03    0.7632907318E+00    0.6460520389E+00    0.3190215384E-02    0.6361473196E-02    0.2035364992E+02
    0.4975000000E+00   -0.3730357747E-02   -0.1354929938E-02    0.9999921264E+00   -0.2300142401E-02    0.4612162053E-03    0.1000000000E+01   -0.3771273564E-02   -0.1405301225E-02    0.9999919013E+00   -0.1907410941E-02    0.6586129656E-03    0.7719527016E+00    0.6356767689E+00    0.3147546371E-02    0.6431945907E-02    0.2037412627E+02
    0.4980000000E+00   -0.3776294987E-02   -0.1299388222E-02    0.9999920277E+00   -0.2306287275E-02    0.5033753846E-03    0.1000000000E+01   -0.3818285769E-02   -0.1349416001E-02    0.9999917999E+00   -0.1916950824E-02    0.6694159902E-03    0.7804736533E+00    0.6251853755E+00    0.3103903496E-02    0.6502423347E-02    0.2039460262E+02
    0.4985000000E+00   -0.3821562475E-02   -0.1242721848E-02    0.9999919278E+00   -0.2311748493E-02    0.5458969066E-03    0.1000000000E+01   -0.3864630235E-02   -0.1292386590E-02    0.9999916972E+00   -0.1926512299E-02    0.6803191412E-03    0.7888520303E+00    0.6145797752E+00    0.3059280677E-02    0.6572895713E-02    0.2041507898E+02
    0.4990000000E+00   -0.3866136886E-02   -0.1184935408E-02    0.9999918266E+00   -0.2316515688E-02    0.5887712881E-03    0.1000000000E+01   -0.3910283339E-02   -0.1234217395E-02    0.9999915932E+00   -0.1936095159E-02    0.6913231182E-03    0.7970863020E+00    0.6038619054E+00    0.3013671894E-02    0.6643353083E-02    0.2043555532E+02
    0.4995000000E+00   -0.3909994835E-02   -0.1126033922E-02    0.9999917242E+00   -0.2320578587E-02    0.6319888107E-03    0.1000000000E+01   -0.3955221391E-02   -0.1174913251E-02    0.9999914879E+00   -0.1945699195E-02    0.7024286246E-03    0.8051749642E+00    0.5930337241E+00    0.2967071190E-02    0.6713785411E-02    0.2045603167E+02
    0.5000000000E+00   -0.3953112874E-02   -0.1066022841E-02    0.9999916205E+00   -0.2323927026E-02    0.6755395210E-03    0.1000000000E+01   -0.3999420638E-02   -0.1114479427E-02    0.9999913813E+00   -0.1955324193E-02    0.7136363675E-03    0.8131165393E+00    0.5820972092E+00    0.2919472669E-02    0.6784182529E-02    0.2047650802E+02
    0.5005000000E+00   -0.3995467511E-02   -0.1004908051E-02    0.9999915155E+00   -0.2326550944E-02    0.7194132309E-03    0.1000000000E+01   -0.4042857270E-02   -0.1052921627E-02    0.9999912734E+00   -0.1964969935E-02    0.7249470581E-03    0.8209095765E+00    0.5710543586E+00    0.2870870506E-02    0.6854534148E-02    0.2049698436E+02
    0.5010000000E+00   -0.4037035207E-02   -0.9426958737E-03    0.9999914091E+00   -0.2328440396E-02    0.7635995184E-03    0.1000000000E+01   -0.4085507431E-02   -0.9902459988E-03    0.9999911640E+00   -0.1974636199E-02    0.7363614109E-03    0.8285526522E+00    0.5599071897E+00    0.2821258941E-02    0.6924829853E-02    0.2051746070E+02
    0.5015000000E+00   -0.4077792391E-02   -0.8793930744E-03    0.9999913015E+00   -0.2329585555E-02    0.8080877274E-03    0.1000000000E+01   -0.4127347219E-02   -0.9264591357E-03    0.9999910534E+00   -0.1984322762E-02    0.7478801448E-03    0.8360443702E+00    0.5486577387E+00    0.2770632284E-02    0.6995059109E-02    0.2053793703E+02
    0.5020000000E+00   -0.4117715460E-02   -0.8150068613E-03    0.9999911924E+00   -0.2329976714E-02    0.8528669689E-03    0.1000000000E+01   -0.4168352703E-02   -0.8615680782E-03    0.9999909413E+00   -0.1994029392E-02    0.7595039822E-03    0.8433833619E+00    0.5373080605E+00    0.2718984916E-02    0.7065211259E-02    0.2055841337E+02
    0.5025000000E+00   -0.4156780793E-02   -0.7495448910E-03    0.9999910821E+00   -0.2329604295E-02    0.8979261213E-03    0.1000000000E+01   -0.4208499920E-02   -0.7955803192E-03    0.9999908278E+00   -0.2003755858E-02    0.7712336494E-03    0.8505682865E+00    0.5258602287E+00    0.2666311290E-02    0.7135275521E-02    0.2057888970E+02
    0.5030000000E+00   -0.4194964756E-02   -0.6830152705E-03    0.9999909703E+00   -0.2328458850E-02    0.9432538314E-03    0.1000000000E+01   -0.4247764892E-02   -0.7285038066E-03    0.9999907129E+00   -0.2013501922E-02    0.7830698767E-03    0.8575978317E+00    0.5143163343E+00    0.2612605935E-02    0.7205240991E-02    0.2059936603E+02
    0.5035000000E+00   -0.4232243707E-02   -0.6154265607E-03    0.9999908571E+00   -0.2326531069E-02    0.9888385150E-03    0.1000000000E+01   -0.4286123628E-02   -0.6603469465E-03    0.9999905966E+00   -0.2023267342E-02    0.7950133982E-03    0.8644707131E+00    0.5026784862E+00    0.2557863455E-02    0.7275096643E-02    0.2061984236E+02
    0.5040000000E+00   -0.4268594009E-02   -0.5467877792E-03    0.9999907425E+00   -0.2323811783E-02    0.1034668358E-02    0.1000000000E+01   -0.4323552133E-02   -0.5911186064E-03    0.9999904788E+00   -0.2033051874E-02    0.8070649517E-03    0.8711856753E+00    0.4909488104E+00    0.2502078533E-02    0.7344831327E-02    0.2064031869E+02
    0.5045000000E+00   -0.4303992033E-02   -0.4771084029E-03    0.9999906265E+00   -0.2320291969E-02    0.1080731317E-02    0.1000000000E+01   -0.4360026416E-02   -0.5208281178E-03    0.9999903595E+00   -0.2042855268E-02    0.8192252790E-03    0.8777414916E+00    0.4791294496E+00    0.2445245930E-02    0.7414433771E-02    0.2066079501E+02
    0.5050000000E+00   -0.4338414169E-02   -0.4063983705E-03    0.9999905090E+00   -0.2315962756E-02    0.1127015123E-02    0.1000000000E+01   -0.4395522500E-02   -0.4494852793E-03    0.9999902387E+00   -0.2052677269E-02    0.8314951255E-03    0.8841369644E+00    0.4672225629E+00    0.2387360490E-02    0.7483892580E-02    0.2068127133E+02
    0.5055000000E+00   -0.4371836832E-02   -0.3346680856E-03    0.9999903901E+00   -0.2310815426E-02    0.1173507276E-02    0.1000000000E+01   -0.4430016426E-02   -0.3771003591E-03    0.9999901164E+00   -0.2062517622E-02    0.8438752410E-03    0.8903709254E+00    0.4552303254E+00    0.2328417139E-02    0.7553196237E-02    0.2070174765E+02
    0.5060000000E+00   -0.4404236473E-02   -0.2619284185E-03    0.9999902696E+00   -0.2304841424E-02    0.1220195055E-02    0.1000000000E+01   -0.4463484263E-02   -0.3036840975E-03    0.9999899926E+00   -0.2072376063E-02    0.8563663789E-03    0.8964422356E+00    0.4431549279E+00    0.2268410888E-02    0.7622333100E-02    0.2072222397E+02
    0.5065000000E+00   -0.4435589582E-02   -0.1881907085E-03    0.9999901477E+00   -0.2298032359E-02    0.1267065513E-02    0.1000000000E+01   -0.4495902119E-02   -0.2292477095E-03    0.9999898672E+00   -0.2082252326E-02    0.8689692966E-03    0.9023497861E+00    0.4309985762E+00    0.2207336835E-02    0.7691291409E-02    0.2074270028E+02
    0.5070000000E+00   -0.4465872701E-02   -0.1134667665E-03    0.9999900242E+00   -0.2290380013E-02    0.1314105480E-02    0.1000000000E+01   -0.4527246144E-02   -0.1538028870E-03    0.9999897402E+00   -0.2092146140E-02    0.8816847556E-03    0.9080924976E+00    0.4187634910E+00    0.2145190165E-02    0.7760059277E-02    0.2076317659E+02
    0.5075000000E+00   -0.4495062433E-02   -0.3776887669E-04    0.9999898992E+00   -0.2281876339E-02    0.1361301566E-02    0.1000000000E+01   -0.4557492544E-02   -0.7736180098E-04    0.9999896116E+00   -0.2102057231E-02    0.8945135211E-03    0.9136693210E+00    0.4064519074E+00    0.2081966155E-02    0.7828624697E-02    0.2078365290E+02
    0.5080000000E+00   -0.4523135445E-02    0.3889020168E-04    0.9999897726E+00   -0.2272513473E-02    0.1408640162E-02    0.1000000000E+01   -0.4586617584E-02    0.6289643611E-07    0.9999894815E+00   -0.2111985319E-02    0.9074563622E-03    0.9190792376E+00    0.3940660744E+00    0.2017660173E-02    0.7896975540E-02    0.2080412920E+02
    0.5085000000E+00   -0.4550068481E-02    0.1164972323E-03    0.9999896444E+00   -0.2262283734E-02    0.1456107440E-02    0.1000000000E+01   -0.4614597602E-02    0.7845807008E-04    0.9999893497E+00   -0.2121930119E-02    0.9205140522E-03    0.9243212591E+00    0.3816082546E+00    0.1952267681E-02    0.7965099555E-02    0.2082460551E+02
    0.5090000000E+00   -0.4575838371E-02    0.1950385003E-03    0.9999895146E+00   -0.2251179633E-02    0.1503689358E-02    0.1000000000E+01   -0.4641409013E-02    0.1578101000E-03    0.9999892162E+00   -0.2131891344E-02    0.9336873681E-03    0.9293944279E+00    0.3690807238E+00    0.1885784237E-02    0.8032984369E-02    0.2084508181E+02
    0.5095000000E+00   -0.4600422036E-02    0.2744998109E-03    0.9999893832E+00   -0.2239193873E-02    0.1551371659E-02    0.1000000000E+01   -0.4667028321E-02    0.2381048797E-03    0.9999890811E+00   -0.2141868700E-02    0.9469770910E-03    0.9342978171E+00    0.3564857706E+00    0.1818205494E-02    0.8100617486E-02    0.2086555810E+02
    0.5100000000E+00   -0.4623796501E-02    0.3548664876E-03    0.9999892502E+00   -0.2226319357E-02    0.1599139874E-02    0.1000000000E+01   -0.4691432128E-02    0.3193278148E-03    0.9999889442E+00   -0.2151861891E-02    0.9603840060E-03    0.9390305310E+00    0.3438256956E+00    0.1749527208E-02    0.8167986292E-02    0.2088603440E+02
    0.5105000000E+00   -0.4645938899E-02    0.4361233716E-03    0.9999891154E+00   -0.2212549193E-02    0.1646979325E-02    0.1000000000E+01   -0.4714597138E-02    0.4014638215E-03    0.9999888057E+00   -0.2161870613E-02    0.9739089022E-03    0.9435917051E+00    0.3311028116E+00    0.1679745232E-02    0.8235078049E-02    0.2090651069E+02
    0.5110000000E+00   -0.4666826486E-02    0.5182548204E-03    0.9999889790E+00   -0.2197876698E-02    0.1694875127E-02    0.1000000000E+01   -0.4736500173E-02    0.4844973256E-03    0.9999886654E+00   -0.2171894559E-02    0.9875525728E-03    0.9479805061E+00    0.3183194427E+00    0.1608855526E-02    0.8301879900E-02    0.2092698698E+02
    0.5115000000E+00   -0.4686436645E-02    0.6012447069E-03    0.9999888409E+00   -0.2182295401E-02    0.1742812189E-02    0.1000000000E+01   -0.4757118177E-02    0.5684122613E-03    0.9999885234E+00   -0.2181933419E-02    0.1001315815E-02    0.9521961323E+00    0.3054779243E+00    0.1536854151E-02    0.8368378867E-02    0.2094746326E+02
    0.5120000000E+00   -0.4704746896E-02    0.6850764188E-03    0.9999887010E+00   -0.2165799052E-02    0.1790775216E-02    0.1000000000E+01   -0.4776428228E-02    0.6531920701E-03    0.9999883795E+00   -0.2191986875E-02    0.1015199429E-02    0.9562378134E+00    0.2925806022E+00    0.1463737276E-02    0.8434561853E-02    0.2096793955E+02
    0.5125000000E+00   -0.4721734908E-02    0.7697328578E-03    0.9999885594E+00   -0.2148381624E-02    0.1838748716E-02    0.1000000000E+01   -0.4794407545E-02    0.7388197004E-03    0.9999882339E+00   -0.2202054607E-02    0.1029204222E-02    0.9601048112E+00    0.2796298323E+00    0.1389501180E-02    0.8500415637E-02    0.2098841582E+02
    0.5130000000E+00   -0.4737378504E-02    0.8551964393E-03    0.9999884161E+00   -0.2130037316E-02    0.1886716997E-02    0.1000000000E+01   -0.4811033500E-02    0.8252776068E-03    0.9999880864E+00   -0.2212136288E-02    0.1043331001E-02    0.9637964193E+00    0.2666279806E+00    0.1314142251E-02    0.8565926884E-02    0.2100889210E+02
    0.5135000000E+00   -0.4751655676E-02    0.9414490923E-03    0.9999882709E+00   -0.2110760563E-02    0.1934664173E-02    0.1000000000E+01   -0.4826283625E-02    0.9125477496E-03    0.9999879371E+00   -0.2222231587E-02    0.1057580580E-02    0.9673119632E+00    0.2535774222E+00    0.1237656988E-02    0.8631082136E-02    0.2102936837E+02
    0.5140000000E+00   -0.4764544586E-02    0.1028472259E-02    0.9999881239E+00   -0.2090546036E-02    0.1982574165E-02    0.1000000000E+01   -0.4840135623E-02    0.1000611594E-02    0.9999877859E+00   -0.2232340169E-02    0.1071953776E-02    0.9706508007E+00    0.2404805410E+00    0.1160042007E-02    0.8695867819E-02    0.2104984465E+02
    0.5145000000E+00   -0.4776023584E-02    0.1116246894E-02    0.9999879750E+00   -0.2069388650E-02    0.2030430704E-02    0.1000000000E+01   -0.4852567374E-02    0.1089450111E-02    0.9999876328E+00   -0.2242461692E-02    0.1086451410E-02    0.9738123219E+00    0.2273397297E+00    0.1081294037E-02    0.8760270237E-02    0.2107032091E+02
    0.5150000000E+00   -0.4786071212E-02    0.1204753466E-02    0.9999878243E+00   -0.2047283565E-02    0.2078217339E-02    0.1000000000E+01   -0.4863556952E-02    0.1179043777E-02    0.9999874778E+00   -0.2252595810E-02    0.1101074309E-02    0.9767959492E+00    0.2141573887E+00    0.1001409928E-02    0.8824275580E-02    0.2109079718E+02
    0.5155000000E+00   -0.4794666216E-02    0.1293971958E-02    0.9999876717E+00   -0.2024226194E-02    0.2125917430E-02    0.1000000000E+01   -0.4873082626E-02    0.1269372572E-02    0.9999873209E+00   -0.2262742172E-02    0.1115823300E-02    0.9796011374E+00    0.2009359262E+00    0.9203866477E-03    0.8887869920E-02    0.2111127344E+02
    0.5160000000E+00   -0.4801787553E-02    0.1383881866E-02    0.9999875172E+00   -0.2000212208E-02    0.2173514160E-02    0.1000000000E+01   -0.4881122876E-02    0.1360415985E-02    0.9999871619E+00   -0.2272900423E-02    0.1130699218E-02    0.9822273743E+00    0.1876777574E+00    0.8382212862E-03    0.8951039209E-02    0.2113174970E+02
    0.5165000000E+00   -0.4807414403E-02    0.1474462202E-02    0.9999873608E+00   -0.1975237538E-02    0.2220990537E-02    0.1000000000E+01   -0.4887656398E-02    0.1452153009E-02    0.9999870010E+00   -0.2283070199E-02    0.1145702901E-02    0.9846741799E+00    0.1743853044E+00    0.7549110576E-03    0.9013769287E-02    0.2115222595E+02
    0.5170000000E+00   -0.4811526180E-02    0.1565691494E-02    0.9999872024E+00   -0.1949298379E-02    0.2268329392E-02    0.1000000000E+01   -0.4892662120E-02    0.1544562145E-02    0.9999868381E+00   -0.2293251136E-02    0.1160835189E-02    0.9869411073E+00    0.1610609953E+00    0.6704533015E-03    0.9076045874E-02    0.2117270220E+02
    0.5175000000E+00   -0.4814102538E-02    0.1657547785E-02    0.9999870420E+00   -0.1922391200E-02    0.2315513389E-02    0.1000000000E+01   -0.4896119205E-02    0.1637621401E-02    0.9999866731E+00   -0.2303442860E-02    0.1176096929E-02    0.9890277423E+00    0.1477072641E+00    0.5848454854E-03    0.9137854578E-02    0.2119317845E+02
    0.5180000000E+00   -0.4815123381E-02    0.1750008638E-02    0.9999868796E+00   -0.1894512743E-02    0.2362525025E-02    0.1000000000E+01   -0.4898007065E-02    0.1731308294E-02    0.9999865060E+00   -0.2313644995E-02    0.1191488970E-02    0.9909337038E+00    0.1343265504E+00    0.4980852060E-03    0.9199180890E-02    0.2121365469E+02
    0.5185000000E+00   -0.4814568876E-02    0.1843051134E-02    0.9999867151E+00   -0.1865660030E-02    0.2409346633E-02    0.1000000000E+01   -0.4898305370E-02    0.1825599852E-02    0.9999863369E+00   -0.2323857157E-02    0.1207012167E-02    0.9926586434E+00    0.1209212985E+00    0.4101701919E-03    0.9260010188E-02    0.2123413093E+02
    0.5190000000E+00   -0.4812419462E-02    0.1936651876E-02    0.9999865486E+00   -0.1835830366E-02    0.2455960389E-02    0.1000000000E+01   -0.4896994057E-02    0.1920472614E-02    0.9999861656E+00   -0.2334078959E-02    0.1222667377E-02    0.9942022462E+00    0.1074939573E+00    0.3210983050E-03    0.9320327735E-02    0.2125460717E+02
    0.5195000000E+00   -0.4808655855E-02    0.2030786988E-02    0.9999863801E+00   -0.1805021346E-02    0.2502348314E-02    0.1000000000E+01   -0.4894053341E-02    0.2015902633E-02    0.9999859922E+00   -0.2344310006E-02    0.1238455463E-02    0.9955642300E+00    0.9404697949E-01    0.2308675427E-03    0.9380118684E-02    0.2127508340E+02
    0.5200000000E+00   -0.4803259066E-02    0.2125432120E-02    0.9999862094E+00   -0.1773230857E-02    0.2548492278E-02    0.1000000000E+01   -0.4889463725E-02    0.2111865475E-02    0.9999858165E+00   -0.2354549900E-02    0.1254377290E-02    0.9967443461E+00    0.8058282172E-01    0.1394760399E-03    0.9439368073E-02    0.2129555963E+02
    0.5205000000E+00   -0.4796210404E-02    0.2220562448E-02    0.9999860365E+00   -0.1740457083E-02    0.2594374003E-02    0.1000000000E+01   -0.4883206011E-02    0.2208336224E-02    0.9999856387E+00   -0.2364798236E-02    0.1270433730E-02    0.9977423788E+00    0.6710394353E-01    0.4692207099E-04    0.9498060831E-02    0.2131603586E+02
    0.5210000000E+00   -0.4787491489E-02    0.2316152677E-02    0.9999858615E+00   -0.1706698510E-02    0.2639975070E-02    0.1000000000E+01   -0.4875261308E-02    0.2305289483E-02    0.9999854587E+00   -0.2375054603E-02    0.1286625658E-02    0.9985581458E+00    0.5361280724E-01   -0.4679594811E-04    0.9556181773E-02    0.2133651208E+02
    0.5215000000E+00   -0.4777084262E-02    0.2412177042E-02    0.9999856843E+00   -0.1671953931E-02    0.2685276921E-02    0.1000000000E+01   -0.4865611043E-02    0.2402699376E-02    0.9999852764E+00   -0.2385318585E-02    0.1302953950E-02    0.9991914981E+00    0.4011187737E-01   -0.1416794579E-03    0.9613715606E-02    0.2135698830E+02
    0.5220000000E+00   -0.4764970996E-02    0.2508609314E-02    0.9999855049E+00   -0.1636222446E-02    0.2730260865E-02    0.1000000000E+01   -0.4854236972E-02    0.2500539551E-02    0.9999850918E+00   -0.2395589760E-02    0.1319419491E-02    0.9996423199E+00    0.2660362025E-01   -0.2377297535E-03    0.9670646927E-02    0.2137746452E+02
    0.5225000000E+00   -0.4751134301E-02    0.2605422798E-02    0.9999853232E+00   -0.1599503472E-02    0.2774908080E-02    0.1000000000E+01   -0.4841121189E-02    0.2598783181E-02    0.9999849049E+00   -0.2405867701E-02    0.1336023167E-02    0.9999105288E+00    0.1309050356E-01   -0.3349479829E-03    0.9726960225E-02    0.2139794073E+02
    0.5230000000E+00   -0.4735557140E-02    0.2702590342E-02    0.9999851393E+00   -0.1561796743E-02    0.2819199620E-02    0.1000000000E+01   -0.4826246136E-02    0.2697402970E-02    0.9999847156E+00   -0.2416151974E-02    0.1352765870E-02    0.9999960758E+00   -0.4250041626E-03   -0.4333351443E-03    0.9782639881E-02    0.2141841693E+02
    0.5235000000E+00   -0.4718222836E-02    0.2800084333E-02    0.9999849530E+00   -0.1523102316E-02    0.2863116420E-02    0.1000000000E+01   -0.4809594616E-02    0.2796371153E-02    0.9999845240E+00   -0.2426442140E-02    0.1369648495E-02    0.9998989453E+00   -0.1394043391E-01   -0.5328920845E-03    0.9837670169E-02    0.2143889314E+02
    0.5240000000E+00   -0.4699115081E-02    0.2897876708E-02    0.9999847645E+00   -0.1483420575E-02    0.2906639296E-02    0.1000000000E+01   -0.4791149800E-02    0.2895659503E-02    0.9999843300E+00   -0.2436737752E-02    0.1386671941E-02    0.9996191549E+00   -0.2745331671E-01   -0.6336194970E-03    0.9892035259E-02    0.2145936934E+02
    0.5245000000E+00   -0.4678217951E-02    0.2995938951E-02    0.9999845735E+00   -0.1442752234E-02    0.2949748958E-02    0.1000000000E+01   -0.4770895236E-02    0.2995239328E-02    0.9999841335E+00   -0.2447038361E-02    0.1403837111E-02    0.9991567558E+00   -0.4096118405E-01   -0.7355179195E-03    0.9945719211E-02    0.2147984553E+02
    0.5250000000E+00   -0.4655515910E-02    0.3094242101E-02    0.9999843802E+00   -0.1401098340E-02    0.2992426008E-02    0.1000000000E+01   -0.4748814866E-02    0.3095081482E-02    0.9999839345E+00   -0.2457343507E-02    0.1421144915E-02    0.9985118324E+00   -0.5446156832E-01   -0.8385877323E-03    0.9998705987E-02    0.2150032172E+02
    0.5255000000E+00   -0.4630993822E-02    0.3192756754E-02    0.9999841844E+00   -0.1358460281E-02    0.3034650947E-02    0.1000000000E+01   -0.4724893028E-02    0.3195156365E-02    0.9999837331E+00   -0.2467652729E-02    0.1438596263E-02    0.9976845024E+00   -0.6795200330E-01   -0.9428291560E-03    0.1005097944E-01    0.2152079791E+02
    0.5260000000E+00   -0.4604636963E-02    0.3291453067E-02    0.9999839862E+00   -0.1314839784E-02    0.3076404183E-02    0.1000000000E+01   -0.4699114471E-02    0.3295433927E-02    0.9999835291E+00   -0.2477965555E-02    0.1456192071E-02    0.9966749171E+00   -0.8143002456E-01   -0.1048242250E-02    0.1010252333E-01    0.2154127409E+02
    0.5265000000E+00   -0.4576431031E-02    0.3390300764E-02    0.9999837855E+00   -0.1270238923E-02    0.3117666033E-02    0.1000000000E+01   -0.4671464365E-02    0.3395883673E-02    0.9999833226E+00   -0.2488281510E-02    0.1473933261E-02    0.9954832607E+00   -0.9489316995E-01   -0.1154826909E-02    0.1015332129E-01    0.2156175027E+02
    0.5270000000E+00   -0.4546362151E-02    0.3489269140E-02    0.9999835823E+00   -0.1224660123E-02    0.3158416728E-02    0.1000000000E+01   -0.4641928311E-02    0.3496474667E-02    0.9999831135E+00   -0.2498600112E-02    0.1491820756E-02    0.9941097509E+00   -0.1083389800E+00   -0.1262582863E-02    0.1020335690E-01    0.2158222645E+02
    0.5275000000E+00   -0.4514416891E-02    0.3588327064E-02    0.9999833765E+00   -0.1178106159E-02    0.3198636421E-02    0.1000000000E+01   -0.4610492347E-02    0.3597175537E-02    0.9999829018E+00   -0.2508920872E-02    0.1509855486E-02    0.9925546387E+00   -0.1217649986E+00   -0.1371509675E-02    0.1025261359E-01    0.2160270262E+02
    0.5280000000E+00   -0.4480582270E-02    0.3687442985E-02    0.9999831682E+00   -0.1130580164E-02    0.3238305192E-02    0.1000000000E+01   -0.4577142966E-02    0.3697954480E-02    0.9999826874E+00   -0.2519243295E-02    0.1528038382E-02    0.9908182080E+00   -0.1351687729E+00   -0.1481606736E-02    0.1030107473E-01    0.2162317878E+02
    0.5285000000E+00   -0.4444845765E-02    0.3786584939E-02    0.9999829572E+00   -0.1082085631E-02    0.3277403052E-02    0.1000000000E+01   -0.4541867120E-02    0.3798779268E-02    0.9999824703E+00   -0.2529566879E-02    0.1546370383E-02    0.9889007761E+00   -0.1485478543E+00   -0.1592873268E-02    0.1034872356E-01    0.2164365494E+02
    0.5290000000E+00   -0.4407195326E-02    0.3885720552E-02    0.9999827436E+00   -0.1032626416E-02    0.3315909950E-02    0.1000000000E+01   -0.4504652231E-02    0.3899617249E-02    0.9999822505E+00   -0.2539891117E-02    0.1564852429E-02    0.9868026932E+00   -0.1618997989E+00   -0.1705308317E-02    0.1039554326E-01    0.2166413110E+02
    0.5295000000E+00   -0.4367619381E-02    0.3984817046E-02    0.9999825273E+00   -0.9822067403E-03    0.3353805779E-02    0.1000000000E+01   -0.4465486204E-02    0.4000435359E-02    0.9999820279E+00   -0.2550215494E-02    0.1583485466E-02    0.9845243425E+00   -0.1752221675E+00   -0.1818910754E-02    0.1044151689E-01    0.2168460725E+02
    0.5300000000E+00   -0.4326106851E-02    0.4083841245E-02    0.9999823084E+00   -0.9308311974E-03    0.3391070381E-02    0.1000000000E+01   -0.4424357434E-02    0.4101200123E-02    0.9999818025E+00   -0.2560539490E-02    0.1602270444E-02    0.9820661402E+00   -0.1885125263E+00   -0.1933679271E-02    0.1048662743E-01    0.2170508340E+02
    0.5305000000E+00   -0.4282647154E-02    0.4182759582E-02    0.9999820866E+00   -0.8785047516E-03    0.3427683554E-02    0.1000000000E+01   -0.4381254818E-02    0.4201877663E-02    0.9999815743E+00   -0.2570862575E-02    0.1621208316E-02    0.9794285354E+00   -0.2017684475E+00   -0.2049612382E-02    0.1053085774E-01    0.2172555954E+02
    0.5310000000E+00   -0.4237230218E-02    0.4281538102E-02    0.9999818621E+00   -0.8252327439E-03    0.3463625057E-02    0.1000000000E+01   -0.4336167764E-02    0.4302433700E-02    0.9999813432E+00   -0.2581184216E-02    0.1640300041E-02    0.9766120098E+00   -0.2149875095E+00   -0.2166708418E-02    0.1057419063E-01    0.2174603568E+02
    0.5315000000E+00   -0.4189846493E-02    0.4380142473E-02    0.9999816348E+00   -0.7710208938E-03    0.3498874619E-02    0.1000000000E+01   -0.4289086201E-02    0.4402833567E-02    0.9999811093E+00   -0.2591503871E-02    0.1659546580E-02    0.9736170779E+00   -0.2281672974E+00   -0.2284965525E-02    0.1061660880E-01    0.2176651182E+02
    0.5320000000E+00   -0.4140486955E-02    0.4478537988E-02    0.9999814046E+00   -0.7158753027E-03    0.3533411939E-02    0.1000000000E+01   -0.4240000590E-02    0.4503042212E-02    0.9999808724E+00   -0.2601820992E-02    0.1678948900E-02    0.9704442868E+00   -0.2413054036E+00   -0.2404381664E-02    0.1065809485E-01    0.2178698794E+02
    0.5325000000E+00   -0.4089143119E-02    0.4576689575E-02    0.9999811716E+00   -0.6598024563E-03    0.3567216700E-02    0.1000000000E+01   -0.4188901930E-02    0.4603024203E-02    0.9999806325E+00   -0.2612135024E-02    0.1698507972E-02    0.9670942161E+00   -0.2543994279E+00   -0.2524954608E-02    0.1069863131E-01    0.2180746407E+02
    0.5330000000E+00   -0.4035807050E-02    0.4674561803E-02    0.9999809356E+00   -0.6028092276E-03    0.3600268571E-02    0.1000000000E+01   -0.4135781775E-02    0.4702743736E-02    0.9999803896E+00   -0.2622445405E-02    0.1718224770E-02    0.9635674778E+00   -0.2674469784E+00   -0.2646681939E-02    0.1073820062E-01    0.2182794019E+02
    0.5335000000E+00   -0.3980471369E-02    0.4772118888E-02    0.9999806967E+00   -0.5449028790E-03    0.3632547215E-02    0.1000000000E+01   -0.4080632236E-02    0.4802164647E-02    0.9999801437E+00   -0.2632751566E-02    0.1738100274E-02    0.9598647159E+00   -0.2804456716E+00   -0.2769561047E-02    0.1077678514E-01    0.2184841630E+02
    0.5340000000E+00   -0.3923129264E-02    0.4869324703E-02    0.9999804547E+00   -0.4860910655E-03    0.3664032294E-02    0.1000000000E+01   -0.4023445995E-02    0.4901250412E-02    0.9999798947E+00   -0.2643052930E-02    0.1758135467E-02    0.9559866071E+00   -0.2933931328E+00   -0.2893589128E-02    0.1081436713E-01    0.2186889241E+02
    0.5345000000E+00   -0.3863774502E-02    0.4966142782E-02    0.9999802098E+00   -0.4263818364E-03    0.3694703476E-02    0.1000000000E+01   -0.3964216316E-02    0.4999964157E-02    0.9999796425E+00   -0.2653348915E-02    0.1778331337E-02    0.9519338595E+00   -0.3062869968E+00   -0.3018763181E-02    0.1085092879E-01    0.2188936851E+02
    0.5350000000E+00   -0.3802401432E-02    0.5062536331E-02    0.9999799617E+00   -0.3657836380E-03    0.3724540447E-02    0.1000000000E+01   -0.3902937050E-02    0.5098268669E-02    0.9999793872E+00   -0.2663638929E-02    0.1798688874E-02    0.9477072136E+00   -0.3191249081E+00   -0.3145080008E-02    0.1088645222E-01    0.2190984461E+02
    0.5355000000E+00   -0.3739005001E-02    0.5158468235E-02    0.9999797106E+00   -0.3043053157E-03    0.3753522908E-02    0.1000000000E+01   -0.3839602647E-02    0.5196126402E-02    0.9999791287E+00   -0.2673922376E-02    0.1819209076E-02    0.9433074415E+00   -0.3319045215E+00   -0.3272536208E-02    0.1092091946E-01    0.2193032070E+02
    0.5360000000E+00   -0.3673580758E-02    0.5253901066E-02    0.9999794563E+00   -0.2419561161E-03    0.3781630590E-02    0.1000000000E+01   -0.3774208166E-02    0.5293499481E-02    0.9999788669E+00   -0.2684198649E-02    0.1839892941E-02    0.9387353468E+00   -0.3446235025E+00   -0.3401128181E-02    0.1095431246E-01    0.2195079679E+02
    0.5365000000E+00   -0.3606124865E-02    0.5348797090E-02    0.9999791988E+00   -0.1787456888E-03    0.3808843260E-02    0.1000000000E+01   -0.3706749283E-02    0.5390349717E-02    0.9999786019E+00   -0.2694467136E-02    0.1860741475E-02    0.9339917648E+00   -0.3572795274E+00   -0.3530852120E-02    0.1098661310E-01    0.2197127287E+02
    0.5370000000E+00   -0.3536634109E-02    0.5443118278E-02    0.9999789381E+00   -0.1146840884E-03    0.3835140724E-02    0.1000000000E+01   -0.3637222300E-02    0.5486638614E-02    0.9999783335E+00   -0.2704727218E-02    0.1881755685E-02    0.9290775620E+00   -0.3698702843E+00   -0.3661704013E-02    0.1101780319E-01    0.2199174895E+02
    0.5375000000E+00   -0.3465105903E-02    0.5536826316E-02    0.9999786742E+00   -0.4978177651E-04    0.3860502838E-02    0.1000000000E+01   -0.3565624155E-02    0.5582327372E-02    0.9999780618E+00   -0.2714978266E-02    0.1902936586E-02    0.9239936360E+00   -0.3823934731E+00   -0.3793679638E-02    0.1104786445E-01    0.2201222502E+02
    0.5380000000E+00   -0.3391538306E-02    0.5629882607E-02    0.9999784069E+00    0.1595037708E-04    0.3884909514E-02    0.1000000000E+01   -0.3491952434E-02    0.5677376907E-02    0.9999777866E+00   -0.2725219645E-02    0.1924285193E-02    0.9187409156E+00   -0.3948468061E+00   -0.3926774563E-02    0.1107677855E-01    0.2203270108E+02
    0.5385000000E+00   -0.3315930019E-02    0.5722248291E-02    0.9999781363E+00    0.8250109256E-04    0.3908340726E-02    0.1000000000E+01   -0.3416205372E-02    0.5771747848E-02    0.9999775080E+00   -0.2735450714E-02    0.1945802527E-02    0.9133203603E+00   -0.4072280082E+00   -0.4060984144E-02    0.1110452709E-01    0.2205317714E+02
    0.5390000000E+00   -0.3238280403E-02    0.5813884245E-02    0.9999778623E+00    0.1498586787E-03    0.3930776522E-02    0.1000000000E+01   -0.3338381870E-02    0.5865400557E-02    0.9999772259E+00   -0.2745670821E-02    0.1967489613E-02    0.9077329602E+00   -0.4195348176E+00   -0.4196303522E-02    0.1113109158E-01    0.2207365320E+02
    0.5395000000E+00   -0.3158589486E-02    0.5904751097E-02    0.9999775848E+00    0.2180110317E-03    0.3952197025E-02    0.1000000000E+01   -0.3258481499E-02    0.5958295131E-02    0.9999769403E+00   -0.2755879309E-02    0.1989347482E-02    0.9019797361E+00   -0.4317649861E+00   -0.4332727621E-02    0.1115645350E-01    0.2209412924E+02
    0.5400000000E+00   -0.3076857966E-02    0.5994809236E-02    0.9999773039E+00    0.2869456339E-03    0.3972582445E-02    0.1000000000E+01   -0.3176504510E-02    0.6050391417E-02    0.9999766511E+00   -0.2766075510E-02    0.2011377167E-02    0.8960617389E+00   -0.4439162796E+00   -0.4470251146E-02    0.1118059423E-01    0.2211460528E+02
    0.5405000000E+00   -0.2993087225E-02    0.6084018820E-02    0.9999770194E+00    0.3566495525E-03    0.3991913085E-02    0.1000000000E+01   -0.3092451842E-02    0.6141649018E-02    0.9999763582E+00   -0.2776258752E-02    0.2033579706E-02    0.8899800496E+00   -0.4559864781E+00   -0.4608868584E-02    0.1120349511E-01    0.2213508132E+02
    0.5410000000E+00   -0.2907279334E-02    0.6172339788E-02    0.9999767314E+00    0.4271094391E-03    0.4010169350E-02    0.1000000000E+01   -0.3006325133E-02    0.6232027307E-02    0.9999760617E+00   -0.2786428352E-02    0.2055956140E-02    0.8837357793E+00   -0.4679733766E+00   -0.4748574196E-02    0.1122513742E-01    0.2215555735E+02
    0.5415000000E+00   -0.2819437064E-02    0.6259731870E-02    0.9999764398E+00    0.4983115287E-03    0.4027331752E-02    0.1000000000E+01   -0.2918126723E-02    0.6321485435E-02    0.9999757614E+00   -0.2796583621E-02    0.2078507516E-02    0.8773300686E+00   -0.4798747855E+00   -0.4889362021E-02    0.1124550237E-01    0.2217603337E+02
    0.5420000000E+00   -0.2729563889E-02    0.6346154598E-02    0.9999761445E+00    0.5702416387E-03    0.4043380922E-02    0.1000000000E+01   -0.2827859668E-02    0.6409982344E-02    0.9999754574E+00   -0.2806723860E-02    0.2101234885E-02    0.8707640876E+00   -0.4916885304E+00   -0.5031225870E-02    0.1126457113E-01    0.2219650939E+02
    0.5425000000E+00   -0.2637663997E-02    0.6431567317E-02    0.9999758455E+00    0.6428851689E-03    0.4058297613E-02    0.1000000000E+01   -0.2735527744E-02    0.6497476776E-02    0.9999751496E+00   -0.2816848363E-02    0.2124139300E-02    0.8640390357E+00   -0.5034124533E+00   -0.5174159326E-02    0.1128232480E-01    0.2221698540E+02
    0.5430000000E+00   -0.2543742300E-02    0.6515929193E-02    0.9999755428E+00    0.7162271005E-03    0.4072062712E-02    0.1000000000E+01   -0.2641135454E-02    0.6583927282E-02    0.9999748379E+00   -0.2826956416E-02    0.2147221821E-02    0.8571561416E+00   -0.5150444124E+00   -0.5318155741E-02    0.1129874443E-01    0.2223746141E+02
    0.5435000000E+00   -0.2447804435E-02    0.6599199230E-02    0.9999752363E+00    0.7902519964E-03    0.4084657246E-02    0.1000000000E+01   -0.2544688042E-02    0.6669292240E-02    0.9999745223E+00   -0.2837047296E-02    0.2170483510E-02    0.8501166625E+00   -0.5265822826E+00   -0.5463208236E-02    0.1131381104E-01    0.2225793740E+02
    0.5440000000E+00   -0.2349856775E-02    0.6681336276E-02    0.9999749259E+00    0.8649440005E-03    0.4096062389E-02    0.1000000000E+01   -0.2446191493E-02    0.6753529860E-02    0.9999742027E+00   -0.2847120272E-02    0.2193925434E-02    0.8429218843E+00   -0.5380239564E+00   -0.5609309695E-02    0.1132750556E-01    0.2227841340E+02
    0.5445000000E+00   -0.2249906438E-02    0.6762299037E-02    0.9999746117E+00    0.9402868381E-03    0.4106259472E-02    0.1000000000E+01   -0.2345652544E-02    0.6836598198E-02    0.9999738791E+00   -0.2857174604E-02    0.2217548665E-02    0.8355731213E+00   -0.5493673434E+00   -0.5756452769E-02    0.1133980893E-01    0.2229888938E+02
    0.5450000000E+00   -0.2147961291E-02    0.6842046090E-02    0.9999742935E+00    0.1016263816E-02    0.4115229992E-02    0.1000000000E+01   -0.2243078692E-02    0.6918455171E-02    0.9999735515E+00   -0.2867209545E-02    0.2241354278E-02    0.8280717160E+00   -0.5606103714E+00   -0.5904629869E-02    0.1135070199E-01    0.2231936536E+02
    0.5455000000E+00   -0.2044029956E-02    0.6920535894E-02    0.9999739713E+00    0.1092857821E-02    0.4122955616E-02    0.1000000000E+01   -0.2138478200E-02    0.6999058562E-02    0.9999732198E+00   -0.2877224337E-02    0.2265343353E-02    0.8204190388E+00   -0.5717509865E+00   -0.6053833165E-02    0.1136016558E-01    0.2233984133E+02
    0.5460000000E+00   -0.1938121821E-02    0.6997726799E-02    0.9999736451E+00    0.1170051325E-02    0.4129418194E-02    0.1000000000E+01   -0.2031860103E-02    0.7078366040E-02    0.9999728838E+00   -0.2887218216E-02    0.2289516973E-02    0.8126164875E+00   -0.5827871535E+00   -0.6204054587E-02    0.1136818047E-01    0.2236031730E+02
    0.5465000000E+00   -0.1830247040E-02    0.7073577065E-02    0.9999733148E+00    0.1247826380E-02    0.4134599765E-02    0.1000000000E+01   -0.1923234217E-02    0.7156335167E-02    0.9999725437E+00   -0.2897190408E-02    0.2313876225E-02    0.8046654875E+00   -0.5937168564E+00   -0.6355285818E-02    0.1137472742E-01    0.2238079325E+02
    0.5470000000E+00   -0.1720416548E-02    0.7148044869E-02    0.9999729803E+00    0.1326164622E-02    0.4138482563E-02    0.1000000000E+01   -0.1812611142E-02    0.7232923416E-02    0.9999721993E+00   -0.2907140130E-02    0.2338422202E-02    0.7965674912E+00   -0.6045380983E+00   -0.6507518298E-02    0.1137978714E-01    0.2240126920E+02
    0.5475000000E+00   -0.1608642057E-02    0.7221088321E-02    0.9999726417E+00    0.1405047271E-02    0.4141049031E-02    0.1000000000E+01   -0.1700002274E-02    0.7308088177E-02    0.9999718506E+00   -0.2917066590E-02    0.2363156000E-02    0.7883239780E+00   -0.6152489024E+00   -0.6660743217E-02    0.1138334029E-01    0.2242174515E+02
    0.5480000000E+00   -0.1494936071E-02    0.7292665474E-02    0.9999722988E+00    0.1484455132E-02    0.4142281824E-02    0.1000000000E+01   -0.1585419805E-02    0.7381786775E-02    0.9999714975E+00   -0.2926968989E-02    0.2388078719E-02    0.7799364538E+00   -0.6258473121E+00   -0.6814951518E-02    0.1138536754E-01    0.2244222108E+02
    0.5485000000E+00   -0.1379311886E-02    0.7362734341E-02    0.9999719516E+00    0.1564368597E-02    0.4142163820E-02    0.1000000000E+01   -0.1468876733E-02    0.7453976484E-02    0.9999711400E+00   -0.2936846516E-02    0.2413191462E-02    0.7714064507E+00   -0.6363313911E+00   -0.6970133890E-02    0.1138584949E-01    0.2246269701E+02
    0.5490000000E+00   -0.1261783597E-02    0.7431252905E-02    0.9999716001E+00    0.1644767643E-02    0.4140678128E-02    0.1000000000E+01   -0.1350386868E-02    0.7524614535E-02    0.9999707780E+00   -0.2946698353E-02    0.2438495338E-02    0.7627355270E+00   -0.6466992242E+00   -0.7126280769E-02    0.1138476674E-01    0.2248317293E+02
    0.5495000000E+00   -0.1142366106E-02    0.7498179133E-02    0.9999712442E+00    0.1725631839E-02    0.4137808097E-02    0.1000000000E+01   -0.1229964834E-02    0.7593658137E-02    0.9999704114E+00   -0.2956523673E-02    0.2463991460E-02    0.7539252666E+00   -0.6569489174E+00   -0.7283382338E-02    0.1138209986E-01    0.2250364885E+02
    0.5500000000E+00   -0.1021075123E-02    0.7563470991E-02    0.9999708838E+00    0.1806940342E-02    0.4133537323E-02    0.1000000000E+01   -0.1107626079E-02    0.7661064484E-02    0.9999700402E+00   -0.2966321638E-02    0.2489680945E-02    0.7449772790E+00   -0.6670785982E+00   -0.7441428521E-02    0.1137782939E-01    0.2252412475E+02
    0.5505000000E+00   -0.8979271724E-03    0.7627086459E-02    0.9999705188E+00    0.1888671904E-02    0.4127849659E-02    0.1000000000E+01   -0.9833868773E-03    0.7726790774E-02    0.9999696644E+00   -0.2976091403E-02    0.2515564911E-02    0.7358931988E+00   -0.6770864161E+00   -0.7600408982E-02    0.1137193587E-01    0.2254460065E+02
    0.5510000000E+00   -0.7729396007E-03    0.7688983541E-02    0.9999701494E+00    0.1970804868E-02    0.4120729222E-02    0.1000000000E+01   -0.8572643351E-03    0.7790794221E-02    0.9999692839E+00   -0.2985832112E-02    0.2541644485E-02    0.7266746854E+00   -0.6869705427E+00   -0.7760313128E-02    0.1136439980E-01    0.2256507654E+02
    0.5515000000E+00   -0.6461305767E-03    0.7749120282E-02    0.9999697752E+00    0.2053317175E-02    0.4112160404E-02    0.1000000000E+01   -0.7292763963E-03    0.7853032067E-02    0.9999688986E+00   -0.2995542901E-02    0.2567920794E-02    0.7173234228E+00   -0.6967291724E+00   -0.7921130101E-02    0.1135520169E-01    0.2258555242E+02
    0.5520000000E+00   -0.5175190986E-03    0.7807454782E-02    0.9999693964E+00    0.2136186364E-02    0.4102127879E-02    0.1000000000E+01   -0.5994418459E-03    0.7913461604E-02    0.9999685085E+00   -0.3005222895E-02    0.2594394971E-02    0.7078411193E+00   -0.7063605224E+00   -0.8082848779E-02    0.1134432202E-01    0.2260602830E+02
    0.5525000000E+00   -0.3871249970E-03    0.7863945210E-02    0.9999690129E+00    0.2219389574E-02    0.4090616610E-02    0.1000000000E+01   -0.4677803152E-03    0.7972040178E-02    0.9999681134E+00   -0.3014871210E-02    0.2621068153E-02    0.6982295071E+00   -0.7158628332E+00   -0.8245457774E-02    0.1133174127E-01    0.2262650417E+02
    0.5530000000E+00   -0.2549689393E-03    0.7918549820E-02    0.9999686245E+00    0.2302903550E-02    0.4077611860E-02    0.1000000000E+01   -0.3343122856E-03    0.8028725215E-02    0.9999677134E+00   -0.3024486952E-02    0.2647941482E-02    0.6884903420E+00   -0.7252343689E+00   -0.8408945433E-02    0.1131743991E-01    0.2264698002E+02
    0.5535000000E+00   -0.1210724331E-03    0.7971226962E-02    0.9999682313E+00    0.2386704639E-02    0.4063099202E-02    0.1000000000E+01   -0.1990590927E-03    0.8083474227E-02    0.9999673084E+00   -0.3034069219E-02    0.2675016100E-02    0.6786254032E+00   -0.7344734174E+00   -0.8573299830E-02    0.1130139841E-01    0.2266745587E+02
    0.5540000000E+00    0.1454217026E-04    0.8021935104E-02    0.9999678331E+00    0.2470768799E-02    0.4047064522E-02    0.1000000000E+01   -0.6204292991E-04    0.8136244831E-02    0.9999668984E+00   -0.3043617097E-02    0.2702293158E-02    0.6686364927E+00   -0.7435782908E+00   -0.8738508771E-02    0.1128359724E-01    0.2268793172E+02
    0.5545000000E+00    0.1518516725E-03    0.8070632838E-02    0.9999674300E+00    0.2555071601E-02    0.4029494034E-02    0.1000000000E+01    0.7671314822E-04    0.8186994767E-02    0.9999664831E+00   -0.3053129664E-02    0.2729773808E-02    0.6585254353E+00   -0.7525473259E+00   -0.8904559788E-02    0.1126401687E-01    0.2270840755E+02
    0.5550000000E+00    0.2908320256E-03    0.8117278905E-02    0.9999670218E+00    0.2639588229E-02    0.4010374284E-02    0.1000000000E+01    0.2171852225E-03    0.8235681907E-02    0.9999660627E+00   -0.3062605986E-02    0.2757459206E-02    0.6482940781E+00   -0.7613788841E+00   -0.9071440137E-02    0.1124263778E-01    0.2272888337E+02
    0.5555000000E+00    0.4314583287E-03    0.8161832203E-02    0.9999666085E+00    0.2724293487E-02    0.3989692162E-02    0.1000000000E+01    0.3593485064E-03    0.8282264278E-02    0.9999656370E+00   -0.3072045120E-02    0.2785350514E-02    0.6379442901E+00   -0.7700713519E+00   -0.9239136800E-02    0.1121944044E-01    0.2274935919E+02
    0.5560000000E+00    0.5737048262E-03    0.8204251804E-02    0.9999661900E+00    0.2809161799E-02    0.3967434907E-02    0.1000000000E+01    0.5031773430E-03    0.8326700072E-02    0.9999652059E+00   -0.3081446115E-02    0.2813448895E-02    0.6274779620E+00   -0.7786231414E+00   -0.9407636480E-02    0.1119440536E-01    0.2276983500E+02
    0.5565000000E+00    0.7175449047E-03    0.8244496974E-02    0.9999657663E+00    0.2894167218E-02    0.3943590120E-02    0.1000000000E+01    0.6486452027E-03    0.8368947663E-02    0.9999647694E+00   -0.3090808006E-02    0.2841755519E-02    0.6168970058E+00   -0.7870326903E+00   -0.9576925601E-02    0.1116751303E-01    0.2279031079E+02
    0.5570000000E+00    0.8629510921E-03    0.8282527183E-02    0.9999653372E+00    0.2979283423E-02    0.3918145769E-02    0.1000000000E+01    0.7957246812E-03    0.8408965627E-02    0.9999643275E+00   -0.3100129820E-02    0.2870271557E-02    0.6062033543E+00   -0.7952984622E+00   -0.9746990308E-02    0.1113874399E-01    0.2281078658E+02
    0.5575000000E+00    0.1009895055E-02    0.8318302125E-02    0.9999649028E+00    0.3064483728E-02    0.3891090198E-02    0.1000000000E+01    0.9443874970E-03    0.8446712753E-02    0.9999638800E+00   -0.3109410574E-02    0.2898998186E-02    0.5953989611E+00   -0.8034189470E+00   -0.9917816461E-02    0.1110807877E-01    0.2283126236E+02
    0.5580000000E+00    0.1158347597E-02    0.8351781732E-02    0.9999644629E+00    0.3149741085E-02    0.3862412138E-02    0.1000000000E+01    0.1094604490E-02    0.8482148063E-02    0.9999634269E+00   -0.3118649274E-02    0.2927936587E-02    0.5844858000E+00   -0.8113926613E+00   -0.1008938964E-01    0.1107549794E-01    0.2285173813E+02
    0.5585000000E+00    0.1308278659E-02    0.8382926191E-02    0.9999640175E+00    0.3235028089E-02    0.3832100712E-02    0.1000000000E+01    0.1246345621E-02    0.8515230824E-02    0.9999629681E+00   -0.3127844914E-02    0.2957087944E-02    0.5734658644E+00   -0.8192181483E+00   -0.1026169513E-01    0.1104098209E-01    0.2287221389E+02
    0.5590000000E+00    0.1459657318E-02    0.8411695961E-02    0.9999635666E+00    0.3320316979E-02    0.3800145448E-02    0.1000000000E+01    0.1399579969E-02    0.8545920573E-02    0.9999625036E+00   -0.3136996480E-02    0.2986453444E-02    0.5623411676E+00   -0.8268939784E+00   -0.1043471794E-01    0.1100451183E-01    0.2289268965E+02
    0.5595000000E+00    0.1612451784E-02    0.8438051788E-02    0.9999631099E+00    0.3405579649E-02    0.3766536282E-02    0.1000000000E+01    0.1554275731E-02    0.8574177125E-02    0.9999620332E+00   -0.3146102947E-02    0.3016034280E-02    0.5511137418E+00   -0.8344187493E+00   -0.1060844278E-01    0.1096606782E-01    0.2291316539E+02
    0.5600000000E+00    0.1766629402E-02    0.8461954722E-02    0.9999626476E+00    0.3490787647E-02    0.3731263572E-02    0.1000000000E+01    0.1710400221E-02    0.8599960593E-02    0.9999615569E+00   -0.3155163276E-02    0.3045831646E-02    0.5397856379E+00   -0.8417910863E+00   -0.1078285409E-01    0.1092563073E-01    0.2293364112E+02
    0.5605000000E+00    0.1922156653E-02    0.8483366136E-02    0.9999621795E+00    0.3575912182E-02    0.3694318102E-02    0.1000000000E+01    0.1867919872E-02    0.8623231406E-02    0.9999610747E+00   -0.3164176422E-02    0.3075846744E-02    0.5283589255E+00   -0.8490096425E+00   -0.1095793599E-01    0.1088318130E-01    0.2295411684E+02
    0.5610000000E+00    0.2078999151E-02    0.8502247737E-02    0.9999617055E+00    0.3660924132E-02    0.3655691094E-02    0.1000000000E+01    0.2026800232E-02    0.8643950326E-02    0.9999605864E+00   -0.3173141327E-02    0.3106080775E-02    0.5168356920E+00   -0.8560730991E+00   -0.1113367232E-01    0.1083870028E-01    0.2297459255E+02
    0.5615000000E+00    0.2237121645E-02    0.8518561590E-02    0.9999612255E+00    0.3745794045E-02    0.3615374212E-02    0.1000000000E+01    0.2187005967E-02    0.8662078464E-02    0.9999600920E+00   -0.3182056920E-02    0.3136534947E-02    0.5052180423E+00   -0.8629801657E+00   -0.1131004664E-01    0.1079216847E-01    0.2299506826E+02
    0.5620000000E+00    0.2396488020E-02    0.8532270129E-02    0.9999607396E+00    0.3830492148E-02    0.3573359577E-02    0.1000000000E+01    0.2348500861E-02    0.8677577296E-02    0.9999595913E+00   -0.3190922121E-02    0.3167210472E-02    0.4935080988E+00   -0.8697295805E+00   -0.1148704219E-01    0.1074356673E-01    0.2301554395E+02
    0.5625000000E+00    0.2557061300E-02    0.8543336178E-02    0.9999602475E+00    0.3914988350E-02    0.3529639766E-02    0.1000000000E+01    0.2511247818E-02    0.8690408685E-02    0.9999590844E+00   -0.3199735840E-02    0.3198108564E-02    0.4817080008E+00   -0.8763201103E+00   -0.1166464192E-01    0.1069287597E-01    0.2303601963E+02
    0.5630000000E+00    0.2718803645E-02    0.8551722966E-02    0.9999597493E+00    0.3999252251E-02    0.3484207830E-02    0.1000000000E+01    0.2675208862E-02    0.8700534892E-02    0.9999585712E+00   -0.3208496974E-02    0.3229230441E-02    0.4698199038E+00   -0.8827505512E+00   -0.1184282850E-01    0.1064007714E-01    0.2305649530E+02
    0.5635000000E+00    0.2881676356E-02    0.8557394146E-02    0.9999592448E+00    0.4083253146E-02    0.3437057296E-02    0.1000000000E+01    0.2840345135E-02    0.8707918600E-02    0.9999580515E+00   -0.3217204408E-02    0.3260577326E-02    0.4578459795E+00   -0.8890197283E+00   -0.1202158428E-01    0.1058515125E-01    0.2307697096E+02
    0.5640000000E+00    0.3045639875E-02    0.8560313811E-02    0.9999587341E+00    0.4166960033E-02    0.3388182176E-02    0.1000000000E+01    0.3006616908E-02    0.8712522929E-02    0.9999575253E+00   -0.3225857018E-02    0.3292150443E-02    0.4457884155E+00   -0.8951264962E+00   -0.1220089132E-01    0.1052807938E-01    0.2309744661E+02
    0.5645000000E+00    0.3210653791E-02    0.8560446510E-02    0.9999582169E+00    0.4250341616E-02    0.3337576976E-02    0.1000000000E+01    0.3173983573E-02    0.8714311450E-02    0.9999569924E+00   -0.3234453668E-02    0.3323951023E-02    0.4336494143E+00   -0.9010697394E+00   -0.1238073136E-01    0.1046884267E-01    0.2311792225E+02
    0.5650000000E+00    0.3376676836E-02    0.8557757269E-02    0.9999576932E+00    0.4333366316E-02    0.3285236706E-02    0.1000000000E+01    0.3342403651E-02    0.8713248208E-02    0.9999564529E+00   -0.3242993209E-02    0.3355980299E-02    0.4214311935E+00   -0.9068483719E+00   -0.1256108585E-01    0.1040742232E-01    0.2313839788E+02
    0.5655000000E+00    0.3543666895E-02    0.8552211604E-02    0.9999571630E+00    0.4416002275E-02    0.3231156882E-02    0.1000000000E+01    0.3511834796E-02    0.8709297739E-02    0.9999559067E+00   -0.3251474480E-02    0.3388239508E-02    0.4091359851E+00   -0.9124613380E+00   -0.1274193595E-01    0.1034379961E-01    0.2315887349E+02
    0.5660000000E+00    0.3711581006E-02    0.8543775544E-02    0.9999566261E+00    0.4498217364E-02    0.3175333541E-02    0.1000000000E+01    0.3682233792E-02    0.8702425085E-02    0.9999553535E+00   -0.3259896311E-02    0.3420729890E-02    0.3967660353E+00   -0.9179076124E+00   -0.1292326248E-01    0.1027795590E-01    0.2317934910E+02
    0.5665000000E+00    0.3880375360E-02    0.8532415645E-02    0.9999560825E+00    0.4579979192E-02    0.3117763243E-02    0.1000000000E+01    0.3853556562E-02    0.8692595815E-02    0.9999547935E+00   -0.3268257519E-02    0.3453452689E-02    0.3843236039E+00   -0.9231861999E+00   -0.1310504599E-01    0.1020987260E-01    0.2319982469E+02
    0.5670000000E+00    0.4050005314E-02    0.8518099005E-02    0.9999555321E+00    0.4661255108E-02    0.3058443083E-02    0.1000000000E+01    0.4025758171E-02    0.8679776041E-02    0.9999542264E+00   -0.3276556907E-02    0.3486409154E-02    0.3718109637E+00   -0.9282961361E+00   -0.1328726669E-01    0.1013953123E-01    0.2322030027E+02
    0.5675000000E+00    0.4220425385E-02    0.8500793290E-02    0.9999549748E+00    0.4742012215E-02    0.2997370696E-02    0.1000000000E+01    0.4198792826E-02    0.8663932437E-02    0.9999536522E+00   -0.3284793269E-02    0.3519600534E-02    0.3592304008E+00   -0.9332364876E+00   -0.1346990449E-01    0.1006691339E-01    0.2324077584E+02
    0.5680000000E+00    0.4391589263E-02    0.8480466743E-02    0.9999544105E+00    0.4822217373E-02    0.2934544264E-02    0.1000000000E+01    0.4372613885E-02    0.8645032258E-02    0.9999530708E+00   -0.3292965386E-02    0.3553028086E-02    0.3465842132E+00   -0.9380063515E+00   -0.1365293901E-01    0.9992000755E-02    0.2326125140E+02
    0.5685000000E+00    0.4563449808E-02    0.8457088207E-02    0.9999538392E+00    0.4901837211E-02    0.2869962528E-02    0.1000000000E+01    0.4547173861E-02    0.8623043354E-02    0.9999524821E+00   -0.3301072026E-02    0.3586693066E-02    0.3338747113E+00   -0.9426048566E+00   -0.1383634954E-01    0.9914775108E-02    0.2328172695E+02
    0.5690000000E+00    0.4735959064E-02    0.8430627142E-02    0.9999532606E+00    0.4980838130E-02    0.2803624789E-02    0.1000000000E+01    0.4722424424E-02    0.8597934195E-02    0.9999518860E+00   -0.3309111945E-02    0.3620596737E-02    0.3211042168E+00   -0.9470311626E+00   -0.1402011505E-01    0.9835218321E-02    0.2330220248E+02
    0.5695000000E+00    0.4909068256E-02    0.8401053639E-02    0.9999526748E+00    0.5059186316E-02    0.2735530921E-02    0.1000000000E+01    0.4898316409E-02    0.8569673883E-02    0.9999512825E+00   -0.3317083888E-02    0.3654740364E-02    0.3082750627E+00   -0.9512844609E+00   -0.1420421421E-01    0.9753312364E-02    0.2332267800E+02
    0.5700000000E+00    0.5082727801E-02    0.8368338445E-02    0.9999520817E+00    0.5136847745E-02    0.2665681373E-02    0.1000000000E+01    0.5074799822E-02    0.8538232173E-02    0.9999506713E+00   -0.3324986586E-02    0.3689125217E-02    0.2953895926E+00   -0.9553639743E+00   -0.1438862538E-01    0.9669039316E-02    0.2334315351E+02
    0.5705000000E+00    0.5256887314E-02    0.8332452973E-02    0.9999514812E+00    0.5213788194E-02    0.2594077180E-02    0.1000000000E+01    0.5251823845E-02    0.8503579492E-02    0.9999500526E+00   -0.3332818758E-02    0.3723752566E-02    0.2824501606E+00   -0.9592689575E+00   -0.1457332659E-01    0.9582381358E-02    0.2336362901E+02
    0.5710000000E+00    0.5431495611E-02    0.8293369326E-02    0.9999508731E+00    0.5289973250E-02    0.2520719971E-02    0.1000000000E+01    0.5429336841E-02    0.8465686953E-02    0.9999494260E+00   -0.3340579111E-02    0.3758623688E-02    0.2694591304E+00   -0.9629986969E+00   -0.1475829557E-01    0.9493320787E-02    0.2338410449E+02
    0.5715000000E+00    0.5606500722E-02    0.8251060311E-02    0.9999502574E+00    0.5365368315E-02    0.2445611969E-02    0.1000000000E+01    0.5607286366E-02    0.8424526379E-02    0.9999487916E+00   -0.3348266338E-02    0.3793739862E-02    0.2564188752E+00   -0.9665525113E+00   -0.1494350972E-01    0.9401840013E-02    0.2340457996E+02
    0.5720000000E+00    0.5781849891E-02    0.8205499458E-02    0.9999496340E+00    0.5439938620E-02    0.2368756007E-02    0.1000000000E+01    0.5785619170E-02    0.8380070317E-02    0.9999481492E+00   -0.3355879121E-02    0.3829102369E-02    0.2433317774E+00   -0.9699297511E+00   -0.1512894613E-01    0.9307921565E-02    0.2342505542E+02
    0.5725000000E+00    0.5957489591E-02    0.8156661040E-02    0.9999490028E+00    0.5513649233E-02    0.2290155528E-02    0.1000000000E+01    0.5964281208E-02    0.8332292060E-02    0.9999474988E+00   -0.3363416128E-02    0.3864712496E-02    0.2302002277E+00   -0.9731297995E+00   -0.1531458156E-01    0.9211548095E-02    0.2344553086E+02
    0.5730000000E+00    0.6133365524E-02    0.8104520087E-02    0.9999483636E+00    0.5586465066E-02    0.2209814592E-02    0.1000000000E+01    0.6143217648E-02    0.8281165660E-02    0.9999468402E+00   -0.3370876014E-02    0.3900571530E-02    0.2170266250E+00   -0.9761520716E+00   -0.1550039248E-01    0.9112702382E-02    0.2346600629E+02
    0.5735000000E+00    0.6309422636E-02    0.8049052405E-02    0.9999477165E+00    0.5658350886E-02    0.2127737887E-02    0.1000000000E+01    0.6322372878E-02    0.8226665950E-02    0.9999461734E+00   -0.3378257422E-02    0.3936680765E-02    0.2038133759E+00   -0.9789960152E+00   -0.1568635500E-01    0.9011367338E-02    0.2348648171E+02
    0.5740000000E+00    0.6485605124E-02    0.7990234596E-02    0.9999470612E+00    0.5729271328E-02    0.2043930731E-02    0.1000000000E+01    0.6501690513E-02    0.8168768561E-02    0.9999454982E+00   -0.3385558980E-02    0.3973041496E-02    0.1905628943E+00   -0.9816611107E+00   -0.1587244494E-01    0.8907526008E-02    0.2350695711E+02
    0.5745000000E+00    0.6661856441E-02    0.7928044072E-02    0.9999463978E+00    0.5799190899E-02    0.1958399079E-02    0.1000000000E+01    0.6681113408E-02    0.8107449941E-02    0.9999448145E+00   -0.3392779304E-02    0.4009655021E-02    0.1772776009E+00   -0.9841468711E+00   -0.1605863779E-01    0.8801161575E-02    0.2352743250E+02
    0.5750000000E+00    0.6838119311E-02    0.7862459076E-02    0.9999457260E+00    0.5868073993E-02    0.1871149529E-02    0.1000000000E+01    0.6860583665E-02    0.8042687370E-02    0.9999441223E+00   -0.3399916998E-02    0.4046522642E-02    0.1639599227E+00   -0.9864528422E+00   -0.1624490872E-01    0.8692257370E-02    0.2354790788E+02
    0.5755000000E+00    0.7014335735E-02    0.7793458697E-02    0.9999450458E+00    0.5935884900E-02    0.1782189331E-02    0.1000000000E+01    0.7040042642E-02    0.7974458982E-02    0.9999434214E+00   -0.3406970649E-02    0.4083645664E-02    0.1506122926E+00   -0.9885786027E+00   -0.1643123256E-01    0.8580796866E-02    0.2356838324E+02
    0.5760000000E+00    0.7190447004E-02    0.7721022888E-02    0.9999443570E+00    0.6002587814E-02    0.1691526388E-02    0.1000000000E+01    0.7219430964E-02    0.7902743782E-02    0.9999427117E+00   -0.3413938834E-02    0.4121025396E-02    0.1372371490E+00   -0.9905237640E+00   -0.1661758385E-01    0.8466763691E-02    0.2358885858E+02
    0.5765000000E+00    0.7366393707E-02    0.7645132487E-02    0.9999436597E+00    0.6068146847E-02    0.1599169263E-02    0.1000000000E+01    0.7398688536E-02    0.7827521662E-02    0.9999419930E+00   -0.3420820114E-02    0.4158663147E-02    0.1238369354E+00   -0.9922879708E+00   -0.1680393677E-01    0.8350141627E-02    0.2360933391E+02
    0.5770000000E+00    0.7542115741E-02    0.7565769229E-02    0.9999429536E+00    0.6132526041E-02    0.1505127187E-02    0.1000000000E+01    0.7577754547E-02    0.7748773419E-02    0.9999412654E+00   -0.3427613038E-02    0.4196560234E-02    0.1104140998E+00   -0.9938709005E+00   -0.1699026522E-01    0.8230914617E-02    0.2362980923E+02
    0.5775000000E+00    0.7717552326E-02    0.7482915766E-02    0.9999422386E+00    0.6195689371E-02    0.1409410061E-02    0.1000000000E+01    0.7756567487E-02    0.7666480775E-02    0.9999405287E+00   -0.3434316141E-02    0.4234717972E-02    0.9697109442E-01   -0.9952722640E+00   -0.1717654273E-01    0.8109066769E-02    0.2365028453E+02
    0.5780000000E+00    0.7892642012E-02    0.7396555684E-02    0.9999415147E+00    0.6257600767E-02    0.1312028465E-02    0.1000000000E+01    0.7935065160E-02    0.7580626393E-02    0.9999397827E+00   -0.3440927943E-02    0.4273137682E-02    0.8351037502E-01   -0.9964918051E+00   -0.1736274254E-01    0.7984582357E-02    0.2367075981E+02
    0.5785000000E+00    0.8067322696E-02    0.7306673520E-02    0.9999407818E+00    0.6318224116E-02    0.1212993658E-02    0.1000000000E+01    0.8113184687E-02    0.7491193895E-02    0.9999390273E+00   -0.3447446951E-02    0.4311820688E-02    0.7003440073E-01   -0.9975293008E+00   -0.1754883755E-01    0.7857445829E-02    0.2369123508E+02
    0.5790000000E+00    0.8241531629E-02    0.7213254780E-02    0.9999400396E+00    0.6377523280E-02    0.1112317586E-02    0.1000000000E+01    0.8290862528E-02    0.7398167877E-02    0.9999382625E+00   -0.3453871657E-02    0.4350768316E-02    0.5654563344E-01   -0.9983845616E+00   -0.1773480033E-01    0.7727641812E-02    0.2371171034E+02
    0.5795000000E+00    0.8415205432E-02    0.7116285954E-02    0.9999392881E+00    0.6435462102E-02    0.1010012888E-02    0.1000000000E+01    0.8468034490E-02    0.7301533932E-02    0.9999374881E+00   -0.3460200539E-02    0.4389981895E-02    0.4304653737E-01   -0.9990574311E+00   -0.1792060314E-01    0.7595155113E-02    0.2373218558E+02
    0.5800000000E+00    0.8588280108E-02    0.7015754534E-02    0.9999385272E+00    0.6492004424E-02    0.9060928956E-03    0.1000000000E+01    0.8644635740E-02    0.7201278662E-02    0.9999367040E+00   -0.3466432061E-02    0.4429462757E-02    0.2953957863E-01   -0.9995477862E+00   -0.1810621791E-01    0.7459970724E-02    0.2375266080E+02
    0.5805000000E+00    0.8760691056E-02    0.6911649030E-02    0.9999377568E+00    0.6547114092E-02    0.8005716430E-03    0.1000000000E+01    0.8820600820E-02    0.7097389697E-02    0.9999359100E+00   -0.3472564674E-02    0.4469212237E-02    0.1602722477E-01   -0.9998555373E+00   -0.1829161624E-01    0.7322073829E-02    0.2377313601E+02
    0.5810000000E+00    0.8932373084E-02    0.6803958990E-02    0.9999369768E+00    0.6600754974E-02    0.6934638671E-03    0.1000000000E+01    0.8995863661E-02    0.6989855714E-02    0.9999351061E+00   -0.3478596813E-02    0.4509231672E-02    0.2511944339E-02   -0.9999806280E+00   -0.1847676940E-01    0.7181449807E-02    0.2379361120E+02
    0.5815000000E+00    0.9103260423E-02    0.6692675009E-02    0.9999361869E+00    0.6652890969E-02    0.5847850131E-03    0.1000000000E+01    0.9170357594E-02    0.6878666450E-02    0.9999342921E+00   -0.3484526897E-02    0.4549522404E-02   -0.1100379359E-01   -0.9999230353E+00   -0.1866164835E-01    0.7038084235E-02    0.2381408637E+02
    0.5820000000E+00    0.9273286742E-02    0.6577788753E-02    0.9999353872E+00    0.6703486020E-02    0.4745512382E-03    0.1000000000E+01    0.9344015367E-02    0.6763812721E-02    0.9999334680E+00   -0.3490353334E-02    0.4590085774E-02   -0.2451751985E-01   -0.9996827696E+00   -0.1884622371E-01    0.6891962895E-02    0.2383456153E+02
    0.5825000000E+00    0.9442385162E-02    0.6459292971E-02    0.9999345774E+00    0.6752504124E-02    0.3627794148E-03    0.1000000000E+01    0.9516769160E-02    0.6645286438E-02    0.9999326334E+00   -0.3496074515E-02    0.4630923130E-02   -0.3802676563E-01   -0.9992598747E+00   -0.1903046578E-01    0.6743071778E-02    0.2385503666E+02
    0.5830000000E+00    0.9610488273E-02    0.6337181512E-02    0.9999337575E+00    0.6799909351E-02    0.2494871343E-03    0.1000000000E+01    0.9688550601E-02    0.6523080625E-02    0.9999317884E+00   -0.3501688815E-02    0.4672035819E-02   -0.5152906294E-01   -0.9986544277E+00   -0.1921434453E-01    0.6591397086E-02    0.2387551179E+02
    0.5835000000E+00    0.9777528147E-02    0.6211449340E-02    0.9999329273E+00    0.6845665850E-02    0.1346927100E-03    0.1000000000E+01    0.9859290778E-02    0.6397189432E-02    0.9999309329E+00   -0.3507194596E-02    0.4713425193E-02   -0.6502194507E-01   -0.9978665391E+00   -0.1939782961E-01    0.6436925241E-02    0.2389598689E+02
    0.5840000000E+00    0.9943436357E-02    0.6082092551E-02    0.9999320867E+00    0.6889737866E-02    0.1841518024E-04    0.1000000000E+01    0.1002892026E-01    0.6267608154E-02    0.9999300665E+00   -0.3512590204E-02    0.4755092606E-02   -0.7850294700E-01   -0.9968963527E+00   -0.1958089035E-01    0.6279642886E-02    0.2391646198E+02
    0.5845000000E+00    0.1010814399E-01    0.5949108387E-02    0.9999312356E+00    0.6932089749E-02   -0.9932568881E-04    0.1000000000E+01    0.1019736911E-01    0.6134333247E-02    0.9999291894E+00   -0.3517873971E-02    0.4797039413E-02   -0.9196960588E-01   -0.9957440457E+00   -0.1976349574E-01    0.6119536890E-02    0.2393693704E+02
    0.5850000000E+00    0.1027158166E-01    0.5812495254E-02    0.9999303738E+00    0.6972685973E-02   -0.2185094005E-03    0.1000000000E+01    0.1036456690E-01    0.5997362341E-02    0.9999283012E+00   -0.3523044212E-02    0.4839266975E-02   -0.1054194615E+00   -0.9944098284E+00   -0.1994561446E-01    0.5956594357E-02    0.2395741209E+02
    0.5855000000E+00    0.1043367955E-01    0.5672252734E-02    0.9999295012E+00    0.7011491143E-02   -0.3391147254E-03    0.1000000000E+01    0.1053044274E-01    0.5856694259E-02    0.9999274019E+00   -0.3528099228E-02    0.4881776651E-02   -0.1188500567E+00   -0.9928939444E+00   -0.2012721486E-01    0.5790802624E-02    0.2397788713E+02
    0.5860000000E+00    0.1059436739E-01    0.5528381600E-02    0.9999286176E+00    0.7048470014E-02   -0.4611196990E-03    0.1000000000E+01    0.1069492528E-01    0.5712329029E-02    0.9999264913E+00   -0.3533037304E-02    0.4924569807E-02   -0.1322589378E+00   -0.9911966705E+00   -0.2030826496E-01    0.5622149270E-02    0.2399836214E+02
    0.5865000000E+00    0.1075357449E-01    0.5380883835E-02    0.9999277230E+00    0.7083587499E-02   -0.5845016198E-03    0.1000000000E+01    0.1085794273E-01    0.5564267902E-02    0.9999255693E+00   -0.3537856709E-02    0.4967647807E-02   -0.1456436552E+00   -0.9893183167E+00   -0.2048873246E-01    0.5450622120E-02    0.2401883713E+02
    0.5870000000E+00    0.1091122979E-01    0.5229762639E-02    0.9999268172E+00    0.7116808686E-02   -0.7092370476E-03    0.1000000000E+01    0.1101942289E-01    0.5412513364E-02    0.9999246357E+00   -0.3542555696E-02    0.5011012021E-02   -0.1590017636E+00   -0.9872592259E+00   -0.2066858475E-01    0.5276209251E-02    0.2403931211E+02
    0.5875000000E+00    0.1106726182E-01    0.5075022451E-02    0.9999259001E+00    0.7148098852E-02   -0.8353018019E-03    0.1000000000E+01    0.1117929315E-01    0.5257069154E-02    0.9999236905E+00   -0.3547132503E-02    0.5054663819E-02   -0.1723308225E+00   -0.9850197743E+00   -0.2084778888E-01    0.5098898992E-02    0.2405978706E+02
    0.5880000000E+00    0.1122159876E-01    0.4916668957E-02    0.9999249714E+00    0.7177423474E-02   -0.9626709606E-03    0.1000000000E+01    0.1133748054E-01    0.5097940277E-02    0.9999227333E+00   -0.3551585352E-02    0.5098604576E-02   -0.1856283968E+00   -0.9826003708E+00   -0.2102631159E-01    0.4918679937E-02    0.2408026200E+02
    0.5885000000E+00    0.1137416847E-01    0.4754709110E-02    0.9999240311E+00    0.7204748246E-02   -0.1091318859E-02    0.1000000000E+01    0.1149391171E-01    0.4935133017E-02    0.9999217642E+00   -0.3555912449E-02    0.5142835664E-02   -0.1988920573E+00   -0.9800014573E+00   -0.2120411929E-01    0.4735540941E-02    0.2410073692E+02
    0.5890000000E+00    0.1152489846E-01    0.4589151135E-02    0.9999230790E+00    0.7230039093E-02   -0.1221219089E-02    0.1000000000E+01    0.1164851298E-01    0.4768654953E-02    0.9999207830E+00   -0.3560111985E-02    0.5187358463E-02   -0.2121193806E+00   -0.9772235084E+00   -0.2138117806E-01    0.4549471131E-02    0.2412121181E+02
    0.5895000000E+00    0.1167371596E-01    0.4420004552E-02    0.9999221150E+00    0.7253262182E-02   -0.1352344499E-02    0.1000000000E+01    0.1180121035E-01    0.4598514971E-02    0.9999197894E+00   -0.3564182132E-02    0.5232174352E-02   -0.2253079503E+00   -0.9742670314E+00   -0.2155745369E-01    0.4360459910E-02    0.2414168669E+02
    0.5900000000E+00    0.1182054789E-01    0.4247280180E-02    0.9999211389E+00    0.7274383937E-02   -0.1484667192E-02    0.1000000000E+01    0.1195192952E-01    0.4424723280E-02    0.9999187834E+00   -0.3568121048E-02    0.5277284712E-02   -0.2384553569E+00   -0.9711325664E+00   -0.2173291163E-01    0.4168496958E-02    0.2416216154E+02
    0.5905000000E+00    0.1196532095E-01    0.4070990157E-02    0.9999201506E+00    0.7293371057E-02   -0.1618158526E-02    0.1000000000E+01    0.1210059590E-01    0.4247291421E-02    0.9999177647E+00   -0.3571926873E-02    0.5322690928E-02   -0.2515591984E+00   -0.9678206859E+00   -0.2190751701E-01    0.3973572243E-02    0.2418263638E+02
    0.5910000000E+00    0.1210796156E-01    0.3891147948E-02    0.9999191499E+00    0.7310190525E-02   -0.1752789116E-02    0.1000000000E+01    0.1224713466E-01    0.4066232285E-02    0.9999167333E+00   -0.3575597732E-02    0.5368394384E-02   -0.2646170809E+00   -0.9643319947E+00   -0.2208123465E-01    0.3775676020E-02    0.2420311119E+02
    0.5915000000E+00    0.1224839594E-01    0.3707768359E-02    0.9999181366E+00    0.7324809629E-02   -0.1888528832E-02    0.1000000000E+01    0.1239147071E-01    0.3881560122E-02    0.9999156890E+00   -0.3579131732E-02    0.5414396469E-02   -0.2776266187E+00   -0.9606671300E+00   -0.2225402906E-01    0.3574798841E-02    0.2422358598E+02
    0.5920000000E+00    0.1238655013E-01    0.3520867550E-02    0.9999171107E+00    0.7337195969E-02   -0.2025346801E-02    0.1000000000E+01    0.1253352876E-01    0.3693290553E-02    0.9999146316E+00   -0.3582526964E-02    0.5460698573E-02   -0.2905854351E+00   -0.9568267613E+00   -0.2242586441E-01    0.3370931557E-02    0.2424406075E+02
    0.5925000000E+00    0.1252234996E-01    0.3330463042E-02    0.9999160719E+00    0.7347317477E-02   -0.2163211406E-02    0.1000000000E+01    0.1267323333E-01    0.3501440587E-02    0.9999135609E+00   -0.3585781503E-02    0.5507302086E-02   -0.3034911625E+00   -0.9528115900E+00   -0.2259670458E-01    0.3164065324E-02    0.2426453550E+02
    0.5930000000E+00    0.1265572112E-01    0.3136573735E-02    0.9999150201E+00    0.7355142432E-02   -0.2302090291E-02    0.1000000000E+01    0.1281050877E-01    0.3306028627E-02    0.9999124768E+00   -0.3588893404E-02    0.5554208402E-02   -0.3163414431E+00   -0.9486223495E+00   -0.2276651314E-01    0.2954191607E-02    0.2428501022E+02
    0.5935000000E+00    0.1278658920E-01    0.2939219913E-02    0.9999139551E+00    0.7360639469E-02   -0.2441950357E-02    0.1000000000E+01    0.1294527927E-01    0.3107074484E-02    0.9999113791E+00   -0.3591860708E-02    0.5601418915E-02   -0.3291339292E+00   -0.9442598050E+00   -0.2293525332E-01    0.2741302189E-02    0.2430548493E+02
    0.5940000000E+00    0.1291487963E-01    0.2738423259E-02    0.9999128767E+00    0.7363777601E-02   -0.2582757770E-02    0.1000000000E+01    0.1307746891E-01    0.2904599388E-02    0.9999102676E+00   -0.3594681438E-02    0.5648935023E-02   -0.3418662837E+00   -0.9397247532E+00   -0.2310288806E-01    0.2525389169E-02    0.2432595961E+02
    0.5945000000E+00    0.1304051780E-01    0.2534206863E-02    0.9999117849E+00    0.7364526231E-02   -0.2724477955E-02    0.1000000000E+01    0.1320700166E-01    0.2698625999E-02    0.9999091422E+00   -0.3597353599E-02    0.5696758125E-02   -0.3545361804E+00   -0.9350180227E+00   -0.2326937999E-01    0.2306444976E-02    0.2434643426E+02
    0.5950000000E+00    0.1316342901E-01    0.2326595233E-02    0.9999106793E+00    0.7362855164E-02   -0.2867075606E-02    0.1000000000E+01    0.1333380142E-01    0.2489178417E-02    0.9999080027E+00   -0.3599875178E-02    0.5744889618E-02   -0.3671413045E+00   -0.9301404731E+00   -0.2343469143E-01    0.2084462364E-02    0.2436690890E+02
    0.5955000000E+00    0.1328353855E-01    0.2115614303E-02    0.9999095599E+00    0.7358734626E-02   -0.3010514685E-02    0.1000000000E+01    0.1345779203E-01    0.2276282193E-02    0.9999068489E+00   -0.3602244146E-02    0.5793330907E-02   -0.3796793532E+00   -0.9250929953E+00   -0.2359878439E-01    0.1859434427E-02    0.2438738351E+02
    0.5960000000E+00    0.1340077168E-01    0.1901291445E-02    0.9999084265E+00    0.7352135279E-02   -0.3154758422E-02    0.1000000000E+01    0.1357889732E-01    0.2059964335E-02    0.9999056807E+00   -0.3604458455E-02    0.5842083393E-02   -0.3921480356E+00   -0.9198765113E+00   -0.2376162057E-01    0.1631354598E-02    0.2440785809E+02
    0.5965000000E+00    0.1351505366E-01    0.1683655477E-02    0.9999072789E+00    0.7343028234E-02   -0.3299769324E-02    0.1000000000E+01    0.1369704109E-01    0.1840253324E-02    0.9999044978E+00   -0.3606516040E-02    0.5891148480E-02   -0.4045450739E+00   -0.9144919741E+00   -0.2392316139E-01    0.1400216656E-02    0.2442833266E+02
    0.5970000000E+00    0.1362630983E-01    0.1462736670E-02    0.9999061169E+00    0.7331385068E-02   -0.3445509172E-02    0.1000000000E+01    0.1381214718E-01    0.1617179118E-02    0.9999033000E+00   -0.3608414817E-02    0.5940527576E-02   -0.4168682030E+00   -0.9089403670E+00   -0.2408336794E-01    0.1166014730E-02    0.2444880719E+02
    0.5975000000E+00    0.1373446554E-01    0.1238566758E-02    0.9999049403E+00    0.7317177836E-02   -0.3591939030E-02    0.1000000000E+01    0.1392413948E-01    0.1390773161E-02    0.9999020873E+00   -0.3610152688E-02    0.5990222086E-02   -0.4291151715E+00   -0.9032227043E+00   -0.2424220102E-01    0.9287433094E-03    0.2446928171E+02
    0.5980000000E+00    0.1383944628E-01    0.1011178946E-02    0.9999037490E+00    0.7300379093E-02   -0.3739019246E-02    0.1000000000E+01    0.1403294194E-01    0.1161068394E-02    0.9999008594E+00   -0.3611727532E-02    0.6040233419E-02   -0.4412837419E+00   -0.8973400304E+00   -0.2439962114E-01    0.6883972413E-03    0.2448975619E+02
    0.5985000000E+00    0.1394117760E-01    0.7806079161E-03    0.9999025427E+00    0.7280961900E-02   -0.3886709455E-02    0.1000000000E+01    0.1413847863E-01    0.9280992613E-03    0.9998996161E+00   -0.3613137211E-02    0.6090562985E-02   -0.4533716910E+00   -0.8912934197E+00   -0.2455558850E-01    0.4449717409E-03    0.2451023065E+02
    0.5990000000E+00    0.1403958522E-01    0.5468898357E-03    0.9999013214E+00    0.7258899846E-02   -0.4034968586E-02    0.1000000000E+01    0.1424067372E-01    0.6919017157E-03    0.9998983571E+00   -0.3614379570E-02    0.6141212194E-02   -0.4653768103E+00   -0.8850839769E+00   -0.2471006301E-01    0.1984623957E-03    0.2453070509E+02
    0.5995000000E+00    0.1413459504E-01    0.3100623639E-03    0.9999000847E+00    0.7234167064E-02   -0.4183754866E-02    0.1000000000E+01    0.1433945155E-01    0.4525132295E-03    0.9998970824E+00   -0.3615452435E-02    0.6192182458E-02   -0.4772969064E+00   -0.8787128362E+00   -0.2486300429E-01   -0.5113482952E-04    0.2455117950E+02
    0.6000000000E+00    0.1422613311E-01    0.7016465750E-04    0.9998988325E+00    0.7206738240E-02   -0.4333025823E-02    0.1000000000E+01    0.1443473664E-01    0.2099727990E-03    0.9998957918E+00   -0.3616353613E-02    0.6243475191E-02   -0.4891298014E+00   -0.8721811614E+00   -0.2501437166E-01   -0.3038235873E-03    0.2457165388E+02
    0.6005000000E+00    0.1431412573E-01   -0.1727626227E-03    0.9998975647E+00    0.7176588634E-02   -0.4482738295E-02    0.1000000000E+01    0.1452645370E-01   -0.3567904887E-04    0.9998944849E+00   -0.3617080892E-02    0.6295091806E-02   -0.5008733336E+00   -0.8654901457E+00   -0.2516412417E-01   -0.5596071419E-03    0.2459212824E+02
    0.6010000000E+00    0.1439849943E-01   -0.4186773069E-03    0.9998962810E+00    0.7143694093E-02   -0.4632848432E-02    0.1000000000E+01    0.1461452769E-01   -0.2844002509E-03    0.9998931617E+00   -0.3617632042E-02    0.6347033718E-02   -0.5125253572E+00   -0.8586410112E+00   -0.2531222057E-01   -0.8184883642E-03    0.2461260257E+02
    0.6015000000E+00    0.1447918104E-01   -0.6675357109E-03    0.9998949811E+00    0.7108031068E-02   -0.4783311703E-02    0.1000000000E+01    0.1469888384E-01   -0.5361472021E-03    0.9998918219E+00   -0.3618004814E-02    0.6399302343E-02   -0.5240837434E+00   -0.8516350092E+00   -0.2545861932E-01   -0.1080469726E-02    0.2463307687E+02
    0.6020000000E+00    0.1455609765E-01   -0.9192926320E-03    0.9998936650E+00    0.7069576625E-02   -0.4934082902E-02    0.1000000000E+01    0.1477944764E-01   -0.7908747508E-03    0.9998904653E+00   -0.3618196939E-02    0.6451899096E-02   -0.5355463804E+00   -0.8444734194E+00   -0.2560327861E-01   -0.1345553296E-02    0.2465355115E+02
    0.6025000000E+00    0.1462917671E-01   -0.1173901344E-02    0.9998923324E+00    0.7028308468E-02   -0.5085116158E-02    0.1000000000E+01    0.1485614492E-01   -0.1048536194E-02    0.9998890917E+00   -0.3618206130E-02    0.6504825396E-02   -0.5469111740E+00   -0.8371575501E+00   -0.2574615634E-01   -0.1613740733E-02    0.2467402539E+02
    0.6030000000E+00    0.1469834601E-01   -0.1431313595E-02    0.9998909831E+00    0.6984204946E-02   -0.5236364935E-02    0.1000000000E+01    0.1492890186E-01   -0.1309083273E-02    0.9998877009E+00   -0.3618030081E-02    0.6558082660E-02   -0.5581760476E+00   -0.8296887376E+00   -0.2588721013E-01   -0.1885033281E-02    0.2469449961E+02
    0.6035000000E+00    0.1476353373E-01   -0.1691479603E-02    0.9998896169E+00    0.6937245073E-02   -0.5387782044E-02    0.1000000000E+01    0.1499764501E-01   -0.1572466172E-02    0.9998862926E+00   -0.3617666464E-02    0.6611672306E-02   -0.5693389431E+00   -0.8220683464E+00   -0.2602639735E-01   -0.2159431763E-02    0.2471497380E+02
    0.6040000000E+00    0.1482466847E-01   -0.1954348052E-02    0.9998882336E+00    0.6887408543E-02   -0.5539319649E-02    0.1000000000E+01    0.1506230130E-01   -0.1838633510E-02    0.9998848667E+00   -0.3617112935E-02    0.6665595753E-02   -0.5803978210E+00   -0.8142977684E+00   -0.2616367506E-01   -0.2436936578E-02    0.2473544796E+02
    0.6045000000E+00    0.1488167927E-01   -0.2219866093E-02    0.9998868329E+00    0.6834675743E-02   -0.5690929274E-02    0.1000000000E+01    0.1512279814E-01   -0.2107532346E-02    0.9998834229E+00   -0.3616367126E-02    0.6719854422E-02   -0.5913506607E+00   -0.8063784233E+00   -0.2629900008E-01   -0.2717547694E-02    0.2475592209E+02
    0.6050000000E+00    0.1493449563E-01   -0.2487979340E-02    0.9998854147E+00    0.6779027772E-02   -0.5842561815E-02    0.1000000000E+01    0.1517906336E-01   -0.2379108169E-02    0.9998819610E+00   -0.3615426653E-02    0.6774449732E-02   -0.6021954610E+00   -0.7983117576E+00   -0.2643232896E-01   -0.3001264642E-02    0.2477639618E+02
    0.6055000000E+00    0.1498304756E-01   -0.2758631867E-02    0.9998839787E+00    0.6720446450E-02   -0.5994167540E-02    0.1000000000E+01    0.1523102531E-01   -0.2653304902E-02    0.9998804808E+00   -0.3614289112E-02    0.6829383103E-02   -0.6129302405E+00   -0.7900992449E+00   -0.2656361796E-01   -0.3288086511E-02    0.2479687025E+02
    0.6060000000E+00    0.1502726559E-01   -0.3031766214E-02    0.9998825247E+00    0.6658914342E-02   -0.6145696106E-02    0.1000000000E+01    0.1527861286E-01   -0.2930064896E-02    0.9998789821E+00   -0.3612952076E-02    0.6884655955E-02   -0.6235530377E+00   -0.7817423855E+00   -0.2669282310E-01   -0.3578011943E-02    0.2481734429E+02
    0.6065000000E+00    0.1506708083E-01   -0.3307323376E-02    0.9998810525E+00    0.6594414763E-02   -0.6297096565E-02    0.1000000000E+01    0.1532175542E-01   -0.3209328935E-02    0.9998774646E+00   -0.3611413101E-02    0.6940269710E-02   -0.6340619118E+00   -0.7732427060E+00   -0.2681990014E-01   -0.3871039126E-02    0.2483781830E+02
    0.6070000000E+00    0.1510242496E-01   -0.3585242814E-02    0.9998795619E+00    0.6526931801E-02   -0.6448317369E-02    0.1000000000E+01    0.1536038298E-01   -0.3491036230E-02    0.9998759280E+00   -0.3609669721E-02    0.6996225787E-02   -0.6444549427E+00   -0.7646017591E+00   -0.2694480458E-01   -0.4167165793E-02    0.2485829228E+02
    0.6075000000E+00    0.1513323029E-01   -0.3865462447E-02    0.9998780526E+00    0.6456450326E-02   -0.6599306388E-02    0.1000000000E+01    0.1539442617E-01   -0.3775124426E-02    0.9998743722E+00   -0.3607719449E-02    0.7052525607E-02   -0.6547302314E+00   -0.7558211232E+00   -0.2706749166E-01   -0.4466389213E-02    0.2487876622E+02
    0.6080000000E+00    0.1515942976E-01   -0.4147918658E-02    0.9998765243E+00    0.6382956011E-02   -0.6750010911E-02    0.1000000000E+01    0.1542381624E-01   -0.4061529595E-02    0.9998727969E+00   -0.3605559780E-02    0.7109170593E-02   -0.6648859005E+00   -0.7469024026E+00   -0.2718791640E-01   -0.4768706184E-02    0.2489924013E+02
    0.6085000000E+00    0.1518095701E-01   -0.4432546297E-02    0.9998749769E+00    0.6306435341E-02   -0.6900377662E-02    0.1000000000E+01    0.1544848511E-01   -0.4350186245E-02    0.9998712019E+00   -0.3603188186E-02    0.7166162163E-02   -0.6749200943E+00   -0.7378472264E+00   -0.2730603353E-01   -0.5074113032E-02    0.2491971401E+02
    0.6090000000E+00    0.1519774638E-01   -0.4719278677E-02    0.9998734101E+00    0.6226875630E-02   -0.7050352809E-02    0.1000000000E+01    0.1546836544E-01   -0.4641027318E-02    0.9998695868E+00   -0.3600602118E-02    0.7223501739E-02   -0.6848309795E+00   -0.7286572488E+00   -0.2742179757E-01   -0.5382605602E-02    0.2494018786E+02
    0.6095000000E+00    0.1520973297E-01   -0.5008047583E-02    0.9998718237E+00    0.6144265035E-02   -0.7199881974E-02    0.1000000000E+01    0.1548339058E-01   -0.4933984191E-02    0.9998679516E+00   -0.3597799008E-02    0.7281190741E-02   -0.6946167451E+00   -0.7193341487E+00   -0.2753516278E-01   -0.5694179254E-02    0.2496066167E+02
    0.6100000000E+00    0.1521685260E-01   -0.5298783274E-02    0.9998702175E+00    0.6058592574E-02   -0.7348910246E-02    0.1000000000E+01    0.1549349469E-01   -0.5228986684E-02    0.9998662958E+00   -0.3594776267E-02    0.7339230589E-02   -0.7042756032E+00   -0.7098796292E+00   -0.2764608320E-01   -0.6008828858E-02    0.2498113545E+02
    0.6105000000E+00    0.1521904196E-01   -0.5591414483E-02    0.9998685910E+00    0.5969848135E-02   -0.7497382188E-02    0.1000000000E+01    0.1549861270E-01   -0.5525963060E-02    0.9998646193E+00   -0.3591531282E-02    0.7397622703E-02   -0.7138057889E+00   -0.7002954176E+00   -0.2775451262E-01   -0.6326548788E-02    0.2500160919E+02
    0.6110000000E+00    0.1521623852E-01   -0.5885868426E-02    0.9998669442E+00    0.5878022492E-02   -0.7645241856E-02    0.1000000000E+01    0.1549868040E-01   -0.5824840031E-02    0.9998629217E+00   -0.3588061421E-02    0.7456368501E-02   -0.7232055607E+00   -0.6905832646E+00   -0.2786040462E-01   -0.6647332915E-02    0.2502208290E+02
    0.6115000000E+00    0.1520838063E-01   -0.6182070805E-02    0.9998652768E+00    0.5783107321E-02   -0.7792432802E-02    0.1000000000E+01    0.1549363440E-01   -0.6125542759E-02    0.9998612029E+00   -0.3584364032E-02    0.7515469402E-02   -0.7324732012E+00   -0.6807449445E+00   -0.2796371254E-01   -0.6971174605E-02    0.2504255657E+02
    0.6120000000E+00    0.1519540754E-01   -0.6479945814E-02    0.9998635885E+00    0.5685095215E-02   -0.7938898095E-02    0.1000000000E+01    0.1548341225E-01   -0.6427994868E-02    0.9998594626E+00   -0.3580436437E-02    0.7574926824E-02   -0.7416070170E+00   -0.6707822548E+00   -0.2806438949E-01   -0.7298066712E-02    0.2506303021E+02
    0.6125000000E+00    0.1517725943E-01   -0.6779416145E-02    0.9998618790E+00    0.5583979691E-02   -0.8084580328E-02    0.1000000000E+01    0.1546795241E-01   -0.6732118443E-02    0.9998577005E+00   -0.3576275939E-02    0.7634742185E-02   -0.7506053390E+00   -0.6606970152E+00   -0.2816238840E-01   -0.7628001572E-02    0.2508350381E+02
    0.6130000000E+00    0.1515387742E-01   -0.7080402992E-02    0.9998601481E+00    0.5479755212E-02   -0.8229421633E-02    0.1000000000E+01    0.1544719427E-01   -0.7037834042E-02    0.9998559162E+00   -0.3571879820E-02    0.7694916900E-02   -0.7594665231E+00   -0.6504910684E+00   -0.2825766193E-01   -0.7960970997E-02    0.2510397738E+02
    0.6135000000E+00    0.1512520364E-01   -0.7382826064E-02    0.9998583955E+00    0.5372417197E-02   -0.8373363695E-02    0.1000000000E+01    0.1542107826E-01   -0.7345060699E-02    0.9998541096E+00   -0.3567245338E-02    0.7755452386E-02   -0.7681889502E+00   -0.6401662788E+00   -0.2835016258E-01   -0.8296966271E-02    0.2512445090E+02
    0.6140000000E+00    0.1509118122E-01   -0.7686603589E-02    0.9998566210E+00    0.5261962034E-02   -0.8516347764E-02    0.1000000000E+01    0.1538954579E-01   -0.7653715935E-02    0.9998522804E+00   -0.3562369731E-02    0.7816350057E-02   -0.7767710262E+00   -0.6297245326E+00   -0.2843984261E-01   -0.8635978143E-02    0.2514492439E+02
    0.6145000000E+00    0.1505175435E-01   -0.7991652323E-02    0.9998548242E+00    0.5148387094E-02   -0.8658314671E-02    0.1000000000E+01    0.1535253935E-01   -0.7963715763E-02    0.9998504283E+00   -0.3557250214E-02    0.7877611325E-02   -0.7852111832E+00   -0.6191677374E+00   -0.2852665409E-01   -0.8977996824E-02    0.2516539785E+02
    0.6150000000E+00    0.1500686832E-01   -0.8297887558E-02    0.9998530049E+00    0.5031690744E-02   -0.8799204840E-02    0.1000000000E+01    0.1531000251E-01   -0.8274974701E-02    0.9998485529E+00   -0.3551883979E-02    0.7939237604E-02   -0.7935078787E+00   -0.6084978217E+00   -0.2861054889E-01   -0.9323011981E-02    0.2518587126E+02
    0.6155000000E+00    0.1495646952E-01   -0.8605223135E-02    0.9998511628E+00    0.4911872361E-02   -0.8938958303E-02    0.1000000000E+01    0.1526187996E-01   -0.8587405776E-02    0.9998466540E+00   -0.3546268197E-02    0.8001230305E-02   -0.8016595968E+00   -0.5977167349E+00   -0.2869147870E-01   -0.9671012728E-02    0.2520634464E+02
    0.6160000000E+00    0.1490050548E-01   -0.8913571448E-02    0.9998492977E+00    0.4788932345E-02   -0.9077514716E-02    0.1000000000E+01    0.1520811753E-01   -0.8900920540E-02    0.9998447314E+00   -0.3540400013E-02    0.8063590838E-02   -0.8096648478E+00   -0.5868264465E+00   -0.2876939500E-01   -0.1002198763E-01    0.2522681797E+02
    0.6165000000E+00    0.1483892491E-01   -0.9222843462E-02    0.9998474091E+00    0.4662872127E-02   -0.9214813374E-02    0.1000000000E+01    0.1514866225E-01   -0.9215429074E-02    0.9998427847E+00   -0.3534276553E-02    0.8126320611E-02   -0.8175221690E+00   -0.5758289460E+00   -0.2884424908E-01   -0.1037592468E-01    0.2524729127E+02
    0.6170000000E+00    0.1477167775E-01   -0.9532948720E-02    0.9998454969E+00    0.4533694191E-02   -0.9350793227E-02    0.1000000000E+01    0.1508346236E-01   -0.9530840008E-02    0.9998408135E+00   -0.3527894919E-02    0.8189421031E-02   -0.8252301244E+00   -0.5647262427E+00   -0.2891599209E-01   -0.1073281131E-01    0.2526776452E+02
    0.6175000000E+00    0.1469871517E-01   -0.9843795357E-02    0.9998435608E+00    0.4401402075E-02   -0.9485392892E-02    0.1000000000E+01    0.1501246734E-01   -0.9847060524E-02    0.9998388177E+00   -0.3521252189E-02    0.8252893503E-02   -0.8327873055E+00   -0.5535203648E+00   -0.2898457495E-01   -0.1109263439E-01    0.2528823774E+02
    0.6180000000E+00    0.1461998961E-01   -0.1015529011E-01    0.9998416003E+00    0.4266000393E-02   -0.9618550674E-02    0.1000000000E+01    0.1493562797E-01   -0.1016399637E-01    0.9998367968E+00   -0.3514345418E-02    0.8316739432E-02   -0.8401923314E+00   -0.5422133597E+00   -0.2904994846E-01   -0.1145538021E-01    0.2530871091E+02
    0.6185000000E+00    0.1453545482E-01   -0.1046733834E-01    0.9998396153E+00    0.4127494839E-02   -0.9750204583E-02    0.1000000000E+01    0.1485289633E-01   -0.1048155189E-01    0.9998347507E+00   -0.3507171640E-02    0.8380960219E-02   -0.8474438489E+00   -0.5308072930E+00   -0.2911206321E-01   -0.1182103446E-01    0.2532918404E+02
    0.6190000000E+00    0.1444506588E-01   -0.1077984402E-01    0.9998376055E+00    0.3985892207E-02   -0.9880292342E-02    0.1000000000E+01    0.1476422584E-01   -0.1079963001E-01    0.9998326789E+00   -0.3499727863E-02    0.8445557264E-02   -0.8545405327E+00   -0.5193042484E+00   -0.2917086965E-01   -0.1218958225E-01    0.2534965713E+02
    0.6195000000E+00    0.1434877925E-01   -0.1109270980E-01    0.9998355705E+00    0.3841200393E-02   -0.1000875142E-01    0.1000000000E+01    0.1466957131E-01   -0.1111813227E-01    0.9998305811E+00   -0.3492011072E-02    0.8510531965E-02   -0.8614810860E+00   -0.5077063276E+00   -0.2922631807E-01   -0.1256100813E-01    0.2537013017E+02
    0.6200000000E+00    0.1424655278E-01   -0.1140583695E-01    0.9998335099E+00    0.3693428414E-02   -0.1013551902E-01    0.1000000000E+01    0.1456888895E-01   -0.1143695883E-01    0.9998284571E+00   -0.3484018229E-02    0.8575885719E-02   -0.8682642405E+00   -0.4960156494E+00   -0.2927835862E-01   -0.1293529600E-01    0.2539060318E+02
    0.6205000000E+00    0.1413834576E-01   -0.1171912546E-01    0.9998314236E+00    0.3542586415E-02   -0.1026053215E-01    0.1000000000E+01    0.1446213643E-01   -0.1175600851E-01    0.9998263064E+00   -0.3475746271E-02    0.8641619919E-02   -0.8748887564E+00   -0.4842343497E+00   -0.2932694128E-01   -0.1331242919E-01    0.2541107613E+02
    0.6210000000E+00    0.1402411895E-01   -0.1203247399E-01    0.9998293111E+00    0.3388685682E-02   -0.1038372757E-01    0.1000000000E+01    0.1434927286E-01   -0.1207517875E-01    0.9998241288E+00   -0.3467192112E-02    0.8707735958E-02   -0.8813534233E+00   -0.4723645808E+00   -0.2937201590E-01   -0.1369239042E-01    0.2543154905E+02
    0.6215000000E+00    0.1390383457E-01   -0.1234577989E-01    0.9998271721E+00    0.3231738650E-02   -0.1050504186E-01    0.1000000000E+01    0.1423025890E-01   -0.1239436571E-01    0.9998219239E+00   -0.3458352641E-02    0.8774235225E-02   -0.8876570595E+00   -0.4604085113E+00   -0.2941353221E-01   -0.1407516178E-01    0.2545202191E+02
    0.6220000000E+00    0.1377745641E-01   -0.1265893928E-01    0.9998250063E+00    0.3071758917E-02   -0.1062441145E-01    0.1000000000E+01    0.1410505670E-01   -0.1271346421E-01    0.9998196914E+00   -0.3449224723E-02    0.8841119107E-02   -0.8937985131E+00   -0.4483683255E+00   -0.2945143978E-01   -0.1446072476E-01    0.2547249474E+02
    0.6225000000E+00    0.1364494978E-01   -0.1297184700E-01    0.9998228134E+00    0.2908761248E-02   -0.1074177258E-01    0.1000000000E+01    0.1397363003E-01   -0.1303236779E-01    0.9998174309E+00   -0.3439805200E-02    0.8908388988E-02   -0.8997766618E+00   -0.4362462232E+00   -0.2948568807E-01   -0.1484906020E-01    0.2549296751E+02
    0.6230000000E+00    0.1350628161E-01   -0.1328439666E-01    0.9998205931E+00    0.2742761594E-02   -0.1085706137E-01    0.1000000000E+01    0.1383594423E-01   -0.1335096873E-01    0.9998151421E+00   -0.3430090889E-02    0.8976046250E-02   -0.9055904128E+00   -0.4240444191E+00   -0.2951622641E-01   -0.1524014835E-01    0.2551344024E+02
    0.6235000000E+00    0.1336142043E-01   -0.1359648065E-01    0.9998183449E+00    0.2573777092E-02   -0.1097021383E-01    0.1000000000E+01    0.1369196626E-01   -0.1366915804E-01    0.9998128246E+00   -0.3420078581E-02    0.9044092272E-02   -0.9112387036E+00   -0.4117651423E+00   -0.2954300405E-01   -0.1563396880E-01    0.2553391292E+02
    0.6240000000E+00    0.1321033641E-01   -0.1390799017E-01    0.9998160685E+00    0.2401826080E-02   -0.1108116585E-01    0.1000000000E+01    0.1354166479E-01   -0.1398682552E-01    0.9998104781E+00   -0.3409765043E-02    0.9112528430E-02   -0.9167205020E+00   -0.3994106364E+00   -0.2956597008E-01   -0.1603050049E-01    0.2555438555E+02
    0.6245000000E+00    0.1305300141E-01   -0.1421881525E-01    0.9998137636E+00    0.2226928105E-02   -0.1118985326E-01    0.1000000000E+01    0.1338501015E-01   -0.1430385974E-01    0.9998081022E+00   -0.3399147016E-02    0.9181356097E-02   -0.9220348061E+00   -0.3869831585E+00   -0.2958507352E-01   -0.1642972174E-01    0.2557485814E+02
    0.6250000000E+00    0.1288938902E-01   -0.1452884476E-01    0.9998114299E+00    0.2049103930E-02   -0.1129621184E-01    0.1000000000E+01    0.1322197440E-01   -0.1462014809E-01    0.9998056965E+00   -0.3388221218E-02    0.9250576644E-02   -0.9271806444E+00   -0.3744849790E+00   -0.2960026329E-01   -0.1683161021E-01    0.2559533067E+02
    0.6255000000E+00    0.1271947453E-01   -0.1483796644E-01    0.9998090669E+00    0.1868375545E-02   -0.1140017731E-01    0.1000000000E+01    0.1305253136E-01   -0.1493557681E-01    0.9998032607E+00   -0.3376984339E-02    0.9320191438E-02   -0.9321570764E+00   -0.3619183816E+00   -0.2961148822E-01   -0.1723614291E-01    0.2561580315E+02
    0.6260000000E+00    0.1254323504E-01   -0.1514606693E-01    0.9998066743E+00    0.1684766173E-02   -0.1150168540E-01    0.1000000000E+01    0.1287665666E-01   -0.1525003097E-01    0.9998007944E+00   -0.3365433047E-02    0.9390201842E-02   -0.9369631926E+00   -0.3492856620E+00   -0.2961869704E-01   -0.1764329619E-01    0.2563627559E+02
    0.6265000000E+00    0.1236064942E-01   -0.1545303177E-01    0.9998042517E+00    0.1498300278E-02   -0.1160067182E-01    0.1000000000E+01    0.1269432771E-01   -0.1556339455E-01    0.9997982971E+00   -0.3353563981E-02    0.9460609217E-02   -0.9415981144E+00   -0.3365891284E+00   -0.2962183842E-01   -0.1805304572E-01    0.2565674797E+02
    0.6270000000E+00    0.1217169838E-01   -0.1575874546E-01    0.9998017988E+00    0.1309003573E-02   -0.1169707232E-01    0.1000000000E+01    0.1250552381E-01   -0.1587555041E-01    0.9997957686E+00   -0.3341373758E-02    0.9531414919E-02   -0.9460609947E+00   -0.3238311005E+00   -0.2962086094E-01   -0.1846536652E-01    0.2567722030E+02
    0.6275000000E+00    0.1197636450E-01   -0.1606309145E-01    0.9997993151E+00    0.1116903029E-02   -0.1179082271E-01    0.1000000000E+01    0.1231022610E-01   -0.1618638035E-01    0.9997932084E+00   -0.3328858965E-02    0.9602620302E-02   -0.9503510176E+00   -0.3110139092E+00   -0.2961571313E-01   -0.1888023292E-01    0.2569769258E+02
    0.6280000000E+00    0.1177463222E-01   -0.1636595219E-01    0.9997968003E+00    0.9220268773E-03   -0.1188185884E-01    0.1000000000E+01    0.1210841765E-01   -0.1649576514E-01    0.9997906161E+00   -0.3316016166E-02    0.9674226716E-02   -0.9544673989E+00   -0.2981398963E+00   -0.2960634345E-01   -0.1929761860E-01    0.2571816481E+02
    0.6285000000E+00    0.1156648793E-01   -0.1666720914E-01    0.9997942541E+00    0.7244046206E-03   -0.1197011668E-01    0.1000000000E+01    0.1190008347E-01   -0.1680358452E-01    0.9997879914E+00   -0.3302841898E-02    0.9746235505E-02   -0.9584093861E+00   -0.2852114140E+00   -0.2959270031E-01   -0.1971749653E-01    0.2573863698E+02
    0.6290000000E+00    0.1135191994E-01   -0.1696674280E-01    0.9997916759E+00    0.5240670368E-03   -0.1205553229E-01    0.1000000000E+01    0.1168521053E-01   -0.1710971722E-01    0.9997853337E+00   -0.3289332671E-02    0.9818648012E-02   -0.9621762586E+00   -0.2722308243E+00   -0.2957473208E-01   -0.2013983899E-01    0.2575910909E+02
    0.6295000000E+00    0.1113091855E-01   -0.1726443275E-01    0.9997890654E+00    0.3210461852E-03   -0.1213804188E-01    0.1000000000E+01    0.1146378780E-01   -0.1741404105E-01    0.9997826428E+00   -0.3275484969E-02    0.9891465574E-02   -0.9657673278E+00   -0.2592004991E+00   -0.2955238708E-01   -0.2056461758E-01    0.2577958115E+02
    0.6300000000E+00    0.1090347605E-01   -0.1756015766E-01    0.9997864222E+00    0.1153754123E-03   -0.1221758182E-01    0.1000000000E+01    0.1123580627E-01   -0.1771643285E-01    0.9997799182E+00   -0.3261295251E-02    0.9964689525E-02   -0.9691819369E+00   -0.2461228190E+00   -0.2952561359E-01   -0.2099180320E-01    0.2580005316E+02
    0.6305000000E+00    0.1066958676E-01   -0.1785379534E-01    0.9997837459E+00   -0.9291064348E-04   -0.1229408867E-01    0.1000000000E+01    0.1100125900E-01   -0.1801676856E-01    0.9997771594E+00   -0.3246759946E-02    0.1003832119E-01   -0.9724194619E+00   -0.2330001734E+00   -0.2949435988E-01   -0.2142136605E-01    0.2582052511E+02
    0.6310000000E+00    0.1042924706E-01   -0.1814522274E-01    0.9997810361E+00   -0.3037760466E-03   -0.1236749917E-01    0.1000000000E+01    0.1076014110E-01   -0.1831492327E-01    0.9997743661E+00   -0.3231875460E-02    0.1011236191E-01   -0.9754793106E+00   -0.2198349600E+00   -0.2945857420E-01   -0.2185327560E-01    0.2584099700E+02
    0.6315000000E+00    0.1018245542E-01   -0.1843431602E-01    0.9997782923E+00   -0.5171835603E-03   -0.1243775032E-01    0.1000000000E+01    0.1051244982E-01   -0.1861077119E-01    0.9997715378E+00   -0.3216638170E-02    0.1018681298E-01   -0.9783609237E+00   -0.2066295843E+00   -0.2941820478E-01   -0.2228750063E-01    0.2586146883E+02
    0.6320000000E+00    0.9929212405E-02   -0.1872095053E-01    0.9997755141E+00   -0.7330946424E-03   -0.1250477934E-01    0.1000000000E+01    0.1025818453E-01   -0.1890418573E-01    0.9997686740E+00   -0.3201044425E-02    0.1026167573E-01   -0.9810637741E+00   -0.1933864590E+00   -0.2937319983E-01   -0.2272400921E-01    0.2588194061E+02
    0.6325000000E+00    0.9669520726E-02   -0.1900500090E-01    0.9997727012E+00   -0.9514694418E-03   -0.1256852376E-01    0.1000000000E+01    0.9997346773E-02   -0.1919503953E-01    0.9997657744E+00   -0.3185090548E-02    0.1033695147E-01   -0.9835873675E+00   -0.1801080039E+00   -0.2932350760E-01   -0.2316276867E-01    0.2590241232E+02
    0.6330000000E+00    0.9403385255E-02   -0.1928634101E-01    0.9997698530E+00   -0.1172266795E-02   -0.1262892138E-01    0.1000000000E+01    0.9729940272E-02   -0.1948320445E-01    0.9997628384E+00   -0.3168772834E-02    0.1041264150E-01   -0.9859312425E+00   -0.1667966451E+00   -0.2926907632E-01   -0.2360374562E-01    0.2592288398E+02
    0.6335000000E+00    0.9130813049E-02   -0.1956484407E-01    0.9997669691E+00   -0.1395444224E-02   -0.1268591035E-01    0.1000000000E+01    0.9455970973E-02   -0.1976855166E-01    0.9997598657E+00   -0.3152087551E-02    0.1048874713E-01   -0.9880949703E+00   -0.1534548148E+00   -0.2920985423E-01   -0.2404690594E-01    0.2594335557E+02
    0.6340000000E+00    0.8851813381E-02   -0.1984038264E-01    0.9997640491E+00   -0.1620957932E-02   -0.1273942915E-01    0.1000000000E+01    0.9175447063E-02   -0.2005095163E-01    0.9997568558E+00   -0.3135030938E-02    0.1056526965E-01   -0.9900781551E+00   -0.1400849507E+00   -0.2914578963E-01   -0.2449221479E-01    0.2596382710E+02
    0.6345000000E+00    0.8566397759E-02   -0.2011282865E-01    0.9997610925E+00   -0.1848762803E-02   -0.1278941665E-01    0.1000000000E+01    0.8888378996E-02   -0.2033027418E-01    0.9997538081E+00   -0.3117599207E-02    0.1064221035E-01   -0.9918804341E+00   -0.1266894958E+00   -0.2907683081E-01   -0.2493963658E-01    0.2598429857E+02
    0.6350000000E+00    0.8274579954E-02   -0.2038205345E-01    0.9997580988E+00   -0.2078812401E-02   -0.1283581210E-01    0.1000000000E+01    0.8594779518E-02   -0.2060638853E-01    0.9997507223E+00   -0.3099788542E-02    0.1071957052E-01   -0.9935014775E+00   -0.1132708978E+00   -0.2900292613E-01   -0.2538913496E-01    0.2600476998E+02
    0.6355000000E+00    0.7976376021E-02   -0.2064792784E-01    0.9997550677E+00   -0.2311058967E-02   -0.1287855520E-01    0.1000000000E+01    0.8294663693E-02   -0.2087916330E-01    0.9997475978E+00   -0.3081595098E-02    0.1079735142E-01   -0.9949409887E+00   -0.9983160831E-01   -0.2892402398E-01   -0.2584067287E-01    0.2602524132E+02
    0.6360000000E+00    0.7671804326E-02   -0.2091032212E-01    0.9997519986E+00   -0.2545453416E-02   -0.1291758607E-01    0.1000000000E+01    0.7988048926E-02   -0.2114846658E-01    0.9997444341E+00   -0.3063015004E-02    0.1087555435E-01   -0.9961987041E+00   -0.8637408312E-01   -0.2884007281E-01   -0.2629421247E-01    0.2604571260E+02
    0.6365000000E+00    0.7360885566E-02   -0.2116910609E-01    0.9997488910E+00   -0.2781945344E-02   -0.1295284533E-01    0.1000000000E+01    0.7674954987E-02   -0.2141416594E-01    0.9997412309E+00   -0.3044044356E-02    0.1095418056E-01   -0.9972743934E+00   -0.7290078116E-01   -0.2875102113E-01   -0.2674971518E-01    0.2606618381E+02
    0.6370000000E+00    0.7043642791E-02   -0.2142414911E-01    0.9997457445E+00   -0.3020483018E-02   -0.1298427409E-01    0.1000000000E+01    0.7355404032E-02   -0.2167612850E-01    0.9997379875E+00   -0.3024679226E-02    0.1103323131E-01   -0.9981678597E+00   -0.5941416432E-01   -0.2865681754E-01   -0.2720714164E-01    0.2608665495E+02
    0.6375000000E+00    0.6720101429E-02   -0.2167532016E-01    0.9997425586E+00   -0.3261013386E-02   -0.1301181397E-01    0.1000000000E+01    0.7029420629E-02   -0.2193422092E-01    0.9997347035E+00   -0.3004915653E-02    0.1111270787E-01   -0.9988789392E+00   -0.4591669693E-01   -0.2855741068E-01   -0.2766645176E-01    0.2610712603E+02
    0.6380000000E+00    0.6390289304E-02   -0.2192248784E-01    0.9997393328E+00   -0.3503482072E-02   -0.1303540717E-01    0.1000000000E+01    0.6697031778E-02   -0.2218830951E-01    0.9997313783E+00   -0.2984749650E-02    0.1119261148E-01   -0.9994075014E+00   -0.3241084531E-01   -0.2845274932E-01   -0.2812760466E-01    0.2612759704E+02
    0.6385000000E+00    0.6054236659E-02   -0.2216552042E-01    0.9997360666E+00   -0.3747833378E-02   -0.1305499646E-01    0.1000000000E+01    0.6358266932E-02   -0.2243826018E-01    0.9997280115E+00   -0.2964177198E-02    0.1127294338E-01   -0.9997534492E+00   -0.1889907732E-01   -0.2834278230E-01   -0.2859055869E-01    0.2614806798E+02
    0.6390000000E+00    0.5711976176E-02   -0.2240428588E-01    0.9997327595E+00   -0.3994010289E-02   -0.1307052519E-01    0.1000000000E+01    0.6013158022E-02   -0.2268393855E-01    0.9997246026E+00   -0.2943194253E-02    0.1135370481E-01   -0.9999167190E+00   -0.5383861942E-02   -0.2822745856E-01   -0.2905527143E-01    0.2616853885E+02
    0.6395000000E+00    0.5363542996E-02   -0.2263865198E-01    0.9997294109E+00   -0.4241954473E-02   -0.1308193736E-01    0.1000000000E+01    0.5661739472E-02   -0.2292520998E-01    0.9997211509E+00   -0.2921796739E-02    0.1143489699E-01   -0.9998972804E+00    0.8132331221E-02   -0.2810672716E-01   -0.2952169968E-01    0.2618900965E+02
    0.6400000000E+00    0.5008974737E-02   -0.2286848625E-01    0.9997260204E+00   -0.4491606282E-02   -0.1308917764E-01    0.1000000000E+01    0.5304048221E-02   -0.2316193957E-01    0.9997176560E+00   -0.2899980549E-02    0.1151652116E-01   -0.9996951365E+00    0.2164703236E-01   -0.2798053729E-01   -0.2998979946E-01    0.2620948037E+02
    0.6405000000E+00    0.4648311514E-02   -0.2309365607E-01    0.9997225874E+00   -0.4742904758E-02   -0.1309219136E-01    0.1000000000E+01    0.4940123745E-02   -0.2339399224E-01    0.9997141174E+00   -0.2877741549E-02    0.1159857852E-01   -0.9993103235E+00    0.3515777192E-01   -0.2784883827E-01   -0.3045952599E-01    0.2622995103E+02
    0.6410000000E+00    0.4281595955E-02   -0.2331402867E-01    0.9997191114E+00   -0.4995787637E-02   -0.1309092456E-01    0.1000000000E+01    0.4570008073E-02   -0.2362123276E-01    0.9997105344E+00   -0.2855075573E-02    0.1168107029E-01   -0.9987429114E+00    0.4866208107E-01   -0.2771157953E-01   -0.3093083373E-01    0.2625042161E+02
    0.6415000000E+00    0.3908873223E-02   -0.2352947122E-01    0.9997155919E+00   -0.5250191351E-02   -0.1308532403E-01    0.1000000000E+01    0.4193745803E-02   -0.2384352581E-01    0.9997069065E+00   -0.2831978425E-02    0.1176399766E-01   -0.9979930032E+00    0.6215749211E-01   -0.2756871068E-01   -0.3140367632E-01    0.2627089211E+02
    0.6420000000E+00    0.3530191028E-02   -0.2373985086E-01    0.9997120282E+00   -0.5506051034E-02   -0.1307533731E-01    0.1000000000E+01    0.3811384126E-02   -0.2406073599E-01    0.9997032332E+00   -0.2808445880E-02    0.1184736183E-01   -0.9970607355E+00    0.7564153896E-01   -0.2742018147E-01   -0.3187800661E-01    0.2629136254E+02
    0.6425000000E+00    0.3145599645E-02   -0.2394503472E-01    0.9997084200E+00   -0.5763300524E-02   -0.1306091274E-01    0.1000000000E+01    0.3422972835E-02   -0.2427272789E-01    0.9996995139E+00   -0.2784473682E-02    0.1193116399E-01   -0.9959462780E+00    0.8911175763E-01   -0.2726594181E-01   -0.3235377666E-01    0.2631183290E+02
    0.6430000000E+00    0.2755151930E-02   -0.2414488999E-01    0.9997047665E+00   -0.6021872377E-02   -0.1304199947E-01    0.1000000000E+01    0.3028564349E-02   -0.2447936611E-01    0.9996957480E+00   -0.2760057544E-02    0.1201540531E-01   -0.9946498339E+00    0.1025656866E+00   -0.2710594180E-01   -0.3283093772E-01    0.2633230318E+02
    0.6435000000E+00    0.2358903335E-02   -0.2433928394E-01    0.9997010673E+00   -0.6281697862E-02   -0.1301854750E-01    0.1000000000E+01    0.2628213722E-02   -0.2468051536E-01    0.9996919349E+00   -0.2735193148E-02    0.1210008696E-01   -0.9931716395E+00    0.1160008673E+00   -0.2694013172E-01   -0.3330944023E-01    0.2635277338E+02
    0.6440000000E+00    0.1956911921E-02   -0.2452808399E-01    0.9996973217E+00   -0.6542706976E-02   -0.1299050770E-01    0.1000000000E+01    0.2221978662E-02   -0.2487604042E-01    0.9996880741E+00   -0.2709876147E-02    0.1218521011E-01   -0.9915119642E+00    0.1294148446E+00   -0.2676846202E-01   -0.3378923383E-01    0.2637324350E+02
    0.6445000000E+00    0.1549238373E-02   -0.2471115773E-01    0.9996935292E+00   -0.6804828448E-02   -0.1295783183E-01    0.1000000000E+01    0.1809919542E-02   -0.2506580627E-01    0.9996841650E+00   -0.2684102161E-02    0.1227077590E-01   -0.9896711110E+00    0.1428051672E+00   -0.2659088339E-01   -0.3427026732E-01    0.2639371353E+02
    0.6450000000E+00    0.1135946013E-02   -0.2488837301E-01    0.9996896893E+00   -0.7067989746E-02   -0.1292047258E-01    0.1000000000E+01    0.1392099417E-02   -0.2524967808E-01    0.9996802068E+00   -0.2657866779E-02    0.1235678549E-01   -0.9876494154E+00    0.1561693882E+00   -0.2640734670E-01   -0.3475248874E-01    0.2641418349E+02
    0.6455000000E+00    0.7171008099E-03   -0.2505959793E-01    0.9996858012E+00   -0.7332117086E-02   -0.1287838360E-01    0.1000000000E+01    0.9685840351E-03   -0.2542752128E-01    0.9996761991E+00   -0.2631165558E-02    0.1244324001E-01   -0.9854472465E+00    0.1695050652E+00   -0.2621780306E-01   -0.3523584525E-01    0.2643465337E+02
    0.6460000000E+00    0.2927713943E-03   -0.2522470092E-01    0.9996818644E+00   -0.7597135442E-02   -0.1283151950E-01    0.1000000000E+01    0.5394418485E-03   -0.2559920161E-01    0.9996721413E+00   -0.2603994025E-02    0.1253014059E-01   -0.9830650060E+00    0.1828097614E+00   -0.2602220379E-01   -0.3572028323E-01    0.2645512316E+02
    0.6465000000E+00   -0.1369709335E-03   -0.2538355078E-01    0.9996778783E+00   -0.7862968551E-02   -0.1277983592E-01    0.1000000000E+01    0.1047440260E-03   -0.2576458516E-01    0.9996680326E+00   -0.2576347675E-02    0.1261748835E-01   -0.9805031286E+00    0.1960810452E+00   -0.2582050048E-01   -0.3620574822E-01    0.2647559287E+02
    0.6470000000E+00   -0.5720521927E-03   -0.2553601674E-01    0.9996738423E+00   -0.8129538929E-02   -0.1272328952E-01    0.1000000000E+01   -0.3354355365E-03   -0.2592353842E-01    0.9996638724E+00   -0.2548221969E-02    0.1270528440E-01   -0.9777620819E+00    0.2093164913E+00   -0.2561264494E-01   -0.3669218493E-01    0.2649606249E+02
    0.6475000000E+00   -0.1012395713E-02   -0.2568196848E-01    0.9996697557E+00   -0.8396767875E-02   -0.1266183803E-01    0.1000000000E+01   -0.7810202070E-03   -0.2607592833E-01    0.9996596601E+00   -0.2519612339E-02    0.1279352984E-01   -0.9748423662E+00    0.2225136811E+00   -0.2539858925E-01   -0.3717953725E-01    0.2651653203E+02
    0.6480000000E+00   -0.1457922124E-02   -0.2582127622E-01    0.9996656179E+00   -0.8664575488E-02   -0.1259544026E-01    0.1000000000E+01   -0.1231930608E-02   -0.2622162234E-01    0.9996553951E+00   -0.2490514184E-02    0.1288222576E-01   -0.9717445144E+00    0.2356702026E+00   -0.2517828578E-01   -0.3766774824E-01    0.2653700148E+02
    0.6485000000E+00   -0.1908549352E-02   -0.2595381073E-01    0.9996614283E+00   -0.8932880670E-02   -0.1252405614E-01    0.1000000000E+01   -0.1688084606E-02   -0.2636048844E-01    0.9996510767E+00   -0.2460922870E-02    0.1297137324E-01   -0.9684690919E+00    0.2487836516E+00   -0.2495168715E-01   -0.3815676011E-01    0.2655747084E+02
    0.6490000000E+00   -0.2364192610E-02   -0.2607944339E-01    0.9996571863E+00   -0.9201601145E-02   -0.1244764674E-01    0.1000000000E+01   -0.2149397311E-02   -0.2649239523E-01    0.9996467042E+00   -0.2430833730E-02    0.1306097336E-01   -0.9650166968E+00    0.2618516313E+00   -0.2471874630E-01   -0.3864651425E-01    0.2657794011E+02
    0.6495000000E+00   -0.2824764389E-02   -0.2619804626E-01    0.9996528911E+00   -0.9470653471E-02   -0.1236617431E-01    0.1000000000E+01   -0.2615781060E-02   -0.2661721193E-01    0.9996422769E+00   -0.2400242065E-02    0.1315102718E-01   -0.9613879593E+00    0.2748717537E+00   -0.2447941644E-01   -0.3913695119E-01    0.2659840929E+02
    0.6500000000E+00   -0.3290174461E-02   -0.2630949211E-01    0.9996485421E+00   -0.9739953047E-02   -0.1227960228E-01    0.1000000000E+01   -0.3087145419E-02   -0.2673480852E-01    0.9996377942E+00   -0.2369143143E-02    0.1324153574E-01   -0.9575835419E+00    0.2878416390E+00   -0.2423365111E-01   -0.3962801066E-01    0.2661887837E+02
    0.6505000000E+00   -0.3760329866E-02   -0.2641365448E-01    0.9996441386E+00   -0.1000941413E-01   -0.1218789533E-01    0.1000000000E+01   -0.3563397177E-02   -0.2684505568E-01    0.9996332554E+00   -0.2337532198E-02    0.1333250010E-01   -0.9536041391E+00    0.3007589171E+00   -0.2398140417E-01   -0.4011963149E-01    0.2663934737E+02
    0.6510000000E+00   -0.4235134913E-02   -0.2651040772E-01    0.9996396800E+00   -0.1027894986E-01   -0.1209101937E-01    0.1000000000E+01   -0.4044440337E-02   -0.2694782494E-01    0.9996286597E+00   -0.2305404432E-02    0.1342392128E-01   -0.9494504776E+00    0.3136212270E+00   -0.2372262981E-01   -0.4061175172E-01    0.2665981627E+02
    0.6515000000E+00   -0.4714491177E-02   -0.2659962707E-01    0.9996351655E+00   -0.1054847224E-01   -0.1198894160E-01    0.1000000000E+01   -0.4530176121E-02   -0.2704298865E-01    0.9996240065E+00   -0.2272755013E-02    0.1351580031E-01   -0.9451233157E+00    0.3264262180E+00   -0.2345728255E-01   -0.4110430850E-01    0.2668028507E+02
    0.6520000000E+00   -0.5198297496E-02   -0.2668118868E-01    0.9996305945E+00   -0.1081789221E-01   -0.1188163051E-01    0.1000000000E+01   -0.5020502959E-02   -0.2713042010E-01    0.9996192950E+00   -0.2239579078E-02    0.1360813819E-01   -0.9406234436E+00    0.3391715497E+00   -0.2318531730E-01   -0.4159723816E-01    0.2670075378E+02
    0.6525000000E+00   -0.5686449971E-02   -0.2675496967E-01    0.9996259662E+00   -0.1108711959E-01   -0.1176905594E-01    0.1000000000E+01   -0.5515316495E-02   -0.2720999355E-01    0.9996145245E+00   -0.2205871726E-02    0.1370093592E-01   -0.9359516830E+00    0.3518548929E+00   -0.2290668929E-01   -0.4209047616E-01    0.2672122239E+02
    0.6530000000E+00   -0.6178841966E-02   -0.2682084819E-01    0.9996212800E+00   -0.1135606316E-01   -0.1165118909E-01    0.1000000000E+01   -0.6014509580E-02   -0.2728158426E-01    0.9996096943E+00   -0.2171628024E-02    0.1379419450E-01   -0.9311088868E+00    0.3644739293E+00   -0.2262135415E-01   -0.4258395712E-01    0.2674169090E+02
    0.6535000000E+00   -0.6675364107E-02   -0.2687870349E-01    0.9996165351E+00   -0.1162463065E-01   -0.1152800253E-01    0.1000000000E+01   -0.6517972279E-02   -0.2734506856E-01    0.9996048036E+00   -0.2136843006E-02    0.1388791489E-01   -0.9260959396E+00    0.3770263525E+00   -0.2232926788E-01   -0.4307761480E-01    0.2676215931E+02
    0.6540000000E+00   -0.7175904286E-02   -0.2692841593E-01    0.9996117308E+00   -0.1189272873E-01   -0.1139947024E-01    0.1000000000E+01   -0.7025591867E-02   -0.2740032394E-01    0.9995998517E+00   -0.2101511670E-02    0.1398209806E-01   -0.9209137566E+00    0.3895098682E+00   -0.2203038691E-01   -0.4357138211E-01    0.2678262761E+02
    0.6545000000E+00   -0.7680347663E-02   -0.2696986708E-01    0.9996068663E+00   -0.1216026309E-01   -0.1126556766E-01    0.1000000000E+01   -0.7537252834E-02   -0.2744722903E-01    0.9995948377E+00   -0.2065628981E-02    0.1407674497E-01   -0.9155632844E+00    0.4019221949E+00   -0.2172466803E-01   -0.4406519111E-01    0.2680309582E+02
    0.6550000000E+00   -0.8188576671E-02   -0.2700293972E-01    0.9996019408E+00   -0.1242713840E-01   -0.1112627167E-01    0.1000000000E+01   -0.8052836887E-02   -0.2748566374E-01    0.9995897610E+00   -0.2029189867E-02    0.1417185655E-01   -0.9100454999E+00    0.4142610637E+00   -0.2141206849E-01   -0.4455897298E-01    0.2682356392E+02
    0.6555000000E+00   -0.8700471015E-02   -0.2702751796E-01    0.9995969537E+00   -0.1269325836E-01   -0.1098156067E-01    0.1000000000E+01   -0.8572222955E-02   -0.2751550924E-01    0.9995846207E+00   -0.1992189223E-02    0.1426743374E-01   -0.9043614110E+00    0.4265242195E+00   -0.2109254595E-01   -0.4505265807E-01    0.2684403191E+02
    0.6560000000E+00   -0.9215907688E-02   -0.2704348726E-01    0.9995919041E+00   -0.1295852574E-01   -0.1083141454E-01    0.1000000000E+01   -0.9095287195E-02   -0.2753664806E-01    0.9995794160E+00   -0.1954621913E-02    0.1436347744E-01   -0.8985120557E+00    0.4387094206E+00   -0.2076605852E-01   -0.4554617584E-01    0.2686449980E+02
    0.6565000000E+00   -0.9734760966E-02   -0.2705073446E-01    0.9995867913E+00   -0.1322284232E-01   -0.1067581472E-01    0.1000000000E+01   -0.9621902997E-02   -0.2754896413E-01    0.9995741462E+00   -0.1916482760E-02    0.1445998857E-01   -0.8924985023E+00    0.4508144399E+00   -0.2043256475E-01   -0.4603945491E-01    0.2688496758E+02
    0.6570000000E+00   -0.1025690242E-01   -0.2704914788E-01    0.9995816145E+00   -0.1348610900E-01   -0.1051474422E-01    0.1000000000E+01   -0.1015194099E-01   -0.2755234286E-01    0.9995688103E+00   -0.1877766554E-02    0.1455696802E-01   -0.8863218492E+00    0.4628370646E+00   -0.2009202368E-01   -0.4653242304E-01    0.2690543525E+02
    0.6575000000E+00   -0.1078220094E-01   -0.2703861735E-01    0.9995763728E+00   -0.1374822578E-01   -0.1034818764E-01    0.1000000000E+01   -0.1068526905E-01   -0.2754667114E-01    0.9995634077E+00   -0.1838468049E-02    0.1465441666E-01   -0.8799832244E+00    0.4747750972E+00   -0.1974439479E-01   -0.4702500711E-01    0.2692590281E+02
    0.6580000000E+00   -0.1131052270E-01   -0.2701903429E-01    0.9995710655E+00   -0.1400909177E-01   -0.1017613120E-01    0.1000000000E+01   -0.1122175232E-01   -0.2753183746E-01    0.9995579375E+00   -0.1798581965E-02    0.1475233535E-01   -0.8734837856E+00    0.4866263556E+00   -0.1938963809E-01   -0.4751713316E-01    0.2694637026E+02
    0.6585000000E+00   -0.1184173123E-01   -0.2699029171E-01    0.9995656917E+00   -0.1426860526E-01   -0.9998562744E-02    0.1000000000E+01   -0.1176125320E-01   -0.2750773193E-01    0.9995523987E+00   -0.1758102984E-02    0.1485072496E-01   -0.8668247201E+00    0.4983886733E+00   -0.1902771405E-01   -0.4800872636E-01    0.2696683759E+02
    0.6590000000E+00   -0.1237568737E-01   -0.2695228434E-01    0.9995602506E+00   -0.1452666367E-01   -0.9815471807E-02    0.1000000000E+01   -0.1230363136E-01   -0.2747424634E-01    0.9995467906E+00   -0.1717025753E-02    0.1494958631E-01   -0.8600072441E+00    0.5100599003E+00   -0.1865858369E-01   -0.4849971101E-01    0.2698730481E+02
    0.6595000000E+00   -0.1291224932E-01   -0.2690490862E-01    0.9995547414E+00   -0.1478316365E-01   -0.9626849602E-02    0.1000000000E+01   -0.1284874379E-01   -0.2743127423E-01    0.9995411123E+00   -0.1675344884E-02    0.1504892023E-01   -0.8530326028E+00    0.5216379030E+00   -0.1828220851E-01   -0.4899001054E-01    0.2700777191E+02
    0.6600000000E+00   -0.1345127265E-01   -0.2684806282E-01    0.9995491632E+00   -0.1503800106E-01   -0.9432689061E-02    0.1000000000E+01   -0.1339644476E-01   -0.2737871093E-01    0.9995353628E+00   -0.1633054952E-02    0.1514872753E-01   -0.8459020702E+00    0.5331205649E+00   -0.1789855059E-01   -0.4947954755E-01    0.2702823889E+02
    0.6605000000E+00   -0.1399261030E-01   -0.2678164702E-01    0.9995435151E+00   -0.1529107100E-01   -0.9232984852E-02    0.1000000000E+01   -0.1394658588E-01   -0.2731645365E-01    0.9995295414E+00   -0.1590150495E-02    0.1524900900E-01   -0.8386169489E+00    0.5445057871E+00   -0.1750757253E-01   -0.4996824373E-01    0.2704870576E+02
    0.6610000000E+00   -0.1453611258E-01   -0.2670556324E-01    0.9995377963E+00   -0.1554226782E-01   -0.9027733409E-02    0.1000000000E+01   -0.1449901606E-01   -0.2724440149E-01    0.9995236472E+00   -0.1546626015E-02    0.1534976544E-01   -0.8311785695E+00    0.5557914881E+00   -0.1710923750E-01   -0.5045601995E-01    0.2706917250E+02
    0.6615000000E+00   -0.1508162725E-01   -0.2661971544E-01    0.9995320059E+00   -0.1579148521E-01   -0.8816932950E-02    0.1000000000E+01   -0.1505358159E-01   -0.2716245552E-01    0.9995176791E+00   -0.1502475978E-02    0.1545099759E-01   -0.8235882908E+00    0.5669756048E+00   -0.1670350923E-01   -0.5094279618E-01    0.2708963912E+02
    0.6620000000E+00   -0.1562899946E-01   -0.2652400962E-01    0.9995261430E+00   -0.1603861613E-01   -0.8600583503E-02    0.1000000000E+01   -0.1561012613E-01   -0.2707051885E-01    0.9995116363E+00   -0.1457694810E-02    0.1555270622E-01   -0.8158474993E+00    0.5780560927E+00   -0.1629035204E-01   -0.5142849157E-01    0.2711010562E+02
    0.6625000000E+00   -0.1617807183E-01   -0.2641835385E-01    0.9995202067E+00   -0.1628355293E-01   -0.8378686926E-02    0.1000000000E+01   -0.1616849071E-01   -0.2696849668E-01    0.9995055179E+00   -0.1412276901E-02    0.1565489206E-01   -0.8079576091E+00    0.5890309259E+00   -0.1586973087E-01   -0.5191302436E-01    0.2713057199E+02
    0.6630000000E+00   -0.1672868442E-01   -0.2630265831E-01    0.9995141960E+00   -0.1652618731E-01   -0.8151246933E-02    0.1000000000E+01   -0.1672851377E-01   -0.2685629634E-01    0.9994993228E+00   -0.1366216606E-02    0.1575755583E-01   -0.7999200614E+00    0.5998980982E+00   -0.1544161123E-01   -0.5239631197E-01    0.2715103823E+02
    0.6635000000E+00   -0.1728067481E-01   -0.2617683541E-01    0.9995081101E+00   -0.1676641038E-01   -0.7918269112E-02    0.1000000000E+01   -0.1729003118E-01   -0.2673382736E-01    0.9994930502E+00   -0.1319508240E-02    0.1586069824E-01   -0.7917363246E+00    0.6106556226E+00   -0.1500595927E-01   -0.5287827094E-01    0.2717150434E+02
    0.6640000000E+00   -0.1783387805E-01   -0.2604079978E-01    0.9995019480E+00   -0.1700411267E-01   -0.7679760949E-02    0.1000000000E+01   -0.1785287627E-01   -0.2660100155E-01    0.9994866991E+00   -0.1272146082E-02    0.1596431997E-01   -0.7834078937E+00    0.6213015325E+00   -0.1456274178E-01   -0.5335881694E-01    0.2719197033E+02
    0.6645000000E+00   -0.1838812675E-01   -0.2589446836E-01    0.9994957087E+00   -0.1723918420E-01   -0.7435731851E-02    0.1000000000E+01   -0.1841687983E-01   -0.2645773300E-01    0.9994802685E+00   -0.1224124373E-02    0.1606842171E-01   -0.7749362900E+00    0.6318338814E+00   -0.1411192620E-01   -0.5383786482E-01    0.2721243618E+02
    0.6650000000E+00   -0.1894325108E-01   -0.2573776043E-01    0.9994893913E+00   -0.1747151446E-01   -0.7186193162E-02    0.1000000000E+01   -0.1898187014E-01   -0.2630393821E-01    0.9994737573E+00   -0.1175437316E-02    0.1617300409E-01   -0.7663230614E+00    0.6422507438E+00   -0.1365348060E-01   -0.5431532852E-01    0.2723290190E+02
    0.6655000000E+00   -0.1949907875E-01   -0.2557059772E-01    0.9994829948E+00   -0.1770099244E-01   -0.6931158187E-02    0.1000000000E+01   -0.1954767303E-01   -0.2613953610E-01    0.9994671647E+00   -0.1126079073E-02    0.1627806778E-01   -0.7575697813E+00    0.6525502149E+00   -0.1318737375E-01   -0.5479112117E-01    0.2725336748E+02
    0.6660000000E+00   -0.2005543513E-01   -0.2539290440E-01    0.9994765181E+00   -0.1792750673E-01   -0.6670642214E-02    0.1000000000E+01   -0.2011411185E-01   -0.2596444805E-01    0.9994604895E+00   -0.1076043772E-02    0.1638361338E-01   -0.7486780488E+00    0.6627304117E+00   -0.1271357511E-01   -0.5526515502E-01    0.2727383293E+02
    0.6665000000E+00   -0.2061214319E-01   -0.2520460719E-01    0.9994699604E+00   -0.1815094546E-01   -0.6404662527E-02    0.1000000000E+01   -0.2068100754E-01   -0.2577859803E-01    0.9994537308E+00   -0.1025325499E-02    0.1648964151E-01   -0.7396494885E+00    0.6727894727E+00   -0.1223205480E-01   -0.5573734148E-01    0.2729429823E+02
    0.6670000000E+00   -0.2116902358E-01   -0.2500563536E-01    0.9994633206E+00   -0.1837119638E-01   -0.6133238435E-02    0.1000000000E+01   -0.2124817865E-01   -0.2558191257E-01    0.9994468874E+00   -0.9739183030E-03    0.1659615275E-01   -0.7304857499E+00    0.6827255586E+00   -0.1174278370E-01   -0.5620759111E-01    0.2731476340E+02
    0.6675000000E+00   -0.2172589463E-01   -0.2479592086E-01    0.9994565977E+00   -0.1858814690E-01   -0.5856391282E-02    0.1000000000E+01   -0.2181544135E-01   -0.2537432089E-01    0.9994399584E+00   -0.9218161933E-03    0.1670314768E-01   -0.7211885071E+00    0.6925368527E+00   -0.1124573338E-01   -0.5667581360E-01    0.2733522842E+02
    0.6680000000E+00   -0.2228257242E-01   -0.2457539830E-01    0.9994497906E+00   -0.1880168411E-01   -0.5574144469E-02    0.1000000000E+01   -0.2238260948E-01   -0.2515575491E-01    0.9994329427E+00   -0.8690131409E-03    0.1681062686E-01   -0.7117594588E+00    0.7022215608E+00   -0.1074087615E-01   -0.5714191783E-01    0.2735569330E+02
    0.6685000000E+00   -0.2283887076E-01   -0.2434400507E-01    0.9994428982E+00   -0.1901169479E-01   -0.5286523476E-02    0.1000000000E+01   -0.2294949458E-01   -0.2492614933E-01    0.9994258391E+00   -0.8155030772E-03    0.1691859080E-01   -0.7022003277E+00    0.7117779120E+00   -0.1022818508E-01   -0.5760581179E-01    0.2737615803E+02
    0.6690000000E+00   -0.2339460127E-01   -0.2410168134E-01    0.9994359196E+00   -0.1921806549E-01   -0.4993555871E-02    0.1000000000E+01   -0.2351590594E-01   -0.2468544168E-01    0.9994186466E+00   -0.7612798945E-03    0.1702704005E-01   -0.6925128604E+00    0.7212041587E+00   -0.9707634012E-02   -0.5806740267E-01    0.2739662262E+02
    0.6695000000E+00   -0.2394957338E-01   -0.2384837014E-01    0.9994288536E+00   -0.1942068252E-01   -0.4695271337E-02    0.1000000000E+01   -0.2408165059E-01   -0.2443357235E-01    0.9994113641E+00   -0.7063374449E-03    0.1713597508E-01   -0.6826988267E+00    0.7304985773E+00   -0.9179197541E-02   -0.5852659680E-01    0.2741708706E+02
    0.6700000000E+00   -0.2450359440E-01   -0.2358401743E-01    0.9994216991E+00   -0.1961943201E-01   -0.4391701679E-02    0.1000000000E+01   -0.2464653337E-01   -0.2417048471E-01    0.9994039905E+00   -0.6506695407E-03    0.1724539639E-01   -0.6727600200E+00    0.7396594679E+00   -0.8642851068E-02   -0.5898329966E-01    0.2743755134E+02
    0.6705000000E+00   -0.2505646952E-01   -0.2330857214E-01    0.9994144551E+00   -0.1981419996E-01   -0.4082880849E-02    0.1000000000E+01   -0.2521035697E-01   -0.2389612509E-01    0.9993965245E+00   -0.5942699543E-03    0.1735530444E-01   -0.6626982561E+00    0.7486851552E+00   -0.8098570791E-02   -0.5943741593E-01    0.2745801547E+02
    0.6710000000E+00   -0.2560800187E-01   -0.2302198621E-01    0.9994071204E+00   -0.2000487221E-01   -0.3768844954E-02    0.1000000000E+01   -0.2577292194E-01   -0.2361044290E-01    0.9993889651E+00   -0.5371324174E-03    0.1746569966E-01   -0.6525153735E+00    0.7575739886E+00   -0.7546333728E-02   -0.5988884943E-01    0.2747847945E+02
    0.6715000000E+00   -0.2615799256E-01   -0.2272421466E-01    0.9993996938E+00   -0.2019133457E-01   -0.3449632276E-02    0.1000000000E+01   -0.2633402675E-01   -0.2331339063E-01    0.9993813111E+00   -0.4792506219E-03    0.1757658248E-01   -0.6422132328E+00    0.7663243423E+00   -0.6986117725E-02   -0.6033750317E-01    0.2749894327E+02
    0.6720000000E+00   -0.2670624072E-01   -0.2241521564E-01    0.9993921743E+00   -0.2037347279E-01   -0.3125283288E-02    0.1000000000E+01   -0.2689346784E-01   -0.2300492397E-01    0.9993735613E+00   -0.4206182192E-03    0.1768795330E-01   -0.6317937165E+00    0.7749346160E+00   -0.6417901473E-02   -0.6078327931E-01    0.2751940693E+02
    0.6725000000E+00   -0.2725254352E-01   -0.2209495050E-01    0.9993845606E+00   -0.2055117260E-01   -0.2795840660E-02    0.1000000000E+01   -0.2745103963E-01   -0.2268500177E-01    0.9993657145E+00   -0.3612288211E-03    0.1779981250E-01   -0.6212587285E+00    0.7834032349E+00   -0.5841664521E-02   -0.6122607922E-01    0.2753987042E+02
    0.6730000000E+00   -0.2779669624E-01   -0.2176338380E-01    0.9993768516E+00   -0.2072431978E-01   -0.2461349282E-02    0.1000000000E+01   -0.2800653460E-01   -0.2235358620E-01    0.9993577694E+00   -0.3010759986E-03    0.1791216045E-01   -0.6106101937E+00    0.7917286500E+00   -0.5257387290E-02   -0.6166580342E-01    0.2756033376E+02
    0.6735000000E+00   -0.2833849231E-01   -0.2142048341E-01    0.9993690461E+00   -0.2089280019E-01   -0.2121856271E-02    0.1000000000E+01   -0.2855974331E-01   -0.2201064273E-01    0.9993497250E+00   -0.2401532798E-03    0.1802499749E-01   -0.5998500580E+00    0.7999093384E+00   -0.4665051082E-02   -0.6210235164E-01    0.2758079693E+02
    0.6740000000E+00   -0.2887772333E-01   -0.2106622053E-01    0.9993611429E+00   -0.2105649978E-01   -0.1777410986E-02    0.1000000000E+01   -0.2911045444E-01   -0.2165614021E-01    0.9993415798E+00   -0.1784541523E-03    0.1813832393E-01   -0.5889802877E+00    0.8079438038E+00   -0.4064638100E-02   -0.6253562279E-01    0.2760125993E+02
    0.6745000000E+00   -0.2941417915E-01   -0.2070056975E-01    0.9993531408E+00   -0.2121530466E-01   -0.1428065039E-02    0.1000000000E+01   -0.2965845484E-01   -0.2129005091E-01    0.9993333327E+00   -0.1159720626E-03    0.1825214008E-01   -0.5780028690E+00    0.8158305764E+00   -0.3456131459E-02   -0.6296551498E-01    0.2762172277E+02
    0.6750000000E+00   -0.2994764790E-01   -0.2032350912E-01    0.9993450385E+00   -0.2136910113E-01   -0.1073872305E-02    0.1000000000E+01   -0.3020352963E-01   -0.2091235060E-01    0.9993249824E+00   -0.5270041525E-04    0.1836644621E-01   -0.5669198080E+00    0.8235682134E+00   -0.2839515200E-02   -0.6339192551E-01    0.2764218543E+02
    0.6755000000E+00   -0.3047791602E-01   -0.1993502017E-01    0.9993368348E+00   -0.2151777571E-01   -0.7148889350E-03    0.1000000000E+01   -0.3074546214E-01   -0.2052301856E-01    0.9993165276E+00    0.1136742665E-04    0.1848124258E-01   -0.5557331299E+00    0.8311552995E+00   -0.2214774304E-02   -0.6381475088E-01    0.2766264791E+02
    0.6760000000E+00   -0.3100476835E-01   -0.1953508797E-01    0.9993285284E+00   -0.2166121519E-01   -0.3511733643E-03    0.1000000000E+01   -0.3128403407E-01   -0.2012203766E-01    0.9993079670E+00    0.7623814179E-04    0.1859652942E-01   -0.5444448790E+00    0.8385904465E+00   -0.1581894705E-02   -0.6423388680E-01    0.2768311023E+02
    0.6765000000E+00   -0.3152798815E-01   -0.1912370120E-01    0.9993201180E+00   -0.2179930669E-01    0.1721367746E-04    0.1000000000E+01   -0.3181902547E-01   -0.1970939442E-01    0.9992992993E+00    0.1419184509E-03    0.1871230695E-01   -0.5330571183E+00    0.8458722942E+00   -0.9408633067E-03   -0.6464922821E-01    0.2770357236E+02
    0.6770000000E+00   -0.3204735718E-01   -0.1870085215E-01    0.9993116023E+00   -0.2193193765E-01    0.3902091581E-03    0.1000000000E+01   -0.3235021483E-01   -0.1928507904E-01    0.9992905230E+00    0.2084151170E-03    0.1882857535E-01   -0.5215719288E+00    0.8529995102E+00   -0.2916679940E-03   -0.6506066923E-01    0.2772403431E+02
    0.6775000000E+00   -0.3256265572E-01   -0.1826653684E-01    0.9993029801E+00   -0.2205899592E-01    0.7677477344E-03    0.1000000000E+01   -0.3287737912E-01   -0.1884908543E-01    0.9992816370E+00    0.2757349457E-03    0.1894533478E-01   -0.5099914095E+00    0.8599707905E+00    0.3657023524E-03   -0.6546810323E-01    0.2774449609E+02
    0.6780000000E+00   -0.3307366263E-01   -0.1782075501E-01    0.9992942499E+00   -0.2218036979E-01    0.1149761745E-02    0.1000000000E+01   -0.3340029383E-01   -0.1840141130E-01    0.9992726398E+00    0.3438847853E-03    0.1906258539E-01   -0.4983176767E+00    0.8667848595E+00    0.1031257842E-02   -0.6587142279E-01    0.2776495767E+02
    0.6785000000E+00   -0.3358015543E-01   -0.1736351017E-01    0.9992854105E+00   -0.2229594801E-01    0.1536181203E-02    0.1000000000E+01   -0.3391873305E-01   -0.1794205821E-01    0.9992635299E+00    0.4128715272E-03    0.1918032731E-01   -0.4865528640E+00    0.8734404703E+00    0.1705007561E-02   -0.6627051975E-01    0.2778541907E+02
    0.6790000000E+00   -0.3408191033E-01   -0.1689480969E-01    0.9992764604E+00   -0.2240561985E-01    0.1926933791E-02    0.1000000000E+01   -0.3443246952E-01   -0.1747103155E-01    0.9992543061E+00    0.4827021060E-03    0.1929856061E-01   -0.4746991215E+00    0.8799364049E+00    0.2386959556E-02   -0.6666528515E-01    0.2780588028E+02
    0.6795000000E+00   -0.3457870232E-01   -0.1641466479E-01    0.9992673983E+00   -0.2250927516E-01    0.2321944855E-02    0.1000000000E+01   -0.3494127469E-01   -0.1698834069E-01    0.9992449668E+00    0.5533834995E-03    0.1941728538E-01   -0.4627586155E+00    0.8862714745E+00    0.3077120822E-02   -0.6705560929E-01    0.2782634130E+02
    0.6800000000E+00   -0.3507030518E-01   -0.1592309064E-01    0.9992582227E+00   -0.2260680439E-01    0.2721137400E-02    0.1000000000E+01   -0.3544491875E-01   -0.1649399893E-01    0.9992355107E+00    0.6249227284E-03    0.1953650166E-01   -0.4507335285E+00    0.8924445198E+00    0.3775497288E-02   -0.6744138174E-01    0.2784680212E+02
    0.6805000000E+00   -0.3555649159E-01   -0.1542010634E-01    0.9992489324E+00   -0.2269809862E-01    0.3124432086E-02    0.1000000000E+01   -0.3594317075E-01   -0.1598802361E-01    0.9992259363E+00    0.6973268564E-03    0.1965620948E-01   -0.4386260582E+00    0.8984544108E+00    0.4482093799E-02   -0.6782249130E-01    0.2786726275E+02
    0.6810000000E+00   -0.3603703316E-01   -0.1490573505E-01    0.9992395257E+00   -0.2278304965E-01    0.3531747225E-02    0.1000000000E+01   -0.3643579859E-01   -0.1547043612E-01    0.9992162420E+00    0.7706029900E-03    0.1977640882E-01   -0.4264384176E+00    0.9043000475E+00    0.5196914108E-02   -0.6819882602E-01    0.2788772318E+02
    0.6815000000E+00   -0.3651170049E-01   -0.1438000393E-01    0.9992300014E+00   -0.2286155001E-01    0.3942998780E-02    0.1000000000E+01   -0.3692256916E-01   -0.1494126196E-01    0.9992064265E+00    0.8447582814E-03    0.1989709965E-01   -0.4141728342E+00    0.9099803598E+00    0.5919960856E-02   -0.6857027326E-01    0.2790818340E+02
    0.6820000000E+00   -0.3698026327E-01   -0.1384294426E-01    0.9992203578E+00   -0.2293349300E-01    0.4358100358E-02    0.1000000000E+01   -0.3740324834E-01   -0.1440053079E-01    0.9991964881E+00    0.9197999268E-03    0.2001828194E-01   -0.4018315499E+00    0.9154943079E+00    0.6651235562E-02   -0.6893671962E-01    0.2792864342E+02
    0.6825000000E+00   -0.3744249029E-01   -0.1329459147E-01    0.9992105936E+00   -0.2299877277E-01    0.4776963216E-02    0.1000000000E+01   -0.3787760108E-01   -0.1384827643E-01    0.9991864254E+00    0.9957351661E-03    0.2013995558E-01   -0.3894168204E+00    0.9208408824E+00    0.7390738608E-02   -0.6929805100E-01    0.2794910324E+02
    0.6830000000E+00   -0.3789814955E-01   -0.1273498514E-01    0.9992007071E+00   -0.2305728433E-01    0.5199496256E-02    0.1000000000E+01   -0.3834539150E-01   -0.1328453696E-01    0.9991762368E+00    0.1072571284E-02    0.2026212048E-01   -0.3769309151E+00    0.9260191042E+00    0.8138469221E-02   -0.6965415259E-01    0.2796956284E+02
    0.6835000000E+00   -0.3834700831E-01   -0.1216416907E-01    0.9991906969E+00   -0.2310892360E-01    0.5625606027E-02    0.1000000000E+01   -0.3880638290E-01   -0.1270935472E-01    0.9991659207E+00    0.1150315609E-02    0.2038477651E-01   -0.3643761161E+00    0.9310280252E+00    0.8894425464E-02   -0.7000490885E-01    0.2799002224E+02
    0.6840000000E+00   -0.3878883316E-01   -0.1158219133E-01    0.9991805615E+00   -0.2315358748E-01    0.6055196727E-02    0.1000000000E+01   -0.3926033789E-01   -0.1212277638E-01    0.9991554755E+00    0.1228975516E-02    0.2050792349E-01   -0.3517547184E+00    0.9358667281E+00    0.9658604216E-02   -0.7035020358E-01    0.2801048142E+02
    0.6845000000E+00   -0.3922339007E-01   -0.1098910426E-01    0.9991702992E+00   -0.2319117388E-01    0.6488170206E-02    0.1000000000E+01   -0.3970701842E-01   -0.1152485293E-01    0.9991448997E+00    0.1308558423E-02    0.2063156125E-01   -0.3390690291E+00    0.9405343268E+00    0.1043100116E-01   -0.7068991988E-01    0.2803094038E+02
    0.6850000000E+00   -0.3965044451E-01   -0.1038496454E-01    0.9991599085E+00   -0.2322158177E-01    0.6924425965E-02    0.1000000000E+01   -0.4014618586E-01   -0.1091563978E-01    0.9991341915E+00    0.1389071793E-02    0.2075568956E-01   -0.3263213670E+00    0.9450299663E+00    0.1121161077E-01   -0.7102394015E-01    0.2805139912E+02
    0.6855000000E+00   -0.4006976144E-01   -0.9769833214E-02    0.9991493878E+00   -0.2324471120E-01    0.7363861164E-02    0.1000000000E+01   -0.4057760106E-01   -0.1029519675E-01    0.9991233494E+00    0.1470523135E-02    0.2088030818E-01   -0.3135140626E+00    0.9493528232E+00    0.1200042630E-01   -0.7135214614E-01    0.2807185764E+02
    0.6860000000E+00   -0.4048110548E-01   -0.9143775721E-02    0.9991387355E+00   -0.2326046342E-01    0.7806370624E-02    0.1000000000E+01   -0.4100102445E-01   -0.9663588120E-02    0.9991123717E+00    0.1552920003E-02    0.2100541685E-01   -0.3006494569E+00    0.9535021054E+00    0.1279743976E-01   -0.7167441893E-01    0.2809231593E+02
    0.6865000000E+00   -0.4088424090E-01   -0.8506861933E-02    0.9991279498E+00   -0.2326874082E-01    0.8251846835E-02    0.1000000000E+01   -0.4141621610E-01   -0.9020882675E-02    0.9991012566E+00    0.1636269999E-02    0.2113101525E-01   -0.2877299017E+00    0.9574770527E+00    0.1360264191E-01   -0.7199063893E-01    0.2811277400E+02
    0.6870000000E+00   -0.4127893173E-01   -0.7859166185E-02    0.9991170292E+00   -0.2326944707E-01    0.8700179959E-02    0.1000000000E+01   -0.4182293577E-01   -0.8367153723E-02    0.9990900024E+00    0.1720580769E-02    0.2125710306E-01   -0.2747577589E+00    0.9612769367E+00    0.1441602223E-01   -0.7230068593E-01    0.2813323183E+02
    0.6875000000E+00   -0.4166494185E-01   -0.7200767310E-02    0.9991059720E+00   -0.2326248713E-01    0.9151257840E-02    0.1000000000E+01   -0.4222094305E-01   -0.7702479137E-02    0.9990786075E+00    0.1805860005E-02    0.2138367992E-01   -0.2617354000E+00    0.9649010610E+00    0.1523756894E-01   -0.7260443906E-01    0.2815368943E+02
    0.6880000000E+00   -0.4204203502E-01   -0.6531748664E-02    0.9990947764E+00   -0.2324776729E-01    0.9604966009E-02    0.1000000000E+01   -0.4260999734E-01   -0.7026941385E-02    0.9990670700E+00    0.1892115445E-02    0.2151074543E-01   -0.2486652057E+00    0.9683487611E+00    0.1606726895E-01   -0.7290177683E-01    0.2817414679E+02
    0.6885000000E+00   -0.4240997501E-01   -0.5852198164E-02    0.9990834407E+00   -0.2322519524E-01    0.1006118770E-01    0.1000000000E+01   -0.4298985804E-01   -0.6340627558E-02    0.9990553882E+00    0.1979354874E-02    0.2163829919E-01   -0.2355495655E+00    0.9716194051E+00    0.1690510785E-01   -0.7319257713E-01    0.2819460391E+02
    0.6890000000E+00   -0.4276852564E-01   -0.5162208306E-02    0.9990719632E+00   -0.2319468010E-01    0.1051980384E-01    0.1000000000E+01   -0.4336028454E-01   -0.5643629402E-02    0.9990435603E+00    0.2067586121E-02    0.2176634073E-01   -0.2223908773E+00    0.9747123931E+00    0.1775106993E-01   -0.7347671722E-01    0.2821506079E+02
    0.6895000000E+00   -0.4311745086E-01   -0.4461876199E-02    0.9990603421E+00   -0.2315613247E-01    0.1098069309E-01    0.1000000000E+01   -0.4372103634E-01   -0.4936043345E-02    0.9990315844E+00    0.2156817065E-02    0.2189486958E-01   -0.2091915468E+00    0.9776271577E+00    0.1860513811E-01   -0.7375407379E-01    0.2823551743E+02
    0.6900000000E+00   -0.4345651487E-01   -0.3751303589E-02    0.9990485756E+00   -0.2310946450E-01    0.1144373184E-01    0.1000000000E+01   -0.4407187312E-01   -0.4217970524E-02    0.9990194587E+00    0.2247055629E-02    0.2202388523E-01   -0.1959539874E+00    0.9803631644E+00    0.1946729397E-01   -0.7402452291E-01    0.2825597381E+02
    0.6905000000E+00   -0.4378548214E-01   -0.3030596882E-02    0.9990366619E+00   -0.2305458988E-01    0.1190879422E-01    0.1000000000E+01   -0.4441255483E-01   -0.3489516808E-02    0.9990071813E+00    0.2338309786E-02    0.2215338713E-01   -0.1826806194E+00    0.9829199108E+00    0.2033751773E-01   -0.7428794009E-01    0.2827642994E+02
    0.6910000000E+00   -0.4410411755E-01   -0.2299867172E-02    0.9990245991E+00   -0.2299142398E-01    0.1237575209E-01    0.1000000000E+01   -0.4474284177E-01   -0.2750792829E-02    0.9989947504E+00    0.2430587555E-02    0.2228337470E-01   -0.1693738696E+00    0.9852969277E+00    0.2121578822E-01   -0.7454420026E-01    0.2829688582E+02
    0.6915000000E+00   -0.4441218643E-01   -0.1559230255E-02    0.9990123855E+00   -0.2291988381E-01    0.1284447512E-01    0.1000000000E+01   -0.4506249466E-01   -0.2001913998E-02    0.9989821640E+00    0.2523897002E-02    0.2241384734E-01   -0.1560361712E+00    0.9874937785E+00    0.2210208286E-01   -0.7479317780E-01    0.2831734144E+02
    0.6920000000E+00   -0.4470945466E-01   -0.8088066599E-03    0.9990000190E+00   -0.2283988813E-01    0.1331483073E-01    0.1000000000E+01   -0.4537127475E-01   -0.1243000533E-02    0.9989694202E+00    0.2618246240E-02    0.2254480441E-01   -0.1426699630E+00    0.9895100597E+00    0.2299637767E-01   -0.7503474651E-01    0.2833779679E+02
    0.6925000000E+00   -0.4499568876E-01   -0.4872165937E-04    0.9989874979E+00   -0.2275135744E-01    0.1378668417E-01    0.1000000000E+01   -0.4566894387E-01   -0.4741774736E-03    0.9989565170E+00    0.2713643430E-02    0.2267624523E-01   -0.1292776889E+00    0.9913454006E+00    0.2389864725E-01   -0.7526877969E-01    0.2835825188E+02
    0.6930000000E+00   -0.4527065597E-01    0.7208947069E-03    0.9989748201E+00   -0.2265421411E-01    0.1425989848E-01    0.1000000000E+01   -0.4595526458E-01    0.3044252947E-03    0.9989434524E+00    0.2810096782E-02    0.2280816910E-01   -0.1158617979E+00    0.9929994635E+00    0.2480886474E-01   -0.7549515008E-01    0.2837870671E+02
    0.6935000000E+00   -0.4553412433E-01    0.1499907617E-02    0.9989619837E+00   -0.2254838235E-01    0.1473433456E-01    0.1000000000E+01   -0.4623000016E-01    0.1092673025E-02    0.9989302244E+00    0.2907614553E-02    0.2294057527E-01   -0.1024247432E+00    0.9944719442E+00    0.2572700184E-01   -0.7571372993E-01    0.2839916126E+02
    0.6940000000E+00   -0.4578586278E-01    0.2288177450E-02    0.9989489868E+00   -0.2243378829E-01    0.1520985114E-01    0.1000000000E+01   -0.4649291479E-01    0.1890426093E-02    0.9989168310E+00    0.3006205047E-02    0.2307346297E-01   -0.8896898195E-01    0.9957625712E+00    0.2665302877E-01   -0.7592439096E-01    0.2841961553E+02
    0.6945000000E+00   -0.4602564123E-01    0.3085559775E-02    0.9989358273E+00   -0.2231036004E-01    0.1568630484E-01    0.1000000000E+01   -0.4674377360E-01    0.2697539979E-02    0.9989032701E+00    0.3105876620E-02    0.2320683138E-01   -0.7549697489E-01    0.9968711067E+00    0.2758691428E-01   -0.7612700442E-01    0.2844006953E+02
    0.6950000000E+00   -0.4625323066E-01    0.3891905333E-02    0.9989225032E+00   -0.2217802771E-01    0.1616355017E-01    0.1000000000E+01   -0.4698234275E-01    0.3513865258E-02    0.9988895396E+00    0.3206637673E-02    0.2334067967E-01   -0.6201118569E-01    0.9977973456E+00    0.2852862561E-01   -0.7632144106E-01    0.2846052324E+02
    0.6955000000E+00   -0.4646840321E-01    0.4707060032E-02    0.9989090124E+00   -0.2203672350E-01    0.1664143955E-01    0.1000000000E+01   -0.4720838952E-01    0.4339247584E-02    0.9988756374E+00    0.3308496659E-02    0.2347500696E-01   -0.4851408060E-01    0.9985411168E+00    0.2947812850E-01   -0.7650757118E-01    0.2848097667E+02
    0.6960000000E+00   -0.4667093227E-01    0.5530864931E-02    0.9988953529E+00   -0.2188638170E-01    0.1711982336E-01    0.1000000000E+01   -0.4742168244E-01    0.5173527682E-02    0.9988615614E+00    0.3411462078E-02    0.2360981231E-01   -0.3500812805E-01    0.9991022819E+00    0.3043538715E-01   -0.7668526461E-01    0.2850142981E+02
    0.6965000000E+00   -0.4686059256E-01    0.6363156237E-02    0.9988815226E+00   -0.2172693877E-01    0.1759854990E-01    0.1000000000E+01   -0.4762199135E-01    0.6016541338E-02    0.9988473093E+00    0.3515542479E-02    0.2374509480E-01   -0.2149579811E-01    0.9994807362E+00    0.3140036423E-01   -0.7685439074E-01    0.2852188266E+02
    0.6970000000E+00   -0.4703716024E-01    0.7203765294E-02    0.9988675193E+00   -0.2155833339E-01    0.1807746551E-01    0.1000000000E+01   -0.4780908748E-01    0.6868119390E-02    0.9988328790E+00    0.3620746458E-02    0.2388085341E-01   -0.7979562100E-02    0.9996764085E+00    0.3237302085E-01   -0.7701481852E-01    0.2854233521E+02
    0.6975000000E+00   -0.4720041299E-01    0.8052518581E-02    0.9988533408E+00   -0.2138050648E-01    0.1855641451E-01    0.1000000000E+01   -0.4798274358E-01    0.7728087724E-02    0.9988182683E+00    0.3727082664E-02    0.2401708713E-01    0.5538107872E-02    0.9996892606E+00    0.3335331654E-01   -0.7716641649E-01    0.2856278746E+02
    0.6980000000E+00   -0.4735013009E-01    0.8909237707E-02    0.9988389851E+00   -0.2119340127E-01    0.1903523925E-01    0.1000000000E+01   -0.4814273399E-01    0.8596267267E-02    0.9988034749E+00    0.3834559794E-02    0.2415379490E-01    0.1905473938E-01    0.9995192881E+00    0.3434120927E-01   -0.7730905280E-01    0.2858323941E+02
    0.6985000000E+00   -0.4748609255E-01    0.9773739405E-02    0.9988244498E+00   -0.2099696335E-01    0.1951378018E-01    0.1000000000E+01   -0.4828883472E-01    0.9472473985E-02    0.9987884965E+00    0.3943186595E-02    0.2429097561E-01    0.3256786011E-01    0.9991665198E+00    0.3533665540E-01   -0.7744259518E-01    0.2860369104E+02
    0.6990000000E+00   -0.4760808316E-01    0.1064583554E-01    0.9988097327E+00   -0.2079114071E-01    0.1999187582E-01    0.1000000000E+01   -0.4842082360E-01    0.1035651888E-01    0.9987733309E+00    0.4052971863E-02    0.2442862812E-01    0.4607499833E-01    0.9986310180E+00    0.3633960968E-01   -0.7756691101E-01    0.2862414237E+02
    0.6995000000E+00   -0.4771588662E-01    0.1152533310E-01    0.9987948316E+00   -0.2057588378E-01    0.2046936283E-01    0.1000000000E+01   -0.4853848033E-01    0.1124820800E-01    0.9987579756E+00    0.4163924447E-02    0.2456675125E-01    0.5957368333E-01    0.9979128783E+00    0.3735002524E-01   -0.7768186728E-01    0.2864459338E+02
    0.7000000000E+00   -0.4780928962E-01    0.1241203420E-01    0.9987797442E+00   -0.2035114549E-01    0.2094607600E-01    0.1000000000E+01   -0.4864158656E-01    0.1214734242E-01    0.9987424284E+00    0.4276053242E-02    0.2470534379E-01    0.7306144586E-01    0.9970122299E+00    0.3836785358E-01   -0.7778733065E-01    0.2866504407E+02
    0.7005000000E+00   -0.4788808092E-01    0.1330573611E-01    0.9987644681E+00   -0.2011688132E-01    0.2142184833E-01    0.1000000000E+01   -0.4872992605E-01    0.1305371826E-01    0.9987266868E+00    0.4389367196E-02    0.2484440447E-01    0.8653581861E-01    0.9959292350E+00    0.3939304452E-01   -0.7788316745E-01    0.2868549444E+02
    0.7010000000E+00   -0.4795205149E-01    0.1420623121E-01    0.9987490010E+00   -0.1987304931E-01    0.2189651104E-01    0.1000000000E+01   -0.4880328471E-01    0.1396712670E-01    0.9987107484E+00    0.4503875306E-02    0.2498393200E-01    0.9999433664E-01    0.9946640895E+00    0.4042554624E-01   -0.7796924368E-01    0.2870594448E+02
    0.7015000000E+00   -0.4800099457E-01    0.1511330705E-01    0.9987333405E+00   -0.1961961018E-01    0.2236989358E-01    0.1000000000E+01   -0.4886145075E-01    0.1488735397E-01    0.9986946107E+00    0.4619586621E-02    0.2512392504E-01    0.1134345378E+00    0.9932170223E+00    0.4146530523E-01   -0.7804542502E-01    0.2872639419E+02
    0.7020000000E+00   -0.4803470576E-01    0.1602674633E-01    0.9987174842E+00   -0.1935652729E-01    0.2284182372E-01    0.1000000000E+01   -0.4890421471E-01    0.1581418135E-01    0.9986782713E+00    0.4736510240E-02    0.2526438222E-01    0.1268539633E+00    0.9915882958E+00    0.4251226630E-01   -0.7811157689E-01    0.2874684357E+02
    0.7025000000E+00   -0.4805298316E-01    0.1694632691E-01    0.9987014296E+00   -0.1908376674E-01    0.2331212751E-01    0.1000000000E+01   -0.4893136963E-01    0.1674738522E-01    0.9986617277E+00    0.4854655313E-02    0.2540530211E-01    0.1402501580E+00    0.9897782055E+00    0.4356637253E-01   -0.7816756442E-01    0.2876729260E+02
    0.7030000000E+00   -0.4805562743E-01    0.1787182186E-01    0.9986851744E+00   -0.1880129742E-01    0.2378062940E-01    0.1000000000E+01   -0.4894271111E-01    0.1768673702E-01    0.9986449772E+00    0.4974031042E-02    0.2554668324E-01    0.1536206710E+00    0.9877870800E+00    0.4462756529E-01   -0.7821325249E-01    0.2878774129E+02
    0.7035000000E+00   -0.4804244189E-01    0.1880299941E-01    0.9986687158E+00   -0.1850909100E-01    0.2424715222E-01    0.1000000000E+01   -0.4893803740E-01    0.1863200330E-01    0.9986280174E+00    0.5094646681E-02    0.2568852412E-01    0.1669630558E+00    0.9856152811E+00    0.4569578424E-01   -0.7824850572E-01    0.2880818963E+02
    0.7040000000E+00   -0.4801323265E-01    0.1973962303E-01    0.9986520516E+00   -0.1820712205E-01    0.2471151722E-01    0.1000000000E+01   -0.4891714953E-01    0.1958294572E-01    0.9986108455E+00    0.5216511533E-02    0.2583082320E-01    0.1802748713E+00    0.9832632035E+00    0.4677096726E-01   -0.7827318851E-01    0.2882863762E+02
    0.7045000000E+00   -0.4796780867E-01    0.2068145139E-01    0.9986351790E+00   -0.1789536802E-01    0.2517354414E-01    0.1000000000E+01   -0.4887985142E-01    0.2053932110E-01    0.9985934591E+00    0.5339634955E-02    0.2597357888E-01    0.1935536817E+00    0.9807312750E+00    0.4785305049E-01   -0.7828716507E-01    0.2884908525E+02
    0.7050000000E+00   -0.4790598191E-01    0.2162823845E-01    0.9986180955E+00   -0.1757380931E-01    0.2563305124E-01    0.1000000000E+01   -0.4882594993E-01    0.2150088137E-01    0.9985758553E+00    0.5464026353E-02    0.2611678953E-01    0.2067970571E+00    0.9780199563E+00    0.4894196829E-01   -0.7829029939E-01    0.2886953252E+02
    0.7055000000E+00   -0.4782756735E-01    0.2257973340E-01    0.9986007984E+00   -0.1724242934E-01    0.2608985532E-01    0.1000000000E+01   -0.4875525501E-01    0.2246737367E-01    0.9985580315E+00    0.5589695186E-02    0.2626045348E-01    0.2200025741E+00    0.9751297407E+00    0.5003765324E-01   -0.7828245530E-01    0.2888997942E+02
    0.7060000000E+00   -0.4773238318E-01    0.2353568075E-01    0.9985832851E+00   -0.1690121454E-01    0.2654377179E-01    0.1000000000E+01   -0.4866757978E-01    0.2343854032E-01    0.9985399850E+00    0.5716650964E-02    0.2640456900E-01    0.2331678162E+00    0.9720611545E+00    0.5114003610E-01   -0.7826349645E-01    0.2891042595E+02
    0.7065000000E+00   -0.4762025083E-01    0.2449582033E-01    0.9985655529E+00   -0.1655015443E-01    0.2699461470E-01    0.1000000000E+01   -0.4856274061E-01    0.2441411885E-01    0.9985217129E+00    0.5844903253E-02    0.2654913432E-01    0.2462903741E+00    0.9688147564E+00    0.5224904585E-01   -0.7823328636E-01    0.2893087211E+02
    0.7070000000E+00   -0.4749099512E-01    0.2545988730E-01    0.9985475990E+00   -0.1618924165E-01    0.2744219679E-01    0.1000000000E+01   -0.4844055730E-01    0.2539384207E-01    0.9985032125E+00    0.5974461668E-02    0.2669414763E-01    0.2593678462E+00    0.9653911376E+00    0.5336460963E-01   -0.7819168844E-01    0.2895131788E+02
    0.7075000000E+00   -0.4734444432E-01    0.2642761223E-01    0.9985294208E+00   -0.1581847199E-01    0.2788632951E-01    0.1000000000E+01   -0.4830085307E-01    0.2637743804E-01    0.9984844808E+00    0.6105335877E-02    0.2683960707E-01    0.2723978391E+00    0.9617909220E+00    0.5448665275E-01   -0.7813856597E-01    0.2897176327E+02
    0.7080000000E+00   -0.4718043028E-01    0.2739872106E-01    0.9985110153E+00   -0.1543784446E-01    0.2832682312E-01    0.1000000000E+01   -0.4814345477E-01    0.2736463012E-01    0.9984655151E+00    0.6237535602E-02    0.2698551073E-01    0.2853779679E+00    0.9580147655E+00    0.5561509865E-01   -0.7807378215E-01    0.2899220828E+02
    0.7085000000E+00   -0.4699878851E-01    0.2837293519E-01    0.9984923799E+00   -0.1504736131E-01    0.2876348669E-01    0.1000000000E+01   -0.4796819289E-01    0.2835513705E-01    0.9984463124E+00    0.6371070616E-02    0.2713185667E-01    0.2983058568E+00    0.9540633562E+00    0.5674986893E-01   -0.7799720010E-01    0.2901265288E+02
    0.7090000000E+00   -0.4679935830E-01    0.2934997150E-01    0.9984735115E+00   -0.1464702808E-01    0.2919612816E-01    0.1000000000E+01   -0.4777490175E-01    0.2934867291E-01    0.9984268698E+00    0.6505950745E-02    0.2727864287E-01    0.3111791396E+00    0.9499374144E+00    0.5789088332E-01   -0.7790868290E-01    0.2903309709E+02
    0.7095000000E+00   -0.4658198281E-01    0.3032954238E-01    0.9984544073E+00   -0.1423685362E-01    0.2962455441E-01    0.1000000000E+01   -0.4756341952E-01    0.3034494720E-01    0.9984071842E+00    0.6642185869E-02    0.2742586729E-01    0.3239954597E+00    0.9456376924E+00    0.5903805963E-01   -0.7780809359E-01    0.2905354089E+02
    0.7100000000E+00   -0.4634650917E-01    0.3131135576E-01    0.9984350644E+00   -0.1381685014E-01    0.3004857126E-01    0.1000000000E+01   -0.4733358840E-01    0.3134366487E-01    0.9983872526E+00    0.6779785919E-02    0.2757352783E-01    0.3367524711E+00    0.9411649740E+00    0.6019131381E-01   -0.7769529519E-01    0.2907398429E+02
    0.7105000000E+00   -0.4609278858E-01    0.3229511517E-01    0.9984154797E+00   -0.1338703328E-01    0.3046798361E-01    0.1000000000E+01   -0.4708525464E-01    0.3234452637E-01    0.9983670720E+00    0.6918760884E-02    0.2772162236E-01    0.3494478385E+00    0.9365200748E+00    0.6135055988E-01   -0.7757015074E-01    0.2909442726E+02
    0.7110000000E+00   -0.4582067641E-01    0.3328051978E-01    0.9983956504E+00   -0.1294742208E-01    0.3088259538E-01    0.1000000000E+01   -0.4681826872E-01    0.3334722766E-01    0.9983466393E+00    0.7059120801E-02    0.2787014866E-01    0.3620792375E+00    0.9317038421E+00    0.6251570993E-01   -0.7743252330E-01    0.2911486982E+02
    0.7115000000E+00   -0.4553003231E-01    0.3426726444E-01    0.9983755732E+00   -0.1249803908E-01    0.3129220966E-01    0.1000000000E+01   -0.4653248541E-01    0.3435146031E-01    0.9983259513E+00    0.7200875765E-02    0.2801910450E-01    0.3746443557E+00    0.9267171542E+00    0.6368667414E-01   -0.7728227595E-01    0.2913531196E+02
    0.7120000000E+00   -0.4522072030E-01    0.3525503970E-01    0.9983552452E+00   -0.1203891033E-01    0.3169662871E-01    0.1000000000E+01   -0.4622776387E-01    0.3535691147E-01    0.9983050049E+00    0.7344035924E-02    0.2816848757E-01    0.3871408925E+00    0.9215609208E+00    0.6486336073E-01   -0.7711927186E-01    0.2915575366E+02
    0.7125000000E+00   -0.4489260889E-01    0.3624353193E-01    0.9983346633E+00   -0.1157006540E-01    0.3209565403E-01    0.1000000000E+01   -0.4590396778E-01    0.3636326400E-01    0.9982837968E+00    0.7488611478E-02    0.2831829554E-01    0.3995665598E+00    0.9162360826E+00    0.6604567596E-01   -0.7694337428E-01    0.2917619493E+02
    0.7130000000E+00   -0.4454557114E-01    0.3723242329E-01    0.9983138241E+00   -0.1109153747E-01    0.3248908642E-01    0.1000000000E+01   -0.4556096540E-01    0.3737019647E-01    0.9982623237E+00    0.7634612681E-02    0.2846852600E-01    0.4119190823E+00    0.9107436112E+00    0.6723352412E-01   -0.7675444655E-01    0.2919663575E+02
    0.7135000000E+00   -0.4417948479E-01    0.3822139184E-01    0.9982927246E+00   -0.1060336333E-01    0.3287672604E-01    0.1000000000E+01   -0.4519862974E-01    0.3837738322E-01    0.9982405825E+00    0.7782049839E-02    0.2861917650E-01    0.4241961981E+00    0.9050845087E+00    0.6842680753E-01   -0.7655235215E-01    0.2921707613E+02
    0.7140000000E+00   -0.4379423237E-01    0.3921011156E-01    0.9982713616E+00   -0.1010558341E-01    0.3325837244E-01    0.1000000000E+01   -0.4481683857E-01    0.3938449443E-01    0.9982185696E+00    0.7930933317E-02    0.2877024453E-01    0.4363956589E+00    0.8992598079E+00    0.6962542650E-01   -0.7633695469E-01    0.2923751606E+02
    0.7145000000E+00   -0.4338970127E-01    0.4019825241E-01    0.9982497316E+00   -0.9598241823E-02    0.3363382467E-01    0.1000000000E+01   -0.4441547460E-01    0.4039119615E-01    0.9981962818E+00    0.8081273533E-02    0.2892172755E-01    0.4485152306E+00    0.8932705719E+00    0.7082927937E-01   -0.7610811797E-01    0.2925795553E+02
    0.7150000000E+00   -0.4296578384E-01    0.4118548044E-01    0.9982278315E+00   -0.9081386396E-02    0.3400288129E-01    0.1000000000E+01   -0.4399442554E-01    0.4139715040E-01    0.9981737156E+00    0.8233080958E-02    0.2907362293E-01    0.4605526935E+00    0.8871178937E+00    0.7203826243E-01   -0.7586570596E-01    0.2927839453E+02
    0.7155000000E+00   -0.4252237751E-01    0.4217145776E-01    0.9982056577E+00   -0.8555068697E-02    0.3436534046E-01    0.1000000000E+01   -0.4355358420E-01    0.4240201519E-01    0.9981508676E+00    0.8386366118E-02    0.2922592802E-01    0.4725058428E+00    0.8808028965E+00    0.7325226998E-01   -0.7560958285E-01    0.2929883307E+02
    0.7160000000E+00   -0.4205938489E-01    0.4315584269E-01    0.9981832071E+00   -0.8019344068E-02    0.3472099998E-01    0.1000000000E+01   -0.4309284862E-01    0.4340544460E-01    0.9981277343E+00    0.8541139594E-02    0.2937864009E-01    0.4843724891E+00    0.8743267331E+00    0.7447119426E-01   -0.7533961305E-01    0.2931927113E+02
    0.7165000000E+00   -0.4157671384E-01    0.4413828978E-01    0.9981604760E+00   -0.7474271654E-02    0.3506965738E-01    0.1000000000E+01   -0.4261212213E-01    0.4440708886E-01    0.9981043120E+00    0.8697412023E-02    0.2953175637E-01    0.4961504588E+00    0.8676905858E+00    0.7569492547E-01   -0.7505566123E-01    0.2933970871E+02
    0.7170000000E+00   -0.4107427758E-01    0.4511844986E-01    0.9981374609E+00   -0.6919914426E-02    0.3541110997E-01    0.1000000000E+01   -0.4211131348E-01    0.4540659437E-01    0.9980805972E+00    0.8855194094E-02    0.2968527403E-01    0.5078375941E+00    0.8608956662E+00    0.7692335178E-01   -0.7475759234E-01    0.2936014580E+02
    0.7175000000E+00   -0.4055199479E-01    0.4609597017E-01    0.9981141585E+00   -0.6356339215E-02    0.3574515489E-01    0.1000000000E+01   -0.4159033692E-01    0.4640360385E-01    0.9980565863E+00    0.9014496554E-02    0.2983919017E-01    0.5194317541E+00    0.8539432150E+00    0.7815635927E-01   -0.7444527163E-01    0.2938058240E+02
    0.7180000000E+00   -0.4000978971E-01    0.4707049438E-01    0.9980905650E+00   -0.5783616736E-02    0.3607158920E-01    0.1000000000E+01   -0.4104911232E-01    0.4739775631E-01    0.9980322756E+00    0.9175330202E-02    0.2999350186E-01    0.5309308146E+00    0.8468345017E+00    0.7939383195E-01   -0.7411856468E-01    0.2940101849E+02
    0.7185000000E+00   -0.3944759223E-01    0.4804166268E-01    0.9980666769E+00   -0.5201821611E-02    0.3639020993E-01    0.1000000000E+01   -0.4048756524E-01    0.4838868722E-01    0.9980076614E+00    0.9337705894E-02    0.3014820608E-01    0.5423326687E+00    0.8395708245E+00    0.8063565174E-01   -0.7377733738E-01    0.2942145409E+02
    0.7190000000E+00   -0.3886533798E-01    0.4900911185E-01    0.9980424905E+00   -0.4611032394E-02    0.3670081415E-01    0.1000000000E+01   -0.3990562702E-01    0.4937602853E-01    0.9979827398E+00    0.9501634544E-02    0.3030329979E-01    0.5536352271E+00    0.8321535101E+00    0.8188169849E-01   -0.7342145604E-01    0.2944188917E+02
    0.7195000000E+00   -0.3826296842E-01    0.4997247535E-01    0.9980180021E+00   -0.4011331599E-02    0.3700319903E-01    0.1000000000E+01   -0.3930323493E-01    0.5035940873E-01    0.9979575070E+00    0.9667127118E-02    0.3045877986E-01    0.5648364186E+00    0.8245839130E+00    0.8313184993E-01   -0.7305078732E-01    0.2946232373E+02
    0.7200000000E+00   -0.3764043094E-01    0.5093138338E-01    0.9979932079E+00   -0.3402805716E-02    0.3729716194E-01    0.1000000000E+01   -0.3868033220E-01    0.5133845301E-01    0.9979319592E+00    0.9834194640E-02    0.3061464310E-01    0.5759341907E+00    0.8168634159E+00    0.8438598167E-01   -0.7266519832E-01    0.2948275777E+02
    0.7205000000E+00   -0.3699767897E-01    0.5188546299E-01    0.9979681041E+00   -0.2785545236E-02    0.3758250048E-01    0.1000000000E+01   -0.3803686817E-01    0.5231278326E-01    0.9979060925E+00    0.1000284819E-01    0.3077088629E-01    0.5869265093E+00    0.8089934291E+00    0.8564396722E-01   -0.7226455657E-01    0.2950319127E+02
    0.7210000000E+00   -0.3633467204E-01    0.5283433814E-01    0.9979426869E+00   -0.2159644669E-02    0.3785901257E-01    0.1000000000E+01   -0.3737279832E-01    0.5328201819E-01    0.9978799029E+00    0.1017309890E-01    0.3092750611E-01    0.5978113596E+00    0.8009753902E+00    0.8690567795E-01   -0.7184873007E-01    0.2952362424E+02
    0.7215000000E+00   -0.3565137589E-01    0.5377762979E-01    0.9979169524E+00   -0.1525202566E-02    0.3812649652E-01    0.1000000000E+01   -0.3668808444E-01    0.5424577343E-01    0.9978533864E+00    0.1034495795E-01    0.3108449922E-01    0.6085867466E+00    0.7928107640E+00    0.8817098307E-01   -0.7141758731E-01    0.2954405666E+02
    0.7220000000E+00   -0.3494776255E-01    0.5471495599E-01    0.9978908966E+00   -0.8823215335E-03    0.3838475110E-01    0.1000000000E+01   -0.3598269466E-01    0.5520366159E-01    0.9978265388E+00    0.1051843660E-01    0.3124186219E-01    0.6192506949E+00    0.7845010423E+00    0.8943974969E-01   -0.7097099728E-01    0.2956448853E+02
    0.7225000000E+00   -0.3422381044E-01    0.5564593199E-01    0.9978645156E+00   -0.2311082548E-03    0.3863357560E-01    0.1000000000E+01   -0.3525660357E-01    0.5615529235E-01    0.9977993562E+00    0.1069354614E-01    0.3139959152E-01    0.6298012495E+00    0.7760477432E+00    0.9071184272E-01   -0.7050882953E-01    0.2958491984E+02
    0.7230000000E+00   -0.3347950443E-01    0.5657017029E-01    0.9978378052E+00    0.4283264982E-03    0.3887276993E-01    0.1000000000E+01   -0.3450979228E-01    0.5710027259E-01    0.9977718343E+00    0.1087029794E-01    0.3155768369E-01    0.6402364761E+00    0.7674524115E+00    0.9198712493E-01   -0.7003095418E-01    0.2960535059E+02
    0.7235000000E+00   -0.3271483598E-01    0.5748728077E-01    0.9978107614E+00    0.1095867848E-02    0.3910213468E-01    0.1000000000E+01   -0.3374224857E-01    0.5803820643E-01    0.9977439689E+00    0.1104870341E-01    0.3171613506E-01    0.6505544612E+00    0.7587166176E+00    0.9326545693E-01   -0.6953724190E-01    0.2962578076E+02
    0.7240000000E+00   -0.3192980317E-01    0.5839687077E-01    0.9977833801E+00    0.1771396800E-02    0.3932147118E-01    0.1000000000E+01   -0.3295396690E-01    0.5896869540E-01    0.9977157557E+00    0.1122877402E-01    0.3187494197E-01    0.6607533129E+00    0.7498419582E+00    0.9454669711E-01   -0.6902756402E-01    0.2964621036E+02
    0.7245000000E+00   -0.3112441081E-01    0.5929854519E-01    0.9977556571E+00    0.2454790228E-02    0.3953058160E-01    0.1000000000E+01   -0.3214494856E-01    0.5989133844E-01    0.9976871905E+00    0.1141052129E-01    0.3203410067E-01    0.6708311607E+00    0.7408300549E+00    0.9583070173E-01   -0.6850179249E-01    0.2966663936E+02
    0.7250000000E+00   -0.3029867053E-01    0.6019190660E-01    0.9977275880E+00    0.3145920863E-02    0.3972926899E-01    0.1000000000E+01   -0.3131520172E-01    0.6080573211E-01    0.9976582688E+00    0.1159395681E-01    0.3219360737E-01    0.6807861562E+00    0.7316825550E+00    0.9711732481E-01   -0.6795979994E-01    0.2968706778E+02
    0.7255000000E+00   -0.2945260084E-01    0.6107655534E-01    0.9976991687E+00    0.3844657288E-02    0.3991733743E-01    0.1000000000E+01   -0.3046474154E-01    0.6171147061E-01    0.9976289862E+00    0.1177909222E-01    0.3235345818E-01    0.6906164736E+00    0.7224011303E+00    0.9840641819E-01   -0.6740145968E-01    0.2970749559E+02
    0.7260000000E+00   -0.2858622723E-01    0.6195208960E-01    0.9976703947E+00    0.4550863923E-02    0.4009459201E-01    0.1000000000E+01   -0.2959359021E-01    0.6260814592E-01    0.9975993382E+00    0.1196593921E-01    0.3251364916E-01    0.7003203095E+00    0.7129874775E+00    0.9969783150E-01   -0.6682664577E-01    0.2972792279E+02
    0.7265000000E+00   -0.2769958225E-01    0.6281810556E-01    0.9976412617E+00    0.5264401022E-02    0.4026083897E-01    0.1000000000E+01   -0.2870177708E-01    0.6349534790E-01    0.9975693204E+00    0.1215450955E-01    0.3267417632E-01    0.7098958837E+00    0.7034433172E+00    0.1009914122E+00   -0.6623523298E-01    0.2974834937E+02
    0.7270000000E+00   -0.2679270557E-01    0.6367419750E-01    0.9976117652E+00    0.5985124665E-02    0.4041588579E-01    0.1000000000E+01   -0.2778933872E-01    0.6437266442E-01    0.9975389280E+00    0.1234481503E-01    0.3283503557E-01    0.7193414392E+00    0.6937703942E+00    0.1022870054E+00   -0.6562709689E-01    0.2976877533E+02
    0.7275000000E+00   -0.2586564408E-01    0.6451995786E-01    0.9975819006E+00    0.6712886753E-02    0.4055954120E-01    0.1000000000E+01   -0.2685631898E-01    0.6523968143E-01    0.9975081565E+00    0.1253686752E-01    0.3299622277E-01    0.7286552428E+00    0.6839704770E+00    0.1035844542E+00   -0.6500211386E-01    0.2978920066E+02
    0.7280000000E+00   -0.2491845193E-01    0.6535497741E-01    0.9975516635E+00    0.7447535009E-02    0.4069161534E-01    0.1000000000E+01   -0.2590276911E-01    0.6609598311E-01    0.9974770011E+00    0.1273067896E-01    0.3315773372E-01    0.7378355853E+00    0.6740453572E+00    0.1048835992E+00   -0.6436016111E-01    0.2980962535E+02
    0.7285000000E+00   -0.2395119067E-01    0.6617884535E-01    0.9975210491E+00    0.8188912968E-02    0.4081191978E-01    0.1000000000E+01   -0.2492874781E-01    0.6694115198E-01    0.9974454571E+00    0.1292626131E-01    0.3331956412E-01    0.7468807817E+00    0.6639968496E+00    0.1061842790E+00   -0.6370111670E-01    0.2983004939E+02
    0.7290000000E+00   -0.2296392923E-01    0.6699114940E-01    0.9974900528E+00    0.8936859984E-02    0.4092026764E-01    0.1000000000E+01   -0.2393432128E-01    0.6777476899E-01    0.9974135196E+00    0.1312362662E-01    0.3348170962E-01    0.7557891717E+00    0.6538267916E+00    0.1074863299E+00   -0.6302485957E-01    0.2985047277E+02
    0.7295000000E+00   -0.2195674409E-01    0.6779147595E-01    0.9974586699E+00    0.9691211228E-02    0.4101647364E-01    0.1000000000E+01   -0.2291956336E-01    0.6859641368E-01    0.9973811838E+00    0.1332278698E-01    0.3364416580E-01    0.7645591199E+00    0.6435370429E+00    0.1087895859E+00   -0.6233126960E-01    0.2987089549E+02
    0.7300000000E+00   -0.2092971925E-01    0.6857941018E-01    0.9974268955E+00    0.1045179769E-01    0.4110035421E-01    0.1000000000E+01   -0.2188455553E-01    0.6940566427E-01    0.9973484447E+00    0.1352375455E-01    0.3380692816E-01    0.7731890161E+00    0.6331294853E+00    0.1100938787E+00   -0.6162022759E-01    0.2989131754E+02
    0.7305000000E+00   -0.1988294640E-01    0.6935453614E-01    0.9973947249E+00    0.1121844618E-01    0.4117172755E-01    0.1000000000E+01   -0.2082938703E-01    0.7020209782E-01    0.9973152973E+00    0.1372654152E-01    0.3396999213E-01    0.7816772755E+00    0.6226060220E+00    0.1113990378E+00   -0.6089161535E-01    0.2991173890E+02
    0.7310000000E+00   -0.1881652490E-01    0.7011643693E-01    0.9973621530E+00    0.1199097933E-01    0.4123041373E-01    0.1000000000E+01   -0.1975415489E-01    0.7098529029E-01    0.9972817365E+00    0.1393116017E-01    0.3413335307E-01    0.7900223394E+00    0.6119685778E+00    0.1127048906E+00   -0.6014531565E-01    0.2993215958E+02
    0.7315000000E+00   -0.1773056189E-01    0.7086469480E-01    0.9973291749E+00    0.1276921562E-01    0.4127623475E-01    0.1000000000E+01   -0.1865896404E-01    0.7175481674E-01    0.9972477573E+00    0.1413762281E-01    0.3429700626E-01    0.7982226749E+00    0.6012190984E+00    0.1140112620E+00   -0.5938121232E-01    0.2995257955E+02
    0.7320000000E+00   -0.1662517234E-01    0.7159889126E-01    0.9972957856E+00    0.1355296935E-01    0.4130901466E-01    0.1000000000E+01   -0.1754392734E-01    0.7251025141E-01    0.9972133544E+00    0.1434594184E-01    0.3446094692E-01    0.8062767755E+00    0.5903595500E+00    0.1153179747E+00   -0.5859919026E-01    0.2997299882E+02
    0.7325000000E+00   -0.1550047910E-01    0.7231860725E-01    0.9972619799E+00    0.1434205071E-01    0.4132857959E-01    0.1000000000E+01   -0.1640916565E-01    0.7325116789E-01    0.9971785225E+00    0.1455612968E-01    0.3462517016E-01    0.8141831616E+00    0.5793919192E+00    0.1166248492E+00   -0.5779913543E-01    0.2999341738E+02
    0.7330000000E+00   -0.1435661300E-01    0.7302342326E-01    0.9972277527E+00    0.1513626570E-01    0.4133475791E-01    0.1000000000E+01   -0.1525480789E-01    0.7397713922E-01    0.9971432564E+00    0.1476819883E-01    0.3478967106E-01    0.8219403802E+00    0.5683182123E+00    0.1179317036E+00   -0.5698093494E-01    0.3001383520E+02
    0.7335000000E+00   -0.1319371286E-01    0.7371291942E-01    0.9971930988E+00    0.1593541623E-01    0.4132738022E-01    0.1000000000E+01   -0.1408099112E-01    0.7468773804E-01    0.9971075507E+00    0.1498216185E-01    0.3495444458E-01    0.8295470057E+00    0.5571404554E+00    0.1192383540E+00   -0.5614447704E-01    0.3003425230E+02
    0.7340000000E+00   -0.1201192555E-01    0.7438667571E-01    0.9971580129E+00    0.1673930009E-01    0.4130627952E-01    0.1000000000E+01   -0.1288786056E-01    0.7538253672E-01    0.9970713998E+00    0.1519803134E-01    0.3511948563E-01    0.8370016397E+00    0.5458606935E+00    0.1205446138E+00   -0.5528965118E-01    0.3005466865E+02
    0.7345000000E+00   -0.1081140607E-01    0.7504427203E-01    0.9971224896E+00    0.1754771097E-01    0.4127129126E-01    0.1000000000E+01   -0.1167556970E-01    0.7606110752E-01    0.9970347984E+00    0.1541581996E-01    0.3528478904E-01    0.8443029118E+00    0.5344809906E+00    0.1218502945E+00   -0.5441634800E-01    0.3007508425E+02
    0.7350000000E+00   -0.9592317602E-02    0.7568528838E-01    0.9970865234E+00    0.1836043847E-01    0.4122225339E-01    0.1000000000E+01   -0.1044428027E-01    0.7672302269E-01    0.9969977407E+00    0.1563554045E-01    0.3545034955E-01    0.8514494794E+00    0.5230034289E+00    0.1231552050E+00   -0.5352445940E-01    0.3009549909E+02
    0.7355000000E+00   -0.8354831519E-02    0.7630930498E-01    0.9970501090E+00    0.1917726816E-01    0.4115900653E-01    0.1000000000E+01   -0.9194162373E-02    0.7736785466E-01    0.9969602212E+00    0.1585720558E-01    0.3561616182E-01    0.8584400281E+00    0.5114301088E+00    0.1244591523E+00   -0.5261387855E-01    0.3011591316E+02
    0.7360000000E+00   -0.7099127470E-02    0.7691590244E-01    0.9970132407E+00    0.1999798153E-01    0.4108139397E-01    0.1000000000E+01   -0.7925394500E-02    0.7799517614E-01    0.9969222341E+00    0.1608082819E-01    0.3578222044E-01    0.8652732719E+00    0.4997631485E+00    0.1257619407E+00   -0.5168449993E-01    0.3013632645E+02
    0.7365000000E+00   -0.5825393409E-02    0.7750466186E-01    0.9969759130E+00    0.2082235608E-01    0.4098926180E-01    0.1000000000E+01   -0.6638163566E-02    0.7860456031E-01    0.9968837736E+00    0.1630642119E-01    0.3594851991E-01    0.8719479536E+00    0.4880046830E+00    0.1270633724E+00   -0.5073621937E-01    0.3015673894E+02
    0.7370000000E+00   -0.4533825640E-02    0.7807516502E-01    0.9969381201E+00    0.2165016531E-01    0.4088245901E-01    0.1000000000E+01   -0.5332664972E-02    0.7919558094E-01    0.9968448338E+00    0.1653399751E-01    0.3611505466E-01    0.8784628449E+00    0.4761568648E+00    0.1283632475E+00   -0.4976893406E-01    0.3017715064E+02
    0.7375000000E+00   -0.3224628859E-02    0.7862699451E-01    0.9968998562E+00    0.2248117873E-01    0.4076083752E-01    0.1000000000E+01   -0.4009102638E-02    0.7976781253E-01    0.9968054089E+00    0.1676357018E-01    0.3628181901E-01    0.8848167464E+00    0.4642218624E+00    0.1296613635E+00   -0.4878254258E-01    0.3019756153E+02
    0.7380000000E+00   -0.1898016190E-02    0.7915973385E-01    0.9968611156E+00    0.2331516192E-01    0.4062425234E-01    0.1000000000E+01   -0.2667689048E-02    0.8032083049E-01    0.9967654929E+00    0.1699515226E-01    0.3644880724E-01    0.8910084884E+00    0.4522018607E+00    0.1309575157E+00   -0.4777694498E-01    0.3021797159E+02
    0.7385000000E+00   -0.5542092222E-03    0.7967296770E-01    0.9968218923E+00    0.2415187655E-01    0.4047256159E-01    0.1000000000E+01   -0.1308645286E-02    0.8085421127E-01    0.9967250795E+00    0.1722875687E-01    0.3661601350E-01    0.8970369306E+00    0.4400990601E+00    0.1322514972E+00   -0.4675204274E-01    0.3023838083E+02
    0.7390000000E+00    0.8065619577E-03    0.8016628197E-01    0.9967821804E+00    0.2499108039E-01    0.4030562661E-01    0.1000000000E+01    0.6779893003E-04    0.8136753253E-01    0.9966841627E+00    0.1746439720E-01    0.3678343189E-01    0.9029009623E+00    0.4279156765E+00    0.1335430989E+00   -0.4570773887E-01    0.3025878922E+02
    0.7395000000E+00    0.2184058734E-02    0.8063926398E-01    0.9967419737E+00    0.2583252737E-01    0.4012331207E-01    0.1000000000E+01    0.1461405213E-02    0.8186037327E-01    0.9966427362E+00    0.1770208648E-01    0.3695105640E-01    0.9085995032E+00    0.4156539406E+00    0.1348321090E+00   -0.4464393790E-01    0.3027919677E+02
    0.7400000000E+00    0.3578033934E-02    0.8109150263E-01    0.9967012663E+00    0.2667596758E-01    0.3992548604E-01    0.1000000000E+01    0.2871926479E-02    0.8233231404E-01    0.9966007938E+00    0.1794183802E-01    0.3711888094E-01    0.9141315029E+00    0.4033160976E+00    0.1361183140E+00   -0.4356054594E-01    0.3029960345E+02
    0.7405000000E+00    0.4988231801E-02    0.8152258853E-01    0.9966600518E+00    0.2752114733E-01    0.3971202005E-01    0.1000000000E+01    0.4299106919E-02    0.8278293702E-01    0.9965583290E+00    0.1818366518E-01    0.3728689935E-01    0.9194959413E+00    0.3909044069E+00    0.1374014976E+00   -0.4245747067E-01    0.3032000926E+02
    0.7410000000E+00    0.6414387973E-02    0.8193211419E-01    0.9966183240E+00    0.2836780920E-01    0.3948278922E-01    0.1000000000E+01    0.5742681969E-02    0.8321182627E-01    0.9965153354E+00    0.1842758135E-01    0.3745510537E-01    0.9246918292E+00    0.3784211415E+00    0.1386814415E+00   -0.4133462143E-01    0.3034041418E+02
    0.7415000000E+00    0.7856229457E-02    0.8231967417E-01    0.9965760766E+00    0.2921569203E-01    0.3923767232E-01    0.1000000000E+01    0.7202378296E-02    0.8361856781E-01    0.9964718064E+00    0.1867360000E-01    0.3762349263E-01    0.9297182079E+00    0.3658685876E+00    0.1399579251E+00   -0.4019190923E-01    0.3036081821E+02
    0.7420000000E+00    0.9313474617E-02    0.8268486522E-01    0.9965333031E+00    0.3006453100E-01    0.3897655185E-01    0.1000000000E+01    0.8677913768E-02    0.8400274984E-01    0.9964277354E+00    0.1892173468E-01    0.3779205471E-01    0.9345741496E+00    0.3532490445E+00    0.1412307254E+00   -0.3902924676E-01    0.3038122134E+02
    0.7425000000E+00    0.1078583315E-01    0.8302728646E-01    0.9964899970E+00    0.3091405767E-01    0.3869931417E-01    0.1000000000E+01    0.1016899745E-01    0.8436396288E-01    0.9963831158E+00    0.1917199894E-01    0.3796078506E-01    0.9392587578E+00    0.3405648236E+00    0.1424996172E+00   -0.3784654846E-01    0.3040162355E+02
    0.7430000000E+00    0.1227300609E-01    0.8334653956E-01    0.9964461518E+00    0.3176399999E-01    0.3840584951E-01    0.1000000000E+01    0.1167532956E-01    0.8470179994E-01    0.9963379406E+00    0.1942440645E-01    0.3812967708E-01    0.9437711671E+00    0.3278182488E+00    0.1437643732E+00   -0.3664373054E-01    0.3042202483E+02
    0.7435000000E+00    0.1377468577E-01    0.8364222886E-01    0.9964017607E+00    0.3261408240E-01    0.3809605215E-01    0.1000000000E+01    0.1319660151E-01    0.8501585668E-01    0.9962922031E+00    0.1967897089E-01    0.3829872403E-01    0.9481105437E+00    0.3150116550E+00    0.1450247635E+00   -0.3542071101E-01    0.3044242517E+02
    0.7440000000E+00    0.1529055584E-01    0.8391396158E-01    0.9963568170E+00    0.3346402582E-01    0.3776982040E-01    0.1000000000E+01    0.1473249584E-01    0.8530573159E-01    0.9962458963E+00    0.1993570601E-01    0.3846791913E-01    0.9522760851E+00    0.3021473888E+00    0.1462805562E+00   -0.3417740971E-01    0.3046282456E+02
    0.7445000000E+00    0.1682029125E-01    0.8416134797E-01    0.9963113139E+00    0.3431354773E-01    0.3742705679E-01    0.1000000000E+01    0.1628268624E-01    0.8557102618E-01    0.9961990131E+00    0.2019462563E-01    0.3863725545E-01    0.9562670208E+00    0.2892278073E+00    0.1475315170E+00   -0.3291374838E-01    0.3048322298E+02
    0.7450000000E+00    0.1836355826E-01    0.8438400147E-01    0.9962652445E+00    0.3516236223E-01    0.3706766808E-01    0.1000000000E+01    0.1784683755E-01    0.8581134508E-01    0.9961515465E+00    0.2045574361E-01    0.3880672602E-01    0.9600826120E+00    0.2762552780E+00    0.1487774095E+00   -0.3162965063E-01    0.3050362043E+02
    0.7455000000E+00    0.1992001441E-01    0.8458153889E-01    0.9962186017E+00    0.3601018007E-01    0.3669156537E-01    0.1000000000E+01    0.1942460576E-01    0.8602629629E-01    0.9961034892E+00    0.2071907388E-01    0.3897632374E-01    0.9637221521E+00    0.2632321783E+00    0.1500179949E+00   -0.3032504204E-01    0.3052401690E+02
    0.7460000000E+00    0.2148930856E-01    0.8475358059E-01    0.9961713785E+00    0.3685670870E-01    0.3629866418E-01    0.1000000000E+01    0.2101563798E-01    0.8621549133E-01    0.9960548339E+00    0.2098463041E-01    0.3914604142E-01    0.9671849665E+00    0.2501608950E+00    0.1512530322E+00   -0.2899985018E-01    0.3054441236E+02
    0.7465000000E+00    0.2307108090E-01    0.8489975062E-01    0.9961235677E+00    0.3770165236E-01    0.3588888456E-01    0.1000000000E+01    0.2261957249E-01    0.8637854537E-01    0.9960055733E+00    0.2125242724E-01    0.3931587178E-01    0.9704704128E+00    0.2370438240E+00    0.1524822782E+00   -0.2765400459E-01    0.3056480681E+02
    0.7470000000E+00    0.2466496290E-01    0.8501967694E-01    0.9960751621E+00    0.3854471209E-01    0.3546215112E-01    0.1000000000E+01    0.2423603873E-01    0.8651507747E-01    0.9959556998E+00    0.2152247846E-01    0.3948580744E-01    0.9735778812E+00    0.2238833697E+00    0.1537054876E+00   -0.2628743691E-01    0.3058520023E+02
    0.7475000000E+00    0.2627057740E-01    0.8511299153E-01    0.9960261544E+00    0.3938558583E-01    0.3501839315E-01    0.1000000000E+01    0.2586465729E-01    0.8662471071E-01    0.9959052059E+00    0.2179479822E-01    0.3965584092E-01    0.9765067942E+00    0.2106819448E+00    0.1549224125E+00   -0.2490008084E-01    0.3060559262E+02
    0.7480000000E+00    0.2788753858E-01    0.8517933062E-01    0.9959765370E+00    0.4022396847E-01    0.3455754472E-01    0.1000000000E+01    0.2750503997E-01    0.8670707240E-01    0.9958540839E+00    0.2206940073E-01    0.3982596463E-01    0.9792566072E+00    0.1974419696E+00    0.1561328033E+00   -0.2349187220E-01    0.3062598396E+02
    0.7485000000E+00    0.2951545199E-01    0.8521833486E-01    0.9959263024E+00    0.4105955190E-01    0.3407954470E-01    0.1000000000E+01    0.2915678977E-01    0.8676179423E-01    0.9958023262E+00    0.2234630024E-01    0.3999617089E-01    0.9818268080E+00    0.1841658719E+00    0.1573364077E+00   -0.2206274897E-01    0.3064637423E+02
    0.7490000000E+00    0.3115391457E-01    0.8522964945E-01    0.9958754431E+00    0.4189202509E-01    0.3358433690E-01    0.1000000000E+01    0.3081950088E-01    0.8678851246E-01    0.9957499247E+00    0.2262551107E-01    0.4016645193E-01    0.9842169173E+00    0.1708560860E+00    0.1585329715E+00   -0.2061265135E-01    0.3066676343E+02
    0.7495000000E+00    0.3280251469E-01    0.8521292438E-01    0.9958239513E+00    0.4272107415E-01    0.3307187013E-01    0.1000000000E+01    0.3249275878E-01    0.8678686811E-01    0.9956968717E+00    0.2290704759E-01    0.4033679986E-01    0.9864264888E+00    0.1575150529E+00    0.1597222384E+00   -0.1914152172E-01    0.3068715154E+02
    0.7500000000E+00    0.3446083214E-01    0.8516781454E-01    0.9957718192E+00    0.4354638238E-01    0.3254209826E-01    0.1000000000E+01    0.3417614021E-01    0.8675650711E-01    0.9956431590E+00    0.2319092423E-01    0.4050720669E-01    0.9884551092E+00    0.1441452193E+00    0.1609039495E+00   -0.1764930479E-01    0.3070753854E+02
    0.7505000000E+00    0.3612843822E-01    0.8509397996E-01    0.9957190390E+00    0.4436763039E-01    0.3199498034E-01    0.1000000000E+01    0.3586921320E-01    0.8669708053E-01    0.9955887785E+00    0.2347715548E-01    0.4067766434E-01    0.9903023982E+00    0.1307490378E+00    0.1620778442E+00   -0.1613594752E-01    0.3072792442E+02
    0.7510000000E+00    0.3780489573E-01    0.8499108595E-01    0.9956656026E+00    0.4518449612E-01    0.3143048063E-01    0.1000000000E+01    0.3757153713E-01    0.8660824470E-01    0.9955337220E+00    0.2376575586E-01    0.4084816460E-01    0.9919680086E+00    0.1173289657E+00    0.1632436595E+00   -0.1460139923E-01    0.3074830918E+02
    0.7515000000E+00    0.3948975900E-01    0.8485880330E-01    0.9956115020E+00    0.4599665493E-01    0.3084856873E-01    0.1000000000E+01    0.3928266277E-01    0.8648966145E-01    0.9954779812E+00    0.2405673997E-01    0.4101869917E-01    0.9934516265E+00    0.1038874650E+00    0.1644011302E+00   -0.1304561164E-01    0.3076869279E+02
    0.7520000000E+00    0.4118257399E-01    0.8469680843E-01    0.9955567289E+00    0.4680377971E-01    0.3024921960E-01    0.1000000000E+01    0.4100213229E-01    0.8634099825E-01    0.9954215475E+00    0.2435012246E-01    0.4118925964E-01    0.9947529712E+00    0.9042700207E-01    0.1655499892E+00   -0.1146853886E-01    0.3078907524E+02
    0.7525000000E+00    0.4288287827E-01    0.8450478361E-01    0.9955012751E+00    0.4760554090E-01    0.2963241370E-01    0.1000000000E+01    0.4272947932E-01    0.8616192842E-01    0.9953644126E+00    0.2464591804E-01    0.4135983751E-01    0.9958717954E+00    0.7695004679E-01    0.1666899671E+00   -0.9870137451E-02    0.3080945651E+02
    0.7530000000E+00    0.4459020111E-01    0.8428241712E-01    0.9954451322E+00    0.4840160661E-01    0.2899813700E-01    0.1000000000E+01    0.4446422901E-01    0.8595213130E-01    0.9953065676E+00    0.2494414145E-01    0.4153042414E-01    0.9968078851E+00    0.6345907242E-01    0.1678207923E+00   -0.8250366488E-02    0.3082983660E+02
    0.7535000000E+00    0.4630406351E-01    0.8402940342E-01    0.9953882917E+00    0.4919164268E-01    0.2834638110E-01    0.1000000000E+01    0.4620589806E-01    0.8571129244E-01    0.9952480040E+00    0.2524480750E-01    0.4170101080E-01    0.9975610598E+00    0.4995655506E-01    0.1689421914E+00   -0.6609187555E-02    0.3085021548E+02
    0.7540000000E+00    0.4802397826E-01    0.8374544334E-01    0.9953307449E+00    0.4997531277E-01    0.2767714330E-01    0.1000000000E+01    0.4795399479E-01    0.8543910376E-01    0.9951887128E+00    0.2554793107E-01    0.4187158865E-01    0.9981311723E+00    0.3644497316E-01    0.1700538885E+00   -0.4946564807E-02    0.3087059314E+02
    0.7545000000E+00    0.4974945002E-01    0.8343024428E-01    0.9952724833E+00    0.5075227845E-01    0.2699042663E-01    0.1000000000E+01    0.4970801917E-01    0.8513526380E-01    0.9951286851E+00    0.2585352707E-01    0.4204214873E-01    0.9985181092E+00    0.2292680711E-01    0.1711556061E+00   -0.3262465002E-02    0.3089096957E+02
    0.7550000000E+00    0.5147997534E-01    0.8308352036E-01    0.9952134980E+00    0.5152219929E-01    0.2628623999E-01    0.1000000000E+01    0.5146746294E-01    0.8479947780E-01    0.9950679117E+00    0.2616161048E-01    0.4221268198E-01    0.9987217902E+00    0.9404538815E-02    0.1722470642E+00   -0.1556857540E-02    0.3091134476E+02
    0.7555000000E+00    0.5321504276E-01    0.8270499262E-01    0.9951537802E+00    0.5228473291E-01    0.2556459815E-01    0.1000000000E+01    0.5323180960E-01    0.8443145801E-01    0.9950063836E+00    0.2647219632E-01    0.4238317921E-01    0.9987421689E+00   -0.4119348831E-02    0.1733279811E+00    0.1702855006E-03    0.3093171868E+02
    0.7560000000E+00    0.5495413288E-01    0.8229438918E-01    0.9950933206E+00    0.5303953514E-01    0.2482552187E-01    0.1000000000E+01    0.5500053454E-01    0.8403092375E-01    0.9949440915E+00    0.2678529966E-01    0.4255363113E-01    0.9985792322E+00   -0.1764237233E-01    0.1743980728E+00    0.1918989321E-02    0.3095209131E+02
    0.7565000000E+00    0.5669671839E-01    0.8185144548E-01    0.9950321104E+00    0.5378626003E-01    0.2406903794E-01    0.1000000000E+01    0.5677310507E-01    0.8359760169E-01    0.9948810259E+00    0.2710093565E-01    0.4272402833E-01    0.9982330006E+00   -0.3116204805E-01    0.1754570534E+00    0.3689276369E-02    0.3097246265E+02
    0.7570000000E+00    0.5844226421E-01    0.8137590437E-01    0.9949701402E+00    0.5452456002E-01    0.2329517928E-01    0.1000000000E+01    0.5854898054E-01    0.8313122598E-01    0.9948171773E+00    0.2741911946E-01    0.4289436129E-01    0.9977035282E+00   -0.4467589270E-01    0.1765046351E+00    0.5481166296E-02    0.3099283268E+02
    0.7575000000E+00    0.6019022752E-01    0.8086751638E-01    0.9949074007E+00    0.5525408598E-01    0.2250398496E-01    0.1000000000E+01    0.6032761236E-01    0.8263153847E-01    0.9947525361E+00    0.2773986633E-01    0.4306462036E-01    0.9969909028E+00   -0.5818142373E-01    0.1775405279E+00    0.7294675923E-02    0.3101320139E+02
    0.7580000000E+00    0.6194005786E-01    0.8032603982E-01    0.9948438824E+00    0.5597448731E-01    0.2169550028E-01    0.1000000000E+01    0.6210844414E-01    0.8209828886E-01    0.9946870926E+00    0.2806319156E-01    0.4323479579E-01    0.9960952454E+00   -0.7167615985E-01    0.1785644400E+00    0.9129819199E-02    0.3103356874E+02
    0.7585000000E+00    0.6369119721E-01    0.7975124105E-01    0.9947795758E+00    0.5668541209E-01    0.2086977688E-01    0.1000000000E+01    0.6389091173E-01    0.8153123490E-01    0.9946208369E+00    0.2838911048E-01    0.4340487769E-01    0.9950167107E+00   -0.8515762140E-01    0.1795760776E+00    0.1098660717E-01    0.3105393474E+02
    0.7590000000E+00    0.6544308011E-01    0.7914289458E-01    0.9947144712E+00    0.5738650711E-01    0.2002687272E-01    0.1000000000E+01    0.6567444335E-01    0.8093014260E-01    0.9945537590E+00    0.2871763849E-01    0.4357485607E-01    0.9937554869E+00   -0.9862333088E-01    0.1805751449E+00    0.1286504791E-01    0.3107429936E+02
    0.7595000000E+00    0.6719513371E-01    0.7850078328E-01    0.9946485587E+00    0.5807741803E-01    0.1916685221E-01    0.1000000000E+01    0.6745845966E-01    0.8029478635E-01    0.9944858489E+00    0.2904879103E-01    0.4374472080E-01    0.9923117957E+00   -0.1120708133E+00    0.1815613444E+00    0.1476514655E-01    0.3109466258E+02
    0.7600000000E+00    0.6894677791E-01    0.7782469858E-01    0.9945818285E+00    0.5875778945E-01    0.1828978623E-01    0.1000000000E+01    0.6924237388E-01    0.7962494917E-01    0.9944170962E+00    0.2938258361E-01    0.4391446165E-01    0.9906858922E+00   -0.1254975969E+00    0.1825343764E+00    0.1668690514E-01    0.3111502439E+02
    0.7605000000E+00    0.7069742543E-01    0.7711444062E-01    0.9945142705E+00    0.5942726503E-01    0.1739575222E-01    0.1000000000E+01    0.7102559185E-01    0.7892042285E-01    0.9943474907E+00    0.2971903175E-01    0.4408406826E-01    0.9888780648E+00   -0.1389012130E+00    0.1834939395E+00    0.1863032271E-01    0.3113538477E+02
    0.7610000000E+00    0.7244648193E-01    0.7636981842E-01    0.9944458745E+00    0.6008548758E-01    0.1648483418E-01    0.1000000000E+01    0.7280751218E-01    0.7818100814E-01    0.9942770219E+00    0.3005815107E-01    0.4425353013E-01    0.9868886354E+00   -0.1522791973E+00    0.1844397304E+00    0.2059539516E-01    0.3115574370E+02
    0.7615000000E+00    0.7419334612E-01    0.7559065012E-01    0.9943766304E+00    0.6073209919E-01    0.1555712280E-01    0.1000000000E+01    0.7458752634E-01    0.7740651496E-01    0.9942056792E+00    0.3039995720E-01    0.4442283666E-01    0.9847179591E+00   -0.1656290895E+00    0.1853714441E+00    0.2258211526E-01    0.3117610116E+02
    0.7620000000E+00    0.7593740986E-01    0.7477676306E-01    0.9943065276E+00    0.6136674132E-01    0.1461271546E-01    0.1000000000E+01    0.7636501876E-01    0.7659676254E-01    0.9941334518E+00    0.3074446585E-01    0.4459197710E-01    0.9823664241E+00   -0.1789484343E+00    0.1862887735E+00    0.2459047259E-01    0.3119645714E+02
    0.7625000000E+00    0.7767805831E-01    0.7392799404E-01    0.9942355556E+00    0.6198905494E-01    0.1365171630E-01    0.1000000000E+01    0.7813936697E-01    0.7575157959E-01    0.9940603290E+00    0.3109169276E-01    0.4476094059E-01    0.9798344521E+00   -0.1922347816E+00    0.1871914100E+00    0.2662045352E-01    0.3121681162E+02
    0.7630000000E+00    0.7941466999E-01    0.7304418946E-01    0.9941637038E+00    0.6259868061E-01    0.1267423626E-01    0.1000000000E+01    0.7990994172E-01    0.7487080456E-01    0.9939862997E+00    0.3144165372E-01    0.4492971615E-01    0.9771224977E+00   -0.2054856871E+00    0.1880790430E+00    0.2867204116E-01    0.3123716458E+02
    0.7635000000E+00    0.8114661698E-01    0.7212520549E-01    0.9940909614E+00    0.6319525861E-01    0.1168039315E-01    0.1000000000E+01    0.8167610709E-01    0.7395428571E-01    0.9939113528E+00    0.3179436459E-01    0.4509829264E-01    0.9742310483E+00   -0.2186987125E+00    0.1889513603E+00    0.3074521530E-01    0.3125751599E+02
    0.7640000000E+00    0.8287326499E-01    0.7117090824E-01    0.9940173174E+00    0.6377842906E-01    0.1067031166E-01    0.1000000000E+01    0.8343722061E-01    0.7300188137E-01    0.9938354772E+00    0.3214984125E-01    0.4526665882E-01    0.9711606247E+00   -0.2318714262E+00    0.1898080480E+00    0.3283995241E-01    0.3127786585E+02
    0.7645000000E+00    0.8459397351E-01    0.7018117398E-01    0.9939427610E+00    0.6434783204E-01    0.9644123470E-02    0.1000000000E+01    0.8519263344E-01    0.7201346008E-01    0.9937586613E+00    0.3250809964E-01    0.4543480331E-01    0.9679117802E+00   -0.2450014037E+00    0.1906487903E+00    0.3495622557E-01    0.3129821413E+02
    0.7650000000E+00    0.8630809596E-01    0.6915588922E-01    0.9938672807E+00    0.6490310769E-01    0.8601967208E-02    0.1000000000E+01    0.8694169043E-01    0.7098890076E-01    0.9936808937E+00    0.3286915575E-01    0.4560271460E-01    0.9644851010E+00   -0.2580862278E+00    0.1914732698E+00    0.3709400447E-01    0.3131856081E+02
    0.7655000000E+00    0.8801497981E-01    0.6809495097E-01    0.9937908655E+00    0.6544389635E-01    0.7543988559E-02    0.1000000000E+01    0.8868373034E-01    0.6992809291E-01    0.9936021628E+00    0.3323302562E-01    0.4577038103E-01    0.9608812058E+00   -0.2711234893E+00    0.1922811677E+00    0.3925325532E-01    0.3133890587E+02
    0.7660000000E+00    0.8971396672E-01    0.6699826687E-01    0.9937135037E+00    0.6596983869E-01    0.6470340277E-02    0.1000000000E+01    0.9041808592E-01    0.6883093673E-01    0.9935224567E+00    0.3359972533E-01    0.4593779083E-01    0.9571007461E+00   -0.2841107875E+00    0.1930721632E+00    0.4143394084E-01    0.3135924930E+02
    0.7665000000E+00    0.9140439271E-01    0.6586575533E-01    0.9936351838E+00    0.6648057579E-01    0.5381182228E-02    0.1000000000E+01    0.9214408410E-01    0.6769734337E-01    0.9934417636E+00    0.3396927101E-01    0.4610493208E-01    0.9531444056E+00   -0.2970457302E+00    0.1938459341E+00    0.4363602021E-01    0.3137959107E+02
    0.7670000000E+00    0.9308558829E-01    0.6469734575E-01    0.9935558942E+00    0.6697574933E-01    0.4276681424E-02    0.1000000000E+01    0.9386104612E-01    0.6652723503E-01    0.9933600712E+00    0.3434167883E-01    0.4627179273E-01    0.9490129005E+00   -0.3099259347E+00    0.1946021566E+00    0.4585944906E-01    0.3139993116E+02
    0.7675000000E+00    0.9475687864E-01    0.6349297864E-01    0.9934756229E+00    0.6745500167E-01    0.3157012060E-02    0.1000000000E+01    0.9556828770E-01    0.6532054515E-01    0.9932773676E+00    0.3471696501E-01    0.4643836060E-01    0.9447069789E+00   -0.3227490278E+00    0.1953405053E+00    0.4810417937E-01    0.3142026955E+02
    0.7680000000E+00    0.9641758373E-01    0.6225260582E-01    0.9933943580E+00    0.6791797598E-01    0.2022355545E-02    0.1000000000E+01    0.9726511917E-01    0.6407721859E-01    0.9931936401E+00    0.3509514581E-01    0.4660462335E-01    0.9402274213E+00   -0.3355126465E+00    0.1960606534E+00    0.5037015949E-01    0.3144060622E+02
    0.7685000000E+00    0.9806701851E-01    0.6097619053E-01    0.9933120872E+00    0.6836431640E-01    0.8729005320E-03    0.1000000000E+01    0.9895084569E-01    0.6279721178E-01    0.9931088764E+00    0.3547623755E-01    0.4677056853E-01    0.9355750400E+00   -0.3482144383E+00    0.1967622724E+00    0.5265733409E-01    0.3146094114E+02
    0.7690000000E+00    0.9970449309E-01    0.5966370765E-01    0.9932287984E+00    0.6879366813E-01   -0.2911570535E-03    0.1000000000E+01    0.1006247673E+00    0.6148049288E-01    0.9930230638E+00    0.3586025657E-01    0.4693618352E-01    0.9307506790E+00   -0.3608520615E+00    0.1974450326E+00    0.5496564408E-01    0.3148127431E+02
    0.7695000000E+00    0.1013293128E+00    0.5831514379E-01    0.9931444791E+00    0.6920567760E-01   -0.1469613988E-02    0.1000000000E+01    0.1022861794E+00    0.6012704195E-01    0.9929361895E+00    0.3624721928E-01    0.4710145558E-01    0.9257552139E+00   -0.3734231860E+00    0.1981086026E+00    0.5729502662E-01    0.3150160569E+02
    0.7700000000E+00    0.1029407787E+00    0.5693049751E-01    0.9930591167E+00    0.6959999257E-01   -0.2662259724E-02    0.1000000000E+01    0.1039343723E+00    0.5873685112E-01    0.9928482405E+00    0.3663714211E-01    0.4726637182E-01    0.9205895521E+00   -0.3859254934E+00    0.1987526499E+00    0.5964541507E-01    0.3152193526E+02
    0.7705000000E+00    0.1045381871E+00    0.5550977944E-01    0.9929726984E+00    0.6997626230E-01   -0.3868876372E-02    0.1000000000E+01    0.1055686322E+00    0.5730992471E-01    0.9927592037E+00    0.3703004154E-01    0.4743091921E-01    0.9152546320E+00   -0.3983566776E+00    0.1993768403E+00    0.6201673893E-01    0.3154226300E+02
    0.7710000000E+00    0.1061208306E+00    0.5405301243E-01    0.9928852114E+00    0.7033413765E-01   -0.5089238677E-02    0.1000000000E+01    0.1071882406E+00    0.5584627941E-01    0.9926690658E+00    0.3742593411E-01    0.4759508457E-01    0.9097514232E+00   -0.4107144450E+00    0.1999808385E+00    0.6440892380E-01    0.3156258889E+02
    0.7715000000E+00    0.1076879975E+00    0.5256023168E-01    0.9927966427E+00    0.7067327126E-01   -0.6323114005E-02    0.1000000000E+01    0.1087924753E+00    0.5434594446E-01    0.9925778135E+00    0.3782483637E-01    0.4775885457E-01    0.9040809265E+00   -0.4229965151E+00    0.2005643077E+00    0.6682189138E-01    0.3158291291E+02
    0.7720000000E+00    0.1092389725E+00    0.5103148495E-01    0.9927069791E+00    0.7099331762E-01   -0.7570262322E-02    0.1000000000E+01    0.1103806097E+00    0.5280896174E-01    0.9924854330E+00    0.3822676493E-01    0.4792221574E-01    0.8982441734E+00   -0.4352006211E+00    0.2011269101E+00    0.6925555939E-01    0.3160323503E+02
    0.7725000000E+00    0.1107730366E+00    0.4946683265E-01    0.9926162072E+00    0.7129393328E-01   -0.8830436189E-02    0.1000000000E+01    0.1119519138E+00    0.5123538595E-01    0.9923919107E+00    0.3863173643E-01    0.4808515448E-01    0.8922422259E+00   -0.4473245098E+00    0.2016683063E+00    0.7170984155E-01    0.3162355522E+02
    0.7730000000E+00    0.1122894675E+00    0.4786634798E-01    0.9925243135E+00    0.7157477696E-01   -0.1010338074E-01    0.1000000000E+01    0.1135056537E+00    0.4962528478E-01    0.9922972326E+00    0.3903976757E-01    0.4824765700E-01    0.8860761767E+00   -0.4593659426E+00    0.2021881561E+00    0.7418464755E-01    0.3164387347E+02
    0.7735000000E+00    0.1137875395E+00    0.4623011711E-01    0.9924312843E+00    0.7183550969E-01   -0.1138883370E-01    0.1000000000E+01    0.1150410924E+00    0.4797873900E-01    0.9922013847E+00    0.3945087507E-01    0.4840970939E-01    0.8797471486E+00   -0.4713226952E+00    0.2026861177E+00    0.7667988299E-01    0.3166418975E+02
    0.7740000000E+00    0.1152665243E+00    0.4455823927E-01    0.9923371059E+00    0.7207579495E-01   -0.1268652533E-01    0.1000000000E+01    0.1165574896E+00    0.4629584265E-01    0.9921043527E+00    0.3986507569E-01    0.4857129758E-01    0.8732562945E+00   -0.4831925589E+00    0.2031618485E+00    0.7919544935E-01    0.3168450404E+02
    0.7745000000E+00    0.1167256904E+00    0.4285082692E-01    0.9922417643E+00    0.7229529883E-01   -0.1399617848E-01    0.1000000000E+01    0.1180541022E+00    0.4457670316E-01    0.9920061223E+00    0.4028238624E-01    0.4873240736E-01    0.8666047971E+00   -0.4949733401E+00    0.2036150045E+00    0.8173124396E-01    0.3170481631E+02
    0.7750000000E+00    0.1181643040E+00    0.4110800588E-01    0.9921452452E+00    0.7249369014E-01   -0.1531750855E-01    0.1000000000E+01    0.1195301842E+00    0.4282144146E-01    0.9919066787E+00    0.4070282355E-01    0.4889302434E-01    0.8597938690E+00   -0.5066628614E+00    0.2040452410E+00    0.8428715994E-01    0.3172512654E+02
    0.7755000000E+00    0.1195816288E+00    0.3932991543E-01    0.9920475344E+00    0.7267064061E-01   -0.1665022351E-01    0.1000000000E+01    0.1209849872E+00    0.4103019216E-01    0.9918060074E+00    0.4112640450E-01    0.4905313400E-01    0.8528247519E+00   -0.5182589617E+00    0.2044522120E+00    0.8686308620E-01    0.3174543469E+02
    0.7760000000E+00    0.1209769264E+00    0.3751670846E-01    0.9919486174E+00    0.7282582498E-01   -0.1799402388E-01    0.1000000000E+01    0.1224177605E+00    0.3920310365E-01    0.9917040933E+00    0.4155314599E-01    0.4921272164E-01    0.8456987170E+00   -0.5297594965E+00    0.2048355706E+00    0.8945890736E-01    0.3176574076E+02
    0.7765000000E+00    0.1223494566E+00    0.3566855158E-01    0.9918484796E+00    0.7295892118E-01   -0.1934860279E-01    0.1000000000E+01    0.1238277511E+00    0.3734033823E-01    0.9916009214E+00    0.4198306499E-01    0.4937177244E-01    0.8384170643E+00   -0.5411623385E+00    0.2051949688E+00    0.9207450373E-01    0.3178604470E+02
    0.7770000000E+00    0.1236984773E+00    0.3378562526E-01    0.9917471060E+00    0.7306961048E-01   -0.2071364592E-01    0.1000000000E+01    0.1252142046E+00    0.3544207223E-01    0.9914964763E+00    0.4241617845E-01    0.4953027139E-01    0.8309811227E+00   -0.5524653778E+00    0.2055300579E+00    0.9470975130E-01    0.3180634650E+02
    0.7775000000E+00    0.1250232451E+00    0.3186812392E-01    0.9916444818E+00    0.7315757761E-01   -0.2208883155E-01    0.1000000000E+01    0.1265763646E+00    0.3350849616E-01    0.9913907427E+00    0.4285250341E-01    0.4968820332E-01    0.8233922497E+00   -0.5636665225E+00    0.2058404883E+00    0.9736452165E-01    0.3182664612E+02
    0.7780000000E+00    0.1263230153E+00    0.2991625608E-01    0.9915405917E+00    0.7322251094E-01   -0.2347383060E-01    0.1000000000E+01    0.1279134735E+00    0.3153981478E-01    0.9912837049E+00    0.4329205691E-01    0.4984555292E-01    0.8156518308E+00   -0.5747636989E+00    0.2061259093E+00    0.1000386819E+00    0.3184694355E+02
    0.7785000000E+00    0.1275970422E+00    0.2793024441E-01    0.9914354203E+00    0.7326410262E-01   -0.2486830657E-01    0.1000000000E+01    0.1292247725E+00    0.2953624727E-01    0.9911753469E+00    0.4373485602E-01    0.5000230470E-01    0.8077612799E+00   -0.5857548519E+00    0.2063859699E+00    0.1027320949E+00    0.3186723875E+02
    0.7790000000E+00    0.1288445793E+00    0.2591032592E-01    0.9913289522E+00    0.7328204871E-01   -0.2627191565E-01    0.1000000000E+01    0.1305095019E+00    0.2749802727E-01    0.9910656530E+00    0.4418091787E-01    0.5015844303E-01    0.7997220386E+00   -0.5966379456E+00    0.2066203178E+00    0.1054446187E+00    0.3188753169E+02
    0.7795000000E+00    0.1300648798E+00    0.2385675199E-01    0.9912211716E+00    0.7327604937E-01   -0.2768430668E-01    0.1000000000E+01    0.1317669014E+00    0.2542540307E-01    0.9909546068E+00    0.4463025958E-01    0.5031395209E-01    0.7915355759E+00   -0.6074109633E+00    0.2068286004E+00    0.1081761070E+00    0.3190782236E+02
    0.7800000000E+00    0.1312571964E+00    0.2176978849E-01    0.9911120626E+00    0.7324580897E-01   -0.2910512118E-01    0.1000000000E+01    0.1329962103E+00    0.2331863765E-01    0.9908421919E+00    0.4508289834E-01    0.5046881591E-01    0.7832033882E+00   -0.6180719081E+00    0.2070104642E+00    0.1109264090E+00    0.3192811071E+02
    0.7805000000E+00    0.1324207818E+00    0.1964971593E-01    0.9910016092E+00    0.7319103630E-01   -0.3053399343E-01    0.1000000000E+01    0.1341966676E+00    0.2117800881E-01    0.9907283919E+00    0.4553885134E-01    0.5062301835E-01    0.7747269991E+00   -0.6286188033E+00    0.2071655552E+00    0.1136953692E+00    0.3194839673E+02
    0.7810000000E+00    0.1335548891E+00    0.1749682945E-01    0.9908897949E+00    0.7311144464E-01   -0.3197055043E-01    0.1000000000E+01    0.1353675127E+00    0.1900380925E-01    0.9906131898E+00    0.4599813581E-01    0.5077654310E-01    0.7661079587E+00   -0.6390496927E+00    0.2072935189E+00    0.1164828274E+00    0.3196868037E+02
    0.7815000000E+00    0.1346587718E+00    0.1531143903E-01    0.9907766035E+00    0.7300675200E-01   -0.3341441199E-01    0.1000000000E+01    0.1365079850E+00    0.1679634669E-01    0.9904965689E+00    0.4646076901E-01    0.5092937369E-01    0.7573478437E+00   -0.6493626410E+00    0.2073940000E+00    0.1192886188E+00    0.3198896163E+02
    0.7820000000E+00    0.1357316842E+00    0.1309386946E-01    0.9906620182E+00    0.7287668120E-01   -0.3486519072E-01    0.1000000000E+01    0.1376173248E+00    0.1455594393E-01    0.9903785118E+00    0.4692676823E-01    0.5108149346E-01    0.7484482570E+00   -0.6595557339E+00    0.2074666429E+00    0.1221125738E+00    0.3200924045E+02
    0.7825000000E+00    0.1367728814E+00    0.1084446050E-01    0.9905460221E+00    0.7272096009E-01   -0.3632249214E-01    0.1000000000E+01    0.1386947732E+00    0.1228293894E-01    0.9902590012E+00    0.4739615077E-01    0.5123288561E-01    0.7394108274E+00   -0.6696270788E+00    0.2075110916E+00    0.1249545183E+00    0.3202951683E+02
    0.7830000000E+00    0.1377816201E+00    0.8563566934E-02    0.9904285983E+00    0.7253932165E-01   -0.3778591462E-01    0.1000000000E+01    0.1397395725E+00    0.9977684966E-02    0.9901380196E+00    0.4786893397E-01    0.5138353313E-01    0.7302372095E+00   -0.6795748050E+00    0.2075269896E+00    0.1278142730E+00    0.3204979071E+02
    0.7835000000E+00    0.1387571583E+00    0.6251558635E-02    0.9903097294E+00    0.7233150418E-01   -0.3925504952E-01    0.1000000000E+01    0.1407509664E+00    0.7640550576E-02    0.9900155492E+00    0.4834513517E-01    0.5153341889E-01    0.7209290830E+00   -0.6893970641E+00    0.2075139801E+00    0.1306916543E+00    0.3207006208E+02
    0.7840000000E+00    0.1396987560E+00    0.3908820641E-02    0.9901893981E+00    0.7209725141E-01   -0.4072948118E-01    0.1000000000E+01    0.1417282002E+00    0.5271919751E-02    0.9898915720E+00    0.4882477177E-01    0.5168252552E-01    0.7114881528E+00   -0.6990920302E+00    0.2074717060E+00    0.1335864732E+00    0.3209033090E+02
    0.7845000000E+00    0.1406056752E+00    0.1535753222E-02    0.9900675867E+00    0.7183631273E-01   -0.4220878702E-01    0.1000000000E+01    0.1426705215E+00    0.2872191946E-02    0.9897660698E+00    0.4930786117E-01    0.5183083552E-01    0.7019161485E+00   -0.7086579003E+00    0.2073998100E+00    0.1364985362E+00    0.3211059715E+02
    0.7850000000E+00    0.1414771802E+00   -0.8672280629E-03    0.9899442773E+00    0.7154844328E-01   -0.4369253753E-01    0.1000000000E+01    0.1435771798E+00    0.4417821579E-03    0.9896390243E+00    0.4979442079E-01    0.5197833121E-01    0.6922148243E+00   -0.7180928949E+00    0.2072979346E+00    0.1394276448E+00    0.3213086078E+02
    0.7855000000E+00    0.1423125381E+00   -0.3299692306E-02    0.9898194519E+00    0.7123340411E-01   -0.4518029638E-01    0.1000000000E+01    0.1444474274E+00   -0.2018879016E-02    0.9895104168E+00    0.5028446807E-01    0.5212499471E-01    0.6823859583E+00   -0.7273952578E+00    0.2071657220E+00    0.1423735954E+00    0.3215112177E+02
    0.7860000000E+00    0.1431110189E+00   -0.5761193203E-02    0.9896930922E+00    0.7089096237E-01   -0.4667162047E-01    0.1000000000E+01    0.1452805192E+00   -0.4509345324E-02    0.9893802286E+00    0.5077802047E-01    0.5227080797E-01    0.6724313525E+00   -0.7365632569E+00    0.2070028145E+00    0.1453361795E+00    0.3217138009E+02
    0.7865000000E+00    0.1438718958E+00   -0.8251269002E-02    0.9895651797E+00    0.7052089145E-01   -0.4816605998E-01    0.1000000000E+01    0.1460757137E+00   -0.7029154808E-02    0.9892484405E+00    0.5127509548E-01    0.5241575277E-01    0.6623528325E+00   -0.7455951842E+00    0.2068088542E+00    0.1483151836E+00    0.3219163570E+02
    0.7870000000E+00    0.1445944455E+00   -0.1076944246E-01    0.9894356958E+00    0.7012297111E-01   -0.4966315845E-01    0.1000000000E+01    0.1468322722E+00   -0.9577829755E-02    0.9891150333E+00    0.5177571059E-01    0.5255981070E-01    0.6521522471E+00   -0.7544893563E+00    0.2065834835E+00    0.1513103892E+00    0.3221188856E+02
    0.7875000000E+00    0.1452779485E+00   -0.1331522082E-01    0.9893046215E+00    0.6969698767E-01   -0.5116245283E-01    0.1000000000E+01    0.1475494602E+00   -0.1215487666E-01    0.9889799876E+00    0.5227988331E-01    0.5270296316E-01    0.6418314676E+00   -0.7632441147E+00    0.2063263445E+00    0.1543215725E+00    0.3223213866E+02
    0.7880000000E+00    0.1459216894E+00   -0.1588809575E-01    0.9891719378E+00    0.6924273415E-01   -0.5266347357E-01    0.1000000000E+01    0.1482265470E+00   -0.1475978619E-01    0.9888432836E+00    0.5278763118E-01    0.5284519138E-01    0.6313923884E+00   -0.7718578260E+00    0.2060370797E+00    0.1573485048E+00    0.3225238594E+02
    0.7885000000E+00    0.1465249573E+00   -0.1848754333E-01    0.9890376252E+00    0.6876001040E-01   -0.5416574471E-01    0.1000000000E+01    0.1488628063E+00   -0.1739203316E-01    0.9887049015E+00    0.5329897173E-01    0.5298647639E-01    0.6208369256E+00   -0.7803288824E+00    0.2057153316E+00    0.1603909522E+00    0.3227263038E+02
    0.7890000000E+00    0.1470870458E+00   -0.2111302404E-01    0.9889016642E+00    0.6824862331E-01   -0.5566878392E-01    0.1000000000E+01    0.1494575163E+00   -0.2005107646E-01    0.9885648210E+00    0.5381392251E-01    0.5312679904E-01    0.6101670173E+00   -0.7886557018E+00    0.2053607430E+00    0.1634486754E+00    0.3229287195E+02
    0.7895000000E+00    0.1476072537E+00   -0.2376398272E-01    0.9887640351E+00    0.6770838691E-01   -0.5717210261E-01    0.1000000000E+01    0.1500099603E+00   -0.2273635912E-01    0.9884230217E+00    0.5433250110E-01    0.5326613999E-01    0.5993846233E+00   -0.7968367279E+00    0.2049729571E+00    0.1665214303E+00    0.3231311060E+02
    0.7900000000E+00    0.1480848849E+00   -0.2643984857E-01    0.9886247178E+00    0.6713912255E-01   -0.5867520601E-01    0.1000000000E+01    0.1505194267E+00   -0.2544730820E-01    0.9882794831E+00    0.5485472507E-01    0.5340447973E-01    0.5884917243E+00   -0.8048704312E+00    0.2045516172E+00    0.1696089670E+00    0.3233334630E+02
    0.7905000000E+00    0.1485192491E+00   -0.2914003515E-01    0.9884836920E+00    0.6654065903E-01   -0.6017759327E-01    0.1000000000E+01    0.1509852096E+00   -0.2818333487E-01    0.9881341843E+00    0.5538061199E-01    0.5354179853E-01    0.5774903220E+00   -0.8127553086E+00    0.2040963671E+00    0.1727110309E+00    0.3235357901E+02
    0.7910000000E+00    0.1489096617E+00   -0.3186394035E-01    0.9883409374E+00    0.6591283279E-01   -0.6167875751E-01    0.1000000000E+01    0.1514066086E+00   -0.3094383431E-01    0.9879871042E+00    0.5591017946E-01    0.5367807648E-01    0.5663824383E+00   -0.8204898839E+00    0.2036068513E+00    0.1758273617E+00    0.3237380871E+02
    0.7915000000E+00    0.1492554446E+00   -0.3461094641E-01    0.9881964331E+00    0.6525548803E-01   -0.6317818597E-01    0.1000000000E+01    0.1517829300E+00   -0.3372818579E-01    0.9878382215E+00    0.5644344509E-01    0.5381329349E-01    0.5551701154E+00   -0.8280727081E+00    0.2030827145E+00    0.1789576938E+00    0.3239403534E+02
    0.7920000000E+00    0.1495559259E+00   -0.3738041994E-01    0.9880501583E+00    0.6456847686E-01   -0.6467536008E-01    0.1000000000E+01    0.1521134861E+00   -0.3653575262E-01    0.9876875145E+00    0.5698042646E-01    0.5394742925E-01    0.5438554154E+00   -0.8355023597E+00    0.2025236022E+00    0.1821017565E+00    0.3241425888E+02
    0.7925000000E+00    0.1498104409E+00   -0.4017171190E-01    0.9879020918E+00    0.6385165946E-01   -0.6616975555E-01    0.1000000000E+01    0.1523975963E+00   -0.3936588219E-01    0.9875349614E+00    0.5752114119E-01    0.5408046327E-01    0.5324404193E+00   -0.8427774449E+00    0.2019291603E+00    0.1852592734E+00    0.3243447928E+02
    0.7930000000E+00    0.1500183317E+00   -0.4298415765E-01    0.9877522121E+00    0.6310490424E-01   -0.6766084250E-01    0.1000000000E+01    0.1526345871E+00   -0.4221790600E-01    0.9873805403E+00    0.5806560689E-01    0.5421237487E-01    0.5209272276E+00   -0.8498965980E+00    0.2012990358E+00    0.1884299628E+00    0.3245469652E+02
    0.7935000000E+00    0.1501789483E+00   -0.4581707696E-01    0.9876004975E+00    0.6232808796E-01   -0.6914808555E-01    0.1000000000E+01    0.1528237924E+00   -0.4509113962E-01    0.9872242287E+00    0.5861384116E-01    0.5434314316E-01    0.5093179590E+00   -0.8568584813E+00    0.2006328760E+00    0.1916135376E+00    0.3247491054E+02
    0.7940000000E+00    0.1502916481E+00   -0.4866977404E-01    0.9874469263E+00    0.6152109590E-01   -0.7063094395E-01    0.1000000000E+01    0.1529645538E+00   -0.4798488279E-01    0.9870660041E+00    0.5916586162E-01    0.5447274706E-01    0.4976147508E+00   -0.8636617859E+00    0.1999303294E+00    0.1948097051E+00    0.3249512131E+02
    0.7945000000E+00    0.1503557969E+00   -0.5154153759E-01    0.9872914762E+00    0.6068382201E-01   -0.7210887167E-01    0.1000000000E+01    0.1530562211E+00   -0.5089841941E-01    0.9869058436E+00    0.5972168588E-01    0.5460116529E-01    0.4858197581E+00   -0.8703052313E+00    0.1991910453E+00    0.1980181672E+00    0.3251532878E+02
    0.7950000000E+00    0.1503707688E+00   -0.5443164081E-01    0.9871341247E+00    0.5981616901E-01   -0.7358131753E-01    0.1000000000E+01    0.1530981526E+00   -0.5383101758E-01    0.9867437242E+00    0.6028133153E-01    0.5472837635E-01    0.4739351532E+00   -0.8767875663E+00    0.1984146738E+00    0.2012386202E+00    0.3253553293E+02
    0.7955000000E+00    0.1503359467E+00   -0.5733934149E-01    0.9869748493E+00    0.5891804860E-01   -0.7504772533E-01    0.1000000000E+01    0.1530897153E+00   -0.5678192968E-01    0.9865796226E+00    0.6084481619E-01    0.5485435856E-01    0.4619631260E+00   -0.8831075687E+00    0.1976008662E+00    0.2044707549E+00    0.3255573371E+02
    0.7960000000E+00    0.1502507228E+00   -0.6026388202E-01    0.9868136271E+00    0.5798938155E-01   -0.7650753396E-01    0.1000000000E+01    0.1530302852E+00   -0.5975039236E-01    0.9864135150E+00    0.6141215744E-01    0.5497909002E-01    0.4499058828E+00   -0.8892640458E+00    0.1967492750E+00    0.2077142564E+00    0.3257593107E+02
    0.7965000000E+00    0.1501144983E+00   -0.6320448947E-01    0.9866504348E+00    0.5703009788E-01   -0.7796017755E-01    0.1000000000E+01    0.1529192478E+00   -0.6273562667E-01    0.9862453777E+00    0.6198337287E-01    0.5510254863E-01    0.4377656462E+00   -0.8952558347E+00    0.1958595535E+00    0.2109688044E+00    0.3259612498E+02
    0.7970000000E+00    0.1499266846E+00   -0.6616037569E-01    0.9864852490E+00    0.5604013696E-01   -0.7940508555E-01    0.1000000000E+01    0.1527559984E+00   -0.6573683808E-01    0.9860751864E+00    0.6255848007E-01    0.5522471210E-01    0.4255446549E+00   -0.9010818023E+00    0.1949313566E+00    0.2142340727E+00    0.3261631540E+02
    0.7975000000E+00    0.1496867029E+00   -0.6913073730E-01    0.9863180461E+00    0.5501944769E-01   -0.8084168292E-01    0.1000000000E+01    0.1525399423E+00   -0.6875321653E-01    0.9859029168E+00    0.6313749659E-01    0.5534555791E-01    0.4132451631E+00   -0.9067408455E+00    0.1939643402E+00    0.2175097297E+00    0.3263650227E+02
    0.7980000000E+00    0.1493939850E+00   -0.7211475584E-01    0.9861488020E+00    0.5396798861E-01   -0.8226939026E-01    0.1000000000E+01    0.1522704954E+00   -0.7178393656E-01    0.9857285442E+00    0.6372043999E-01    0.5546506334E-01    0.4008694402E+00   -0.9122318917E+00    0.1929581618E+00    0.2207954379E+00    0.3265668556E+02
    0.7985000000E+00    0.1490479731E+00   -0.7511159782E-01    0.9859774925E+00    0.5288572803E-01   -0.8368762390E-01    0.1000000000E+01    0.1519470842E+00   -0.7482815735E-01    0.9855520436E+00    0.6430732782E-01    0.5558320546E-01    0.3884197701E+00   -0.9175538987E+00    0.1919124803E+00    0.2240908543E+00    0.3267686523E+02
    0.7990000000E+00    0.1486481210E+00   -0.7812041484E-01    0.9858040932E+00    0.5177264420E-01   -0.8509579611E-01    0.1000000000E+01    0.1515691464E+00   -0.7788502284E-01    0.9853733897E+00    0.6489817759E-01    0.5569996112E-01    0.3758984513E+00   -0.9227058552E+00    0.1908269559E+00    0.2273956300E+00    0.3269704122E+02
    0.7995000000E+00    0.1481938934E+00   -0.8114034364E-01    0.9856285793E+00    0.5062872541E-01   -0.8649331521E-01    0.1000000000E+01    0.1511361310E+00   -0.8095366179E-01    0.9851925572E+00    0.6549300683E-01    0.5581530698E-01    0.3633077960E+00   -0.9276867806E+00    0.1897012506E+00    0.2307094105E+00    0.3271721350E+02
    0.8000000000E+00    0.1476847671E+00   -0.8417050623E-01    0.9854509257E+00    0.4945397013E-01   -0.8787958571E-01    0.1000000000E+01    0.1506474990E+00   -0.8403318791E-01    0.9850095200E+00    0.6609183301E-01    0.5592921946E-01    0.3506501303E+00   -0.9324957255E+00    0.1885350281E+00    0.2340318354E+00    0.3273738202E+02
    0.8005000000E+00    0.1471202308E+00   -0.8721001002E-01    0.9852711071E+00    0.4824838713E-01   -0.8925400852E-01    0.1000000000E+01    0.1501027234E+00   -0.8712269994E-01    0.9848242522E+00    0.6669467362E-01    0.5604167478E-01    0.3379277929E+00   -0.9371317719E+00    0.1873279535E+00    0.2373625385E+00    0.3275754674E+02
    0.8010000000E+00    0.1464997856E+00   -0.9025794789E-01    0.9850890979E+00    0.4701199565E-01   -0.9061598102E-01    0.1000000000E+01    0.1495012896E+00   -0.9022128182E-01    0.9846367274E+00    0.6730154608E-01    0.5615264894E-01    0.3251431356E+00   -0.9415940332E+00    0.1860796941E+00    0.2407011481E+00    0.3277770760E+02
    0.8015000000E+00    0.1458229454E+00   -0.9331339836E-01    0.9849048721E+00    0.4574482546E-01   -0.9196489731E-01    0.1000000000E+01    0.1488426959E+00   -0.9332800274E-01    0.9844469188E+00    0.6791246784E-01    0.5626211772E-01    0.3122985221E+00   -0.9458816543E+00    0.1847899188E+00    0.2440472862E+00    0.3279786456E+02
    0.8020000000E+00    0.1450892372E+00   -0.9637542566E-01    0.9847184037E+00    0.4444691703E-01   -0.9330014832E-01    0.1000000000E+01    0.1481264537E+00   -0.9644191731E-01    0.9842547995E+00    0.6852745628E-01    0.5637005669E-01    0.2993963284E+00   -0.9499938121E+00    0.1834582985E+00    0.2474005694E+00    0.3281801758E+02
    0.8025000000E+00    0.1442982014E+00   -0.9944307995E-01    0.9845296662E+00    0.4311832163E-01   -0.9462112197E-01    0.1000000000E+01    0.1473520880E+00   -0.9956206568E-01    0.9840603423E+00    0.6914652878E-01    0.5647644120E-01    0.2864389415E+00   -0.9539297154E+00    0.1820845062E+00    0.2507606080E+00    0.3283816660E+02
    0.8030000000E+00    0.1434493920E+00   -0.1025153974E+00    0.9843386328E+00    0.4175910146E-01   -0.9592720337E-01    0.1000000000E+01    0.1465191375E+00   -0.1026874737E+00    0.9838635196E+00    0.6976970267E-01    0.5658124635E-01    0.2734287597E+00   -0.9576886052E+00    0.1806682169E+00    0.2541270069E+00    0.3285831157E+02
    0.8035000000E+00    0.1425423774E+00   -0.1055914003E+00    0.9841452764E+00    0.4036932978E-01   -0.9721777500E-01    0.1000000000E+01    0.1456271550E+00   -0.1058171531E+00    0.9836643035E+00    0.7039699527E-01    0.5668444706E-01    0.2603681917E+00   -0.9612697547E+00    0.1792091080E+00    0.2574993648E+00    0.3287845245E+02
    0.8040000000E+00    0.1415767400E+00   -0.1086700973E+00    0.9839495697E+00    0.3894909097E-01   -0.9849221684E-01    0.1000000000E+01    0.1446757080E+00   -0.1089501015E+00    0.9834626658E+00    0.7102842384E-01    0.5678601801E-01    0.2472596565E+00   -0.9646724695E+00    0.1777068589E+00    0.2608772744E+00    0.3289858920E+02
    0.8045000000E+00    0.1405520773E+00   -0.1117504837E+00    0.9837514851E+00    0.3749848073E-01   -0.9974990658E-01    0.1000000000E+01    0.1436643787E+00   -0.1120853027E+00    0.9832585781E+00    0.7166400563E-01    0.5688593365E-01    0.2341055826E+00   -0.9678960879E+00    0.1761611514E+00    0.2642603228E+00    0.3291872174E+02
    0.8050000000E+00    0.1394680017E+00   -0.1148315411E+00    0.9835509947E+00    0.3601760609E-01   -0.1009902198E+00    0.1000000000E+01    0.1425927646E+00   -0.1152217270E+00    0.9830520115E+00    0.7230375784E-01    0.5698416820E-01    0.2209084081E+00   -0.9709399808E+00    0.1745716699E+00    0.2676480910E+00    0.3293885005E+02
    0.8055000000E+00    0.1383241410E+00   -0.1179122384E+00    0.9833480700E+00    0.3450658561E-01   -0.1022125302E+00    0.1000000000E+01    0.1414604785E+00   -0.1183583310E+00    0.9828429369E+00    0.7294769763E-01    0.5708069567E-01    0.2076705798E+00   -0.9738035520E+00    0.1729381010E+00    0.2710401540E+00    0.3295897406E+02
    0.8060000000E+00    0.1371201389E+00   -0.1209915311E+00    0.9831426827E+00    0.3296554941E-01   -0.1034162097E+00    0.1000000000E+01    0.1402671494E+00   -0.1214940579E+00    0.9826313250E+00    0.7359584212E-01    0.5717548983E-01    0.1943945528E+00   -0.9764862381E+00    0.1712601341E+00    0.2744360808E+00    0.3297909372E+02
    0.8065000000E+00    0.1358556550E+00   -0.1240683622E+00    0.9829348039E+00    0.3139463932E-01   -0.1046006286E+00    0.1000000000E+01    0.1390124222E+00   -0.1246278381E+00    0.9824171459E+00    0.7424820839E-01    0.5726852423E-01    0.1810827903E+00   -0.9789875090E+00    0.1695374613E+00    0.2778354346E+00    0.3299920898E+02
    0.8070000000E+00    0.1345303653E+00   -0.1271416620E+00    0.9827244043E+00    0.2979400898E-01   -0.1057651559E+00    0.1000000000E+01    0.1376959586E+00   -0.1277585889E+00    0.9822003696E+00    0.7490481347E-01    0.5735977216E-01    0.1677377632E+00   -0.9813068675E+00    0.1677697772E+00    0.2812377725E+00    0.3301931979E+02
    0.8075000000E+00    0.1331439628E+00   -0.1302103485E+00    0.9825114545E+00    0.2816382389E-01   -0.1069091597E+00    0.1000000000E+01    0.1363174369E+00   -0.1308852147E+00    0.9819809658E+00    0.7556567433E-01    0.5744920673E-01    0.1543619492E+00   -0.9834438500E+00    0.1659567794E+00    0.2846426457E+00    0.3303942609E+02
    0.8080000000E+00    0.1316961571E+00   -0.1332733274E+00    0.9822959246E+00    0.2650426155E-01   -0.1080320066E+00    0.1000000000E+01    0.1348765527E+00   -0.1340066078E+00    0.9817589036E+00    0.7623080792E-01    0.5753680077E-01    0.1409578330E+00   -0.9853980261E+00    0.1640981685E+00    0.2880495992E+00    0.3305952783E+02
    0.8085000000E+00    0.1301866757E+00   -0.1363294925E+00    0.9820777845E+00    0.2481551155E-01   -0.1091330630E+00    0.1000000000E+01    0.1333730193E+00   -0.1371216478E+00    0.9815341520E+00    0.7690023111E-01    0.5762252691E-01    0.1275279051E+00   -0.9871689988E+00    0.1621936478E+00    0.2914581721E+00    0.3307962496E+02
    0.8090000000E+00    0.1286152634E+00   -0.1393777259E+00    0.9818570038E+00    0.2309777562E-01   -0.1102116944E+00    0.1000000000E+01    0.1318065676E+00   -0.1402292025E+00    0.9813066797E+00    0.7757396073E-01    0.5770635752E-01    0.1140746622E+00   -0.9887564050E+00    0.1602429241E+00    0.2948678976E+00    0.3309971741E+02
    0.8095000000E+00    0.1269816832E+00   -0.1424168983E+00    0.9816335516E+00    0.2135126776E-01   -0.1112672662E+00    0.1000000000E+01    0.1301769470E+00   -0.1433281277E+00    0.9810764549E+00    0.7825201354E-01    0.5778826474E-01    0.1006006062E+00   -0.9901599148E+00    0.1582457070E+00    0.2982783026E+00    0.3311980513E+02
    0.8100000000E+00    0.1252857165E+00   -0.1454458689E+00    0.9814073969E+00    0.1957621429E-01   -0.1122991434E+00    0.1000000000E+01    0.1284839251E+00   -0.1464172679E+00    0.9808434456E+00    0.7893440626E-01    0.5786822048E-01    0.8710824378E-01   -0.9913792324E+00    0.1562017095E+00    0.3016889084E+00    0.3313988806E+02
    0.8105000000E+00    0.1235271631E+00   -0.1484634863E+00    0.9811785082E+00    0.1777285395E-01   -0.1133066913E+00    0.1000000000E+01    0.1267272887E+00   -0.1494954559E+00    0.9806076193E+00    0.7962115552E-01    0.5794619641E-01    0.7360008615E-01   -0.9924140956E+00    0.1541106480E+00    0.3050992297E+00    0.3315996615E+02
    0.8110000000E+00    0.1217058423E+00   -0.1514685879E+00    0.9809468537E+00    0.1594143797E-01   -0.1142892756E+00    0.1000000000E+01    0.1249068435E+00   -0.1525615137E+00    0.9803689434E+00    0.8031227791E-01    0.5802216396E-01    0.6007864852E-01   -0.9932642763E+00    0.1519722423E+00    0.3085087756E+00    0.3318003933E+02
    0.8115000000E+00    0.1198215921E+00   -0.1544600010E+00    0.9807124013E+00    0.1408223012E-01   -0.1152462622E+00    0.1000000000E+01    0.1230224147E+00   -0.1556142524E+00    0.9801273846E+00    0.8100778995E-01    0.5809609432E-01    0.4654644963E-01   -0.9939295799E+00    0.1497862156E+00    0.3119170491E+00    0.3320010756E+02
    0.8120000000E+00    0.1178742705E+00   -0.1574365424E+00    0.9804751185E+00    0.1219550681E-01   -0.1161770181E+00    0.1000000000E+01    0.1210738476E+00   -0.1586524724E+00    0.9798829096E+00    0.8170770807E-01    0.5816795844E-01    0.3300601135E-01   -0.9944098462E+00    0.1475522949E+00    0.3153235469E+00    0.3322017076E+02
    0.8125000000E+00    0.1158637554E+00   -0.1603970192E+00    0.9802349725E+00    0.1028155714E-01   -0.1170809111E+00    0.1000000000E+01    0.1190610072E+00   -0.1616749641E+00    0.9796354846E+00    0.8241204866E-01    0.5823772701E-01    0.1945985816E-01   -0.9947049489E+00    0.1452702109E+00    0.3187277599E+00    0.3324022888E+02
    0.8130000000E+00    0.1137899447E+00   -0.1633402288E+00    0.9799919303E+00    0.8340682974E-02   -0.1179573101E+00    0.1000000000E+01    0.1169837794E+00   -0.1646805078E+00    0.9793850754E+00    0.8312082800E-01    0.5830537050E-01    0.5910516760E-02   -0.9948147956E+00    0.1429396979E+00    0.3221291728E+00    0.3326028185E+02
    0.8135000000E+00    0.1116527570E+00   -0.1662649590E+00    0.9797459582E+00    0.6373198979E-02   -0.1188055858E+00    0.1000000000E+01    0.1148420706E+00   -0.1676678740E+00    0.9791316474E+00    0.8383406233E-01    0.5837085913E-01   -0.7639484413E-02   -0.9947393282E+00    0.1405604942E+00    0.3255272645E+00    0.3328032962E+02
    0.8140000000E+00    0.1094521318E+00   -0.1691699889E+00    0.9794970224E+00    0.4379432694E-02   -0.1196251101E+00    0.1000000000E+01    0.1126358083E+00   -0.1706358241E+00    0.9788751659E+00    0.8455176777E-01    0.5843416286E-01   -0.2118761562E-01   -0.9944785227E+00    0.1381323423E+00    0.3289215075E+00    0.3330037212E+02
    0.8145000000E+00    0.1071880295E+00   -0.1720540887E+00    0.9792450888E+00    0.2359724576E-02   -0.1204152572E+00    0.1000000000E+01    0.1103649413E+00   -0.1735831101E+00    0.9786155955E+00    0.8527396039E-01    0.5849525142E-01   -0.3473134628E-01   -0.9940323892E+00    0.1356549883E+00    0.3323113686E+00    0.3332040929E+02
    0.8150000000E+00    0.1048604322E+00   -0.1749160201E+00    0.9789901227E+00    0.3144280492E-03   -0.1211754032E+00    0.1000000000E+01    0.1080294402E+00   -0.1765084755E+00    0.9783529007E+00    0.8600065616E-01    0.5855409429E-01   -0.4826814541E-01   -0.9934009721E+00    0.1331281830E+00    0.3356963084E+00    0.3334044106E+02
    0.8155000000E+00    0.1024693434E+00   -0.1777545368E+00    0.9787320892E+00   -0.1756090455E-02   -0.1219049268E+00    0.1000000000E+01    0.1056292975E+00   -0.1794106553E+00    0.9780870454E+00    0.8673187096E-01    0.5861066069E-01   -0.6179548212E-01   -0.9925843498E+00    0.1305516810E+00    0.3390757814E+00    0.3336046737E+02
    0.8160000000E+00    0.1000147888E+00   -0.1805683847E+00    0.9784709531E+00   -0.3851451455E-02   -0.1226032090E+00    0.1000000000E+01    0.1031645281E+00   -0.1822883764E+00    0.9778179933E+00    0.8746762059E-01    0.5866491960E-01   -0.7531082599E-01   -0.9915826350E+00    0.1279252416E+00    0.3424492363E+00    0.3338048815E+02
    0.8165000000E+00    0.9749681652E-01   -0.1833563021E+00    0.9782066787E+00   -0.5971262386E-02   -0.1232696341E+00    0.1000000000E+01    0.1006351692E+00   -0.1851403578E+00    0.9775457078E+00    0.8820792075E-01    0.5871683975E-01   -0.8881164761E-01   -0.9903959747E+00    0.1252486284E+00    0.3458161156E+00    0.3340050334E+02
    0.8170000000E+00    0.9491549691E-01   -0.1861170204E+00    0.9779392300E+00   -0.8115117568E-02   -0.1239035892E+00    0.1000000000E+01    0.9804128111E-01   -0.1879653113E+00    0.9772701515E+00    0.8895278703E-01    0.5876638960E-01   -0.1022954190E+00   -0.9890245499E+00    0.1225216095E+00    0.3491758558E+00    0.3342051287E+02
    0.8175000000E+00    0.9227092338E-01   -0.1888492641E+00    0.9776685706E+00   -0.1028259818E-01   -0.1245044649E+00    0.1000000000E+01    0.9538294710E-01   -0.1907619414E+00    0.9769912872E+00    0.8970223493E-01    0.5881353739E-01   -0.1157596139E+00   -0.9874685760E+00    0.1197439579E+00    0.3525278876E+00    0.3344051667E+02
    0.8180000000E+00    0.8956321240E-01   -0.1915517514E+00    0.9773946637E+00   -0.1247327223E-01   -0.1250716554E+00    0.1000000000E+01    0.9266027389E-01   -0.1935289463E+00    0.9767090768E+00    0.9045627986E-01    0.5885825109E-01   -0.1292017086E+00   -0.9857283024E+00    0.1169154510E+00    0.3558716354E+00    0.3346051467E+02
    0.8185000000E+00    0.8679250380E-01   -0.1942231946E+00    0.9771174722E+00   -0.1468669456E-01   -0.1256045587E+00    0.1000000000E+01    0.8987339191E-01   -0.1962650173E+00    0.9764234822E+00    0.9121493710E-01    0.5890049840E-01   -0.1426191821E+00   -0.9838040127E+00    0.1140358714E+00    0.3592065180E+00    0.3348050681E+02
    0.8190000000E+00    0.8395896110E-01   -0.1968623000E+00    0.9768369586E+00   -0.1692240680E-01   -0.1261025771E+00    0.1000000000E+01    0.8702245550E-01   -0.1989688403E+00    0.9761344646E+00    0.9197822184E-01    0.5894024678E-01   -0.1560095165E+00   -0.9816960246E+00    0.1111050063E+00    0.3625319479E+00    0.3350049300E+02
    0.8195000000E+00    0.8106277167E-01   -0.1994677689E+00    0.9765530850E+00   -0.1917993736E-01   -0.1265651172E+00    0.1000000000E+01    0.8410764325E-01   -0.2016390953E+00    0.9758419850E+00    0.9274614915E-01    0.5897746345E-01   -0.1693701977E+00   -0.9794046900E+00    0.1081226483E+00    0.3658473318E+00    0.3352047320E+02
    0.8200000000E+00    0.7810414705E-01   -0.2020382976E+00    0.9762658131E+00   -0.2145880147E-01   -0.1269915901E+00    0.1000000000E+01    0.8112915821E-01   -0.2042744573E+00    0.9755460040E+00    0.9351873397E-01    0.5901211535E-01   -0.1826987158E+00   -0.9769303946E+00    0.1050885949E+00    0.3691520706E+00    0.3354044731E+02
    0.8205000000E+00    0.7508332320E-01   -0.2045725780E+00    0.9759751042E+00   -0.2375850113E-01   -0.1273814122E+00    0.1000000000E+01    0.7808722818E-01   -0.2068735963E+00    0.9752464817E+00    0.9429599115E-01    0.5904416916E-01   -0.1959925653E+00   -0.9742735584E+00    0.1020026490E+00    0.3724455591E+00    0.3356041527E+02
    0.8210000000E+00    0.7200056070E-01   -0.2070692978E+00    0.9756809193E+00   -0.2607852511E-01   -0.1277340046E+00    0.1000000000E+01    0.7498210593E-01   -0.2094351781E+00    0.9749433779E+00    0.9507793538E-01    0.5907359132E-01   -0.2092492458E+00   -0.9714346350E+00    0.9886461867E-01    0.3757271863E+00    0.3358037700E+02
    0.8215000000E+00    0.6885614503E-01   -0.2095271411E+00    0.9753832188E+00   -0.2841834902E-01   -0.1280487942E+00    0.1000000000E+01    0.7181406946E-01   -0.2119578645E+00    0.9746366519E+00    0.9586458127E-01    0.5910034800E-01   -0.2224662625E+00   -0.9684141123E+00    0.9567431764E-01    0.3789963352E+00    0.3360033243E+02
    0.8220000000E+00    0.6565038676E-01   -0.2119447887E+00    0.9750819631E+00   -0.3077743525E-01   -0.1283252134E+00    0.1000000000E+01    0.6858342226E-01   -0.2144403138E+00    0.9743262627E+00    0.9665594326E-01    0.5912440511E-01   -0.2356411265E+00   -0.9652125118E+00    0.9243156508E-01    0.3822523832E+00    0.3362028148E+02
    0.8225000000E+00    0.6238362184E-01   -0.2143209185E+00    0.9747771118E+00   -0.3315523303E-01   -0.1285627007E+00    0.1000000000E+01    0.6529049350E-01   -0.2168811811E+00    0.9740121687E+00    0.9745203567E-01    0.5914572830E-01   -0.2487713551E+00   -0.9618303886E+00    0.8913618586E-01    0.3854947017E+00    0.3364022409E+02
    0.8230000000E+00    0.5905621174E-01   -0.2166542062E+00    0.9744686242E+00   -0.3555117845E-01   -0.1287607008E+00    0.1000000000E+01    0.6193563830E-01   -0.2192791189E+00    0.9736943282E+00    0.9825287270E-01    0.5916428296E-01   -0.2618544726E+00   -0.9582683318E+00    0.8578801061E-01    0.3887226563E+00    0.3366016016E+02
    0.8235000000E+00    0.5566854373E-01   -0.2189433254E+00    0.9741564594E+00   -0.3796469447E-01   -0.1289186649E+00    0.1000000000E+01    0.5851923792E-01   -0.2216327775E+00    0.9733726988E+00    0.9905846839E-01    0.5918003421E-01   -0.2748880106E+00   -0.9545269640E+00    0.8238687583E-01    0.3919356068E+00    0.3368008963E+02
    0.8240000000E+00    0.5222103108E-01   -0.2211869480E+00    0.9738405759E+00   -0.4039519096E-01   -0.1290360510E+00    0.1000000000E+01    0.5504170000E-01   -0.2239408053E+00    0.9730472379E+00    0.9986883665E-01    0.5919294691E-01   -0.2878695083E+00   -0.9506069412E+00    0.7893262401E-01    0.3951329074E+00    0.3370001241E+02
    0.8245000000E+00    0.4871411321E-01   -0.2233837450E+00    0.9735209318E+00   -0.4284206475E-01   -0.1291123241E+00    0.1000000000E+01    0.5150345876E-01   -0.2262018494E+00    0.9727179022E+00    0.1006839912E+00    0.5920298568E-01   -0.3007965131E+00   -0.9465089530E+00    0.7542510371E-01    0.3983139064E+00    0.3371992843E+02
    0.8250000000E+00    0.4514825596E-01   -0.2255323869E+00    0.9731974849E+00   -0.4530469967E-01   -0.1291469566E+00    0.1000000000E+01    0.4790497522E-01   -0.2284145560E+00    0.9723846482E+00    0.1015039457E+00    0.5921011484E-01   -0.3136665812E+00   -0.9422337221E+00    0.7186416967E-01    0.4014779465E+00    0.3373983760E+02
    0.8255000000E+00    0.4152395173E-01   -0.2276315438E+00    0.9728701924E+00   -0.4778246658E-01   -0.1291394285E+00    0.1000000000E+01    0.4424673734E-01   -0.2305775712E+00    0.9720474320E+00    0.1023287136E+00    0.5921429846E-01   -0.3264772776E+00   -0.9377820048E+00    0.6824968296E-01    0.4046243648E+00    0.3375973985E+02
    0.8260000000E+00    0.3784171967E-01   -0.2296798863E+00    0.9725390113E+00   -0.5027472343E-01   -0.1290892277E+00    0.1000000000E+01    0.4052926029E-01   -0.2326895407E+00    0.9717062091E+00    0.1031583081E+00    0.5921550036E-01   -0.3392261768E+00   -0.9331545901E+00    0.6458151103E-01    0.4077524925E+00    0.3377963509E+02
    0.8265000000E+00    0.3410210588E-01   -0.2316760857E+00    0.9722038981E+00   -0.5278081534E-01   -0.1289958501E+00    0.1000000000E+01    0.3675308659E-01   -0.2347491112E+00    0.9713609347E+00    0.1039927424E+00    0.5921368407E-01   -0.3519108634E+00   -0.9283523002E+00    0.6085952784E-01    0.4108616556E+00    0.3379952323E+02
    0.8270000000E+00    0.3030568354E-01   -0.2336188145E+00    0.9718648088E+00   -0.5530007463E-01   -0.1288588004E+00    0.1000000000E+01    0.3291878626E-01   -0.2367549302E+00    0.9710115636E+00    0.1048320294E+00    0.5920881286E-01   -0.3645289323E+00   -0.9233759904E+00    0.5708361399E-01    0.4139511741E+00    0.3381940420E+02
    0.8275000000E+00    0.2645305312E-01   -0.2355067472E+00    0.9715216991E+00   -0.5783182092E-01   -0.1286775917E+00    0.1000000000E+01    0.2902695704E-01   -0.2387056469E+00    0.9706580500E+00    0.1056761820E+00    0.5920084975E-01   -0.3770779892E+00   -0.9182265483E+00    0.5325365679E-01    0.4170203629E+00    0.3383927790E+02
    0.8280000000E+00    0.2254484247E-01   -0.2373385604E+00    0.9711745242E+00   -0.6037536118E-01   -0.1284517461E+00    0.1000000000E+01    0.2507822454E-01   -0.2405999124E+00    0.9703003478E+00    0.1065252128E+00    0.5918975746E-01   -0.3895556511E+00   -0.9129048945E+00    0.4936955041E-01    0.4200685311E+00    0.3385914426E+02
    0.8285000000E+00    0.1858170702E-01   -0.2391129336E+00    0.9708232389E+00   -0.6292998982E-01   -0.1281807952E+00    0.1000000000E+01    0.2107324236E-01   -0.2424363806E+00    0.9699384104E+00    0.1073791341E+00    0.5917549849E-01   -0.4019595465E+00   -0.9074119819E+00    0.4543119595E-01    0.4230949825E+00    0.3387900319E+02
    0.8290000000E+00    0.1456432992E-01   -0.2408285493E+00    0.9704677975E+00   -0.6549498878E-01   -0.1278642800E+00    0.1000000000E+01    0.1701269226E-01   -0.2442137082E+00    0.9695721908E+00    0.1082379582E+00    0.5915803502E-01   -0.4142873161E+00   -0.9017487959E+00    0.4143850158E-01    0.4260990155E+00    0.3389885459E+02
    0.8295000000E+00    0.1049342212E-01   -0.2424840942E+00    0.9701081541E+00   -0.6806962761E-01   -0.1275017513E+00    0.1000000000E+01    0.1289728431E-01   -0.2459305557E+00    0.9692016415E+00    0.1091016973E+00    0.5913732899E-01   -0.4265366134E+00   -0.8959163540E+00    0.3739138264E-01    0.4290799231E+00    0.3391869838E+02
    0.8300000000E+00    0.6369722529E-02   -0.2440782590E+00    0.9697442620E+00   -0.7065316357E-01   -0.1270927702E+00    0.1000000000E+01    0.8727756966E-02   -0.2475855878E+00    0.9688267147E+00    0.1099703631E+00    0.5911334208E-01   -0.4387051044E+00   -0.8899157058E+00    0.3328976175E-01    0.4320369929E+00    0.3393853447E+02
    0.8305000000E+00    0.2193998134E-02   -0.2456097395E+00    0.9693760744E+00   -0.7324484176E-01   -0.1266369080E+00    0.1000000000E+01    0.4504877269E-02   -0.2491774738E+00    0.9684473619E+00    0.1108439674E+00    0.5908603567E-01   -0.4507904689E+00   -0.8837479326E+00    0.2913356892E-01    0.4349695074E+00    0.3395836277E+02
    0.8310000000E+00   -0.2032955917E-02   -0.2470772366E+00    0.9690035439E+00   -0.7584389517E-01   -0.1261337468E+00    0.1000000000E+01    0.2294408897E-03   -0.2507048881E+00    0.9680635344E+00    0.1117225216E+00    0.5905537090E-01   -0.4627904002E+00   -0.8774141478E+00    0.2492274167E-01    0.4378767437E+00    0.3397818318E+02
    0.8315000000E+00   -0.6310316204E-02   -0.2484794575E+00    0.9686266227E+00   -0.7844954483E-01   -0.1255828796E+00    0.1000000000E+01   -0.4097727738E-02   -0.2521665111E+00    0.9676751828E+00    0.1126060370E+00    0.5902130862E-01   -0.4747026061E+00   -0.8709154961E+00    0.2065722514E-01    0.4407579740E+00    0.3399799562E+02
    0.8320000000E+00   -0.1063723095E-01   -0.2498151156E+00    0.9682452626E+00   -0.8106099994E-01   -0.1249839108E+00    0.1000000000E+01   -0.8475775329E-02   -0.2535610293E+00    0.9672822576E+00    0.1134945246E+00    0.5898380944E-01   -0.4865248089E+00   -0.8642531535E+00    0.1633697219E-01    0.4436124650E+00    0.3401779999E+02
    0.8325000000E+00   -0.1501281996E-01   -0.2510829313E+00    0.9678594148E+00   -0.8367745798E-01   -0.1243364561E+00    0.1000000000E+01   -0.1290381966E-01   -0.2548871363E+00    0.9668847084E+00    0.1143879953E+00    0.5894283365E-01   -0.4982547461E+00   -0.8574283275E+00    0.1196194353E-01    0.4464394786E+00    0.3403759619E+02
    0.8330000000E+00   -0.1943617450E-01   -0.2522816328E+00    0.9674690302E+00   -0.8629810482E-01   -0.1236401431E+00    0.1000000000E+01   -0.1738094950E-01   -0.2561435330E+00    0.9664824847E+00    0.1152864598E+00    0.5889834132E-01   -0.5098901706E+00   -0.8504422564E+00    0.7532107826E-02    0.4492382716E+00    0.3405738412E+02
    0.8335000000E+00   -0.2390635731E-01   -0.2534099562E+00    0.9670740593E+00   -0.8892211490E-01   -0.1228946116E+00    0.1000000000E+01   -0.2190622454E-01   -0.2573289283E+00    0.9660755354E+00    0.1161899284E+00    0.5885029223E-01   -0.5214288512E+00   -0.8432962094E+00    0.3047441808E-02    0.4520080959E+00    0.3407716371E+02
    0.8340000000E+00   -0.2842240249E-01   -0.2544666467E+00    0.9666744519E+00   -0.9154865133E-01   -0.1220995136E+00    0.1000000000E+01   -0.2647867532E-01   -0.2584420398E+00    0.9656638090E+00    0.1170984112E+00    0.5879864588E-01   -0.5328685731E+00   -0.8359914863E+00   -0.1492069606E-02    0.4547481985E+00    0.3409693483E+02
    0.8345000000E+00   -0.3298331551E-01   -0.2554504582E+00    0.9662701577E+00   -0.9417686608E-01   -0.1212545139E+00    0.1000000000E+01   -0.3109730322E-01   -0.2594815943E+00    0.9652472533E+00    0.1180119183E+00    0.5874336151E-01   -0.5442071382E+00   -0.8285294173E+00   -0.6086433199E-02    0.4574578215E+00    0.3411669740E+02
    0.8350000000E+00   -0.3758807312E-01   -0.2563601551E+00    0.9658611258E+00   -0.9680590008E-01   -0.1203592900E+00    0.1000000000E+01   -0.3576108040E-01   -0.2604463283E+00    0.9648258161E+00    0.1189304593E+00    0.5868439810E-01   -0.5554423655E+00   -0.8209113630E+00   -0.1073564735E-01    0.4601362021E+00    0.3413645131E+02
    0.8355000000E+00   -0.4223562339E-01   -0.2571945118E+00    0.9654473046E+00   -0.9943488346E-01   -0.1194135327E+00    0.1000000000E+01   -0.4046894977E-01   -0.2613349885E+00    0.9643994442E+00    0.1198540437E+00    0.5862171434E-01   -0.5665720917E+00   -0.8131387137E+00   -0.1543970189E-01    0.4627825732E+00    0.3415619646E+02
    0.8360000000E+00   -0.4692488567E-01   -0.2579523139E+00    0.9650286424E+00   -0.1020629356E+00   -0.1184169465E+00    0.1000000000E+01   -0.4521982497E-01   -0.2621463330E+00    0.9639680844E+00    0.1207826806E+00    0.5855526867E-01   -0.5775941711E+00   -0.8052128899E+00   -0.2019857805E-01    0.4653961625E+00    0.3417593276E+02
    0.8365000000E+00   -0.5165475058E-01   -0.2586323586E+00    0.9646050870E+00   -0.1046891655E+00   -0.1173692494E+00    0.1000000000E+01   -0.5001259038E-01   -0.2628791310E+00    0.9635316826E+00    0.1217163791E+00    0.5848501925E-01   -0.5885064768E+00   -0.7971353413E+00   -0.2501224827E-01    0.4679761937E+00    0.3419566009E+02
    0.8370000000E+00   -0.5642408004E-01   -0.2592334555E+00    0.9641765855E+00   -0.1073126717E+00   -0.1162701734E+00    0.1000000000E+01   -0.5484610113E-01   -0.2635321641E+00    0.9630901847E+00    0.1226551478E+00    0.5841092396E-01   -0.5993069002E+00   -0.7889075472E+00   -0.2988067612E-01    0.4705218855E+00    0.3421537835E+02
    0.8375000000E+00   -0.6123170728E-01   -0.2597544267E+00    0.9637430847E+00   -0.1099325426E+00   -0.1151194649E+00    0.1000000000E+01   -0.5971918309E-01   -0.2641042267E+00    0.9626435357E+00    0.1235989952E+00    0.5833294044E-01   -0.6099933522E+00   -0.7805310159E+00   -0.3480381621E-01    0.4730324525E+00    0.3423508744E+02
    0.8380000000E+00   -0.6607643688E-01   -0.2601941081E+00    0.9633045311E+00   -0.1125478567E+00   -0.1139168849E+00    0.1000000000E+01   -0.6463063291E-01   -0.2645941264E+00    0.9621916803E+00    0.1245479294E+00    0.5825102603E-01   -0.6205637629E+00   -0.7720072846E+00   -0.3978161402E-01    0.4755071047E+00    0.3425478725E+02
    0.8385000000E+00   -0.7095704480E-01   -0.2605513493E+00    0.9628608704E+00   -0.1151576828E+00   -0.1126622092E+00    0.1000000000E+01   -0.6957921809E-01   -0.2650006851E+00    0.9617345629E+00    0.1255019582E+00    0.5816513783E-01   -0.6310160826E+00   -0.7633379191E+00   -0.4481400583E-01    0.4779450480E+00    0.3427447767E+02
    0.8390000000E+00   -0.7587227846E-01   -0.2608250148E+00    0.9624120482E+00   -0.1177610800E+00   -0.1113552286E+00    0.1000000000E+01   -0.7456367695E-01   -0.2653227390E+00    0.9612721271E+00    0.1264610894E+00    0.5807523265E-01   -0.6413482818E+00   -0.7545245136E+00   -0.4990091857E-01    0.4803454840E+00    0.3429415859E+02
    0.8395000000E+00   -0.8082085678E-01   -0.2610139843E+00    0.9619580093E+00   -0.1203570982E+00   -0.1099957495E+00    0.1000000000E+01   -0.7958271878E-01   -0.2655591399E+00    0.9608043163E+00    0.1274253301E+00    0.5798126704E-01   -0.6515583515E+00   -0.7455686907E+00   -0.5504226975E-01    0.4827076101E+00    0.3431382990E+02
    0.8400000000E+00   -0.8580147024E-01   -0.2611171535E+00    0.9614986982E+00   -0.1229447781E+00   -0.1085835937E+00    0.1000000000E+01   -0.8463502385E-01   -0.2657087553E+00    0.9603310732E+00    0.1283946875E+00    0.5788319730E-01   -0.6616443040E+00   -0.7364721004E+00   -0.6023796729E-01    0.4850306198E+00    0.3433349149E+02
    0.8405000000E+00   -0.9081278103E-01   -0.2611334343E+00    0.9610340591E+00   -0.1255231515E+00   -0.1071185990E+00    0.1000000000E+01   -0.8971924353E-01   -0.2657704693E+00    0.9598523403E+00    0.1293691681E+00    0.5778097943E-01   -0.6716041729E+00   -0.7272364207E+00   -0.6548790944E-01    0.4873137026E+00    0.3435314325E+02
    0.8410000000E+00   -0.9585342310E-01   -0.2610617562E+00    0.9605640354E+00   -0.1280912415E+00   -0.1056006194E+00    0.1000000000E+01   -0.9483400037E-01   -0.2657431831E+00    0.9593680593E+00    0.1303487786E+00    0.5767456921E-01   -0.6814360137E+00   -0.7178633569E+00   -0.7079198466E-01    0.4895560440E+00    0.3437278507E+02
    0.8415000000E+00   -0.1009220023E+00   -0.2609010661E+00    0.9600885703E+00   -0.1306480627E+00   -0.1040295252E+00    0.1000000000E+01   -0.9997788822E-01   -0.2656258159E+00    0.9588781716E+00    0.1313335249E+00    0.5756392211E-01   -0.6911379040E+00   -0.7083546412E+00   -0.7615007149E-01    0.4917568258E+00    0.3439241682E+02
    0.8420000000E+00   -0.1060170964E+00   -0.2606503296E+00    0.9596076065E+00   -0.1331926217E+00   -0.1024052035E+00    0.1000000000E+01   -0.1051494723E+00   -0.2654173051E+00    0.9583826181E+00    0.1323234128E+00    0.5744899336E-01   -0.7007079440E+00   -0.6987120328E+00   -0.8156203844E-01    0.4939152262E+00    0.3441203839E+02
    0.8425000000E+00   -0.1111372555E+00   -0.2603085312E+00    0.9591210860E+00   -0.1357239170E+00   -0.1007275582E+00    0.1000000000E+01   -0.1103472895E+00   -0.2651166073E+00    0.9578813394E+00    0.1333184479E+00    0.5732973793E-01   -0.7101442567E+00   -0.6889373174E+00   -0.8702774389E-01    0.4960304195E+00    0.3443164967E+02
    0.8430000000E+00   -0.1162810019E+00   -0.2598746750E+00    0.9586289507E+00   -0.1382409393E+00   -0.9899651054E-01    0.1000000000E+01   -0.1155698482E+00   -0.2647226991E+00    0.9573742752E+00    0.1343186351E+00    0.5720611051E-01   -0.7194449885E+00   -0.6790323068E+00   -0.9254703597E-01    0.4981015768E+00    0.3445125054E+02
    0.8435000000E+00   -0.1214468303E+00   -0.2593477857E+00    0.9581311419E+00   -0.1407426721E+00   -0.9721199895E-01    0.1000000000E+01   -0.1208156289E+00   -0.2642345772E+00    0.9568613652E+00    0.1353239795E+00    0.5707806556E-01   -0.7286083093E+00   -0.6689988390E+00   -0.9811975241E-01    0.5001278656E+00    0.3447084087E+02
    0.8440000000E+00   -0.1266332081E+00   -0.2587269087E+00    0.9576276001E+00   -0.1432280915E+00   -0.9537397967E-01    0.1000000000E+01   -0.1260830839E+00   -0.2636512594E+00    0.9563425482E+00    0.1363344854E+00    0.5694555724E-01   -0.7376324131E+00   -0.6588387775E+00   -0.1037457205E+00    0.5021084501E+00    0.3449042054E+02
    0.8445000000E+00   -0.1318385755E+00   -0.2580111113E+00    0.9571182660E+00   -0.1456961668E+00   -0.9348242683E-01    0.1000000000E+01   -0.1313706377E+00   -0.2629717854E+00    0.9558177629E+00    0.1373501569E+00    0.5680853949E-01   -0.7465155181E+00   -0.6485540112E+00   -0.1094247568E+00    0.5040424914E+00    0.3450998944E+02
    0.8450000000E+00   -0.1370613458E+00   -0.2571994827E+00    0.9566030792E+00   -0.1481458606E+00   -0.9153733266E-01    0.1000000000E+01   -0.1366766874E+00   -0.2621952171E+00    0.9552869471E+00    0.1383709978E+00    0.5666696596E-01   -0.7552558674E+00   -0.6381464540E+00   -0.1151566674E+00    0.5059291473E+00    0.3452954744E+02
    0.8455000000E+00   -0.1422999055E+00   -0.2562911354E+00    0.9560819792E+00   -0.1505761293E+00   -0.8953870779E-01    0.1000000000E+01   -0.1419996027E+00   -0.2613206396E+00    0.9547500386E+00    0.1393970114E+00    0.5652079007E-01   -0.7638517287E+00   -0.6276180447E+00   -0.1209412473E+00    0.5077675727E+00    0.3454909440E+02
    0.8460000000E+00   -0.1475526145E+00   -0.2552852052E+00    0.9555549050E+00   -0.1529859229E+00   -0.8748658144E-01    0.1000000000E+01   -0.1473377259E+00   -0.2603471616E+00    0.9542069745E+00    0.1404282010E+00    0.5636996497E-01   -0.7723013955E+00   -0.6169707464E+00   -0.1267782807E+00    0.5095569196E+00    0.3456863022E+02
    0.8465000000E+00   -0.1528178065E+00   -0.2541808521E+00    0.9550217951E+00   -0.1553741861E+00   -0.8538100168E-01    0.1000000000E+01   -0.1526893726E+00   -0.2592739163E+00    0.9536576912E+00    0.1414645690E+00    0.5621444357E-01   -0.7806031867E+00   -0.6062065465E+00   -0.1326675406E+00    0.5112963371E+00    0.3458815475E+02
    0.8470000000E+00   -0.1580937890E+00   -0.2529772613E+00    0.9544825874E+00   -0.1577398579E+00   -0.8322203561E-01    0.1000000000E+01   -0.1580528318E+00   -0.2581000616E+00    0.9531021250E+00    0.1425061178E+00    0.5605417850E-01   -0.7887554473E+00   -0.5953274560E+00   -0.1386087891E+00    0.5129849717E+00    0.3460766788E+02
    0.8475000000E+00   -0.1633788440E+00   -0.2516736431E+00    0.9539372195E+00   -0.1600818720E+00   -0.8100976963E-01    0.1000000000E+01   -0.1634263659E+00   -0.2568247816E+00    0.9525402116E+00    0.1435528492E+00    0.5588912217E-01   -0.7967565486E+00   -0.5843355096E+00   -0.1446017768E+00    0.5146219675E+00    0.3462716946E+02
    0.8480000000E+00   -0.1686712279E+00   -0.2502692342E+00    0.9533856287E+00   -0.1623991575E+00   -0.7874430960E-01    0.1000000000E+01   -0.1688082113E+00   -0.2554472862E+00    0.9519718861E+00    0.1446047648E+00    0.5571922673E-01   -0.8046048887E+00   -0.5732327649E+00   -0.1506462428E+00    0.5162064657E+00    0.3464665937E+02
    0.8485000000E+00   -0.1739691718E+00   -0.2487632981E+00    0.9528277514E+00   -0.1646906389E+00   -0.7642578110E-01    0.1000000000E+01   -0.1741965786E+00   -0.2539668129E+00    0.9513970833E+00    0.1456618657E+00    0.5554444408E-01   -0.8122988926E+00   -0.5620213026E+00   -0.1567419150E+00    0.5177376057E+00    0.3466613748E+02
    0.8490000000E+00   -0.1792708820E+00   -0.2471551257E+00    0.9522635241E+00   -0.1669552365E+00   -0.7405432961E-01    0.1000000000E+01   -0.1795896529E+00   -0.2523826264E+00    0.9508157375E+00    0.1467241525E+00    0.5536472588E-01   -0.8198370126E+00   -0.5507032258E+00   -0.1628885095E+00    0.5192145244E+00    0.3468560365E+02
    0.8495000000E+00   -0.1845745402E+00   -0.2454440360E+00    0.9516928823E+00   -0.1691918668E+00   -0.7163012072E-01    0.1000000000E+01   -0.1849855941E+00   -0.2506940201E+00    0.9502277824E+00    0.1477916256E+00    0.5518002354E-01   -0.8272177287E+00   -0.5392806596E+00   -0.1690857306E+00    0.5206363565E+00    0.3470505774E+02
    0.8500000000E+00   -0.1898783041E+00   -0.2436293769E+00    0.9511157614E+00   -0.1713994427E+00   -0.6915334032E-01    0.1000000000E+01   -0.1903825372E+00   -0.2489003161E+00    0.9496331514E+00    0.1488642848E+00    0.5499028824E-01   -0.8344395486E+00   -0.5277557510E+00   -0.1753332708E+00    0.5220022350E+00    0.3472449962E+02
    0.8505000000E+00   -0.1951803073E+00   -0.2417105257E+00    0.9505320963E+00   -0.1735768739E+00   -0.6662419480E-01    0.1000000000E+01   -0.1957785927E+00   -0.2470008666E+00    0.9490317775E+00    0.1499421294E+00    0.5479547090E-01   -0.8415010084E+00   -0.5161306686E+00   -0.1816308108E+00    0.5233112910E+00    0.3474392915E+02
    0.8510000000E+00   -0.2004786600E+00   -0.2396868896E+00    0.9499418214E+00   -0.1757230674E+00   -0.6404291123E-01    0.1000000000E+01   -0.2011718472E+00   -0.2449950538E+00    0.9484235929E+00    0.1510251586E+00    0.5459552223E-01   -0.8484006728E+00   -0.5044076019E+00   -0.1879780191E+00    0.5245626539E+00    0.3476334619E+02
    0.8515000000E+00   -0.2057714493E+00   -0.2375579068E+00    0.9493448706E+00   -0.1778369277E+00   -0.6140973757E-01    0.1000000000E+01   -0.2065603633E+00   -0.2428822911E+00    0.9478085298E+00    0.1521133707E+00    0.5439039268E-01   -0.8551371352E+00   -0.4925887611E+00   -0.1943745520E+00    0.5257554514E+00    0.3478275060E+02
    0.8520000000E+00   -0.2110567396E+00   -0.2353230466E+00    0.9487411776E+00   -0.1799173570E+00   -0.5872494281E-01    0.1000000000E+01   -0.2119421804E+00   -0.2406620233E+00    0.9471865195E+00    0.1532067640E+00    0.5418003250E-01   -0.8617090181E+00   -0.4806763772E+00   -0.2008200535E+00    0.5268888099E+00    0.3480214223E+02
    0.8525000000E+00   -0.2163325729E+00   -0.2329818105E+00    0.9481306754E+00   -0.1819632561E+00   -0.5598881715E-01    0.1000000000E+01   -0.2173153151E+00   -0.2383337280E+00    0.9465574933E+00    0.1543053360E+00    0.5396439166E-01   -0.8681149736E+00   -0.4686727007E+00   -0.2073141553E+00    0.5279618545E+00    0.3482152095E+02
    0.8530000000E+00   -0.2215969694E+00   -0.2305337325E+00    0.9475132967E+00   -0.1839735241E+00   -0.5320167220E-01    0.1000000000E+01   -0.2226777611E+00   -0.2358969152E+00    0.9459213816E+00    0.1554090840E+00    0.5374341995E-01   -0.8743536831E+00   -0.4565800020E+00   -0.2138564767E+00    0.5289737092E+00    0.3484088660E+02
    0.8535000000E+00   -0.2268479281E+00   -0.2279783799E+00    0.9468889737E+00   -0.1859470594E+00   -0.5036384108E-01    0.1000000000E+01   -0.2280274905E+00   -0.2333511291E+00    0.9452781148E+00    0.1565180045E+00    0.5351706692E-01   -0.8804238584E+00   -0.4444005709E+00   -0.2204466242E+00    0.5299234969E+00    0.3486023905E+02
    0.8540000000E+00   -0.2320834266E+00   -0.2253153541E+00    0.9462576383E+00   -0.1878827595E+00   -0.4747567865E-01    0.1000000000E+01   -0.2333624537E+00   -0.2306959478E+00    0.9446276224E+00    0.1576320938E+00    0.5328528188E-01   -0.8863242412E+00   -0.4321367159E+00   -0.2270841916E+00    0.5308103398E+00    0.3487957813E+02
    0.8545000000E+00   -0.2373014224E+00   -0.2225442908E+00    0.9456192218E+00   -0.1897795220E+00   -0.4453756159E-01    0.1000000000E+01   -0.2386805798E+00   -0.2279309843E+00    0.9439698339E+00    0.1587513476E+00    0.5304801395E-01   -0.8920536039E+00   -0.4197907641E+00   -0.2337687600E+00    0.5316333591E+00    0.3489890371E+02
    0.8550000000E+00   -0.2424998527E+00   -0.2196648611E+00    0.9449736552E+00   -0.1916362444E+00   -0.4154988860E-01    0.1000000000E+01   -0.2439797774E+00   -0.2250558876E+00    0.9433046781E+00    0.1598757611E+00    0.5280521200E-01   -0.8976107496E+00   -0.4073650608E+00   -0.2404998976E+00    0.5323916757E+00    0.3491821562E+02
    0.8555000000E+00   -0.2476766355E+00   -0.2166767717E+00    0.9443208692E+00   -0.1934518250E+00   -0.3851308048E-01    0.1000000000E+01   -0.2492579351E+00   -0.2220703423E+00    0.9426320836E+00    0.1610053290E+00    0.5255682473E-01   -0.9029945125E+00   -0.3948619690E+00   -0.2472771594E+00    0.5330844101E+00    0.3493751373E+02
    0.8560000000E+00   -0.2528296696E+00   -0.2135797659E+00    0.9436607938E+00   -0.1952251630E+00   -0.3542758031E-01    0.1000000000E+01   -0.2545129219E+00   -0.2189740705E+00    0.9419519782E+00    0.1621400455E+00    0.5230280058E-01   -0.9082037580E+00   -0.3822838692E+00   -0.2541000876E+00    0.5337106825E+00    0.3495679786E+02
    0.8565000000E+00   -0.2579568354E+00   -0.2103736240E+00    0.9429933588E+00   -0.1969551589E+00   -0.3229385356E-01    0.1000000000E+01   -0.2597425875E+00   -0.2157668311E+00    0.9412642896E+00    0.1632799043E+00    0.5204308782E-01   -0.9132373831E+00   -0.3696331586E+00   -0.2609682109E+00    0.5342696129E+00    0.3497606788E+02
    0.8570000000E+00   -0.2630559955E+00   -0.2070581638E+00    0.9423184936E+00   -0.1986407152E+00   -0.2911238818E-01    0.1000000000E+01   -0.2649447635E+00   -0.2124484217E+00    0.9405689451E+00    0.1644248984E+00    0.5177763451E-01   -0.9180943166E+00   -0.3569122514E+00   -0.2678810447E+00    0.5347603217E+00    0.3499532361E+02
    0.8575000000E+00   -0.2681249951E+00   -0.2036332416E+00    0.9416361271E+00   -0.2002807365E+00   -0.2588369476E-01    0.1000000000E+01   -0.2701172632E+00   -0.2090186783E+00    0.9398658715E+00    0.1655750205E+00    0.5150638850E-01   -0.9227735193E+00   -0.3441235776E+00   -0.2748380911E+00    0.5351819291E+00    0.3501456491E+02
    0.8580000000E+00   -0.2731616627E+00   -0.2000987524E+00    0.9409461879E+00   -0.2018741303E+00   -0.2260830659E-01    0.1000000000E+01   -0.2752578829E+00   -0.2054774762E+00    0.9391549951E+00    0.1667302626E+00    0.5122929744E-01   -0.9272739842E+00   -0.3312695832E+00   -0.2818388388E+00    0.5355335561E+00    0.3503379161E+02
    0.8585000000E+00   -0.2781638108E+00   -0.1964546306E+00    0.9402486042E+00   -0.2034198068E+00   -0.1928677977E-01    0.1000000000E+01   -0.2803644020E+00   -0.2018247309E+00    0.9384362420E+00    0.1678906161E+00    0.5094630880E-01   -0.9315947371E+00   -0.3183527296E+00   -0.2888827626E+00    0.5358143241E+00    0.3505300355E+02
    0.8590000000E+00   -0.2831292361E+00   -0.1927008508E+00    0.9395433039E+00   -0.2049166800E+00   -0.1591969332E-01    0.1000000000E+01   -0.2854345838E+00   -0.1980603982E+00    0.9377095377E+00    0.1690560721E+00    0.5065736986E-01   -0.9357348362E+00   -0.3053754931E+00   -0.2959693237E+00    0.5360233553E+00    0.3507220057E+02
    0.8595000000E+00   -0.2880557206E+00   -0.1888374282E+00    0.9388302143E+00   -0.2063636679E+00   -0.1250764922E-01    0.1000000000E+01   -0.2904661763E+00   -0.1941844751E+00    0.9369748077E+00    0.1702266207E+00    0.5036242771E-01   -0.9396933727E+00   -0.2923403645E+00   -0.3030979697E+00    0.5361597729E+00    0.3509138250E+02
    0.8600000000E+00   -0.2929410320E+00   -0.1848644190E+00    0.9381092627E+00   -0.2077596929E+00   -0.9051272530E-02    0.1000000000E+01   -0.2954569124E+00   -0.1901970006E+00    0.9362319766E+00    0.1714022518E+00    0.5006142926E-01   -0.9434694713E+00   -0.2792498488E+00   -0.3102681341E+00    0.5362227012E+00    0.3511054917E+02
    0.8605000000E+00   -0.2977829245E+00   -0.1807819214E+00    0.9373803756E+00   -0.2091036821E+00   -0.5551211425E-02    0.1000000000E+01   -0.3004045112E+00   -0.1860980556E+00    0.9354809691E+00    0.1725829546E+00    0.4975432124E-01   -0.9470622897E+00   -0.2661064649E+00   -0.3174792364E+00    0.5362112656E+00    0.3512970042E+02
    0.8610000000E+00   -0.3025791393E+00   -0.1765900758E+00    0.9366434796E+00   -0.2103945680E+00   -0.2008137265E-02    0.1000000000E+01   -0.3053066781E+00   -0.1818877642E+00    0.9347217092E+00    0.1737687175E+00    0.4944105022E-01   -0.9504710195E+00   -0.2529127448E+00   -0.3247306823E+00    0.5361245932E+00    0.3514883609E+02
    0.8615000000E+00   -0.3073274055E+00   -0.1722890655E+00    0.9358985006E+00   -0.2116312891E+00    0.1577255355E-02    0.1000000000E+01   -0.3101611059E+00   -0.1775662938E+00    0.9339541208E+00    0.1749595284E+00    0.4912156258E-01   -0.9536948859E+00   -0.2396712335E+00   -0.3320218631E+00    0.5359618128E+00    0.3516795599E+02
    0.8620000000E+00   -0.3120254407E+00   -0.1678791173E+00    0.9351453644E+00   -0.2128127899E+00    0.5204248563E-02    0.1000000000E+01   -0.3149654752E+00   -0.1731338560E+00    0.9331781274E+00    0.1761553749E+00    0.4879580457E-01   -0.9567331482E+00   -0.2263844883E+00   -0.3393521559E+00    0.5357220549E+00    0.3518705995E+02
    0.8625000000E+00   -0.3166709516E+00   -0.1633605018E+00    0.9343839963E+00   -0.2139380217E+00    0.8872101174E-02    0.1000000000E+01   -0.3197174554E+00   -0.1685907068E+00    0.9323936521E+00    0.1773562434E+00    0.4846372223E-01   -0.9595850999E+00   -0.2130550787E+00   -0.3467209236E+00    0.5354044521E+00    0.3520614781E+02
    0.8630000000E+00   -0.3212616351E+00   -0.1587335342E+00    0.9336143215E+00   -0.2150059430E+00    0.1258004867E-01    0.1000000000E+01   -0.3244147055E+00   -0.1639371473E+00    0.9316006176E+00    0.1785621200E+00    0.4812526151E-01   -0.9622500690E+00   -0.1996855858E+00   -0.3541275145E+00    0.5350081394E+00    0.3522521938E+02
    0.8635000000E+00   -0.3257951788E+00   -0.1539985747E+00    0.9328362648E+00   -0.2160155198E+00    0.1632730316E-01    0.1000000000E+01   -0.3290548745E+00   -0.1591735245E+00    0.9307989465E+00    0.1797729902E+00    0.4778036816E-01   -0.9647274179E+00   -0.1862786018E+00   -0.3615712627E+00    0.5345322540E+00    0.3524427449E+02
    0.8640000000E+00   -0.3302692616E+00   -0.1491560288E+00    0.9320497506E+00   -0.2169657266E+00    0.2011305342E-01    0.1000000000E+01   -0.3336356025E+00   -0.1543002312E+00    0.9299885609E+00    0.1809888386E+00    0.4742898782E-01   -0.9670165440E+00   -0.1728367296E+00   -0.3690514875E+00    0.5339759358E+00    0.3526331296E+02
    0.8645000000E+00   -0.3346815549E+00   -0.1442063484E+00    0.9312547031E+00   -0.2178555461E+00    0.2393646484E-01    0.1000000000E+01   -0.3381545215E+00   -0.1493177072E+00    0.9291693828E+00    0.1822096494E+00    0.4707106596E-01   -0.9691168793E+00   -0.1593625825E+00   -0.3765674937E+00    0.5333383279E+00    0.3528233461E+02
    0.8650000000E+00   -0.3390297234E+00   -0.1391500314E+00    0.9304510462E+00   -0.2186839705E+00    0.2779667945E-01    0.1000000000E+01   -0.3426092560E+00   -0.1442264393E+00    0.9283413338E+00    0.1834354059E+00    0.4670654795E-01   -0.9710278912E+00   -0.1458587836E+00   -0.3841185712E+00    0.5326185760E+00    0.3530133925E+02
    0.8655000000E+00   -0.3433114253E+00   -0.1339876231E+00    0.9296387036E+00   -0.2194500012E+00    0.3169281596E-01    0.1000000000E+01   -0.3469974241E+00   -0.1390269620E+00    0.9275043351E+00    0.1846660908E+00    0.4633537902E-01   -0.9727490823E+00   -0.1323279654E+00   -0.3917039954E+00    0.5318158292E+00    0.3532032671E+02
    0.8660000000E+00   -0.3475243140E+00   -0.1287197159E+00    0.9288175987E+00   -0.2201526500E+00    0.3562396976E-01    0.1000000000E+01   -0.3513166380E+00   -0.1337198579E+00    0.9266583079E+00    0.1859016861E+00    0.4595750426E-01   -0.9742799907E+00   -0.1187727692E+00   -0.3993230267E+00    0.5309292404E+00    0.3533929680E+02
    0.8665000000E+00   -0.3516660383E+00   -0.1233469503E+00    0.9279876546E+00   -0.2207909392E+00    0.3958921297E-01    0.1000000000E+01   -0.3555645053E+00   -0.1283057585E+00    0.9258031730E+00    0.1871421731E+00    0.4557286868E-01   -0.9756201899E+00   -0.1051958451E+00   -0.4069749104E+00    0.5299579658E+00    0.3535824933E+02
    0.8670000000E+00   -0.3557342437E+00   -0.1178700150E+00    0.9271487943E+00   -0.2213639021E+00    0.4358759449E-01    0.1000000000E+01   -0.3597386296E+00   -0.1227853439E+00    0.9249388509E+00    0.1883875324E+00    0.4518141716E-01   -0.9767692893E+00   -0.9159985111E-01   -0.4146588772E+00    0.5289011656E+00    0.3537718411E+02
    0.8675000000E+00   -0.3597265730E+00   -0.1122896475E+00    0.9263009405E+00   -0.2218705837E+00    0.4761814003E-01    0.1000000000E+01   -0.3638366115E+00   -0.1171593441E+00    0.9240652620E+00    0.1896377437E+00    0.4478309447E-01   -0.9777269342E+00   -0.7798745278E-01   -0.4223741424E+00    0.5277580044E+00    0.3539610095E+02
    0.8680000000E+00   -0.3636406673E+00   -0.1066066343E+00    0.9254440157E+00   -0.2223100409E+00    0.5167985220E-01    0.1000000000E+01   -0.3678560493E+00   -0.1114285388E+00    0.9231823264E+00    0.1908927863E+00    0.4437784529E-01   -0.9784928058E+00   -0.6436132290E-01   -0.4301199064E+00    0.5265276510E+00    0.3541499966E+02
    0.8685000000E+00   -0.3674741668E+00   -0.1008218116E+00    0.9245779421E+00   -0.2226813434E+00    0.5577171061E-01    0.1000000000E+01   -0.3717945405E+00   -0.1055937583E+00    0.9222899642E+00    0.1921526384E+00    0.4396561422E-01   -0.9790666218E+00   -0.5072414090E-01   -0.4378953544E+00    0.5252092786E+00    0.3543388005E+02
    0.8690000000E+00   -0.3712247122E+00   -0.9493606556E-01    0.9237026419E+00   -0.2229835740E+00    0.5989267187E-01    0.1000000000E+01   -0.3756496819E+00   -0.9965588323E-01    0.9213880950E+00    0.1934172776E+00    0.4354634577E-01   -0.9794481357E+00   -0.3707859244E-01   -0.4456996562E+00    0.5238020656E+00    0.3545274193E+02
    0.8695000000E+00   -0.3748899451E+00   -0.8895033256E-01    0.9228180371E+00   -0.2232158289E+00    0.6404166979E-01    0.1000000000E+01   -0.3794190714E+00   -0.9361584580E-01    0.9204766384E+00    0.1946866808E+00    0.4311998437E-01   -0.9796371377E+00   -0.2342736896E-01   -0.4535319665E+00    0.5223051952E+00    0.3547158508E+02
    0.8700000000E+00   -0.3784675092E+00   -0.8286559969E-01    0.9219240494E+00   -0.2233772186E+00    0.6821761542E-01    0.1000000000E+01   -0.3831003084E+00   -0.8747462949E-01    0.9195555138E+00    0.1959608240E+00    0.4268647438E-01   -0.9796334547E+00   -0.9773167168E-02   -0.4613914246E+00    0.5207178560E+00    0.3549040933E+02
    0.8705000000E+00   -0.3819550512E+00   -0.7668290502E-01    0.9210206005E+00   -0.2234668681E+00    0.7241939717E-01    0.1000000000E+01   -0.3866909951E+00   -0.8123326969E-01    0.9186246406E+00    0.1972396824E+00    0.4224576011E-01   -0.9794369499E+00    0.3881311374E-02   -0.4692771544E+00    0.5190392420E+00    0.3550921446E+02
    0.8710000000E+00   -0.3853502219E+00   -0.7040333798E-01    0.9201076120E+00   -0.2234839177E+00    0.7664588097E-01    0.1000000000E+01   -0.3901887374E+00   -0.7489285398E-01    0.9176839378E+00    0.1985232305E+00    0.4179778580E-01   -0.9790475235E+00    0.1753336076E-01   -0.4771882645E+00    0.5172685533E+00    0.3552800028E+02
    0.8715000000E+00   -0.3886506773E+00   -0.6402803961E-01    0.9191850053E+00   -0.2234275233E+00    0.8089591036E-01    0.1000000000E+01   -0.3935911458E+00   -0.6845452248E-01    0.9167333246E+00    0.1998114419E+00    0.4134249565E-01   -0.9784651125E+00    0.3118027118E-01   -0.4851238478E+00    0.5154049956E+00    0.3554676658E+02
    0.8720000000E+00   -0.3918540792E+00   -0.5755820292E-01    0.9182527017E+00   -0.2232968570E+00    0.8516830670E-01    0.1000000000E+01   -0.3968958367E+00   -0.6191946812E-01    0.9157727199E+00    0.2011042895E+00    0.4087983382E-01   -0.9776896909E+00    0.4481932944E-01   -0.4930829819E+00    0.5134477812E+00    0.3556551315E+02
    0.8725000000E+00   -0.3949580969E+00   -0.5099507309E-01    0.9173106225E+00   -0.2230911075E+00    0.8946186927E-01    0.1000000000E+01   -0.4001004333E+00   -0.5528893697E-01    0.9148020424E+00    0.2024017451E+00    0.4040974444E-01   -0.9767212696E+00    0.5844781936E-01   -0.5010647287E+00    0.5113961288E+00    0.3558423980E+02
    0.8730000000E+00   -0.3979604076E+00   -0.4433994779E-01    0.9163586889E+00   -0.2228094808E+00    0.9377537546E-01    0.1000000000E+01   -0.4032025668E+00   -0.4856422846E-01    0.9138212112E+00    0.2037037799E+00    0.3993217161E-01   -0.9755598969E+00    0.7206302234E-01   -0.5090681346E+00    0.5092492639E+00    0.3560294630E+02
    0.8735000000E+00   -0.4008586978E+00   -0.3759417738E-01    0.9153968220E+00   -0.2224512007E+00    0.9810758097E-01    0.1000000000E+01   -0.4061998773E+00   -0.4174669568E-01    0.9128301448E+00    0.2050103642E+00    0.3944705943E-01   -0.9742056582E+00    0.8566221777E-01   -0.5170922304E+00    0.5070064189E+00    0.3562163246E+02
    0.8740000000E+00   -0.4036506644E+00   -0.3075916518E-01    0.9144249430E+00   -0.2220155092E+00    0.1024572200E+00    0.1000000000E+01   -0.4090900149E+00   -0.3483774559E-01    0.9118287621E+00    0.2063214674E+00    0.3895435198E-01   -0.9726586762E+00    0.9924268353E-01   -0.5251360312E+00    0.5046668337E+00    0.3564029806E+02
    0.8745000000E+00   -0.4063340157E+00   -0.2383636759E-01    0.9134429731E+00   -0.2215016670E+00    0.1068230053E+00    0.1000000000E+01   -0.4118706410E+00   -0.2783883923E-01    0.9108169818E+00    0.2076370581E+00    0.3845399334E-01   -0.9709191108E+00    0.1128016965E+00   -0.5331985363E+00    0.5022297556E+00    0.3565894288E+02
    0.8750000000E+00   -0.4089064726E+00   -0.1682729437E-01    0.9124508334E+00   -0.2209089543E+00    0.1112036288E+00    0.1000000000E+01   -0.4145394293E+00   -0.2075149194E-01    0.9097947226E+00    0.2089571037E+00    0.3794592761E-01   -0.9689871598E+00    0.1263365330E+00   -0.5412787297E+00    0.4996944399E+00    0.3567756672E+02
    0.8755000000E+00   -0.4113657695E+00   -0.9733508712E-02    0.9114484450E+00   -0.2202366710E+00    0.1155977614E+00    0.1000000000E+01   -0.4170940670E+00   -0.1357727350E-01    0.9087619034E+00    0.2102815712E+00    0.3743009891E-01   -0.9668630580E+00    0.1398444693E+00   -0.5493755792E+00    0.4970601497E+00    0.3569616935E+02
    0.8760000000E+00   -0.4137096558E+00   -0.2556627461E-02    0.9104357293E+00   -0.2194841372E+00    0.1200040532E+00    0.1000000000E+01   -0.4195322560E+00   -0.6317808314E-02    0.9077184429E+00    0.2116104262E+00    0.3690645139E-01   -0.9645470781E+00    0.1533227822E+00   -0.5574880373E+00    0.4943261567E+00    0.3571475056E+02
    0.8765000000E+00   -0.4159358968E+00    0.4701678816E-02    0.9094126075E+00   -0.2186506942E+00    0.1244211342E+00    0.1000000000E+01   -0.4218517137E+00    0.1025224459E-02    0.9066642602E+00    0.2129436338E+00    0.3637492924E-01   -0.9620395302E+00    0.1667687492E+00   -0.5656150405E+00    0.4914917411E+00    0.3573331012E+02
    0.8770000000E+00   -0.4180422747E+00    0.1203968571E-01    0.9083790010E+00   -0.2177357043E+00    0.1288476142E+00    0.1000000000E+01   -0.4240501747E+00    0.8450090811E-02    0.9055992742E+00    0.2142811578E+00    0.3583547669E-01   -0.9593407622E+00    0.1801796494E+00   -0.5737555097E+00    0.4885561921E+00    0.3575184782E+02
    0.8775000000E+00   -0.4200265902E+00    0.1945561488E-01    0.9073348315E+00   -0.2167385520E+00    0.1332820830E+00    0.1000000000E+01   -0.4261253918E+00    0.1595500178E-01    0.9045234041E+00    0.2156229613E+00    0.3528803804E-01   -0.9564511595E+00    0.1935527637E+00   -0.5819083499E+00    0.4855188080E+00    0.3577036344E+02
    0.8780000000E+00   -0.4218866636E+00    0.2694763402E-01    0.9062800204E+00   -0.2156586440E+00    0.1377231111E+00    0.1000000000E+01   -0.4280751371E+00    0.2353811340E-01    0.9034365691E+00    0.2169690064E+00    0.3473255765E-01   -0.9533711455E+00    0.2068853755E+00   -0.5900724506E+00    0.4823788966E+00    0.3578885673E+02
    0.8785000000E+00   -0.4236203354E+00    0.3451385682E-01    0.9052144898E+00   -0.2144954100E+00    0.1421692494E+00    0.1000000000E+01   -0.4298972032E+00    0.3119752663E-01    0.9023386887E+00    0.2183192540E+00    0.3416897997E-01   -0.9501011811E+00    0.2201747710E+00   -0.5982466852E+00    0.4791357754E+00    0.3580732749E+02
    0.8790000000E+00   -0.4252254685E+00    0.4215234292E-01    0.9041381615E+00   -0.2132483033E+00    0.1466190301E+00    0.1000000000E+01   -0.4315894046E+00    0.3893128734E-01    0.9012296826E+00    0.2196736644E+00    0.3359724952E-01   -0.9466417650E+00    0.2334182398E+00   -0.6064299117E+00    0.4757887720E+00    0.3582577548E+02
    0.8795000000E+00   -0.4266999485E+00    0.4986109799E-01    0.9030509579E+00   -0.2119168008E+00    0.1510709667E+00    0.1000000000E+01   -0.4331495788E+00    0.4673738636E-01    0.9001094707E+00    0.2210321967E+00    0.3301731096E-01   -0.9429934338E+00    0.2466130754E+00   -0.6146209723E+00    0.4723372244E+00    0.3584420047E+02
    0.8800000000E+00   -0.4280416855E+00    0.5763807369E-01    0.9019528014E+00   -0.2105004041E+00    0.1555235544E+00    0.1000000000E+01   -0.4345755878E+00    0.5461375941E-01    0.8989779730E+00    0.2223948090E+00    0.3242910902E-01   -0.9391567618E+00    0.2597565756E+00   -0.6228186933E+00    0.4687804810E+00    0.3586260223E+02
    0.8805000000E+00   -0.4292486152E+00    0.6548116778E-01    0.9008436147E+00   -0.2089986397E+00    0.1599752702E+00    0.1000000000E+01   -0.4358653190E+00    0.6255828727E-01    0.8978351099E+00    0.2237614583E+00    0.3183258857E-01   -0.9351323611E+00    0.2728460433E+00   -0.6310218856E+00    0.4651179012E+00    0.3588098053E+02
    0.8810000000E+00   -0.4303187000E+00    0.7338822421E-01    0.8997233209E+00   -0.2074110596E+00    0.1644245739E+00    0.1000000000E+01   -0.4370166866E+00    0.7056879575E-01    0.8966808021E+00    0.2251321008E+00    0.3122769462E-01   -0.9309208816E+00    0.2858787865E+00   -0.6392293442E+00    0.4613488558E+00    0.3589933513E+02
    0.8815000000E+00   -0.4312499305E+00    0.8135703321E-01    0.8985918432E+00   -0.2057372415E+00    0.1688699079E+00    0.1000000000E+01   -0.4380276330E+00    0.7864305588E-01    0.8955149706E+00    0.2265066914E+00    0.3061437232E-01   -0.9265230110E+00    0.2988521191E+00   -0.6474398485E+00    0.4574727267E+00    0.3591766580E+02
    0.8820000000E+00   -0.4320403265E+00    0.8938533141E-01    0.8974491054E+00   -0.2039767900E+00    0.1733096975E+00    0.1000000000E+01   -0.4388961302E+00    0.8677878398E-01    0.8943375368E+00    0.2278851843E+00    0.2999256697E-01   -0.9219394747E+00    0.3117633617E+00   -0.6556521625E+00    0.4534889081E+00    0.3593597230E+02
    0.8825000000E+00   -0.4326879386E+00    0.9747080205E-01    0.8962950315E+00   -0.2021293362E+00    0.1777423518E+00    0.1000000000E+01   -0.4396201806E+00    0.9497364184E-01    0.8931484223E+00    0.2292675322E+00    0.2936222407E-01   -0.9171710360E+00    0.3246098415E+00   -0.6638650344E+00    0.4493968058E+00    0.3595425438E+02
    0.8830000000E+00   -0.4331908491E+00    0.1056110752E+00    0.8951295459E+00   -0.2001945388E+00    0.1821662639E+00    0.1000000000E+01   -0.4401978189E+00    0.1032252369E+00    0.8919475493E+00    0.2306536871E+00    0.2872328928E-01   -0.9122184958E+00    0.3373888930E+00   -0.6720771970E+00    0.4451958385E+00    0.3597251181E+02
    0.8835000000E+00   -0.4335471738E+00    0.1138037277E+00    0.8939525736E+00   -0.1981720846E+00    0.1865798111E+00    0.1000000000E+01   -0.4406271131E+00    0.1115311225E+00    0.8907348405E+00    0.2320435997E+00    0.2807570844E-01   -0.9070826929E+00    0.3500978589E+00   -0.6802873677E+00    0.4408854372E+00    0.3599074435E+02
    0.8840000000E+00   -0.4337550627E+00    0.1220462840E+00    0.8927640397E+00   -0.1960616884E+00    0.1909813554E+00    0.1000000000E+01   -0.4409061656E+00    0.1198887981E+00    0.8895102188E+00    0.2334372196E+00    0.2741942764E-01   -0.9017645033E+00    0.3627340900E+00   -0.6884942483E+00    0.4364650462E+00    0.3600895174E+02
    0.8845000000E+00   -0.4338127017E+00    0.1303362158E+00    0.8915638702E+00   -0.1938630942E+00    0.1953692444E+00    0.1000000000E+01   -0.4410331153E+00    0.1282957094E+00    0.8882736078E+00    0.2348344956E+00    0.2675439316E-01   -0.8962648412E+00    0.3752949462E+00   -0.6966965253E+00    0.4319341231E+00    0.3602713375E+02
    0.8850000000E+00   -0.4337183140E+00    0.1386709427E+00    0.8903519913E+00   -0.1915760752E+00    0.1997418111E+00    0.1000000000E+01   -0.4410061381E+00    0.1367492489E+00    0.8870249316E+00    0.2362353749E+00    0.2608055152E-01   -0.8905846579E+00    0.3877777967E+00   -0.7048928700E+00    0.4272921392E+00    0.3604529012E+02
    0.8855000000E+00   -0.4334701612E+00    0.1470478324E+00    0.8891283299E+00   -0.1892004343E+00    0.2040973747E+00    0.1000000000E+01   -0.4408234487E+00    0.1452467561E+00    0.8857641148E+00    0.2376398039E+00    0.2539784950E-01   -0.8847249425E+00    0.4001800207E+00   -0.7130819383E+00    0.4225385796E+00    0.3606342062E+02
    0.8860000000E+00   -0.4330665444E+00    0.1554642011E+00    0.8878928136E+00   -0.1867360047E+00    0.2084342411E+00    0.1000000000E+01   -0.4404833019E+00    0.1537855178E+00    0.8844910827E+00    0.2390477278E+00    0.2470623413E-01   -0.8786867214E+00    0.4124990079E+00   -0.7212623712E+00    0.4176729439E+00    0.3608152497E+02
    0.8865000000E+00   -0.4325058061E+00    0.1639173142E+00    0.8866453703E+00   -0.1841826505E+00    0.2127507033E+00    0.1000000000E+01   -0.4399839939E+00    0.1623627686E+00    0.8832057612E+00    0.2404590905E+00    0.2400565273E-01   -0.8724710585E+00    0.4247321586E+00   -0.7294327944E+00    0.4126947462E+00    0.3609960295E+02
    0.8870000000E+00   -0.4317863313E+00    0.1724043859E+00    0.8853859288E+00   -0.1815402667E+00    0.2170450421E+00    0.1000000000E+01   -0.4393238636E+00    0.1709756912E+00    0.8819080768E+00    0.2418738350E+00    0.2329605288E-01   -0.8660790549E+00    0.4368768848E+00   -0.7375918185E+00    0.4076035156E+00    0.3611765428E+02
    0.8875000000E+00   -0.4309065485E+00    0.1809225806E+00    0.8841144185E+00   -0.1788087799E+00    0.2213155261E+00    0.1000000000E+01   -0.4385012942E+00    0.1796214169E+00    0.8805979569E+00    0.2432919029E+00    0.2257738252E-01   -0.8595118490E+00    0.4489306106E+00   -0.7457380396E+00    0.4023987964E+00    0.3613567872E+02
    0.8880000000E+00   -0.4298649315E+00    0.1894690129E+00    0.8828307696E+00   -0.1759881488E+00    0.2255604130E+00    0.1000000000E+01   -0.4375147142E+00    0.1882970263E+00    0.8792753294E+00    0.2447132347E+00    0.2184958986E-01   -0.8527706164E+00    0.4608907722E+00   -0.7538700386E+00    0.3970801487E+00    0.3615367601E+02
    0.8885000000E+00   -0.4286600006E+00    0.1980407480E+00    0.8815349129E+00   -0.1730783646E+00    0.2297779495E+00    0.1000000000E+01   -0.4363625992E+00    0.1969995493E+00    0.8779401231E+00    0.2461377697E+00    0.2111262347E-01   -0.8458565697E+00    0.4727548191E+00   -0.7619863818E+00    0.3916471482E+00    0.3617164589E+02
    0.8890000000E+00   -0.4272903239E+00    0.2066348026E+00    0.8802267802E+00   -0.1700794513E+00    0.2339663721E+00    0.1000000000E+01   -0.4350434729E+00    0.2057259662E+00    0.8765922676E+00    0.2475654459E+00    0.2036643226E-01   -0.8387709583E+00    0.4845202141E+00   -0.7700856211E+00    0.3860993872E+00    0.3618958811E+02
    0.8895000000E+00   -0.4257545186E+00    0.2152481452E+00    0.8789063039E+00   -0.1669914659E+00    0.2381239078E+00    0.1000000000E+01   -0.4335559088E+00    0.2144732080E+00    0.8752316934E+00    0.2489962002E+00    0.1961096551E-01   -0.8315150688E+00    0.4961844341E+00   -0.7781662935E+00    0.3804364742E+00    0.3620750239E+02
    0.8900000000E+00   -0.4240512524E+00    0.2238776968E+00    0.8775734174E+00   -0.1638144995E+00    0.2422487743E+00    0.1000000000E+01   -0.4318985312E+00    0.2232381569E+00    0.8738583318E+00    0.2504299682E+00    0.1884617290E-01   -0.8240902243E+00    0.5077449704E+00   -0.7862269219E+00    0.3746580351E+00    0.3622538849E+02
    0.8905000000E+00   -0.4221792451E+00    0.2325203319E+00    0.8762280550E+00   -0.1605486770E+00    0.2463391812E+00    0.1000000000E+01   -0.4300700170E+00    0.2320176474E+00    0.8724721152E+00    0.2518666842E+00    0.1807200447E-01   -0.8164977846E+00    0.5191993294E+00   -0.7942660150E+00    0.3687637126E+00    0.3624324612E+02
    0.8910000000E+00   -0.4201372694E+00    0.2411728783E+00    0.8748701520E+00   -0.1571941578E+00    0.2503933299E+00    0.1000000000E+01   -0.4280690968E+00    0.2408084664E+00    0.8710729768E+00    0.2533062815E+00    0.1728841072E-01   -0.8087391461E+00    0.5305450331E+00   -0.8022820672E+00    0.3627531672E+00    0.3626107504E+02
    0.8915000000E+00   -0.4179241527E+00    0.2498321188E+00    0.8734996447E+00   -0.1537511361E+00    0.2544094146E+00    0.1000000000E+01   -0.4258945563E+00    0.2496073543E+00    0.8696608510E+00    0.2547486917E+00    0.1649534254E-01   -0.8008157414E+00    0.5417796195E+00   -0.8102735590E+00    0.3566260773E+00    0.3627887498E+02
    0.8920000000E+00   -0.4155387784E+00    0.2584947913E+00    0.8721164702E+00   -0.1502198412E+00    0.2583856231E+00    0.1000000000E+01   -0.4235452378E+00    0.2584110057E+00    0.8682356730E+00    0.2561938456E+00    0.1569275131E-01   -0.7927290394E+00    0.5529006431E+00   -0.8182389569E+00    0.3503821396E+00    0.3629664565E+02
    0.8925000000E+00   -0.4129800870E+00    0.2671575899E+00    0.8707205669E+00   -0.1466005381E+00    0.2623201370E+00    0.1000000000E+01   -0.4210200414E+00    0.2672160701E+00    0.8667973793E+00    0.2576416723E+00    0.1488058883E-01   -0.7844805452E+00    0.5639056756E+00   -0.8261767141E+00    0.3440210694E+00    0.3631438681E+02
    0.8930000000E+00   -0.4102470776E+00    0.2758171656E+00    0.8693118743E+00   -0.1428935276E+00    0.2662111326E+00    0.1000000000E+01   -0.4183179266E+00    0.2760191527E+00    0.8653459076E+00    0.2590920998E+00    0.1405880742E-01   -0.7760717999E+00    0.5747923061E+00   -0.8340852697E+00    0.3375426008E+00    0.3633209817E+02
    0.8935000000E+00   -0.4073388093E+00    0.2844701270E+00    0.8678903330E+00   -0.1390991467E+00    0.2700567817E+00    0.1000000000E+01   -0.4154379133E+00    0.2848168156E+00    0.8638811966E+00    0.2605450549E+00    0.1322735988E-01   -0.7675043802E+00    0.5855581421E+00   -0.8419630500E+00    0.3309464874E+00    0.3634977947E+02
    0.8940000000E+00   -0.4042544025E+00    0.2931130416E+00    0.8664558848E+00   -0.1352177689E+00    0.2738552520E+00    0.1000000000E+01   -0.4123790836E+00    0.2936055780E+00    0.8624031865E+00    0.2620004628E+00    0.1238619956E-01   -0.7587798986E+00    0.5962008094E+00   -0.8498084676E+00    0.3242325023E+00    0.3636743043E+02
    0.8945000000E+00   -0.4009930399E+00    0.3017424363E+00    0.8650084728E+00   -0.1312498046E+00    0.2776047079E+00    0.1000000000E+01   -0.4091405829E+00    0.3023819179E+00    0.8609118185E+00    0.2634582475E+00    0.1153528029E-01   -0.7499000030E+00    0.6067179531E+00   -0.8576199224E+00    0.3174004386E+00    0.3638505078E+02
    0.8950000000E+00   -0.3975539683E+00    0.3103547988E+00    0.8635480414E+00   -0.1271957014E+00    0.2813033112E+00    0.1000000000E+01   -0.4057216211E+00    0.3111422726E+00    0.8594070354E+00    0.2649183317E+00    0.1067455652E-01   -0.7408663767E+00    0.6171072381E+00   -0.8653958012E+00    0.3104501097E+00    0.3640264024E+02
    0.8955000000E+00   -0.3939364997E+00    0.3189465779E+00    0.8620745362E+00   -0.1230559441E+00    0.2849492219E+00    0.1000000000E+01   -0.4021214744E+00    0.3198830397E+00    0.8578887811E+00    0.2663806368E+00    0.9803983237E-02   -0.7316807380E+00    0.6273663491E+00   -0.8731344784E+00    0.3033813496E+00    0.3642019854E+02
    0.8960000000E+00   -0.3901400126E+00    0.3275141854E+00    0.8605879044E+00   -0.1188310556E+00    0.2885405986E+00    0.1000000000E+01   -0.3983394862E+00    0.3286005785E+00    0.8563570013E+00    0.2678450826E+00    0.8923516025E-02   -0.7223448402E+00    0.6374929917E+00   -0.8808343158E+00    0.2961940134E+00    0.3643772539E+02
    0.8965000000E+00   -0.3861639530E+00    0.3360539965E+00    0.8590880945E+00   -0.1145215965E+00    0.2920755999E+00    0.1000000000E+01   -0.3943750685E+00    0.3372912108E+00    0.8548116428E+00    0.2693115878E+00    0.8033111089E-02   -0.7128604714E+00    0.6474848926E+00   -0.8884936628E+00    0.2888879776E+00    0.3645522053E+02
    0.8970000000E+00   -0.3820078362E+00    0.3445623513E+00    0.8575750565E+00   -0.1101281657E+00    0.2955523842E+00    0.1000000000E+01   -0.3902277034E+00    0.3459512218E+00    0.8532526541E+00    0.2707800695E+00    0.7132725262E-02   -0.7032294541E+00    0.6573398004E+00   -0.8961108571E+00    0.2814631401E+00    0.3647268367E+02
    0.8975000000E+00   -0.3776712480E+00    0.3530355557E+00    0.8560487420E+00   -0.1056514006E+00    0.2989691113E+00    0.1000000000E+01   -0.3858969442E+00    0.3545768620E+00    0.8516799854E+00    0.2722504436E+00    0.6222316032E-02   -0.6934536452E+00    0.6670554855E+00   -0.9036842241E+00    0.2739194212E+00    0.3649011454E+02
    0.8980000000E+00   -0.3731538453E+00    0.3614698827E+00    0.8545091042E+00   -0.1010919772E+00    0.3023239428E+00    0.1000000000E+01   -0.3813824169E+00    0.3631643475E+00    0.8500935883E+00    0.2737226244E+00    0.5301841557E-02   -0.6835349359E+00    0.6766297413E+00   -0.9112120781E+00    0.2662567634E+00    0.3650751284E+02
    0.8985000000E+00   -0.3684553582E+00    0.3698615736E+00    0.8529560977E+00   -0.9645061054E-01    0.3056150427E+00    0.1000000000E+01   -0.3766838210E+00    0.3717098619E+00    0.8484934164E+00    0.2751965249E+00    0.4371260694E-02   -0.6734752509E+00    0.6860603845E+00   -0.9186927216E+00    0.2584751317E+00    0.3652487830E+02
    0.8990000000E+00   -0.3635755907E+00    0.3782068395E+00    0.8513896793E+00   -0.9172805476E-01    0.3088405786E+00    0.1000000000E+01   -0.3718009315E+00    0.3802095573E+00    0.8468794247E+00    0.2766720567E+00    0.3430533008E-02   -0.6632765491E+00    0.6953452552E+00   -0.9261244463E+00    0.2505745147E+00    0.3654221063E+02
    0.8995000000E+00   -0.3585144221E+00    0.3865018619E+00    0.8498098069E+00   -0.8692510321E-01    0.3119987221E+00    0.1000000000E+01   -0.3667335995E+00    0.3886595556E+00    0.8452515702E+00    0.2781491299E+00    0.2479618801E-02   -0.6529408223E+00    0.7044822181E+00   -0.9335055328E+00    0.2425549238E+00    0.3655950955E+02
    0.9000000000E+00   -0.3532718082E+00    0.3947427949E+00    0.8482164408E+00   -0.8204258874E-01    0.3150876500E+00    0.1000000000E+01   -0.3614817538E+00    0.3970559499E+00    0.8436098117E+00    0.2796276533E+00    0.1518479129E-02   -0.6424700958E+00    0.7134691624E+00   -0.9408342512E+00    0.2344163947E+00    0.3657677478E+02
    0.9005000000E+00   -0.3478477822E+00    0.4029257660E+00    0.8466095426E+00   -0.7708138381E-01    0.3181055448E+00    0.1000000000E+01   -0.3560454018E+00    0.4053948060E+00    0.8419541100E+00    0.2811075340E+00    0.5470758277E-03   -0.6318664278E+00    0.7223040028E+00   -0.9481088611E+00    0.2261589867E+00    0.3659400602E+02
    0.9010000000E+00   -0.3422424564E+00    0.4110468778E+00    0.8449890764E+00   -0.7204240065E-01    0.3210505955E+00    0.1000000000E+01   -0.3504246309E+00    0.4136721635E+00    0.8402844276E+00    0.2825886780E+00   -0.4346284695E-03   -0.6211319093E+00    0.7309846794E+00   -0.9553276121E+00    0.2177827839E+00    0.3661120300E+02
    0.9015000000E+00   -0.3364560228E+00    0.4191022091E+00    0.8433550077E+00   -0.6692659132E-01    0.3239209987E+00    0.1000000000E+01   -0.3446196098E+00    0.4218840377E+00    0.8386007294E+00    0.2840709894E+00   -0.1426670307E-02   -0.6102686635E+00    0.7395091588E+00   -0.9624887440E+00    0.2092878949E+00    0.3662836542E+02
    0.9020000000E+00   -0.3304887546E+00    0.4270878169E+00    0.8417073043E+00   -0.6173494791E-01    0.3267149592E+00    0.1000000000E+01   -0.3386305894E+00    0.4300264208E+00    0.8369029821E+00    0.2855543712E+00   -0.2429085388E-02   -0.5992788458E+00    0.7478754345E+00   -0.9695904871E+00    0.2006744537E+00    0.3664549300E+02
    0.9025000000E+00   -0.3243410071E+00    0.4349997375E+00    0.8400459361E+00   -0.5646850254E-01    0.3294306910E+00    0.1000000000E+01   -0.3324579040E+00    0.4380952836E+00    0.8351911546E+00    0.2870387248E+00   -0.3441908549E-02   -0.5881646438E+00    0.7560815271E+00   -0.9766310625E+00    0.1919426194E+00    0.3666258544E+02
    0.9030000000E+00   -0.3180132187E+00    0.4428339883E+00    0.8383708752E+00   -0.5112832749E-01    0.3320664182E+00    0.1000000000E+01   -0.3261019723E+00    0.4460865769E+00    0.8334652180E+00    0.2885239499E+00   -0.4465173741E-02   -0.5769282763E+00    0.7641254848E+00   -0.9836086822E+00    0.1830925772E+00    0.3667964246E+02
    0.9035000000E+00   -0.3115059124E+00    0.4505865691E+00    0.8366820955E+00   -0.4571553525E-01    0.3346203754E+00    0.1000000000E+01   -0.3195632989E+00    0.4539962334E+00    0.8317251458E+00    0.2900099452E+00   -0.5498913999E-02   -0.5655719936E+00    0.7720053845E+00   -0.9905215498E+00    0.1741245381E+00    0.3669666377E+02
    0.9040000000E+00   -0.3048196962E+00    0.4582534642E+00    0.8349795737E+00   -0.4023127852E-01    0.3370908093E+00    0.1000000000E+01   -0.3128424748E+00    0.4618201691E+00    0.8299709137E+00    0.2914966074E+00   -0.6543161424E-02   -0.5540980769E+00    0.7797193316E+00   -0.9973678604E+00    0.1650387399E+00    0.3671364908E+02
    0.9045000000E+00   -0.2979552645E+00    0.4658306438E+00    0.8332632883E+00   -0.3467675028E-01    0.3394759792E+00    0.1000000000E+01   -0.3059401787E+00    0.4695542852E+00    0.8282024996E+00    0.2929838320E+00   -0.7597947161E-02   -0.5425088383E+00    0.7872654608E+00   -0.1004145802E+01    0.1558354468E+00    0.3673059809E+02
    0.9050000000E+00   -0.2909133991E+00    0.4733140657E+00    0.8315332205E+00   -0.2905318375E-01    0.3417741576E+00    0.1000000000E+01   -0.2988571783E+00    0.4771944698E+00    0.8264198843E+00    0.2944715128E+00   -0.8663301373E-02   -0.5308066202E+00    0.7946419366E+00   -0.1010853553E+01    0.1465149503E+00    0.3674751053E+02
    0.9055000000E+00   -0.2836949698E+00    0.4806996771E+00    0.8297893540E+00   -0.2336185241E-01    0.3439836317E+00    0.1000000000E+01   -0.2915943305E+00    0.4847365995E+00    0.8246230506E+00    0.2959595422E+00   -0.9739253217E-02   -0.5189937949E+00    0.8018469537E+00   -0.1017489286E+01    0.1370775694E+00    0.3676438608E+02
    0.9060000000E+00   -0.2763009357E+00    0.4879834164E+00    0.8280316746E+00   -0.1760406996E-01    0.3461027039E+00    0.1000000000E+01   -0.2841525833E+00    0.4921765415E+00    0.8228119843E+00    0.2974478110E+00   -0.1082583082E-01   -0.5070727647E+00    0.8088787378E+00   -0.1024051168E+01    0.1275236506E+00    0.3678122447E+02
    0.9065000000E+00   -0.2687323460E+00    0.4951612151E+00    0.8262601710E+00   -0.1178119022E-01    0.3481296927E+00    0.1000000000E+01   -0.2765329760E+00    0.4995101552E+00    0.8209866736E+00    0.2989362086E+00   -0.1192306126E-01   -0.4950459611E+00    0.8157355455E+00   -0.1030537356E+01    0.1178535686E+00    0.3679802540E+02
    0.9070000000E+00   -0.2609903406E+00    0.5022289996E+00    0.8244748344E+00   -0.5894607136E-02    0.3500629338E+00    0.1000000000E+01   -0.2687366402E+00    0.5067332943E+00    0.8191471094E+00    0.3004246228E+00   -0.1303097052E-01   -0.4829158448E+00    0.8224156654E+00   -0.1036946004E+01    0.1080677266E+00    0.3681478857E+02
    0.9075000000E+00   -0.2530761513E+00    0.5091826929E+00    0.8226756588E+00    0.5424538135E-04    0.3519007811E+00    0.1000000000E+01   -0.2607648009E+00    0.5138418087E+00    0.8172932854E+00    0.3019129397E+00   -0.1414958350E-01   -0.4706849051E+00    0.8289174182E+00   -0.1043275258E+01    0.9816655613E-01    0.3683151371E+02
    0.9080000000E+00   -0.2449911022E+00    0.5160182170E+00    0.8208626408E+00    0.6063893527E-02    0.3536416070E+00    0.1000000000E+01   -0.2526187773E+00    0.5208315462E+00    0.8154251982E+00    0.3034010441E+00   -0.1527892396E-01   -0.4583556598E+00    0.8352391574E+00   -0.1049523260E+01    0.8815051808E-01    0.3684820050E+02
    0.9085000000E+00   -0.2367366107E+00    0.5227314944E+00    0.8190357798E+00    0.1213282375E-01    0.3552838043E+00    0.1000000000E+01   -0.2442999833E+00    0.5276983550E+00    0.8135428473E+00    0.3048888191E+00   -0.1641901451E-01   -0.4459306545E+00    0.8413792696E+00   -0.1055688147E+01    0.7802010247E-01    0.3686484867E+02
    0.9090000000E+00   -0.2283141883E+00    0.5293184505E+00    0.8171950782E+00    0.1825948291E-01    0.3568257862E+00    0.1000000000E+01   -0.2358099283E+00    0.5344380852E+00    0.8116462351E+00    0.3063761463E+00   -0.1756987658E-01   -0.4334124626E+00    0.8473361751E+00   -0.1061768051E+01    0.6777582893E-01    0.3688145791E+02
    0.9095000000E+00   -0.2197254409E+00    0.5357750154E+00    0.8153405413E+00    0.2444227843E-01    0.3582659879E+00    0.1000000000E+01   -0.2271502183E+00    0.5410465913E+00    0.8097353670E+00    0.3078629057E+00   -0.1873153040E-01   -0.4208036845E+00    0.8531083285E+00   -0.1067761098E+01    0.5741824702E-01    0.3689802794E+02
    0.9100000000E+00   -0.2109720699E+00    0.5420971260E+00    0.8134721775E+00    0.3067957853E-01    0.3596028671E+00    0.1000000000E+01   -0.2183225559E+00    0.5475197341E+00    0.8078102515E+00    0.3093489759E+00   -0.1990399495E-01   -0.4081069476E+00    0.8586942188E+00   -0.1073665414E+01    0.4694793648E-01    0.3691455847E+02
    0.9105000000E+00   -0.2020558723E+00    0.5482807281E+00    0.8115899980E+00    0.3696971238E-01    0.3608349053E+00    0.1000000000E+01   -0.2093287415E+00    0.5538533830E+00    0.8058709005E+00    0.3108342338E+00   -0.2108728798E-01   -0.3953249058E+00    0.8640923702E+00   -0.1079479119E+01    0.3636550751E-01    0.3693104920E+02
    0.9110000000E+00   -0.1929787418E+00    0.5543217789E+00    0.8096940174E+00    0.4331097040E-01    0.3619606084E+00    0.1000000000E+01   -0.2001706736E+00    0.5600434178E+00    0.8039173289E+00    0.3123185547E+00   -0.2228142593E-01   -0.3824602387E+00    0.8693013426E+00   -0.1085200330E+01    0.2567160110E-01    0.3694749983E+02
    0.9115000000E+00   -0.1837426688E+00    0.5602162485E+00    0.8077842535E+00    0.4970160449E-01    0.3629785079E+00    0.1000000000E+01   -0.1908503495E+00    0.5660857317E+00    0.8019495549E+00    0.3138018125E+00   -0.2348642396E-01   -0.3695156520E+00    0.8743197317E+00   -0.1090827164E+01    0.1486688926E-01    0.3696391009E+02
    0.9120000000E+00   -0.1743497412E+00    0.5659601228E+00    0.8058607273E+00    0.5613982830E-01    0.3638871618E+00    0.1000000000E+01   -0.1813698655E+00    0.5719762326E+00    0.7999676002E+00    0.3152838793E+00   -0.2470229587E-01   -0.3564938762E+00    0.8791461700E+00   -0.1096357733E+01    0.3952075338E-02    0.3698027968E+02
    0.9125000000E+00   -0.1648021447E+00    0.5715494053E+00    0.8039234631E+00    0.6262381755E-01    0.3646851553E+00    0.1000000000E+01   -0.1717314176E+00    0.5777108460E+00    0.7979714900E+00    0.3167646259E+00   -0.2592905412E-01   -0.3433976667E+00    0.8837793268E+00   -0.1101790149E+01   -0.7072105758E-02    0.3699660830E+02
    0.9130000000E+00   -0.1551021632E+00    0.5769801196E+00    0.8019724888E+00    0.6915171036E-01    0.3653711021E+00    0.1000000000E+01   -0.1619373017E+00    0.5832855172E+00    0.7959612528E+00    0.3182439214E+00   -0.2716670974E-01   -0.3302298032E+00    0.8882179088E+00   -0.1107122523E+01   -0.1820488727E-01    0.3701289567E+02
    0.9135000000E+00   -0.1452521790E+00    0.5822483115E+00    0.8000078355E+00    0.7572160758E-01    0.3659436453E+00    0.1000000000E+01   -0.1519899143E+00    0.5886962136E+00    0.7939369208E+00    0.3197216333E+00   -0.2841527240E-01   -0.3169930894E+00    0.8924606606E+00   -0.1112352965E+01   -0.2944547033E-01    0.3702914151E+02
    0.9140000000E+00   -0.1352546734E+00    0.5873500515E+00    0.7980295382E+00    0.8233157316E-01    0.3664014580E+00    0.1000000000E+01   -0.1418917524E+00    0.5939389269E+00    0.7918985300E+00    0.3211976276E+00   -0.2967475029E-01   -0.3036903523E+00    0.8965063654E+00   -0.1117479586E+01   -0.4079302373E-01    0.3704534551E+02
    0.9145000000E+00   -0.1251122264E+00    0.5922814372E+00    0.7960376352E+00    0.8897963457E-01    0.3667432447E+00    0.1000000000E+01   -0.1316454140E+00    0.5990096760E+00    0.7898461199E+00    0.3226717688E+00   -0.3094515013E-01   -0.2903244418E+00    0.9003538448E+00   -0.1122500497E+01   -0.5224668367E-01    0.3706150740E+02
    0.9150000000E+00   -0.1148275175E+00    0.5970385955E+00    0.7940321687E+00    0.9566378318E-01    0.3669677419E+00    0.1000000000E+01   -0.1212535979E+00    0.6039045088E+00    0.7877797341E+00    0.3241439198E+00   -0.3222647716E-01   -0.2768982305E+00    0.9040019598E+00   -0.1127413809E+01   -0.6380555351E-01    0.3707762688E+02
    0.9155000000E+00   -0.1044033253E+00    0.6016176853E+00    0.7920131846E+00    0.1023819747E+00    0.3670737192E+00    0.1000000000E+01   -0.1107191044E+00    0.6086195051E+00    0.7856994196E+00    0.3256139417E+00   -0.3351873508E-01   -0.2634146127E+00    0.9074496113E+00   -0.1132217635E+01   -0.7546870356E-01    0.3709370368E+02
    0.9160000000E+00   -0.9384252779E-01    0.6060148995E+00    0.7899807327E+00    0.1091321298E+00    0.3670599803E+00    0.1000000000E+01   -0.1000448352E+00    0.6131507791E+00    0.7836052279E+00    0.3270816945E+00   -0.3482192603E-01   -0.2498765046E+00    0.9106957401E+00   -0.1136910091E+01   -0.8723517084E-01    0.3710973750E+02
    0.9165000000E+00   -0.8314810243E-01    0.6102264680E+00    0.7879348665E+00    0.1159121342E+00    0.3669253639E+00    0.1000000000E+01   -0.8923379298E-01    0.6174944815E+00    0.7814972141E+00    0.3285470364E+00   -0.3613605060E-01   -0.2362868431E+00    0.9137393274E+00   -0.1141489295E+01   -0.9910395886E-01    0.3712572807E+02
    0.9170000000E+00   -0.7232312590E-01    0.6142486598E+00    0.7858756437E+00    0.1227198397E+00    0.3666687443E+00    0.1000000000E+01   -0.7828908195E-01    0.6216468024E+00    0.7793754377E+00    0.3300098239E+00   -0.3746110774E-01   -0.2226485857E+00    0.9165793958E+00   -0.1145953368E+01   -0.1110740375E+00    0.3714167510E+02
    0.9175000000E+00   -0.6137077414E-01    0.6180777855E+00    0.7838031258E+00    0.1295530644E+00    0.3662890331E+00    0.1000000000E+01   -0.6721390747E-01    0.6256039740E+00    0.7772399620E+00    0.3314699123E+00   -0.3879709478E-01   -0.2089647100E+00    0.9192150089E+00   -0.1150300434E+01   -0.1231443425E+00    0.3715757831E+02
    0.9180000000E+00   -0.5029432211E-01    0.6217102002E+00    0.7817173787E+00    0.1364095931E+00    0.3657851792E+00    0.1000000000E+01   -0.5601157594E-01    0.6293622726E+00    0.7750908549E+00    0.3329271551E+00   -0.4014400738E-01   -0.1952382130E+00    0.9216452725E+00   -0.1154528622E+01   -0.1353137759E+00    0.3717343742E+02
    0.9185000000E+00   -0.3909714363E-01    0.6251423057E+00    0.7796184723E+00    0.1432871784E+00    0.3651561703E+00    0.1000000000E+01   -0.4468549456E-01    0.6329180217E+00    0.7729281884E+00    0.3343814044E+00   -0.4150183952E-01   -0.1814721105E+00    0.9238693343E+00   -0.1158636067E+01   -0.1475812050E+00    0.3718925215E+02
    0.9190000000E+00   -0.2778271102E-01    0.6283705532E+00    0.7775064807E+00    0.1501835408E+00    0.3644010339E+00    0.1000000000E+01   -0.3323917112E-01    0.6362675947E+00    0.7707520390E+00    0.3358325107E+00   -0.4287058345E-01   -0.1676694371E+00    0.9258863849E+00   -0.1162620907E+01   -0.1599454631E+00    0.3720502223E+02
    0.9195000000E+00   -0.1635459478E-01    0.6313914460E+00    0.7753814825E+00    0.1570963696E+00    0.3635188378E+00    0.1000000000E+01   -0.2167621359E-01    0.6394074170E+00    0.7685624874E+00    0.3372803232E+00   -0.4425022966E-01   -0.1538332448E+00    0.9276956578E+00   -0.1166481287E+01   -0.1724053485E+00    0.3722074738E+02
    0.9200000000E+00   -0.4816463178E-02    0.6342015417E+00    0.7732435604E+00    0.1640233236E+00    0.3625086911E+00    0.1000000000E+01   -0.1000032973E-01    0.6423339690E+00    0.7663596191E+00    0.3387246893E+00   -0.4564076690E-01   -0.1399666032E+00    0.9292964302E+00   -0.1170215361E+01   -0.1849596249E+00    0.3723642733E+02
    0.9205000000E+00    0.6827918237E-02    0.6367974555E+00    0.7710928018E+00    0.1709620316E+00    0.3613697454E+00    0.1000000000E+01    0.1784673377E-02    0.6450437889E+00    0.7641435241E+00    0.3401654551E+00   -0.4704218209E-01   -0.1260725984E+00    0.9306880230E+00   -0.1173821285E+01   -0.1976070211E+00    0.3725206181E+02
    0.9210000000E+00    0.1857468720E-01    0.6391758621E+00    0.7689292986E+00    0.1779100930E+00    0.3601011952E+00    0.1000000000E+01    0.1367488988E-01    0.6475334753E+00    0.7619142970E+00    0.3416024651E+00   -0.4845446031E-01   -0.1121543330E+00    0.9318698014E+00   -0.1177297229E+01   -0.2103462307E+00    0.3726765054E+02
    0.9215000000E+00    0.3041988532E-01    0.6413334989E+00    0.7667531472E+00    0.1848650791E+00    0.3587022794E+00    0.1000000000E+01    0.2566631576E-01    0.6497996895E+00    0.7596720371E+00    0.3430355623E+00   -0.4987758481E-01   -0.9821492483E-01    0.9328411752E+00   -0.1180641367E+01   -0.2231759123E+00    0.3728319327E+02
    0.9220000000E+00    0.4235945879E-01    0.6432671682E+00    0.7645644487E+00    0.1918245332E+00    0.3571722815E+00    0.1000000000E+01    0.3775484955E-01    0.6518391587E+00    0.7574168486E+00    0.3444645885E+00   -0.5131153694E-01   -0.8425750683E-01    0.9336015992E+00   -0.1183851883E+01   -0.2360946891E+00    0.3729868972E+02
    0.9225000000E+00    0.5438925915E-01    0.6449737405E+00    0.7623633088E+00    0.1987859716E+00    0.3555105309E+00    0.1000000000E+01    0.4993629302E-01    0.6536486788E+00    0.7551488406E+00    0.3458893836E+00   -0.5275629613E-01   -0.7028522632E-01    0.9341505738E+00   -0.1186926972E+01   -0.2491011489E+00    0.3731413964E+02
    0.9230000000E+00    0.6650504406E-01    0.6464501563E+00    0.7601498383E+00    0.2057468847E+00    0.3537164035E+00    0.1000000000E+01    0.6220635208E-01    0.6552251165E+00    0.7528681269E+00    0.3473097866E+00   -0.5421183987E-01   -0.5630124439E-01    0.9344876449E+00   -0.1189864838E+01   -0.2621938439E+00    0.3732954275E+02
    0.9235000000E+00    0.7870247826E-01    0.6476934296E+00    0.7579241524E+00    0.2127047375E+00    0.3517893227E+00    0.1000000000E+01    0.7456063763E-01    0.6565654127E+00    0.7505748266E+00    0.3487256345E+00   -0.5567814369E-01   -0.4230873525E-01    0.9346124047E+00   -0.1192663698E+01   -0.2753712910E+00    0.3734489881E+02
    0.9240000000E+00    0.9097713451E-01    0.6487006500E+00    0.7556863716E+00    0.2196569702E+00    0.3497287602E+00    0.1000000000E+01    0.8699466656E-01    0.6576665846E+00    0.7482690636E+00    0.3501367633E+00   -0.5715518111E-01   -0.2831088564E-01    0.9345244919E+00   -0.1195321778E+01   -0.2886319710E+00    0.3736020756E+02
    0.9245000000E+00    0.1033244946E+00    0.6494689858E+00    0.7534366212E+00    0.2266010000E+00    0.3475342367E+00    0.1000000000E+01    0.9950386278E-01    0.6585257292E+00    0.7459509672E+00    0.3515430075E+00   -0.5864292364E-01   -0.1431089419E-01    0.9342235919E+00   -0.1197837319E+01   -0.3019743294E+00    0.3737546874E+02
    0.9250000000E+00    0.1157399507E+00    0.6499956863E+00    0.7511750316E+00    0.2335342210E+00    0.3452053228E+00    0.1000000000E+01    0.1120835584E+00    0.6591400253E+00    0.7436206715E+00    0.3529442001E+00   -0.6014134071E-01   -0.3119707572E-03    0.9337094374E+00   -0.1200208573E+01   -0.3153967758E+00    0.3739068211E+02
    0.9255000000E+00    0.1282188060E+00    0.6502780847E+00    0.7489017383E+00    0.2404540056E+00    0.3427416396E+00    0.1000000000E+01    0.1247289947E+00    0.6595067367E+00    0.7412783163E+00    0.3543401728E+00   -0.6165039971E-01    0.1368266423E-01    0.9329818084E+00   -0.1202433807E+01   -0.3288976839E+00    0.3740584742E+02
    0.9260000000E+00    0.1407562767E+00    0.6503136009E+00    0.7466168820E+00    0.2473577055E+00    0.3401428597E+00    0.1000000000E+01    0.1374353239E+00    0.6596232148E+00    0.7389240465E+00    0.3557307560E+00   -0.6317006590E-01    0.2766978042E-01    0.9320405331E+00   -0.1204511303E+01   -0.3424753917E+00    0.3742096442E+02
    0.9265000000E+00    0.1533474928E+00    0.6500997437E+00    0.7443206084E+00    0.2542426524E+00    0.3374087079E+00    0.1000000000E+01    0.1501976100E+00    0.6594869010E+00    0.7365580123E+00    0.3571157786E+00   -0.6470030241E-01    0.4164613822E-01    0.9308854874E+00   -0.1206439355E+01   -0.3561282013E+00    0.3743603287E+02
    0.9270000000E+00    0.1659874997E+00    0.6496341139E+00    0.7420130688E+00    0.2611061595E+00    0.3345389617E+00    0.1000000000E+01    0.1630108304E+00    0.6590953302E+00    0.7341803695E+00    0.3584950685E+00   -0.6624107022E-01    0.5560848948E-01    0.9295165961E+00   -0.1208216277E+01   -0.3698543790E+00    0.3745105253E+02
    0.9275000000E+00    0.1786712599E+00    0.6489144069E+00    0.7396944197E+00    0.2679455217E+00    0.3315334523E+00    0.1000000000E+01    0.1758698777E+00    0.6584461326E+00    0.7317912795E+00    0.3598684519E+00   -0.6779232811E-01    0.6955357815E-01    0.9279338324E+00   -0.1209840398E+01   -0.3836521553E+00    0.3746602317E+02
    0.9280000000E+00    0.1913936543E+00    0.6479384150E+00    0.7373648230E+00    0.2747580176E+00    0.3283920652E+00    0.1000000000E+01    0.1887695607E+00    0.6575370371E+00    0.7293909089E+00    0.3612357541E+00   -0.6935403267E-01    0.8347814106E-01    0.9261372188E+00   -0.1211310062E+01   -0.3975197248E+00    0.3748094456E+02
    0.9285000000E+00    0.2041494840E+00    0.6467040304E+00    0.7350244459E+00    0.2815409097E+00    0.3251147407E+00    0.1000000000E+01    0.2017046066E+00    0.6563658734E+00    0.7269794303E+00    0.3625967989E+00   -0.7092613823E-01    0.9737890852E-01    0.9241268271E+00   -0.1212623635E+01   -0.4114552467E+00    0.3749581647E+02
    0.9290000000E+00    0.2169334719E+00    0.6452092477E+00    0.7326734615E+00    0.2882914462E+00    0.3217014749E+00    0.1000000000E+01    0.2146696627E+00    0.6549305753E+00    0.7245570217E+00    0.3639514089E+00   -0.7250859688E-01    0.1112526051E+00    0.9219027786E+00   -0.1213779498E+01   -0.4254568441E+00    0.3751063868E+02
    0.9295000000E+00    0.2297402647E+00    0.6434521661E+00    0.7303120480E+00    0.2950068616E+00    0.3181523200E+00    0.1000000000E+01    0.2276592978E+00    0.6532291826E+00    0.7221238669E+00    0.3652994055E+00   -0.7410135842E-01    0.1250959504E+00    0.9194652447E+00   -0.1214776054E+01   -0.4395226048E+00    0.3752541095E+02
    0.9300000000E+00    0.2425644348E+00    0.6414309928E+00    0.7279403896E+00    0.3016843781E+00    0.3144673851E+00    0.1000000000E+01    0.2406680048E+00    0.6512598445E+00    0.7196801557E+00    0.3666406091E+00   -0.7570437031E-01    0.1389056597E+00    0.9168144468E+00   -0.1215611726E+01   -0.4536505809E+00    0.3754013309E+02
    0.9305000000E+00    0.2554004821E+00    0.6391440445E+00    0.7255586758E+00    0.3083212067E+00    0.3106468368E+00    0.1000000000E+01    0.2536902022E+00    0.6490208215E+00    0.7172260834E+00    0.3679748386E+00   -0.7731757771E-01    0.1526784447E+00    0.9139506567E+00   -0.1216284956E+01   -0.4678387893E+00    0.3755480487E+02
    0.9310000000E+00    0.2682428362E+00    0.6365897509E+00    0.7231671021E+00    0.3149145484E+00    0.3066908997E+00    0.1000000000E+01    0.2667202361E+00    0.6465104884E+00    0.7147618513E+00    0.3693019120E+00   -0.7894092340E-01    0.1664110143E+00    0.9108741970E+00   -0.1216794210E+01   -0.4820852114E+00    0.3756942608E+02
    0.9315000000E+00    0.2810858586E+00    0.6337666563E+00    0.7207658696E+00    0.3214615952E+00    0.3025998569E+00    0.1000000000E+01    0.2797523831E+00    0.6437273367E+00    0.7122876668E+00    0.3706216462E+00   -0.8057434779E-01    0.1801000754E+00    0.9075854410E+00   -0.1217137975E+01   -0.4963877936E+00    0.3758399653E+02
    0.9320000000E+00    0.2939238446E+00    0.6306734227E+00    0.7183551852E+00    0.3279595318E+00    0.2983740508E+00    0.1000000000E+01    0.2927808516E+00    0.6406699771E+00    0.7098037429E+00    0.3719338569E+00   -0.8221778886E-01    0.1937423337E+00    0.9040848132E+00   -0.1217314762E+01   -0.5107444473E+00    0.3759851601E+02
    0.9325000000E+00    0.3067510263E+00    0.6273088320E+00    0.7159352618E+00    0.3344055362E+00    0.2940138832E+00    0.1000000000E+01    0.3057997850E+00    0.6373371420E+00    0.7073102990E+00    0.3732383587E+00   -0.8387118217E-01    0.2073344942E+00    0.9003727894E+00   -0.1217323105E+01   -0.5251530489E+00    0.3761298432E+02
    0.9330000000E+00    0.3195615739E+00    0.6236717883E+00    0.7135063178E+00    0.3407967816E+00    0.2895198160E+00    0.1000000000E+01    0.3188032634E+00    0.6337276879E+00    0.7048075603E+00    0.3745349654E+00   -0.8553446084E-01    0.2208732624E+00    0.8964498969E+00   -0.1217161564E+01   -0.5396114403E+00    0.3762740128E+02
    0.9335000000E+00    0.3323495995E+00    0.6197613201E+00    0.7110685779E+00    0.3471304371E+00    0.2848923718E+00    0.1000000000E+01    0.3317853066E+00    0.6298405978E+00    0.7022957581E+00    0.3758234896E+00   -0.8720755550E-01    0.2343553447E+00    0.8923167147E+00   -0.1216828723E+01   -0.5541174290E+00    0.3764176670E+02
    0.9340000000E+00    0.3451091583E+00    0.6155765832E+00    0.7086222725E+00    0.3534036694E+00    0.2801321338E+00    0.1000000000E+01    0.3447398764E+00    0.6256749836E+00    0.6997751300E+00    0.3771037430E+00   -0.8889039430E-01    0.2477774496E+00    0.8879738736E+00   -0.1216323195E+01   -0.5686687880E+00    0.3765608039E+02
    0.9345000000E+00    0.3578342524E+00    0.6111168620E+00    0.7061676382E+00    0.3596136442E+00    0.2752397470E+00    0.1000000000E+01    0.3576608797E+00    0.6212300884E+00    0.6972459197E+00    0.3783755365E+00   -0.9058290285E-01    0.2611362880E+00    0.8834220567E+00   -0.1215643616E+01   -0.5832632567E+00    0.3767034219E+02
    0.9350000000E+00    0.3705188326E+00    0.6063815728E+00    0.7037049174E+00    0.3657575270E+00    0.2702159178E+00    0.1000000000E+01    0.3705421705E+00    0.6165052888E+00    0.6947083769E+00    0.3796386798E+00   -0.9228500423E-01    0.2744285745E+00    0.8786619989E+00   -0.1214788654E+01   -0.5978985405E+00    0.3768455191E+02
    0.9355000000E+00    0.3831568019E+00    0.6013702650E+00    0.7012343586E+00    0.3718324849E+00    0.2650614147E+00    0.1000000000E+01    0.3833775535E+00    0.6115000968E+00    0.6921627578E+00    0.3808929820E+00   -0.9399661898E-01    0.2876510282E+00    0.8736944877E+00   -0.1213757002E+01   -0.6125723113E+00    0.3769870940E+02
    0.9360000000E+00    0.3957420179E+00    0.5960826238E+00    0.6987562164E+00    0.3778356879E+00    0.2597770686E+00    0.1000000000E+01    0.3961607865E+00    0.6062141625E+00    0.6896093246E+00    0.3821382513E+00   -0.9571766504E-01    0.3008003729E+00    0.8685203631E+00   -0.1212547384E+01   -0.6272822080E+00    0.3771281449E+02
    0.9365000000E+00    0.4082682960E+00    0.5905184719E+00    0.6962707515E+00    0.3837643103E+00    0.2543637730E+00    0.1000000000E+01    0.4088855838E+00    0.6006472757E+00    0.6870483459E+00    0.3833742950E+00   -0.9744805777E-01    0.3138733387E+00    0.8631405177E+00   -0.1211158555E+01   -0.6420258365E+00    0.3772686703E+02
    0.9370000000E+00    0.4207294121E+00    0.5846777717E+00    0.6937782306E+00    0.3896155320E+00    0.2488224844E+00    0.1000000000E+01    0.4215456188E+00    0.5947993683E+00    0.6844800967E+00    0.3846009198E+00   -0.9918770992E-01    0.3268666626E+00    0.8575558965E+00   -0.1209589300E+01   -0.6568007701E+00    0.3774086686E+02
    0.9375000000E+00    0.4331191061E+00    0.5785606274E+00    0.6912789267E+00    0.3953865400E+00    0.2431542222E+00    0.1000000000E+01    0.4341345276E+00    0.5886705160E+00    0.6819048582E+00    0.3858179317E+00   -0.1009365316E+00    0.3397770890E+00    0.8517674976E+00   -0.1207838434E+01   -0.6716045500E+00    0.3775481385E+02
    0.9380000000E+00    0.4454310851E+00    0.5721672861E+00    0.6887731187E+00    0.4010745296E+00    0.2373600693E+00    0.1000000000E+01    0.4466459121E+00    0.5822609405E+00    0.6793229177E+00    0.3870251357E+00   -0.1026944302E+00    0.3526013713E+00    0.8457763719E+00   -0.1205904808E+01   -0.6864346855E+00    0.3776870786E+02
    0.9385000000E+00    0.4576590262E+00    0.5654981407E+00    0.6862610919E+00    0.4066767064E+00    0.2314411719E+00    0.1000000000E+01    0.4590733431E+00    0.5755710109E+00    0.6767345692E+00    0.3882223366E+00   -0.1044613107E+00    0.3653362719E+00    0.8395836232E+00   -0.1203787303E+01   -0.7012886545E+00    0.3778254875E+02
    0.9390000000E+00    0.4697965802E+00    0.5585537306E+00    0.6837431377E+00    0.4121902873E+00    0.2253987400E+00    0.1000000000E+01    0.4714103638E+00    0.5686012461E+00    0.6741401130E+00    0.3894093383E+00   -0.1062370750E+00    0.3779785636E+00    0.8331904083E+00   -0.1201484836E+01   -0.7161639037E+00    0.3779633639E+02
    0.9395000000E+00    0.4818373748E+00    0.5513347441E+00    0.6812195534E+00    0.4176125019E+00    0.2192340469E+00    0.1000000000E+01    0.4836504937E+00    0.5613523160E+00    0.6715398554E+00    0.3905859443E+00   -0.1080216227E+00    0.3905250306E+00    0.8265979371E+00   -0.1198996358E+01   -0.7310578492E+00    0.3781007068E+02
    0.9400000000E+00    0.4937750185E+00    0.5438420195E+00    0.6786906428E+00    0.4229405944E+00    0.2129484298E+00    0.1000000000E+01    0.4957872312E+00    0.5538250433E+00    0.6689341095E+00    0.3917519574E+00   -0.1098148505E+00    0.4029724690E+00    0.8198074724E+00   -0.1196320856E+01   -0.7459678769E+00    0.3782375149E+02
    0.9405000000E+00    0.5056031035E+00    0.5360765469E+00    0.6761567158E+00    0.4281718247E+00    0.2065432897E+00    0.1000000000E+01    0.5078140583E+00    0.5460204051E+00    0.6663231945E+00    0.3929071802E+00   -0.1116166523E+00    0.4153176877E+00    0.8128203301E+00   -0.1193457352E+01   -0.7608913430E+00    0.3783737871E+02
    0.9410000000E+00    0.5173152099E+00    0.5280394696E+00    0.6736180883E+00    0.4333034704E+00    0.2000200912E+00    0.1000000000E+01    0.5197244434E+00    0.5379395342E+00    0.6637074361E+00    0.3940514145E+00   -0.1134269194E+00    0.4275575097E+00    0.8056378793E+00   -0.1190404906E+01   -0.7758255743E+00    0.3785095225E+02
    0.9415000000E+00    0.5289049088E+00    0.5197320851E+00    0.6710750826E+00    0.4383328275E+00    0.1933803625E+00    0.1000000000E+01    0.5315118454E+00    0.5295837207E+00    0.6610871660E+00    0.3951844622E+00   -0.1152455404E+00    0.4396887726E+00    0.7982615420E+00   -0.1187162617E+01   -0.7907678689E+00    0.3786447202E+02
    0.9420000000E+00    0.5403657668E+00    0.5111558469E+00    0.6685280268E+00    0.4432572129E+00    0.1866256955E+00    0.1000000000E+01    0.5431697176E+00    0.5209544133E+00    0.6584627228E+00    0.3963061245E+00   -0.1170724011E+00    0.4517083299E+00    0.7906927933E+00   -0.1183729621E+01   -0.8057154966E+00    0.3787793793E+02
    0.9425000000E+00    0.5516913492E+00    0.5023123652E+00    0.6659772555E+00    0.4480739652E+00    0.1797577453E+00    0.1000000000E+01    0.5546915116E+00    0.5120532201E+00    0.6558344508E+00    0.3974162023E+00   -0.1189073843E+00    0.4636130513E+00    0.7829331611E+00   -0.1180105094E+01   -0.8206656995E+00    0.3789134989E+02
    0.9430000000E+00    0.5628752239E+00    0.4932034081E+00    0.6634231091E+00    0.4527804465E+00    0.1727782306E+00    0.1000000000E+01    0.5660706808E+00    0.5028819103E+00    0.6532027011E+00    0.3985144966E+00   -0.1207503705E+00    0.4753998244E+00    0.7749842263E+00   -0.1176288252E+01   -0.8356156925E+00    0.3790470784E+02
    0.9435000000E+00    0.5739109658E+00    0.4838309028E+00    0.6608659343E+00    0.4573740440E+00    0.1656889330E+00    0.1000000000E+01    0.5773006851E+00    0.4934424148E+00    0.6505678307E+00    0.3996008078E+00   -0.1226012370E+00    0.4870655549E+00    0.7668476226E+00   -0.1172278350E+01   -0.8505626639E+00    0.3791801170E+02
    0.9440000000E+00    0.5847921604E+00    0.4741969362E+00    0.6583060839E+00    0.4618521714E+00    0.1584916967E+00    0.1000000000E+01    0.5883749944E+00    0.4837368272E+00    0.6479302031E+00    0.4006749365E+00   -0.1244598585E+00    0.4986071680E+00    0.7585250364E+00   -0.1168074688E+01   -0.8655037759E+00    0.3793126144E+02
    0.9445000000E+00    0.5955124078E+00    0.4643037558E+00    0.6557439164E+00    0.4662122707E+00    0.1511884287E+00    0.1000000000E+01    0.5992870929E+00    0.4737674047E+00    0.6452901880E+00    0.4017366830E+00   -0.1263261069E+00    0.5100216092E+00    0.7500182067E+00   -0.1163676607E+01   -0.8804361655E+00    0.3794445698E+02
    0.9450000000E+00    0.6060653271E+00    0.4541537705E+00    0.6531797966E+00    0.4704518134E+00    0.1437810983E+00    0.1000000000E+01    0.6100304835E+00    0.4635365687E+00    0.6426481610E+00    0.4027858477E+00   -0.1281998513E+00    0.5213058453E+00    0.7413289248E+00   -0.1159083489E+01   -0.8953569448E+00    0.3795759829E+02
    0.9455000000E+00    0.6164445605E+00    0.4437495510E+00    0.6506140952E+00    0.4745683024E+00    0.1362717364E+00    0.1000000000E+01    0.6205986916E+00    0.4530469057E+00    0.6400045041E+00    0.4038222309E+00   -0.1300809579E+00    0.5324568649E+00    0.7324590345E+00   -0.1154294762E+01   -0.9102632019E+00    0.3797068534E+02
    0.9460000000E+00    0.6266437772E+00    0.4330938301E+00    0.6480471888E+00    0.4785592733E+00    0.1286624354E+00    0.1000000000E+01    0.6309852699E+00    0.4423011674E+00    0.6373596054E+00    0.4048456330E+00   -0.1319692903E+00    0.5434716801E+00    0.7234104317E+00   -0.1149309898E+01   -0.9251520015E+00    0.3798371810E+02
    0.9465000000E+00    0.6366566779E+00    0.4221895037E+00    0.6454794598E+00    0.4824222961E+00    0.1209553490E+00    0.1000000000E+01    0.6411838023E+00    0.4313022712E+00    0.6347138589E+00    0.4058558547E+00   -0.1338647092E+00    0.5543473269E+00    0.7141850642E+00   -0.1144128413E+01   -0.9400203853E+00    0.3799669655E+02
    0.9470000000E+00    0.6464769992E+00    0.4110396303E+00    0.6429112965E+00    0.4861549768E+00    0.1131526910E+00    0.1000000000E+01    0.6511879083E+00    0.4200533006E+00    0.6320676648E+00    0.4068526966E+00   -0.1357670723E+00    0.5650808664E+00    0.7047849316E+00   -0.1138749870E+01   -0.9548653733E+00    0.3800962068E+02
    0.9475000000E+00    0.6560985176E+00    0.3996474315E+00    0.6403430929E+00    0.4897549589E+00    0.1052567356E+00    0.1000000000E+01    0.6609912478E+00    0.4085575054E+00    0.6294214290E+00    0.4078359597E+00   -0.1376762348E+00    0.5756693854E+00    0.6952120850E+00   -0.1133173879E+01   -0.9696839642E+00    0.3802249048E+02
    0.9480000000E+00    0.6655150541E+00    0.3880162923E+00    0.6377752489E+00    0.4932199247E+00    0.9726981624E-01    0.1000000000E+01    0.6705875252E+00    0.3968183014E+00    0.6267755634E+00    0.4088054454E+00   -0.1395920489E+00    0.5861099978E+00    0.6854686267E+00   -0.1127400095E+01   -0.9844731361E+00    0.3803530597E+02
    0.9485000000E+00    0.6747204787E+00    0.3761497603E+00    0.6352081697E+00    0.4965475973E+00    0.8919432529E-01    0.1000000000E+01    0.6799704939E+00    0.3848392707E+00    0.6241304858E+00    0.4097609552E+00   -0.1415143641E+00    0.5963998454E+00    0.6755567102E+00   -0.1121428222E+01   -0.9992298474E+00    0.3804806716E+02
    0.9490000000E+00    0.6837087144E+00    0.3640515461E+00    0.6326422664E+00    0.4997357420E+00    0.8103271330E-01    0.1000000000E+01    0.6891339610E+00    0.3726241613E+00    0.6214866195E+00    0.4107022913E+00   -0.1434430271E+00    0.6065360987E+00    0.6654785397E+00   -0.1115258014E+01   -0.1013951037E+01    0.3806077407E+02
    0.9495000000E+00    0.6924737422E+00    0.3517255226E+00    0.6300779554E+00    0.5027821674E+00    0.7278748835E-01    0.1000000000E+01    0.6980717918E+00    0.3601768868E+00    0.6188443938E+00    0.4116292561E+00   -0.1453778818E+00    0.6165159581E+00    0.6552363699E+00   -0.1108889271E+01   -0.1028633628E+01    0.3807342673E+02
    0.9500000000E+00    0.7010096051E+00    0.3391757247E+00    0.6275156586E+00    0.5056847276E+00    0.6446121528E-01    0.1000000000E+01    0.7067779143E+00    0.3475015259E+00    0.6162042433E+00    0.4125416528E+00   -0.1473187692E+00    0.6263366545E+00    0.6448325056E+00   -0.1102321844E+01   -0.1043274522E+01    0.3808602518E+02
    0.9505000000E+00    0.7093104132E+00    0.3264063488E+00    0.6249558032E+00    0.5084413233E+00    0.5605651498E-01    0.1000000000E+01    0.7152463237E+00    0.3346023218E+00    0.6135666083E+00    0.4134392850E+00   -0.1492655278E+00    0.6359954507E+00    0.6342693013E+00   -0.1095555636E+01   -0.1057870608E+01    0.3809856948E+02
    0.9510000000E+00    0.7173703475E+00    0.3134217517E+00    0.6223988218E+00    0.5110499035E+00    0.4757606352E-01    0.1000000000E+01    0.7234710873E+00    0.3214836816E+00    0.6109319343E+00    0.4143219570E+00   -0.1512179929E+00    0.6454896421E+00    0.6235491613E+00   -0.1088590599E+01   -0.1072418758E+01    0.3811105968E+02
    0.9515000000E+00    0.7251836650E+00    0.3002264502E+00    0.6198451519E+00    0.5135084667E+00    0.3902259133E-01    0.1000000000E+01    0.7314463490E+00    0.3081501755E+00    0.6083006724E+00    0.4151894740E+00   -0.1531759976E+00    0.6548165577E+00    0.6126745386E+00   -0.1081426736E+01   -0.1086915829E+01    0.3812349585E+02
    0.9520000000E+00    0.7327447028E+00    0.2868251197E+00    0.6172952364E+00    0.5158150627E+00    0.3039888228E-01    0.1000000000E+01    0.7391663338E+00    0.2946065353E+00    0.6056732787E+00    0.4160416418E+00   -0.1551393717E+00    0.6639735610E+00    0.6016479352E+00   -0.1074064103E+01   -0.1101358666E+01    0.3813587807E+02
    0.9525000000E+00    0.7400478834E+00    0.2732225935E+00    0.6147495228E+00    0.5179677942E+00    0.2170777276E-01    0.1000000000E+01    0.7466253525E+00    0.2808576541E+00    0.6030502145E+00    0.4168782670E+00   -0.1571079428E+00    0.6729580511E+00    0.5904719013E+00   -0.1066502809E+01   -0.1115744097E+01    0.3814820643E+02
    0.9530000000E+00    0.7470877182E+00    0.2594238611E+00    0.6122084639E+00    0.5199648175E+00    0.1295215071E-01    0.1000000000E+01    0.7538178067E+00    0.2669085844E+00    0.6004319461E+00    0.4176991574E+00   -0.1590815353E+00    0.6817674636E+00    0.5791490349E+00   -0.1058743016E+01   -0.1130068944E+01    0.3816048102E+02
    0.9535000000E+00    0.7538588129E+00    0.2454340673E+00    0.6096725167E+00    0.5218043449E+00    0.4134954531E-02    0.1000000000E+01    0.7607381930E+00    0.2527645369E+00    0.5978189448E+00    0.4185041215E+00   -0.1610599712E+00    0.6903992713E+00    0.5676819815E+00   -0.1050784937E+01   -0.1144330013E+01    0.3817270194E+02
    0.9540000000E+00    0.7603558718E+00    0.2312585101E+00    0.6071421434E+00    0.5234846456E+00   -0.4740827889E-02    0.1000000000E+01    0.7673811076E+00    0.2384308790E+00    0.5952116865E+00    0.4192929689E+00   -0.1630430697E+00    0.6988509856E+00    0.5560734335E+00   -0.1042628843E+01   -0.1158524103E+01    0.3818486931E+02
    0.9545000000E+00    0.7665737021E+00    0.2169026398E+00    0.6046178104E+00    0.5250040469E+00   -0.1367216034E-01    0.1000000000E+01    0.7737412515E+00    0.2239131331E+00    0.5926106519E+00    0.4200655105E+00   -0.1650306475E+00    0.7071201572E+00    0.5443261297E+00   -0.1034275058E+01   -0.1172648003E+01    0.3819698327E+02
    0.9550000000E+00    0.7725072189E+00    0.2023720563E+00    0.6020999886E+00    0.5263609362E+00   -0.2265595943E-01    0.1000000000E+01    0.7798134345E+00    0.2092169746E+00    0.5900163261E+00    0.4208215583E+00   -0.1670225184E+00    0.7152043769E+00    0.5324428549E+00   -0.1025723959E+01   -0.1186698494E+01    0.3820904393E+02
    0.9555000000E+00    0.7781514490E+00    0.1876725079E+00    0.5995891531E+00    0.5275537618E+00   -0.3168909574E-01    0.1000000000E+01    0.7855925800E+00    0.1943482305E+00    0.5874291988E+00    0.4215609254E+00   -0.1690184937E+00    0.7231012767E+00    0.5204264393E+00   -0.1016975982E+01   -0.1200672352E+01    0.3822105146E+02
    0.9560000000E+00    0.7835015362E+00    0.1728098888E+00    0.5970857831E+00    0.5285810346E+00   -0.4076839509E-01    0.1000000000E+01    0.7910737300E+00    0.1793128766E+00    0.5848497637E+00    0.4222834263E+00   -0.1710183822E+00    0.7308085308E+00    0.5082797578E+00   -0.1008031616E+01   -0.1214566344E+01    0.3823300600E+02
    0.9565000000E+00    0.7885527451E+00    0.1577902371E+00    0.5945903619E+00    0.5294413292E+00   -0.4989063980E-01    0.1000000000E+01    0.7962520488E+00    0.1641170355E+00    0.5822785189E+00    0.4229888771E+00   -0.1730219900E+00    0.7383238564E+00    0.4960057297E+00   -0.9988914070E+00   -0.1228377234E+01    0.3824490772E+02
    0.9570000000E+00    0.7933004659E+00    0.1426197324E+00    0.5921033767E+00    0.5301332852E+00   -0.5905256998E-01    0.1000000000E+01    0.8011228283E+00    0.1487669745E+00    0.5797159661E+00    0.4236770950E+00   -0.1750291207E+00    0.7456450148E+00    0.4836073180E+00   -0.9895559592E+00   -0.1242101784E+01    0.3825675679E+02
    0.9575000000E+00    0.7977402186E+00    0.1273046932E+00    0.5896253182E+00    0.5306556087E+00   -0.6825088489E-01    0.1000000000E+01    0.8056814920E+00    0.1332691028E+00    0.5771626112E+00    0.4243478991E+00   -0.1770395753E+00    0.7527698119E+00    0.4710875287E+00   -0.9800259319E+00   -0.1255736750E+01    0.3826855341E+02
    0.9580000000E+00    0.8018676574E+00    0.1118515742E+00    0.5871566808E+00    0.5310070732E+00   -0.7748224433E-01    0.1000000000E+01    0.8099235997E+00    0.1176299685E+00    0.5746189636E+00    0.4250011098E+00   -0.1790531524E+00    0.7596960995E+00    0.4584494101E+00   -0.9703020426E+00   -0.1269278889E+01    0.3828029776E+02
    0.9585000000E+00    0.8056785750E+00    0.9626696385E-01    0.5846979623E+00    0.5311865210E+00   -0.8674327007E-01    0.1000000000E+01    0.8138448517E+00    0.1018562566E+00    0.5720855360E+00    0.4256365494E+00   -0.1810696481E+00    0.7664217763E+00    0.4456960525E+00   -0.9603850662E+00   -0.1282724958E+01    0.3829199005E+02
    0.9590000000E+00    0.8091689067E+00    0.8055758104E-01    0.5822496636E+00    0.5311928645E+00   -0.9603054729E-01    0.1000000000E+01    0.8174410932E+00    0.8595478528E-01    0.5695628448E+00    0.4262540416E+00   -0.1830888560E+00    0.7729447882E+00    0.4328305871E+00   -0.9502758357E+00   -0.1296071713E+01    0.3830363051E+02
    0.9595000000E+00    0.8123347351E+00    0.6473027228E-01    0.5798122888E+00    0.5310250870E+00   -0.1053406261E+00    0.1000000000E+01    0.8207083187E+00    0.6993250311E-01    0.5670514092E+00    0.4268534124E+00   -0.1851105676E+00    0.7792631299E+00    0.4198561855E+00   -0.9399752420E+00   -0.1309315913E+01    0.3831521936E+02
    0.9600000000E+00    0.8151722933E+00    0.4879200843E-01    0.5773863448E+00    0.5306822440E+00   -0.1146700231E+00    0.1000000000E+01    0.8236426761E+00    0.5379648580E-01    0.5645517517E+00    0.4274344893E+00   -0.1871345716E+00    0.7853748451E+00    0.4067760589E+00   -0.9294842349E+00   -0.1322454320E+01    0.3832675683E+02
    0.9605000000E+00    0.8176779699E+00    0.3274988132E-01    0.5749723413E+00    0.5301634645E+00   -0.1240152229E+00    0.1000000000E+01    0.8262404707E+00    0.3755393273E-01    0.5620643974E+00    0.4279971020E+00   -0.1891606546E+00    0.7912780281E+00    0.3935934575E+00   -0.9188038223E+00   -0.1335483701E+01    0.3833824318E+02
    0.9610000000E+00    0.8198483124E+00    0.1661110034E-01    0.5725707904E+00    0.5294679516E+00   -0.1333726797E+00    0.1000000000E+01    0.8284981697E+00    0.2121216344E-01    0.5595898739E+00    0.4285410819E+00   -0.1911886010E+00    0.7969708238E+00    0.3803116697E+00   -0.9079350713E+00   -0.1348400828E+01    0.3834967867E+02
    0.9615000000E+00    0.8216800315E+00    0.3829887679E-03    0.5701822067E+00    0.5285949838E+00   -0.1427388192E+00    0.1000000000E+01    0.8304124058E+00    0.4778614004E-02    0.5571287115E+00    0.4290662628E+00   -0.1932181928E+00    0.8024514293E+00    0.3669340210E+00   -0.8968791079E+00   -0.1361202480E+01    0.3836106357E+02
    0.9620000000E+00    0.8231700046E+00   -0.1592701993E-01    0.5678071068E+00    0.5275439160E+00   -0.1521100397E+00    0.1000000000E+01    0.8319799813E+00   -0.1173916686E-01    0.5546814426E+00    0.4295724805E+00   -0.1952492097E+00    0.8077180944E+00    0.3534638738E+00   -0.8856371173E+00   -0.1373885444E+01    0.3837239816E+02
    0.9625000000E+00    0.8243152796E+00   -0.3231138604E-01    0.5654460094E+00    0.5263141803E+00   -0.1614827146E+00    0.1000000000E+01    0.8331978719E+00   -0.2833352168E-01    0.5522486015E+00    0.4300595733E+00   -0.1972814296E+00    0.8127691223E+00    0.3399046259E+00   -0.8742103437E+00   -0.1386446516E+01    0.3838368273E+02
    0.9630000000E+00    0.8251130790E+00   -0.4876246755E-01    0.5630994349E+00    0.5249052869E+00   -0.1708531934E+00    0.1000000000E+01    0.8340632305E+00   -0.4499668834E-01    0.5498307245E+00    0.4305273814E+00   -0.1993146279E+00    0.8176028708E+00    0.3262597102E+00   -0.8626000908E+00   -0.1398882503E+01    0.3839491758E+02
    0.9635000000E+00    0.8255608028E+00   -0.6527252433E-01    0.5607679054E+00    0.5233168249E+00   -0.1802178038E+00    0.1000000000E+01    0.8345733908E+00   -0.6172080427E-01    0.5474283495E+00    0.4309757478E+00   -0.2013485781E+00    0.8222177527E+00    0.3125325935E+00   -0.8508077218E+00   -0.1411190222E+01    0.3840610304E+02
    0.9640000000E+00    0.8256560324E+00   -0.8183372240E-01    0.5584519440E+00    0.5215484633E+00   -0.1895728538E+00    0.1000000000E+01    0.8347258707E+00   -0.7849791083E-01    0.5450420157E+00    0.4314045175E+00   -0.2033830516E+00    0.8266122368E+00    0.2987267758E+00   -0.8388346592E+00   -0.1423366506E+01    0.3841723942E+02
    0.9645000000E+00    0.8253965340E+00   -0.9843813833E-01    0.5561520754E+00    0.5195999518E+00   -0.1989146330E+00    0.1000000000E+01    0.8345183762E+00   -0.9531995774E-01    0.5426722634E+00    0.4318135386E+00   -0.2054178178E+00    0.8307848485E+00    0.2848457892E+00   -0.8266823847E+00   -0.1435408200E+01    0.3842832706E+02
    0.9650000000E+00    0.8247802615E+00   -0.1150777638E+00    0.5538688250E+00    0.5174711212E+00   -0.2082394145E+00    0.1000000000E+01    0.8339488042E+00   -0.1121788077E+00    0.5403196342E+00    0.4322026612E+00   -0.2074526443E+00    0.8347341707E+00    0.2708931972E+00   -0.8143524398E+00   -0.1447312165E+01    0.3843936632E+02
    0.9655000000E+00    0.8238053600E+00   -0.1317445100E+00    0.5516027188E+00    0.5151618842E+00   -0.2175434574E+00    0.1000000000E+01    0.8330152461E+00   -0.1290662412E+00    0.5379846701E+00    0.4325717384E+00   -0.2094872967E+00    0.8384588448E+00    0.2568725935E+00   -0.8018464249E+00   -0.1459075279E+01    0.3845035754E+02
    0.9660000000E+00    0.8224701686E+00   -0.1484302129E+00    0.5493542836E+00    0.5126722363E+00   -0.2268230080E+00    0.1000000000E+01    0.8317159905E+00   -0.1459739611E+00    0.5356679138E+00    0.4329206260E+00   -0.2115215388E+00    0.8419575707E+00    0.2427876013E+00   -0.7891659999E+00   -0.1470694437E+01    0.3846130110E+02
    0.9665000000E+00    0.8207732235E+00   -0.1651266375E+00    0.5471240461E+00    0.5100022562E+00   -0.2360743020E+00    0.1000000000E+01    0.8300495267E+00   -0.1628935980E+00    0.5333699082E+00    0.4332491827E+00   -0.2135551326E+00    0.8452291082E+00    0.2286418722E+00   -0.7763128838E+00   -0.1482166556E+01    0.3847219738E+02
    0.9670000000E+00    0.8187132605E+00   -0.1818254833E+00    0.5449125335E+00    0.5071521061E+00   -0.2452935667E+00    0.1000000000E+01    0.8280145472E+00   -0.1798167149E+00    0.5310911963E+00    0.4335572697E+00   -0.2155878384E+00    0.8482722774E+00    0.2144390851E+00   -0.7632888545E+00   -0.1493488571E+01    0.3848304677E+02
    0.9675000000E+00    0.8162892181E+00   -0.1985183893E+00    0.5427202724E+00    0.5041220325E+00   -0.2544770225E+00    0.1000000000E+01    0.8256099503E+00   -0.1967348127E+00    0.5288323208E+00    0.4338447516E+00   -0.2176194149E+00    0.8510859593E+00    0.2001829453E+00   -0.7500957487E+00   -0.1504657440E+01    0.3849384967E+02
    0.9680000000E+00    0.8135002393E+00   -0.2151969388E+00    0.5405477891E+00    0.5009123668E+00   -0.2636208855E+00    0.1000000000E+01    0.8228348431E+00   -0.2136393353E+00    0.5265938241E+00    0.4341114958E+00   -0.2196496189E+00    0.8536690968E+00    0.1858771832E+00   -0.7367354616E+00   -0.1515670145E+01    0.3850460651E+02
    0.9685000000E+00    0.8103456748E+00   -0.2318526653E+00    0.5383956095E+00    0.4975235251E+00   -0.2727213689E+00    0.1000000000E+01    0.8196885435E+00   -0.2305216750E+00    0.5243762478E+00    0.4343573727E+00   -0.2216782061E+00    0.8560206949E+00    0.1715255539E+00   -0.7232099470E+00   -0.1526523690E+01    0.3851531769E+02
    0.9690000000E+00    0.8068250845E+00   -0.2484770574E+00    0.5362642581E+00    0.4939560090E+00   -0.2817746856E+00    0.1000000000E+01    0.8161705826E+00   -0.2473731783E+00    0.5221801326E+00    0.4345822559E+00   -0.2237049305E+00    0.8581398215E+00    0.1571318352E+00   -0.7095212166E+00   -0.1537215109E+01    0.3852598366E+02
    0.9695000000E+00    0.8029382400E+00   -0.2650615648E+00    0.5341542587E+00    0.4902104058E+00   -0.2907770496E+00    0.1000000000E+01    0.8122807072E+00   -0.2641851510E+00    0.5200060181E+00    0.4347860224E+00   -0.2257295445E+00    0.8600256082E+00    0.1426998273E+00   -0.6956713398E+00   -0.1547741459E+01    0.3853660487E+02
    0.9700000000E+00    0.7986851266E+00   -0.2815976032E+00    0.5320661336E+00    0.4862873888E+00   -0.2997246790E+00    0.1000000000E+01    0.8080188810E+00   -0.2809488644E+00    0.5178544425E+00    0.4349685522E+00   -0.2277517994E+00    0.8616772506E+00    0.1282333511E+00   -0.6816624436E+00   -0.1558099827E+01    0.3854718177E+02
    0.9705000000E+00    0.7940659445E+00   -0.2980765606E+00    0.5300004033E+00    0.4821877171E+00   -0.3086137972E+00    0.1000000000E+01    0.8033852874E+00   -0.2976555605E+00    0.5157259421E+00    0.4351297288E+00   -0.2297714451E+00    0.8630940088E+00    0.1137362475E+00   -0.6674967121E+00   -0.1568287332E+01    0.3855771484E+02
    0.9710000000E+00    0.7890811111E+00   -0.3144898028E+00    0.5279575865E+00    0.4779122362E+00   -0.3174406355E+00    0.1000000000E+01    0.7983803303E+00   -0.3142964585E+00    0.5136210515E+00    0.4352694391E+00   -0.2317882304E+00    0.8642752085E+00    0.9921237616E-01   -0.6531763859E+00   -0.1578301120E+01    0.3856820454E+02
    0.9715000000E+00    0.7837312621E+00   -0.3308286789E+00    0.5259381999E+00    0.4734618780E+00   -0.3262014350E+00    0.1000000000E+01    0.7930046359E+00   -0.3308627601E+00    0.5115403029E+00    0.4353875735E+00   -0.2338019026E+00    0.8652202407E+00    0.8466561401E-01   -0.6387037620E+00   -0.1588138372E+01    0.3857865138E+02
    0.9720000000E+00    0.7780172527E+00   -0.3470845278E+00    0.5239427577E+00    0.4688376603E+00   -0.3348924489E+00    0.1000000000E+01    0.7872590543E+00   -0.3473456561E+00    0.5094842262E+00    0.4354840258E+00   -0.2358122083E+00    0.8659285629E+00    0.7009985448E-01   -0.6240811933E+00   -0.1597796303E+01    0.3858905586E+02
    0.9725000000E+00    0.7719401589E+00   -0.3632486838E+00    0.5219717714E+00    0.4640406874E+00   -0.3435099445E+00    0.1000000000E+01    0.7811446601E+00   -0.3637363319E+00    0.5074533485E+00    0.4355586935E+00   -0.2378188928E+00    0.8663996992E+00    0.5551900610E-01   -0.6093110877E+00   -0.1607272160E+01    0.3859941848E+02
    0.9730000000E+00    0.7655012783E+00   -0.3793124826E+00    0.5200257496E+00    0.4590721498E+00   -0.3520502053E+00    0.1000000000E+01    0.7746627539E+00   -0.3800259742E+00    0.5054481940E+00    0.4356114777E+00   -0.2398217006E+00    0.8666332406E+00    0.4092699134E-01   -0.5943959082E+00   -0.1616563230E+01    0.3860973977E+02
    0.9735000000E+00    0.7587021311E+00   -0.3952672674E+00    0.5181051980E+00    0.4539333239E+00   -0.3605095333E+00    0.1000000000E+01    0.7678148628E+00   -0.3962057765E+00    0.5034692834E+00    0.4356422833E+00   -0.2418203753E+00    0.8666288461E+00    0.2632774539E-01   -0.5793381718E+00   -0.1625666834E+01    0.3862002027E+02
    0.9740000000E+00    0.7515444604E+00   -0.4111043952E+00    0.5162106186E+00    0.4486255718E+00   -0.3688842511E+00    0.1000000000E+01    0.7606027409E+00   -0.4122669460E+00    0.5015171341E+00    0.4356510190E+00   -0.2438146596E+00    0.8663862423E+00    0.1172521491E-01   -0.5641404493E+00   -0.1634580334E+01    0.3863026051E+02
    0.9745000000E+00    0.7440302328E+00   -0.4268152425E+00    0.5143425097E+00    0.4431503412E+00   -0.3771707040E+00    0.1000000000E+01    0.7530283702E+00   -0.4282007097E+00    0.4995922597E+00    0.4356375971E+00   -0.2458042956E+00    0.8659052241E+00   -0.2876643232E-02   -0.5488053644E+00   -0.1643301132E+01    0.3864046105E+02
    0.9750000000E+00    0.7361616384E+00   -0.4423912122E+00    0.5125013660E+00    0.4375091650E+00   -0.3853652619E+00    0.1000000000E+01    0.7450939602E+00   -0.4439983205E+00    0.4976951698E+00    0.4356019340E+00   -0.2477890247E+00    0.8651856555E+00   -0.1747386318E-01   -0.5333355933E+00   -0.1651826669E+01    0.3865062247E+02
    0.9755000000E+00    0.7279410911E+00   -0.4578237393E+00    0.5106876775E+00    0.4317036609E+00   -0.3934643220E+00    0.1000000000E+01    0.7368019484E+00   -0.4596510637E+00    0.4958263694E+00    0.4355439500E+00   -0.2497685876E+00    0.8642274690E+00   -0.3206247141E-01   -0.5177338638E+00   -0.1660154430E+01    0.3866074533E+02
    0.9760000000E+00    0.7193712284E+00   -0.4731042972E+00    0.5089019303E+00    0.4257355308E+00   -0.4014643105E+00    0.1000000000E+01    0.7281550002E+00   -0.4751502633E+00    0.4939863592E+00    0.4354635693E+00   -0.2517427248E+00    0.8630306668E+00   -0.4663848799E-01   -0.5020029548E+00   -0.1668281945E+01    0.3867083021E+02
    0.9765000000E+00    0.7104549107E+00   -0.4882244043E+00    0.5071446054E+00    0.4196065607E+00   -0.4093616850E+00    0.1000000000E+01    0.7191560081E+00   -0.4904872889E+00    0.4921756349E+00    0.4353607203E+00   -0.2537111759E+00    0.8615953203E+00   -0.6119792788E-01   -0.4861456953E+00   -0.1676206787E+01    0.3868087772E+02
    0.9770000000E+00    0.7011952214E+00   -0.5031756299E+00    0.5054161789E+00    0.4133186197E+00   -0.4171529363E+00    0.1000000000E+01    0.7098080917E+00   -0.5056535611E+00    0.4903946872E+00    0.4352353355E+00   -0.2556736806E+00    0.8599215712E+00   -0.7573680225E-01   -0.4701649637E+00   -0.1683926574E+01    0.3869088846E+02
    0.9775000000E+00    0.6915954656E+00   -0.5179496009E+00    0.5037171218E+00    0.4068736596E+00   -0.4248345909E+00    0.1000000000E+01    0.7001145966E+00   -0.5206405591E+00    0.4886440012E+00    0.4350873512E+00   -0.2576299781E+00    0.8580096308E+00   -0.9025111980E-01   -0.4540636873E+00   -0.1691438975E+01    0.3870086305E+02
    0.9780000000E+00    0.6816591695E+00   -0.5325380076E+00    0.5020478995E+00    0.4002737142E+00   -0.4324032129E+00    0.1000000000E+01    0.6900790938E+00   -0.5354398264E+00    0.4869240565E+00    0.4349167084E+00   -0.2595798076E+00    0.8558597809E+00   -0.1047368881E+00   -0.4378448411E+00   -0.1698741704E+01    0.3871080211E+02
    0.9785000000E+00    0.6713900793E+00   -0.5469326107E+00    0.5004089716E+00    0.3935208986E+00   -0.4398554062E+00    0.1000000000E+01    0.6797053781E+00   -0.5500429772E+00    0.4852353268E+00    0.4347233520E+00   -0.2615229079E+00    0.8534723736E+00   -0.1191901148E+00   -0.4215114469E+00   -0.1705832526E+01    0.3872070628E+02
    0.9790000000E+00    0.6607921596E+00   -0.5611252470E+00    0.4988007918E+00    0.3866174083E+00   -0.4471878162E+00    0.1000000000E+01    0.6689974673E+00   -0.5644417034E+00    0.4835782794E+00    0.4345072312E+00   -0.2634590181E+00    0.8508478315E+00   -0.1336068092E+00   -0.4050665727E+00   -0.1712709256E+01    0.3873057620E+02
    0.9795000000E+00    0.6498695922E+00   -0.5751078358E+00    0.4972238075E+00    0.3795655185E+00   -0.4543971327E+00    0.1000000000E+01    0.6579596004E+00   -0.5786277804E+00    0.4819533755E+00    0.4342682997E+00   -0.2653878772E+00    0.8479866480E+00   -0.1479829834E+00   -0.3885133316E+00   -0.1719369762E+01    0.3874041253E+02
    0.9800000000E+00    0.6386267744E+00   -0.5888723853E+00    0.4956784596E+00    0.3723675830E+00   -0.4614800910E+00    0.1000000000E+01    0.6465962359E+00   -0.5925930737E+00    0.4803610692E+00    0.4340065155E+00   -0.2673092242E+00    0.8448893870E+00   -0.1623146538E+00   -0.3718548810E+00   -0.1725811965E+01    0.3875021592E+02
    0.9805000000E+00    0.6270683168E+00   -0.6024109987E+00    0.4941651821E+00    0.3650260333E+00   -0.4684334746E+00    0.1000000000E+01    0.6349120500E+00   -0.6063295454E+00    0.4788018079E+00    0.4337218408E+00   -0.2692227988E+00    0.8415566835E+00   -0.1765978423E+00   -0.3550944211E+00   -0.1732033837E+01    0.3875998707E+02
    0.9810000000E+00    0.6151990416E+00   -0.6157158806E+00    0.4926844023E+00    0.3575433778E+00   -0.4752541169E+00    0.1000000000E+01    0.6229119342E+00   -0.6198292603E+00    0.4772760317E+00    0.4334142426E+00   -0.2711283404E+00    0.8379892429E+00   -0.1908285779E+00   -0.3382351947E+00   -0.1738033410E+01    0.3876972663E+02
    0.9815000000E+00    0.6030239800E+00   -0.6287793426E+00    0.4912365398E+00    0.3499222004E+00   -0.4819389034E+00    0.1000000000E+01    0.6106009935E+00   -0.6330843921E+00    0.4757841731E+00    0.4330836921E+00   -0.2730255894E+00    0.8341878416E+00   -0.2050028978E+00   -0.3212804854E+00   -0.1743808767E+01    0.3877943531E+02
    0.9820000000E+00    0.5905483700E+00   -0.6415938103E+00    0.4898220072E+00    0.3421651593E+00   -0.4884847735E+00    0.1000000000E+01    0.5979845431E+00   -0.6460872299E+00    0.4743266571E+00    0.4327301652E+00   -0.2749142861E+00    0.8301533268E+00   -0.2191168490E+00   -0.3042336170E+00   -0.1749358052E+01    0.3878911381E+02
    0.9825000000E+00    0.5777776535E+00   -0.6541518281E+00    0.4884412089E+00    0.3342749863E+00   -0.4948887223E+00    0.1000000000E+01    0.5850681066E+00   -0.6588301842E+00    0.4729039005E+00    0.4323536421E+00   -0.2767941719E+00    0.8258866161E+00   -0.2331664895E+00   -0.2870979522E+00   -0.1754679465E+01    0.3879876283E+02
    0.9830000000E+00    0.5647174736E+00   -0.6664460665E+00    0.4870945415E+00    0.3262544851E+00   -0.5011478029E+00    0.1000000000E+01    0.5718574124E+00   -0.6713057929E+00    0.4715163119E+00    0.4319541078E+00   -0.2786649886E+00    0.8213886981E+00   -0.2471478899E+00   -0.2698768916E+00   -0.1759771265E+01    0.3880838308E+02
    0.9835000000E+00    0.5513736714E+00   -0.6784693268E+00    0.4857823935E+00    0.3181065301E+00   -0.5072591280E+00    0.1000000000E+01    0.5583583908E+00   -0.6835067275E+00    0.4701642916E+00    0.4315315519E+00   -0.2805264787E+00    0.8166606314E+00   -0.2610571346E+00   -0.2525738725E+00   -0.1764631773E+01    0.3881797531E+02
    0.9840000000E+00    0.5377522829E+00   -0.6902145479E+00    0.4845051447E+00    0.3098340653E+00   -0.5132198718E+00    0.1000000000E+01    0.5445771708E+00   -0.6954257987E+00    0.4688482309E+00    0.4310859685E+00   -0.2823783856E+00    0.8117035452E+00   -0.2748903232E+00   -0.2351923675E+00   -0.1769259369E+01    0.3882754022E+02
    0.9845000000E+00    0.5238595355E+00   -0.7016748113E+00    0.4832631664E+00    0.3014401024E+00   -0.5190272720E+00    0.1000000000E+01    0.5305200766E+00   -0.7070559628E+00    0.4675685126E+00    0.4306173565E+00   -0.2842204537E+00    0.8065186386E+00   -0.2886435719E+00   -0.2177358836E+00   -0.1773652495E+01    0.3883707858E+02
    0.9850000000E+00    0.5097018444E+00   -0.7128433471E+00    0.4820568210E+00    0.2929277198E+00   -0.5246786311E+00    0.1000000000E+01    0.5161936238E+00   -0.7183903269E+00    0.4663255098E+00    0.4301257192E+00   -0.2860524282E+00    0.8011071807E+00   -0.3023130149E+00   -0.2002079611E+00   -0.1777809655E+01    0.3884659112E+02
    0.9855000000E+00    0.4952858087E+00   -0.7237135396E+00    0.4808864616E+00    0.2843000609E+00   -0.5301713188E+00    0.1000000000E+01    0.5016045155E+00   -0.7294221551E+00    0.4651195866E+00    0.4296110650E+00   -0.2878740556E+00    0.7954705101E+00   -0.3158948060E+00   -0.1826121719E+00   -0.1781729420E+01    0.3885607860E+02
    0.9860000000E+00    0.4806182078E+00   -0.7342789326E+00    0.4797524321E+00    0.2755603324E+00   -0.5355027732E+00    0.1000000000E+01    0.4867596385E+00   -0.7401448736E+00    0.4639510972E+00    0.4290734067E+00   -0.2896850836E+00    0.7896100349E+00   -0.3293851194E+00   -0.1649521185E+00   -0.1785410420E+01    0.3886554179E+02
    0.9865000000E+00    0.4657059967E+00   -0.7445332347E+00    0.4786550669E+00    0.2667118029E+00   -0.5406705028E+00    0.1000000000E+01    0.4716660590E+00   -0.7505520762E+00    0.4628203862E+00    0.4285127619E+00   -0.2914852608E+00    0.7835272320E+00   -0.3427801516E+00   -0.1472314326E+00   -0.1788851355E+01    0.3887498145E+02
    0.9870000000E+00    0.4505563021E+00   -0.7544703245E+00    0.4775946905E+00    0.2577578013E+00   -0.5456720877E+00    0.1000000000E+01    0.4563310179E+00   -0.7606375300E+00    0.4617277880E+00    0.4279291531E+00   -0.2932743377E+00    0.7772236470E+00   -0.3560761228E+00   -0.1294537741E+00   -0.1792050988E+01    0.3888439836E+02
    0.9875000000E+00    0.4351764179E+00   -0.7640842561E+00    0.4765716176E+00    0.2487017149E+00   -0.5505051818E+00    0.1000000000E+01    0.4407619267E+00   -0.7703951802E+00    0.4606736268E+00    0.4273226074E+00   -0.2950520657E+00    0.7707008941E+00   -0.3692692777E+00   -0.1116228293E+00   -0.1795008148E+01    0.3889379330E+02
    0.9880000000E+00    0.4195738000E+00   -0.7733692636E+00    0.4755861526E+00    0.2395469877E+00   -0.5551675138E+00    0.1000000000E+01    0.4249663623E+00   -0.7798191555E+00    0.4596582163E+00    0.4266931566E+00   -0.2968181982E+00    0.7639606551E+00   -0.3823558876E+00   -0.9374230988E-01   -0.1797721734E+01    0.3890316707E+02
    0.9885000000E+00    0.4037560624E+00   -0.7823197659E+00    0.4746385896E+00    0.2302971185E+00   -0.5596568890E+00    0.1000000000E+01    0.4089520625E+00   -0.7889037726E+00    0.4586818596E+00    0.4260408375E+00   -0.2985724898E+00    0.7570046793E+00   -0.3953322509E+00   -0.7581595132E-01   -0.1800190710E+01    0.3891252046E+02
    0.9890000000E+00    0.3877309714E+00   -0.7909303719E+00    0.4737292124E+00    0.2209556594E+00   -0.5639711905E+00    0.1000000000E+01    0.3927269204E+00   -0.7976435416E+00    0.4577448488E+00    0.4253656915E+00   -0.3003146971E+00    0.7498347829E+00   -0.4081946955E+00   -0.5784751171E-01   -0.1802414111E+01    0.3892185427E+02
    0.9895000000E+00    0.3715064409E+00   -0.7991958847E+00    0.4728582936E+00    0.2115262137E+00   -0.5681083811E+00    0.1000000000E+01    0.3762989800E+00   -0.8060331701E+00    0.4568474653E+00    0.4246677649E+00   -0.3020445783E+00    0.7424528489E+00   -0.4209395792E+00   -0.3984077019E-01   -0.1804391038E+01    0.3893116931E+02
    0.9900000000E+00    0.3550905270E+00   -0.8071113058E+00    0.4720260955E+00    0.2020124337E+00   -0.5720665039E+00    0.1000000000E+01    0.3596764298E+00   -0.8140675679E+00    0.4559899790E+00    0.4239471085E+00   -0.3037618936E+00    0.7348608259E+00   -0.4335632914E+00   -0.2179952560E-01   -0.1806120666E+01    0.3894046640E+02
    0.9905000000E+00    0.3384914225E+00   -0.8146718400E+00    0.4712328689E+00    0.1924180193E+00   -0.5758436843E+00    0.1000000000E+01    0.3428675982E+00   -0.8217418514E+00    0.4551726484E+00    0.4232037784E+00   -0.3054664050E+00    0.7270607281E+00   -0.4460622546E+00   -0.3727594983E-02   -0.1807602235E+01    0.3894974636E+02
    0.9910000000E+00    0.3217174515E+00   -0.8218728987E+00    0.4704788537E+00    0.1827467156E+00   -0.5794381310E+00    0.1000000000E+01    0.3258809471E+00   -0.8290513479E+00    0.4543957208E+00    0.4224378349E+00   -0.3071578767E+00    0.7190546345E+00   -0.4584329253E+00    0.1437118779E-01   -0.1808835059E+01    0.3895901000E+02
    0.9915000000E+00    0.3047770636E+00   -0.8287101045E+00    0.4697642783E+00    0.1730023111E+00   -0.5828481370E+00    0.1000000000E+01    0.3087250666E+00   -0.8359915990E+00    0.4536594314E+00    0.4216493435E+00   -0.3088360749E+00    0.7108446881E+00   -0.4706717957E+00    0.3249297357E-01   -0.1809818523E+01    0.3896825816E+02
    0.9920000000E+00    0.2876788281E+00   -0.8351792945E+00    0.4690893597E+00    0.1631886354E+00   -0.5860720809E+00    0.1000000000E+01    0.2914086687E+00   -0.8425583654E+00    0.4529640039E+00    0.4208383743E+00   -0.3105007680E+00    0.7024330957E+00   -0.4827753948E+00    0.5063389934E-01   -0.1810552083E+01    0.3897749167E+02
    0.9925000000E+00    0.2704314281E+00   -0.8412765241E+00    0.4684543031E+00    0.1533095572E+00   -0.5891084281E+00    0.1000000000E+01    0.2739405818E+00   -0.8487476295E+00    0.4523096497E+00    0.4200050020E+00   -0.3121517267E+00    0.6938221268E+00   -0.4947402896E+00    0.6879008975E-01   -0.1811035264E+01    0.3898671138E+02
    0.9930000000E+00    0.2530436543E+00   -0.8469980703E+00    0.4678593022E+00    0.1433689823E+00   -0.5919557318E+00    0.1000000000E+01    0.2563297435E+00   -0.8545555997E+00    0.4516965682E+00    0.4191493063E+00   -0.3137887242E+00    0.6850141131E+00   -0.5065630864E+00    0.8695765860E-01   -0.1811267669E+01    0.3899591811E+02
    0.9935000000E+00    0.2355243989E+00   -0.8523404348E+00    0.4673045384E+00    0.1333708513E+00   -0.5946126337E+00    0.1000000000E+01    0.2385851955E+00   -0.8599787131E+00    0.4511249468E+00    0.4182713715E+00   -0.3154115358E+00    0.6760114476E+00   -0.5182404322E+00    0.1051327104E+00   -0.1811248968E+01    0.3900511273E+02
    0.9940000000E+00    0.2178826494E+00   -0.8573003475E+00    0.4667901816E+00    0.1233191373E+00   -0.5970778653E+00    0.1000000000E+01    0.2207160763E+00   -0.8650136391E+00    0.4505949600E+00    0.4173712867E+00   -0.3170199398E+00    0.6668165842E+00   -0.5297690156E+00    0.1233113417E+00   -0.1810978906E+01    0.3901429607E+02
    0.9945000000E+00    0.2001274822E+00   -0.8618747686E+00    0.4663163892E+00    0.1132178439E+00   -0.5993502486E+00    0.1000000000E+01    0.2027316152E+00   -0.8696572817E+00    0.4501067703E+00    0.4164491454E+00   -0.3186137166E+00    0.6574320364E+00   -0.5411455686E+00    0.1414896430E+00   -0.1810457303E+01    0.3902346900E+02
    0.9950000000E+00    0.1822680560E+00   -0.8660608920E+00    0.4658833065E+00    0.1030710029E+00   -0.6014286967E+00    0.1000000000E+01    0.1846411252E+00   -0.8739067829E+00    0.4496605274E+00    0.4155050460E+00   -0.3201926495E+00    0.6478603769E+00   -0.5523668672E+00    0.1596636998E+00   -0.1809684048E+01    0.3903263236E+02
    0.9955000000E+00    0.1643136051E+00   -0.8698561469E+00    0.4654910664E+00    0.9288267200E-01   -0.6033122148E+00    0.1000000000E+01    0.1664539970E+00   -0.8777595244E+00    0.4492563682E+00    0.4145390916E+00   -0.3217565248E+00    0.6381042366E+00   -0.5634297326E+00    0.1778295945E+00   -0.1808659106E+01    0.3904178703E+02
    0.9960000000E+00    0.1462734334E+00   -0.8732582010E+00    0.4651397897E+00    0.8265693236E-01   -0.6049999009E+00    0.1000000000E+01    0.1481796917E+00   -0.8812131305E+00    0.4488944171E+00    0.4135513897E+00   -0.3233051311E+00    0.6281663036E+00   -0.5743310329E+00    0.1959834080E+00   -0.1807382516E+01    0.3905093385E+02
    0.9965000000E+00    0.1281569069E+00   -0.8762649617E+00    0.4648295843E+00    0.7239788662E-01   -0.6064909462E+00    0.1000000000E+01    0.1298277340E+00   -0.8842654700E+00    0.4485747854E+00    0.4125420525E+00   -0.3248382604E+00    0.6180493224E+00   -0.5850676837E+00    0.2141212207E+00   -0.1805854388E+01    0.3906007371E+02
    0.9970000000E+00    0.1099734476E+00   -0.8788745783E+00    0.4645605458E+00    0.6210965633E-01   -0.6077846357E+00    0.1000000000E+01    0.1114077055E+00   -0.8869146580E+00    0.4482975716E+00    0.4115111968E+00   -0.3263557073E+00    0.6077560932E+00   -0.5956366496E+00    0.2322391148E+00   -0.1804074908E+01    0.3906920745E+02
    0.9975000000E+00    0.9173252615E-01   -0.8810854437E+00    0.4643327572E+00    0.5179637970E-01   -0.6088803488E+00    0.1000000000E+01    0.9292923783E-01   -0.8891590574E+00    0.4480628611E+00    0.4104589438E+00   -0.3278572696E+00    0.5972894706E+00   -0.6060349451E+00    0.2503331752E+00   -0.1802044334E+01    0.3907833596E+02
    0.9980000000E+00    0.7344365521E-01   -0.8828961956E+00    0.4641462887E+00    0.4146220922E-01   -0.6097775597E+00    0.1000000000E+01    0.7440200509E-01   -0.8909972807E+00    0.4478707263E+00    0.4093854192E+00   -0.3293427482E+00    0.5866523626E+00   -0.6162596354E+00    0.2683994915E+00   -0.1799762998E+01    0.3908746009E+02
    0.9985000000E+00    0.5511638253E-01   -0.8843057176E+00    0.4640011979E+00    0.3111130934E-01   -0.6104758377E+00    0.1000000000E+01    0.5583571734E-01   -0.8924281910E+00    0.4477212266E+00    0.4082907532E+00   -0.3308119472E+00    0.5758477301E+00   -0.6263078382E+00    0.2864341593E+00   -0.1797231305E+01    0.3909658073E+02
    0.9990000000E+00    0.3676028394E-01   -0.8853131407E+00    0.4638975296E+00    0.2074785402E-01   -0.6109748474E+00    0.1000000000E+01    0.3724011321E-01   -0.8934509029E+00    0.4476144080E+00    0.4071750804E+00   -0.3322646740E+00    0.5648785852E+00   -0.6361767241E+00    0.3044332819E+00   -0.1794449735E+01    0.3910569875E+02
    0.9995000000E+00    0.1838495635E-01   -0.8859178433E+00    0.4638353157E+00    0.1037602443E-01   -0.6112743492E+00    0.1000000000E+01    0.1862495288E-01   -0.8940647834E+00    0.4475503037E+00    0.4060385397E+00   -0.3337007390E+00    0.5537479908E+00   -0.6458635179E+00    0.3223929717E+00   -0.1791418838E+01    0.3911481501E+02
    0.1000000000E+01    0.1073040298E-07   -0.8861194525E+00    0.4638145757E+00    0.6505259435E-08   -0.6113741992E+00    0.1000000000E+01    0.1085447555E-07   -0.8942694526E+00    0.4475289334E+00    0.4048812743E+00   -0.3351199564E+00    0.5424590589E+00   -0.6553654995E+00    0.3403093519E+00   -0.1788139241E+01    0.3912393040E+02
